emotion,filename
3,CKPlus_309.png
3,CKPlus_309.png
3,CKPlus_309.png
3,CKPlus_309.png
3,CKPlus_309.png
3,CKPlus_309.png
3,CKPlus_309.png
3,CKPlus_309.png
3,CKPlus_309.png
3,CKPlus_309.png
3,CKPlus_309.png
3,CKPlus_309.png
3,CKPlus_309.png
3,CKPlus_309.png
3,CKPlus_309.png
3,CKPlus_309.png
3,CKPlus_309.png
3,CKPlus_309.png
3,CKPlus_309.png
3,CKPlus_309.png
3,CKPlus_309.png
3,CKPlus_309.png
3,CKPlus_309.png
3,CKPlus_309.png
3,CKPlus_309.png
3,CKPlus_309.png
3,CKPlus_309.png
3,CKPlus_309.png
3,CKPlus_309.png
3,CKPlus_309.png
3,CKPlus_309.png
3,CKPlus_309.png
3,CKPlus_309.png
3,CKPlus_309.png
3,CKPlus_309.png
3,CKPlus_309.png
3,CKPlus_309.png
3,CKPlus_309.png
3,CKPlus_309.png
3,CKPlus_309.png
3,CKPlus_309.png
3,CKPlus_309.png
3,CKPlus_309.png
3,CKPlus_309.png
3,CKPlus_309.png
3,CKPlus_309.png
3,CKPlus_309.png
3,CKPlus_309.png
3,CKPlus_309.png
3,CKPlus_309.png
3,CKPlus_309.png
3,CKPlus_309.png
3,CKPlus_309.png
3,CKPlus_309.png
3,CKPlus_309.png
3,CKPlus_309.png
3,CKPlus_309.png
3,CKPlus_309.png
3,CKPlus_309.png
3,CKPlus_309.png
3,CKPlus_309.png
3,CKPlus_309.png
3,CKPlus_309.png
3,CKPlus_309.png
3,CKPlus_309.png
3,CKPlus_309.png
3,CKPlus_309.png
3,CKPlus_309.png
3,CKPlus_309.png
0,CKPlus_309.png
0,CKPlus_309.png
0,CKPlus_309.png
0,CKPlus_309.png
0,CKPlus_309.png
0,CKPlus_309.png
0,CKPlus_309.png
0,CKPlus_309.png
0,CKPlus_309.png
0,CKPlus_309.png
0,CKPlus_309.png
0,CKPlus_309.png
0,CKPlus_309.png
0,CKPlus_309.png
0,CKPlus_309.png
0,CKPlus_309.png
0,CKPlus_309.png
0,CKPlus_309.png
0,CKPlus_309.png
0,CKPlus_309.png
0,CKPlus_309.png
0,CKPlus_309.png
0,CKPlus_309.png
0,CKPlus_309.png
0,CKPlus_309.png
0,CKPlus_309.png
0,CKPlus_309.png
0,CKPlus_309.png
0,CKPlus_309.png
0,CKPlus_309.png
0,CKPlus_309.png
0,CKPlus_309.png
0,CKPlus_309.png
0,CKPlus_309.png
0,CKPlus_309.png
0,CKPlus_309.png
0,CKPlus_309.png
0,CKPlus_309.png
0,CKPlus_309.png
0,CKPlus_309.png
0,CKPlus_309.png
0,CKPlus_309.png
0,CKPlus_309.png
0,CKPlus_309.png
0,CKPlus_309.png
1,CKPlus_309.png
1,CKPlus_309.png
1,CKPlus_309.png
1,CKPlus_309.png
1,CKPlus_309.png
1,CKPlus_309.png
1,CKPlus_309.png
1,CKPlus_309.png
1,CKPlus_309.png
1,CKPlus_309.png
1,CKPlus_309.png
1,CKPlus_309.png
1,CKPlus_309.png
1,CKPlus_309.png
1,CKPlus_309.png
1,CKPlus_309.png
1,CKPlus_309.png
1,CKPlus_309.png
1,CKPlus_309.png
1,CKPlus_309.png
1,CKPlus_309.png
1,CKPlus_309.png
1,CKPlus_309.png
1,CKPlus_309.png
1,CKPlus_309.png
1,CKPlus_309.png
1,CKPlus_309.png
1,CKPlus_309.png
1,CKPlus_309.png
1,CKPlus_309.png
1,CKPlus_309.png
1,CKPlus_309.png
1,CKPlus_309.png
1,CKPlus_309.png
1,CKPlus_309.png
1,CKPlus_309.png
1,CKPlus_309.png
1,CKPlus_309.png
1,CKPlus_309.png
1,CKPlus_309.png
1,CKPlus_309.png
1,CKPlus_309.png
1,CKPlus_309.png
1,CKPlus_309.png
1,CKPlus_309.png
1,CKPlus_309.png
1,CKPlus_309.png
1,CKPlus_309.png
1,CKPlus_309.png
1,CKPlus_309.png
1,CKPlus_309.png
1,CKPlus_309.png
1,CKPlus_309.png
1,CKPlus_309.png
1,CKPlus_309.png
1,CKPlus_309.png
1,CKPlus_309.png
1,CKPlus_309.png
1,CKPlus_309.png
4,CKPlus_309.png
4,CKPlus_309.png
4,CKPlus_309.png
4,CKPlus_309.png
4,CKPlus_309.png
4,CKPlus_309.png
4,CKPlus_309.png
4,CKPlus_309.png
4,CKPlus_309.png
4,CKPlus_309.png
4,CKPlus_309.png
4,CKPlus_309.png
4,CKPlus_309.png
4,CKPlus_309.png
4,CKPlus_309.png
4,CKPlus_309.png
4,CKPlus_309.png
4,CKPlus_309.png
4,CKPlus_309.png
4,CKPlus_309.png
4,CKPlus_309.png
4,CKPlus_309.png
4,CKPlus_309.png
4,CKPlus_309.png
4,CKPlus_309.png
4,CKPlus_309.png
4,CKPlus_309.png
4,CKPlus_309.png
2,CKPlus_309.png
2,CKPlus_309.png
2,CKPlus_309.png
2,CKPlus_309.png
2,CKPlus_309.png
2,CKPlus_309.png
2,CKPlus_309.png
2,CKPlus_309.png
2,CKPlus_309.png
2,CKPlus_309.png
2,CKPlus_309.png
2,CKPlus_309.png
2,CKPlus_309.png
2,CKPlus_309.png
2,CKPlus_309.png
2,CKPlus_309.png
2,CKPlus_309.png
2,CKPlus_309.png
2,CKPlus_309.png
2,CKPlus_309.png
2,CKPlus_309.png
2,CKPlus_309.png
2,CKPlus_309.png
2,CKPlus_309.png
2,CKPlus_309.png
5,CKPlus_309.png
5,CKPlus_309.png
5,CKPlus_309.png
5,CKPlus_309.png
5,CKPlus_309.png
5,CKPlus_309.png
5,CKPlus_309.png
5,CKPlus_309.png
5,CKPlus_309.png
5,CKPlus_309.png
5,CKPlus_309.png
5,CKPlus_309.png
5,CKPlus_309.png
5,CKPlus_309.png
5,CKPlus_309.png
5,CKPlus_309.png
5,CKPlus_309.png
5,CKPlus_309.png
5,CKPlus_309.png
5,CKPlus_309.png
5,CKPlus_309.png
5,CKPlus_309.png
5,CKPlus_309.png
5,CKPlus_309.png
5,CKPlus_309.png
5,CKPlus_309.png
5,CKPlus_309.png
5,CKPlus_309.png
5,CKPlus_309.png
5,CKPlus_309.png
5,CKPlus_309.png
5,CKPlus_309.png
5,CKPlus_309.png
5,CKPlus_309.png
5,CKPlus_309.png
5,CKPlus_309.png
5,CKPlus_309.png
5,CKPlus_309.png
5,CKPlus_309.png
5,CKPlus_309.png
5,CKPlus_309.png
5,CKPlus_309.png
5,CKPlus_309.png
5,CKPlus_309.png
5,CKPlus_309.png
5,CKPlus_309.png
5,CKPlus_309.png
5,CKPlus_309.png
5,CKPlus_309.png
5,CKPlus_309.png
5,CKPlus_309.png
5,CKPlus_309.png
5,CKPlus_309.png
5,CKPlus_309.png
5,CKPlus_309.png
5,CKPlus_309.png
5,CKPlus_309.png
5,CKPlus_309.png
5,CKPlus_309.png
5,CKPlus_309.png
5,CKPlus_309.png
5,CKPlus_309.png
5,CKPlus_309.png
5,CKPlus_309.png
5,CKPlus_309.png
5,CKPlus_309.png
5,CKPlus_309.png
5,CKPlus_309.png
5,CKPlus_309.png
5,CKPlus_309.png
5,CKPlus_309.png
5,CKPlus_309.png
5,CKPlus_309.png
5,CKPlus_309.png
5,CKPlus_309.png
5,CKPlus_309.png
5,CKPlus_309.png
5,CKPlus_309.png
5,CKPlus_309.png
5,CKPlus_309.png
5,CKPlus_309.png
5,CKPlus_309.png
5,CKPlus_309.png
1,FERPlus_0.png
1,FERPlus_1.png
1,FERPlus_2.png
1,FERPlus_3.png
1,FERPlus_4.png
1,FERPlus_5.png
1,FERPlus_6.png
1,FERPlus_7.png
1,FERPlus_8.png
1,FERPlus_9.png
1,FERPlus_10.png
1,FERPlus_11.png
1,FERPlus_12.png
1,FERPlus_13.png
1,FERPlus_14.png
1,FERPlus_15.png
1,FERPlus_16.png
1,FERPlus_17.png
1,FERPlus_18.png
1,FERPlus_19.png
1,FERPlus_20.png
1,FERPlus_21.png
1,FERPlus_22.png
1,FERPlus_23.png
1,FERPlus_24.png
1,FERPlus_25.png
1,FERPlus_26.png
1,FERPlus_27.png
1,FERPlus_28.png
1,FERPlus_29.png
1,FERPlus_30.png
1,FERPlus_31.png
1,FERPlus_32.png
1,FERPlus_33.png
1,FERPlus_34.png
1,FERPlus_35.png
1,FERPlus_36.png
1,FERPlus_37.png
1,FERPlus_38.png
1,FERPlus_39.png
1,FERPlus_40.png
1,FERPlus_41.png
1,FERPlus_42.png
1,FERPlus_43.png
1,FERPlus_44.png
1,FERPlus_45.png
1,FERPlus_46.png
1,FERPlus_47.png
1,FERPlus_48.png
1,FERPlus_49.png
1,FERPlus_50.png
1,FERPlus_51.png
1,FERPlus_52.png
1,FERPlus_53.png
1,FERPlus_54.png
1,FERPlus_55.png
1,FERPlus_56.png
1,FERPlus_57.png
1,FERPlus_58.png
1,FERPlus_59.png
1,FERPlus_60.png
1,FERPlus_61.png
1,FERPlus_62.png
1,FERPlus_63.png
1,FERPlus_64.png
1,FERPlus_65.png
1,FERPlus_66.png
1,FERPlus_67.png
1,FERPlus_68.png
1,FERPlus_69.png
1,FERPlus_70.png
1,FERPlus_71.png
1,FERPlus_72.png
1,FERPlus_73.png
1,FERPlus_74.png
1,FERPlus_75.png
1,FERPlus_76.png
1,FERPlus_77.png
1,FERPlus_78.png
1,FERPlus_79.png
1,FERPlus_80.png
1,FERPlus_81.png
1,FERPlus_82.png
1,FERPlus_83.png
1,FERPlus_84.png
1,FERPlus_85.png
1,FERPlus_86.png
1,FERPlus_87.png
1,FERPlus_88.png
1,FERPlus_89.png
1,FERPlus_90.png
1,FERPlus_91.png
1,FERPlus_92.png
1,FERPlus_93.png
1,FERPlus_94.png
1,FERPlus_95.png
1,FERPlus_96.png
1,FERPlus_97.png
1,FERPlus_98.png
1,FERPlus_99.png
1,FERPlus_100.png
1,FERPlus_101.png
1,FERPlus_102.png
1,FERPlus_103.png
1,FERPlus_104.png
1,FERPlus_105.png
1,FERPlus_106.png
1,FERPlus_107.png
1,FERPlus_108.png
1,FERPlus_109.png
1,FERPlus_110.png
1,FERPlus_111.png
1,FERPlus_112.png
1,FERPlus_113.png
1,FERPlus_114.png
1,FERPlus_115.png
1,FERPlus_116.png
1,FERPlus_117.png
1,FERPlus_118.png
1,FERPlus_119.png
1,FERPlus_120.png
1,FERPlus_121.png
1,FERPlus_122.png
1,FERPlus_123.png
1,FERPlus_124.png
1,FERPlus_125.png
1,FERPlus_126.png
1,FERPlus_127.png
1,FERPlus_128.png
1,FERPlus_129.png
1,FERPlus_130.png
1,FERPlus_131.png
1,FERPlus_132.png
1,FERPlus_133.png
1,FERPlus_134.png
1,FERPlus_135.png
1,FERPlus_136.png
1,FERPlus_137.png
1,FERPlus_138.png
1,FERPlus_139.png
1,FERPlus_140.png
1,FERPlus_141.png
1,FERPlus_142.png
1,FERPlus_143.png
1,FERPlus_144.png
1,FERPlus_145.png
1,FERPlus_146.png
1,FERPlus_147.png
1,FERPlus_148.png
1,FERPlus_149.png
1,FERPlus_150.png
1,FERPlus_151.png
1,FERPlus_152.png
1,FERPlus_153.png
1,FERPlus_154.png
1,FERPlus_155.png
1,FERPlus_156.png
1,FERPlus_157.png
1,FERPlus_158.png
1,FERPlus_159.png
1,FERPlus_160.png
1,FERPlus_161.png
1,FERPlus_162.png
1,FERPlus_163.png
1,FERPlus_164.png
1,FERPlus_165.png
1,FERPlus_166.png
1,FERPlus_167.png
1,FERPlus_168.png
1,FERPlus_169.png
1,FERPlus_170.png
1,FERPlus_171.png
1,FERPlus_172.png
1,FERPlus_173.png
1,FERPlus_174.png
1,FERPlus_175.png
1,FERPlus_176.png
1,FERPlus_177.png
1,FERPlus_178.png
1,FERPlus_179.png
1,FERPlus_180.png
1,FERPlus_181.png
1,FERPlus_182.png
1,FERPlus_183.png
1,FERPlus_184.png
1,FERPlus_185.png
1,FERPlus_186.png
1,FERPlus_187.png
1,FERPlus_188.png
1,FERPlus_189.png
1,FERPlus_190.png
1,FERPlus_191.png
1,FERPlus_192.png
1,FERPlus_193.png
1,FERPlus_194.png
1,FERPlus_195.png
1,FERPlus_196.png
1,FERPlus_197.png
1,FERPlus_198.png
1,FERPlus_199.png
1,FERPlus_200.png
1,FERPlus_201.png
1,FERPlus_202.png
1,FERPlus_203.png
1,FERPlus_204.png
1,FERPlus_205.png
1,FERPlus_206.png
1,FERPlus_207.png
1,FERPlus_208.png
1,FERPlus_209.png
1,FERPlus_210.png
1,FERPlus_211.png
1,FERPlus_212.png
1,FERPlus_213.png
1,FERPlus_214.png
1,FERPlus_215.png
1,FERPlus_216.png
1,FERPlus_217.png
1,FERPlus_218.png
1,FERPlus_219.png
1,FERPlus_220.png
1,FERPlus_221.png
1,FERPlus_222.png
1,FERPlus_223.png
1,FERPlus_224.png
1,FERPlus_225.png
1,FERPlus_226.png
1,FERPlus_227.png
1,FERPlus_228.png
1,FERPlus_229.png
1,FERPlus_230.png
1,FERPlus_231.png
1,FERPlus_232.png
1,FERPlus_233.png
1,FERPlus_234.png
1,FERPlus_235.png
1,FERPlus_236.png
1,FERPlus_237.png
1,FERPlus_238.png
1,FERPlus_239.png
1,FERPlus_240.png
1,FERPlus_241.png
1,FERPlus_242.png
1,FERPlus_243.png
1,FERPlus_244.png
1,FERPlus_245.png
1,FERPlus_246.png
1,FERPlus_247.png
1,FERPlus_248.png
1,FERPlus_249.png
1,FERPlus_250.png
1,FERPlus_251.png
1,FERPlus_252.png
1,FERPlus_253.png
1,FERPlus_254.png
1,FERPlus_255.png
1,FERPlus_256.png
1,FERPlus_257.png
1,FERPlus_258.png
1,FERPlus_259.png
1,FERPlus_260.png
1,FERPlus_261.png
1,FERPlus_262.png
1,FERPlus_263.png
1,FERPlus_264.png
1,FERPlus_265.png
1,FERPlus_266.png
1,FERPlus_267.png
1,FERPlus_268.png
1,FERPlus_269.png
1,FERPlus_270.png
1,FERPlus_271.png
1,FERPlus_272.png
1,FERPlus_273.png
1,FERPlus_274.png
1,FERPlus_275.png
1,FERPlus_276.png
1,FERPlus_277.png
1,FERPlus_278.png
1,FERPlus_279.png
1,FERPlus_280.png
1,FERPlus_281.png
1,FERPlus_282.png
1,FERPlus_283.png
1,FERPlus_284.png
1,FERPlus_285.png
1,FERPlus_286.png
1,FERPlus_287.png
1,FERPlus_288.png
1,FERPlus_289.png
1,FERPlus_290.png
1,FERPlus_291.png
1,FERPlus_292.png
1,FERPlus_293.png
1,FERPlus_294.png
1,FERPlus_295.png
1,FERPlus_296.png
1,FERPlus_297.png
1,FERPlus_298.png
1,FERPlus_299.png
1,FERPlus_300.png
1,FERPlus_301.png
1,FERPlus_302.png
1,FERPlus_303.png
1,FERPlus_304.png
1,FERPlus_305.png
1,FERPlus_306.png
1,FERPlus_307.png
1,FERPlus_308.png
1,FERPlus_309.png
1,FERPlus_310.png
1,FERPlus_311.png
1,FERPlus_312.png
1,FERPlus_313.png
1,FERPlus_314.png
1,FERPlus_315.png
1,FERPlus_316.png
1,FERPlus_317.png
1,FERPlus_318.png
1,FERPlus_319.png
1,FERPlus_320.png
1,FERPlus_321.png
1,FERPlus_322.png
1,FERPlus_323.png
1,FERPlus_324.png
1,FERPlus_325.png
1,FERPlus_326.png
1,FERPlus_327.png
1,FERPlus_328.png
1,FERPlus_329.png
1,FERPlus_330.png
1,FERPlus_331.png
1,FERPlus_332.png
1,FERPlus_333.png
1,FERPlus_334.png
1,FERPlus_335.png
1,FERPlus_336.png
1,FERPlus_337.png
1,FERPlus_338.png
1,FERPlus_339.png
1,FERPlus_340.png
1,FERPlus_341.png
1,FERPlus_342.png
1,FERPlus_343.png
1,FERPlus_344.png
1,FERPlus_345.png
1,FERPlus_346.png
1,FERPlus_347.png
1,FERPlus_348.png
1,FERPlus_349.png
1,FERPlus_350.png
1,FERPlus_351.png
1,FERPlus_352.png
1,FERPlus_353.png
1,FERPlus_354.png
1,FERPlus_355.png
1,FERPlus_356.png
1,FERPlus_357.png
1,FERPlus_358.png
1,FERPlus_359.png
1,FERPlus_360.png
1,FERPlus_361.png
1,FERPlus_362.png
1,FERPlus_363.png
1,FERPlus_364.png
1,FERPlus_365.png
1,FERPlus_366.png
1,FERPlus_367.png
1,FERPlus_368.png
1,FERPlus_369.png
1,FERPlus_370.png
1,FERPlus_371.png
1,FERPlus_372.png
1,FERPlus_373.png
1,FERPlus_374.png
1,FERPlus_375.png
1,FERPlus_376.png
1,FERPlus_377.png
1,FERPlus_378.png
1,FERPlus_379.png
1,FERPlus_380.png
1,FERPlus_381.png
1,FERPlus_382.png
1,FERPlus_383.png
1,FERPlus_384.png
1,FERPlus_385.png
1,FERPlus_386.png
1,FERPlus_387.png
1,FERPlus_388.png
1,FERPlus_389.png
1,FERPlus_390.png
1,FERPlus_391.png
1,FERPlus_392.png
1,FERPlus_393.png
1,FERPlus_394.png
1,FERPlus_395.png
1,FERPlus_396.png
1,FERPlus_397.png
1,FERPlus_398.png
1,FERPlus_399.png
1,FERPlus_400.png
1,FERPlus_401.png
1,FERPlus_402.png
1,FERPlus_403.png
1,FERPlus_404.png
1,FERPlus_405.png
1,FERPlus_406.png
1,FERPlus_407.png
1,FERPlus_408.png
1,FERPlus_409.png
1,FERPlus_410.png
1,FERPlus_411.png
1,FERPlus_412.png
1,FERPlus_413.png
1,FERPlus_414.png
1,FERPlus_415.png
1,FERPlus_416.png
1,FERPlus_417.png
1,FERPlus_418.png
1,FERPlus_419.png
1,FERPlus_420.png
1,FERPlus_421.png
1,FERPlus_422.png
1,FERPlus_423.png
1,FERPlus_424.png
1,FERPlus_425.png
1,FERPlus_426.png
1,FERPlus_427.png
1,FERPlus_428.png
1,FERPlus_429.png
1,FERPlus_430.png
1,FERPlus_431.png
1,FERPlus_432.png
1,FERPlus_433.png
1,FERPlus_434.png
1,FERPlus_435.png
1,FERPlus_436.png
1,FERPlus_437.png
1,FERPlus_438.png
1,FERPlus_439.png
1,FERPlus_440.png
1,FERPlus_441.png
1,FERPlus_442.png
1,FERPlus_443.png
1,FERPlus_444.png
1,FERPlus_445.png
1,FERPlus_446.png
1,FERPlus_447.png
1,FERPlus_448.png
1,FERPlus_449.png
1,FERPlus_450.png
1,FERPlus_451.png
1,FERPlus_452.png
1,FERPlus_453.png
1,FERPlus_454.png
1,FERPlus_455.png
1,FERPlus_456.png
1,FERPlus_457.png
1,FERPlus_458.png
1,FERPlus_459.png
1,FERPlus_460.png
1,FERPlus_461.png
1,FERPlus_462.png
1,FERPlus_463.png
1,FERPlus_464.png
1,FERPlus_465.png
1,FERPlus_466.png
1,FERPlus_467.png
1,FERPlus_468.png
1,FERPlus_469.png
1,FERPlus_470.png
1,FERPlus_471.png
1,FERPlus_472.png
1,FERPlus_473.png
1,FERPlus_474.png
1,FERPlus_475.png
1,FERPlus_476.png
1,FERPlus_477.png
1,FERPlus_478.png
1,FERPlus_479.png
1,FERPlus_480.png
1,FERPlus_481.png
1,FERPlus_482.png
1,FERPlus_483.png
1,FERPlus_484.png
1,FERPlus_485.png
1,FERPlus_486.png
1,FERPlus_487.png
1,FERPlus_488.png
1,FERPlus_489.png
1,FERPlus_490.png
1,FERPlus_491.png
1,FERPlus_492.png
1,FERPlus_493.png
1,FERPlus_494.png
1,FERPlus_495.png
1,FERPlus_496.png
1,FERPlus_497.png
1,FERPlus_498.png
1,FERPlus_499.png
1,FERPlus_500.png
1,FERPlus_501.png
1,FERPlus_502.png
1,FERPlus_503.png
1,FERPlus_504.png
1,FERPlus_505.png
1,FERPlus_506.png
1,FERPlus_507.png
1,FERPlus_508.png
1,FERPlus_509.png
1,FERPlus_510.png
1,FERPlus_511.png
1,FERPlus_512.png
1,FERPlus_513.png
1,FERPlus_514.png
1,FERPlus_515.png
1,FERPlus_516.png
1,FERPlus_517.png
1,FERPlus_518.png
1,FERPlus_519.png
1,FERPlus_520.png
1,FERPlus_521.png
1,FERPlus_522.png
1,FERPlus_523.png
1,FERPlus_524.png
1,FERPlus_525.png
1,FERPlus_526.png
1,FERPlus_527.png
1,FERPlus_528.png
1,FERPlus_529.png
1,FERPlus_530.png
1,FERPlus_531.png
1,FERPlus_532.png
1,FERPlus_533.png
1,FERPlus_534.png
1,FERPlus_535.png
1,FERPlus_536.png
1,FERPlus_537.png
1,FERPlus_538.png
1,FERPlus_539.png
1,FERPlus_540.png
1,FERPlus_541.png
1,FERPlus_542.png
1,FERPlus_543.png
1,FERPlus_544.png
1,FERPlus_545.png
1,FERPlus_546.png
1,FERPlus_547.png
1,FERPlus_548.png
1,FERPlus_549.png
1,FERPlus_550.png
1,FERPlus_551.png
1,FERPlus_552.png
1,FERPlus_553.png
1,FERPlus_554.png
1,FERPlus_555.png
1,FERPlus_556.png
1,FERPlus_557.png
1,FERPlus_558.png
1,FERPlus_559.png
1,FERPlus_560.png
1,FERPlus_561.png
1,FERPlus_562.png
1,FERPlus_563.png
1,FERPlus_564.png
1,FERPlus_565.png
1,FERPlus_566.png
1,FERPlus_567.png
1,FERPlus_568.png
1,FERPlus_569.png
1,FERPlus_570.png
1,FERPlus_571.png
1,FERPlus_572.png
1,FERPlus_573.png
1,FERPlus_574.png
1,FERPlus_575.png
1,FERPlus_576.png
1,FERPlus_577.png
1,FERPlus_578.png
1,FERPlus_579.png
1,FERPlus_580.png
1,FERPlus_581.png
1,FERPlus_582.png
1,FERPlus_583.png
1,FERPlus_584.png
1,FERPlus_585.png
1,FERPlus_586.png
1,FERPlus_587.png
1,FERPlus_588.png
1,FERPlus_589.png
1,FERPlus_590.png
1,FERPlus_591.png
1,FERPlus_592.png
1,FERPlus_593.png
1,FERPlus_594.png
1,FERPlus_595.png
1,FERPlus_596.png
1,FERPlus_597.png
1,FERPlus_598.png
1,FERPlus_599.png
1,FERPlus_600.png
1,FERPlus_601.png
1,FERPlus_602.png
1,FERPlus_603.png
1,FERPlus_604.png
1,FERPlus_605.png
1,FERPlus_606.png
1,FERPlus_607.png
1,FERPlus_608.png
1,FERPlus_609.png
1,FERPlus_610.png
1,FERPlus_611.png
1,FERPlus_612.png
1,FERPlus_613.png
1,FERPlus_614.png
1,FERPlus_615.png
1,FERPlus_616.png
1,FERPlus_617.png
1,FERPlus_618.png
1,FERPlus_619.png
1,FERPlus_620.png
1,FERPlus_621.png
1,FERPlus_622.png
1,FERPlus_623.png
1,FERPlus_624.png
1,FERPlus_625.png
1,FERPlus_626.png
1,FERPlus_627.png
1,FERPlus_628.png
1,FERPlus_629.png
1,FERPlus_630.png
1,FERPlus_631.png
1,FERPlus_632.png
1,FERPlus_633.png
1,FERPlus_634.png
1,FERPlus_635.png
1,FERPlus_636.png
1,FERPlus_637.png
1,FERPlus_638.png
1,FERPlus_639.png
1,FERPlus_640.png
1,FERPlus_641.png
1,FERPlus_642.png
1,FERPlus_643.png
1,FERPlus_644.png
1,FERPlus_645.png
1,FERPlus_646.png
1,FERPlus_647.png
1,FERPlus_648.png
1,FERPlus_649.png
1,FERPlus_650.png
1,FERPlus_651.png
1,FERPlus_652.png
1,FERPlus_653.png
1,FERPlus_654.png
1,FERPlus_655.png
1,FERPlus_656.png
1,FERPlus_657.png
1,FERPlus_658.png
1,FERPlus_659.png
1,FERPlus_660.png
1,FERPlus_661.png
1,FERPlus_662.png
1,FERPlus_663.png
1,FERPlus_664.png
1,FERPlus_665.png
1,FERPlus_666.png
1,FERPlus_667.png
1,FERPlus_668.png
1,FERPlus_669.png
1,FERPlus_670.png
1,FERPlus_671.png
1,FERPlus_672.png
1,FERPlus_673.png
1,FERPlus_674.png
1,FERPlus_675.png
1,FERPlus_676.png
1,FERPlus_677.png
1,FERPlus_678.png
1,FERPlus_679.png
1,FERPlus_680.png
1,FERPlus_681.png
1,FERPlus_682.png
1,FERPlus_683.png
1,FERPlus_684.png
1,FERPlus_685.png
1,FERPlus_686.png
1,FERPlus_687.png
1,FERPlus_688.png
1,FERPlus_689.png
1,FERPlus_690.png
1,FERPlus_691.png
1,FERPlus_692.png
1,FERPlus_693.png
1,FERPlus_694.png
1,FERPlus_695.png
1,FERPlus_696.png
1,FERPlus_697.png
1,FERPlus_698.png
1,FERPlus_699.png
1,FERPlus_700.png
1,FERPlus_701.png
1,FERPlus_702.png
1,FERPlus_703.png
1,FERPlus_704.png
1,FERPlus_705.png
1,FERPlus_706.png
1,FERPlus_707.png
1,FERPlus_708.png
1,FERPlus_709.png
1,FERPlus_710.png
1,FERPlus_711.png
1,FERPlus_712.png
1,FERPlus_713.png
1,FERPlus_714.png
1,FERPlus_715.png
1,FERPlus_716.png
1,FERPlus_717.png
1,FERPlus_718.png
1,FERPlus_719.png
1,FERPlus_720.png
1,FERPlus_721.png
1,FERPlus_722.png
1,FERPlus_723.png
1,FERPlus_724.png
1,FERPlus_725.png
1,FERPlus_726.png
1,FERPlus_727.png
1,FERPlus_728.png
1,FERPlus_729.png
1,FERPlus_730.png
1,FERPlus_731.png
1,FERPlus_732.png
1,FERPlus_733.png
1,FERPlus_734.png
1,FERPlus_735.png
1,FERPlus_736.png
1,FERPlus_737.png
1,FERPlus_738.png
1,FERPlus_739.png
1,FERPlus_740.png
1,FERPlus_741.png
1,FERPlus_742.png
1,FERPlus_743.png
1,FERPlus_744.png
1,FERPlus_745.png
1,FERPlus_746.png
1,FERPlus_747.png
1,FERPlus_748.png
1,FERPlus_749.png
1,FERPlus_750.png
1,FERPlus_751.png
1,FERPlus_752.png
1,FERPlus_753.png
1,FERPlus_754.png
1,FERPlus_755.png
1,FERPlus_756.png
1,FERPlus_757.png
1,FERPlus_758.png
1,FERPlus_759.png
1,FERPlus_760.png
1,FERPlus_761.png
1,FERPlus_762.png
1,FERPlus_763.png
1,FERPlus_764.png
1,FERPlus_765.png
1,FERPlus_766.png
1,FERPlus_767.png
1,FERPlus_768.png
1,FERPlus_769.png
1,FERPlus_770.png
1,FERPlus_771.png
1,FERPlus_772.png
1,FERPlus_773.png
1,FERPlus_774.png
1,FERPlus_775.png
1,FERPlus_776.png
1,FERPlus_777.png
1,FERPlus_778.png
1,FERPlus_779.png
1,FERPlus_780.png
1,FERPlus_781.png
1,FERPlus_782.png
1,FERPlus_783.png
1,FERPlus_784.png
1,FERPlus_785.png
1,FERPlus_786.png
1,FERPlus_787.png
1,FERPlus_788.png
1,FERPlus_789.png
1,FERPlus_790.png
1,FERPlus_791.png
1,FERPlus_792.png
1,FERPlus_793.png
1,FERPlus_794.png
1,FERPlus_795.png
1,FERPlus_796.png
1,FERPlus_797.png
1,FERPlus_798.png
1,FERPlus_799.png
1,FERPlus_800.png
1,FERPlus_801.png
1,FERPlus_802.png
1,FERPlus_803.png
1,FERPlus_804.png
1,FERPlus_805.png
1,FERPlus_806.png
1,FERPlus_807.png
1,FERPlus_808.png
1,FERPlus_809.png
1,FERPlus_810.png
1,FERPlus_811.png
1,FERPlus_812.png
1,FERPlus_813.png
1,FERPlus_814.png
1,FERPlus_815.png
1,FERPlus_816.png
1,FERPlus_817.png
1,FERPlus_818.png
1,FERPlus_819.png
1,FERPlus_820.png
1,FERPlus_821.png
1,FERPlus_822.png
1,FERPlus_823.png
1,FERPlus_824.png
1,FERPlus_825.png
1,FERPlus_826.png
1,FERPlus_827.png
1,FERPlus_828.png
1,FERPlus_829.png
1,FERPlus_830.png
1,FERPlus_831.png
1,FERPlus_832.png
1,FERPlus_833.png
1,FERPlus_834.png
1,FERPlus_835.png
1,FERPlus_836.png
1,FERPlus_837.png
1,FERPlus_838.png
1,FERPlus_839.png
1,FERPlus_840.png
1,FERPlus_841.png
1,FERPlus_842.png
1,FERPlus_843.png
1,FERPlus_844.png
1,FERPlus_845.png
1,FERPlus_846.png
1,FERPlus_847.png
1,FERPlus_848.png
1,FERPlus_849.png
1,FERPlus_850.png
1,FERPlus_851.png
1,FERPlus_852.png
1,FERPlus_853.png
1,FERPlus_854.png
1,FERPlus_855.png
1,FERPlus_856.png
1,FERPlus_857.png
1,FERPlus_858.png
1,FERPlus_859.png
1,FERPlus_860.png
1,FERPlus_861.png
1,FERPlus_862.png
1,FERPlus_863.png
1,FERPlus_864.png
1,FERPlus_865.png
1,FERPlus_866.png
1,FERPlus_867.png
1,FERPlus_868.png
1,FERPlus_869.png
1,FERPlus_870.png
1,FERPlus_871.png
1,FERPlus_872.png
1,FERPlus_873.png
1,FERPlus_874.png
1,FERPlus_875.png
1,FERPlus_876.png
1,FERPlus_877.png
1,FERPlus_878.png
1,FERPlus_879.png
1,FERPlus_880.png
1,FERPlus_881.png
1,FERPlus_882.png
1,FERPlus_883.png
1,FERPlus_884.png
1,FERPlus_885.png
1,FERPlus_886.png
1,FERPlus_887.png
1,FERPlus_888.png
1,FERPlus_889.png
1,FERPlus_890.png
1,FERPlus_891.png
1,FERPlus_892.png
1,FERPlus_893.png
1,FERPlus_894.png
1,FERPlus_895.png
1,FERPlus_896.png
1,FERPlus_897.png
1,FERPlus_898.png
1,FERPlus_899.png
1,FERPlus_900.png
1,FERPlus_901.png
1,FERPlus_902.png
1,FERPlus_903.png
1,FERPlus_904.png
1,FERPlus_905.png
1,FERPlus_906.png
1,FERPlus_907.png
1,FERPlus_908.png
1,FERPlus_909.png
1,FERPlus_910.png
1,FERPlus_911.png
1,FERPlus_912.png
1,FERPlus_913.png
1,FERPlus_914.png
1,FERPlus_915.png
1,FERPlus_916.png
1,FERPlus_917.png
1,FERPlus_918.png
1,FERPlus_919.png
1,FERPlus_920.png
1,FERPlus_921.png
1,FERPlus_922.png
1,FERPlus_923.png
1,FERPlus_924.png
1,FERPlus_925.png
1,FERPlus_926.png
1,FERPlus_927.png
1,FERPlus_928.png
1,FERPlus_929.png
1,FERPlus_930.png
1,FERPlus_931.png
1,FERPlus_932.png
1,FERPlus_933.png
1,FERPlus_934.png
1,FERPlus_935.png
1,FERPlus_936.png
1,FERPlus_937.png
1,FERPlus_938.png
1,FERPlus_939.png
1,FERPlus_940.png
1,FERPlus_941.png
1,FERPlus_942.png
1,FERPlus_943.png
1,FERPlus_944.png
1,FERPlus_945.png
1,FERPlus_946.png
1,FERPlus_947.png
1,FERPlus_948.png
1,FERPlus_949.png
1,FERPlus_950.png
1,FERPlus_951.png
1,FERPlus_952.png
1,FERPlus_953.png
1,FERPlus_954.png
1,FERPlus_955.png
1,FERPlus_956.png
1,FERPlus_957.png
1,FERPlus_958.png
1,FERPlus_959.png
1,FERPlus_960.png
1,FERPlus_961.png
1,FERPlus_962.png
1,FERPlus_963.png
1,FERPlus_964.png
1,FERPlus_965.png
1,FERPlus_966.png
1,FERPlus_967.png
1,FERPlus_968.png
1,FERPlus_969.png
1,FERPlus_970.png
1,FERPlus_971.png
1,FERPlus_972.png
1,FERPlus_973.png
1,FERPlus_974.png
1,FERPlus_975.png
1,FERPlus_976.png
1,FERPlus_977.png
1,FERPlus_978.png
1,FERPlus_979.png
1,FERPlus_980.png
1,FERPlus_981.png
1,FERPlus_982.png
1,FERPlus_983.png
1,FERPlus_984.png
1,FERPlus_985.png
1,FERPlus_986.png
1,FERPlus_987.png
1,FERPlus_988.png
1,FERPlus_989.png
1,FERPlus_990.png
1,FERPlus_991.png
1,FERPlus_992.png
1,FERPlus_993.png
1,FERPlus_994.png
1,FERPlus_995.png
1,FERPlus_996.png
1,FERPlus_997.png
1,FERPlus_998.png
1,FERPlus_999.png
1,FERPlus_1000.png
1,FERPlus_1001.png
1,FERPlus_1002.png
1,FERPlus_1003.png
1,FERPlus_1004.png
1,FERPlus_1005.png
1,FERPlus_1006.png
1,FERPlus_1007.png
1,FERPlus_1008.png
1,FERPlus_1009.png
1,FERPlus_1010.png
1,FERPlus_1011.png
1,FERPlus_1012.png
1,FERPlus_1013.png
1,FERPlus_1014.png
1,FERPlus_1015.png
1,FERPlus_1016.png
1,FERPlus_1017.png
1,FERPlus_1018.png
1,FERPlus_1019.png
1,FERPlus_1020.png
1,FERPlus_1021.png
1,FERPlus_1022.png
1,FERPlus_1023.png
1,FERPlus_1024.png
1,FERPlus_1025.png
1,FERPlus_1026.png
1,FERPlus_1027.png
1,FERPlus_1028.png
1,FERPlus_1029.png
1,FERPlus_1030.png
1,FERPlus_1031.png
1,FERPlus_1032.png
1,FERPlus_1033.png
1,FERPlus_1034.png
1,FERPlus_1035.png
1,FERPlus_1036.png
1,FERPlus_1037.png
1,FERPlus_1038.png
1,FERPlus_1039.png
1,FERPlus_1040.png
1,FERPlus_1041.png
1,FERPlus_1042.png
1,FERPlus_1043.png
1,FERPlus_1044.png
1,FERPlus_1045.png
1,FERPlus_1046.png
1,FERPlus_1047.png
1,FERPlus_1048.png
1,FERPlus_1049.png
1,FERPlus_1050.png
1,FERPlus_1051.png
1,FERPlus_1052.png
1,FERPlus_1053.png
1,FERPlus_1054.png
1,FERPlus_1055.png
1,FERPlus_1056.png
1,FERPlus_1057.png
1,FERPlus_1058.png
1,FERPlus_1059.png
1,FERPlus_1060.png
1,FERPlus_1061.png
1,FERPlus_1062.png
1,FERPlus_1063.png
1,FERPlus_1064.png
1,FERPlus_1065.png
1,FERPlus_1066.png
1,FERPlus_1067.png
1,FERPlus_1068.png
1,FERPlus_1069.png
1,FERPlus_1070.png
1,FERPlus_1071.png
1,FERPlus_1072.png
1,FERPlus_1073.png
1,FERPlus_1074.png
1,FERPlus_1075.png
1,FERPlus_1076.png
1,FERPlus_1077.png
1,FERPlus_1078.png
1,FERPlus_1079.png
1,FERPlus_1080.png
1,FERPlus_1081.png
1,FERPlus_1082.png
1,FERPlus_1083.png
1,FERPlus_1084.png
1,FERPlus_1085.png
1,FERPlus_1086.png
1,FERPlus_1087.png
1,FERPlus_1088.png
1,FERPlus_1089.png
1,FERPlus_1090.png
1,FERPlus_1091.png
1,FERPlus_1092.png
1,FERPlus_1093.png
1,FERPlus_1094.png
1,FERPlus_1095.png
1,FERPlus_1096.png
1,FERPlus_1097.png
1,FERPlus_1098.png
1,FERPlus_1099.png
1,FERPlus_1100.png
1,FERPlus_1101.png
1,FERPlus_1102.png
1,FERPlus_1103.png
1,FERPlus_1104.png
1,FERPlus_1105.png
1,FERPlus_1106.png
1,FERPlus_1107.png
1,FERPlus_1108.png
1,FERPlus_1109.png
1,FERPlus_1110.png
1,FERPlus_1111.png
1,FERPlus_1112.png
1,FERPlus_1113.png
1,FERPlus_1114.png
1,FERPlus_1115.png
1,FERPlus_1116.png
1,FERPlus_1117.png
1,FERPlus_1118.png
1,FERPlus_1119.png
1,FERPlus_1120.png
1,FERPlus_1121.png
1,FERPlus_1122.png
1,FERPlus_1123.png
1,FERPlus_1124.png
1,FERPlus_1125.png
1,FERPlus_1126.png
1,FERPlus_1127.png
1,FERPlus_1128.png
1,FERPlus_1129.png
1,FERPlus_1130.png
1,FERPlus_1131.png
1,FERPlus_1132.png
1,FERPlus_1133.png
1,FERPlus_1134.png
1,FERPlus_1135.png
1,FERPlus_1136.png
1,FERPlus_1137.png
1,FERPlus_1138.png
1,FERPlus_1139.png
1,FERPlus_1140.png
1,FERPlus_1141.png
1,FERPlus_1142.png
1,FERPlus_1143.png
1,FERPlus_1144.png
1,FERPlus_1145.png
1,FERPlus_1146.png
1,FERPlus_1147.png
1,FERPlus_1148.png
1,FERPlus_1149.png
1,FERPlus_1150.png
1,FERPlus_1151.png
1,FERPlus_1152.png
1,FERPlus_1153.png
1,FERPlus_1154.png
1,FERPlus_1155.png
1,FERPlus_1156.png
1,FERPlus_1157.png
1,FERPlus_1158.png
1,FERPlus_1159.png
1,FERPlus_1160.png
1,FERPlus_1161.png
1,FERPlus_1162.png
1,FERPlus_1163.png
1,FERPlus_1164.png
1,FERPlus_1165.png
1,FERPlus_1166.png
1,FERPlus_1167.png
1,FERPlus_1168.png
1,FERPlus_1169.png
1,FERPlus_1170.png
1,FERPlus_1171.png
1,FERPlus_1172.png
1,FERPlus_1173.png
1,FERPlus_1174.png
1,FERPlus_1175.png
1,FERPlus_1176.png
1,FERPlus_1177.png
1,FERPlus_1178.png
1,FERPlus_1179.png
1,FERPlus_1180.png
1,FERPlus_1181.png
1,FERPlus_1182.png
1,FERPlus_1183.png
1,FERPlus_1184.png
1,FERPlus_1185.png
1,FERPlus_1186.png
1,FERPlus_1187.png
1,FERPlus_1188.png
1,FERPlus_1189.png
1,FERPlus_1190.png
1,FERPlus_1191.png
1,FERPlus_1192.png
1,FERPlus_1193.png
1,FERPlus_1194.png
1,FERPlus_1195.png
1,FERPlus_1196.png
1,FERPlus_1197.png
1,FERPlus_1198.png
1,FERPlus_1199.png
1,FERPlus_1200.png
1,FERPlus_1201.png
1,FERPlus_1202.png
1,FERPlus_1203.png
1,FERPlus_1204.png
1,FERPlus_1205.png
1,FERPlus_1206.png
1,FERPlus_1207.png
1,FERPlus_1208.png
1,FERPlus_1209.png
1,FERPlus_1210.png
1,FERPlus_1211.png
1,FERPlus_1212.png
1,FERPlus_1213.png
1,FERPlus_1214.png
1,FERPlus_1215.png
1,FERPlus_1216.png
1,FERPlus_1217.png
1,FERPlus_1218.png
1,FERPlus_1219.png
1,FERPlus_1220.png
1,FERPlus_1221.png
1,FERPlus_1222.png
1,FERPlus_1223.png
1,FERPlus_1224.png
1,FERPlus_1225.png
1,FERPlus_1226.png
1,FERPlus_1227.png
1,FERPlus_1228.png
1,FERPlus_1229.png
1,FERPlus_1230.png
1,FERPlus_1231.png
1,FERPlus_1232.png
1,FERPlus_1233.png
1,FERPlus_1234.png
1,FERPlus_1235.png
1,FERPlus_1236.png
1,FERPlus_1237.png
1,FERPlus_1238.png
1,FERPlus_1239.png
1,FERPlus_1240.png
1,FERPlus_1241.png
1,FERPlus_1242.png
1,FERPlus_1243.png
1,FERPlus_1244.png
1,FERPlus_1245.png
1,FERPlus_1246.png
1,FERPlus_1247.png
1,FERPlus_1248.png
1,FERPlus_1249.png
1,FERPlus_1250.png
1,FERPlus_1251.png
1,FERPlus_1252.png
1,FERPlus_1253.png
1,FERPlus_1254.png
1,FERPlus_1255.png
1,FERPlus_1256.png
1,FERPlus_1257.png
1,FERPlus_1258.png
1,FERPlus_1259.png
1,FERPlus_1260.png
1,FERPlus_1261.png
1,FERPlus_1262.png
1,FERPlus_1263.png
1,FERPlus_1264.png
1,FERPlus_1265.png
1,FERPlus_1266.png
1,FERPlus_1267.png
1,FERPlus_1268.png
1,FERPlus_1269.png
1,FERPlus_1270.png
1,FERPlus_1271.png
1,FERPlus_1272.png
1,FERPlus_1273.png
1,FERPlus_1274.png
1,FERPlus_1275.png
1,FERPlus_1276.png
1,FERPlus_1277.png
1,FERPlus_1278.png
1,FERPlus_1279.png
1,FERPlus_1280.png
1,FERPlus_1281.png
1,FERPlus_1282.png
1,FERPlus_1283.png
1,FERPlus_1284.png
1,FERPlus_1285.png
1,FERPlus_1286.png
1,FERPlus_1287.png
1,FERPlus_1288.png
1,FERPlus_1289.png
1,FERPlus_1290.png
1,FERPlus_1291.png
1,FERPlus_1292.png
1,FERPlus_1293.png
1,FERPlus_1294.png
1,FERPlus_1295.png
1,FERPlus_1296.png
1,FERPlus_1297.png
1,FERPlus_1298.png
1,FERPlus_1299.png
1,FERPlus_1300.png
1,FERPlus_1301.png
1,FERPlus_1302.png
1,FERPlus_1303.png
1,FERPlus_1304.png
1,FERPlus_1305.png
1,FERPlus_1306.png
1,FERPlus_1307.png
1,FERPlus_1308.png
1,FERPlus_1309.png
1,FERPlus_1310.png
1,FERPlus_1311.png
1,FERPlus_1312.png
1,FERPlus_1313.png
1,FERPlus_1314.png
1,FERPlus_1315.png
1,FERPlus_1316.png
1,FERPlus_1317.png
1,FERPlus_1318.png
1,FERPlus_1319.png
1,FERPlus_1320.png
1,FERPlus_1321.png
1,FERPlus_1322.png
1,FERPlus_1323.png
1,FERPlus_1324.png
1,FERPlus_1325.png
1,FERPlus_1326.png
1,FERPlus_1327.png
1,FERPlus_1328.png
1,FERPlus_1329.png
1,FERPlus_1330.png
1,FERPlus_1331.png
1,FERPlus_1332.png
1,FERPlus_1333.png
1,FERPlus_1334.png
1,FERPlus_1335.png
1,FERPlus_1336.png
1,FERPlus_1337.png
1,FERPlus_1338.png
1,FERPlus_1339.png
1,FERPlus_1340.png
1,FERPlus_1341.png
1,FERPlus_1342.png
1,FERPlus_1343.png
1,FERPlus_1344.png
1,FERPlus_1345.png
1,FERPlus_1346.png
1,FERPlus_1347.png
1,FERPlus_1348.png
1,FERPlus_1349.png
1,FERPlus_1350.png
1,FERPlus_1351.png
1,FERPlus_1352.png
1,FERPlus_1353.png
1,FERPlus_1354.png
1,FERPlus_1355.png
1,FERPlus_1356.png
1,FERPlus_1357.png
1,FERPlus_1358.png
1,FERPlus_1359.png
1,FERPlus_1360.png
1,FERPlus_1361.png
1,FERPlus_1362.png
1,FERPlus_1363.png
1,FERPlus_1364.png
1,FERPlus_1365.png
1,FERPlus_1366.png
1,FERPlus_1367.png
1,FERPlus_1368.png
1,FERPlus_1369.png
1,FERPlus_1370.png
1,FERPlus_1371.png
1,FERPlus_1372.png
1,FERPlus_1373.png
1,FERPlus_1374.png
1,FERPlus_1375.png
1,FERPlus_1376.png
1,FERPlus_1377.png
1,FERPlus_1378.png
1,FERPlus_1379.png
1,FERPlus_1380.png
1,FERPlus_1381.png
1,FERPlus_1382.png
1,FERPlus_1383.png
1,FERPlus_1384.png
1,FERPlus_1385.png
1,FERPlus_1386.png
1,FERPlus_1387.png
1,FERPlus_1388.png
1,FERPlus_1389.png
1,FERPlus_1390.png
1,FERPlus_1391.png
1,FERPlus_1392.png
1,FERPlus_1393.png
1,FERPlus_1394.png
1,FERPlus_1395.png
1,FERPlus_1396.png
1,FERPlus_1397.png
1,FERPlus_1398.png
1,FERPlus_1399.png
1,FERPlus_1400.png
1,FERPlus_1401.png
1,FERPlus_1402.png
1,FERPlus_1403.png
1,FERPlus_1404.png
1,FERPlus_1405.png
1,FERPlus_1406.png
1,FERPlus_1407.png
1,FERPlus_1408.png
1,FERPlus_1409.png
1,FERPlus_1410.png
1,FERPlus_1411.png
1,FERPlus_1412.png
1,FERPlus_1413.png
1,FERPlus_1414.png
1,FERPlus_1415.png
1,FERPlus_1416.png
1,FERPlus_1417.png
1,FERPlus_1418.png
1,FERPlus_1419.png
1,FERPlus_1420.png
1,FERPlus_1421.png
1,FERPlus_1422.png
1,FERPlus_1423.png
1,FERPlus_1424.png
1,FERPlus_1425.png
1,FERPlus_1426.png
1,FERPlus_1427.png
1,FERPlus_1428.png
1,FERPlus_1429.png
1,FERPlus_1430.png
1,FERPlus_1431.png
1,FERPlus_1432.png
1,FERPlus_1433.png
1,FERPlus_1434.png
1,FERPlus_1435.png
1,FERPlus_1436.png
1,FERPlus_1437.png
1,FERPlus_1438.png
1,FERPlus_1439.png
1,FERPlus_1440.png
1,FERPlus_1441.png
1,FERPlus_1442.png
1,FERPlus_1443.png
1,FERPlus_1444.png
1,FERPlus_1445.png
1,FERPlus_1446.png
1,FERPlus_1447.png
1,FERPlus_1448.png
1,FERPlus_1449.png
1,FERPlus_1450.png
1,FERPlus_1451.png
1,FERPlus_1452.png
1,FERPlus_1453.png
1,FERPlus_1454.png
1,FERPlus_1455.png
1,FERPlus_1456.png
1,FERPlus_1457.png
1,FERPlus_1458.png
1,FERPlus_1459.png
1,FERPlus_1460.png
1,FERPlus_1461.png
1,FERPlus_1462.png
1,FERPlus_1463.png
1,FERPlus_1464.png
1,FERPlus_1465.png
1,FERPlus_1466.png
1,FERPlus_1467.png
1,FERPlus_1468.png
1,FERPlus_1469.png
1,FERPlus_1470.png
1,FERPlus_1471.png
1,FERPlus_1472.png
1,FERPlus_1473.png
1,FERPlus_1474.png
1,FERPlus_1475.png
1,FERPlus_1476.png
1,FERPlus_1477.png
1,FERPlus_1478.png
1,FERPlus_1479.png
1,FERPlus_1480.png
1,FERPlus_1481.png
1,FERPlus_1482.png
1,FERPlus_1483.png
1,FERPlus_1484.png
1,FERPlus_1485.png
1,FERPlus_1486.png
1,FERPlus_1487.png
1,FERPlus_1488.png
1,FERPlus_1489.png
1,FERPlus_1490.png
1,FERPlus_1491.png
1,FERPlus_1492.png
1,FERPlus_1493.png
1,FERPlus_1494.png
1,FERPlus_1495.png
1,FERPlus_1496.png
1,FERPlus_1497.png
1,FERPlus_1498.png
1,FERPlus_1499.png
1,FERPlus_1500.png
1,FERPlus_1501.png
1,FERPlus_1502.png
1,FERPlus_1503.png
1,FERPlus_1504.png
1,FERPlus_1505.png
1,FERPlus_1506.png
1,FERPlus_1507.png
1,FERPlus_1508.png
1,FERPlus_1509.png
1,FERPlus_1510.png
1,FERPlus_1511.png
1,FERPlus_1512.png
1,FERPlus_1513.png
1,FERPlus_1514.png
1,FERPlus_1515.png
1,FERPlus_1516.png
1,FERPlus_1517.png
1,FERPlus_1518.png
1,FERPlus_1519.png
1,FERPlus_1520.png
1,FERPlus_1521.png
1,FERPlus_1522.png
1,FERPlus_1523.png
1,FERPlus_1524.png
1,FERPlus_1525.png
1,FERPlus_1526.png
1,FERPlus_1527.png
1,FERPlus_1528.png
1,FERPlus_1529.png
1,FERPlus_1530.png
1,FERPlus_1531.png
1,FERPlus_1532.png
1,FERPlus_1533.png
1,FERPlus_1534.png
1,FERPlus_1535.png
1,FERPlus_1536.png
1,FERPlus_1537.png
1,FERPlus_1538.png
1,FERPlus_1539.png
1,FERPlus_1540.png
1,FERPlus_1541.png
1,FERPlus_1542.png
1,FERPlus_1543.png
1,FERPlus_1544.png
1,FERPlus_1545.png
1,FERPlus_1546.png
1,FERPlus_1547.png
1,FERPlus_1548.png
1,FERPlus_1549.png
1,FERPlus_1550.png
1,FERPlus_1551.png
1,FERPlus_1552.png
1,FERPlus_1553.png
1,FERPlus_1554.png
1,FERPlus_1555.png
1,FERPlus_1556.png
1,FERPlus_1557.png
1,FERPlus_1558.png
1,FERPlus_1559.png
1,FERPlus_1560.png
1,FERPlus_1561.png
1,FERPlus_1562.png
1,FERPlus_1563.png
1,FERPlus_1564.png
1,FERPlus_1565.png
1,FERPlus_1566.png
1,FERPlus_1567.png
1,FERPlus_1568.png
1,FERPlus_1569.png
1,FERPlus_1570.png
1,FERPlus_1571.png
1,FERPlus_1572.png
1,FERPlus_1573.png
1,FERPlus_1574.png
1,FERPlus_1575.png
1,FERPlus_1576.png
1,FERPlus_1577.png
1,FERPlus_1578.png
1,FERPlus_1579.png
1,FERPlus_1580.png
1,FERPlus_1581.png
1,FERPlus_1582.png
1,FERPlus_1583.png
1,FERPlus_1584.png
1,FERPlus_1585.png
1,FERPlus_1586.png
1,FERPlus_1587.png
1,FERPlus_1588.png
1,FERPlus_1589.png
1,FERPlus_1590.png
1,FERPlus_1591.png
1,FERPlus_1592.png
1,FERPlus_1593.png
1,FERPlus_1594.png
1,FERPlus_1595.png
1,FERPlus_1596.png
1,FERPlus_1597.png
1,FERPlus_1598.png
1,FERPlus_1599.png
1,FERPlus_1600.png
1,FERPlus_1601.png
1,FERPlus_1602.png
1,FERPlus_1603.png
1,FERPlus_1604.png
1,FERPlus_1605.png
1,FERPlus_1606.png
1,FERPlus_1607.png
1,FERPlus_1608.png
1,FERPlus_1609.png
1,FERPlus_1610.png
1,FERPlus_1611.png
1,FERPlus_1612.png
1,FERPlus_1613.png
1,FERPlus_1614.png
1,FERPlus_1615.png
1,FERPlus_1616.png
1,FERPlus_1617.png
1,FERPlus_1618.png
1,FERPlus_1619.png
1,FERPlus_1620.png
1,FERPlus_1621.png
1,FERPlus_1622.png
1,FERPlus_1623.png
1,FERPlus_1624.png
1,FERPlus_1625.png
1,FERPlus_1626.png
1,FERPlus_1627.png
1,FERPlus_1628.png
1,FERPlus_1629.png
1,FERPlus_1630.png
1,FERPlus_1631.png
1,FERPlus_1632.png
1,FERPlus_1633.png
1,FERPlus_1634.png
1,FERPlus_1635.png
1,FERPlus_1636.png
1,FERPlus_1637.png
1,FERPlus_1638.png
1,FERPlus_1639.png
1,FERPlus_1640.png
1,FERPlus_1641.png
1,FERPlus_1642.png
1,FERPlus_1643.png
1,FERPlus_1644.png
1,FERPlus_1645.png
1,FERPlus_1646.png
1,FERPlus_1647.png
1,FERPlus_1648.png
1,FERPlus_1649.png
1,FERPlus_1650.png
1,FERPlus_1651.png
1,FERPlus_1652.png
1,FERPlus_1653.png
1,FERPlus_1654.png
1,FERPlus_1655.png
1,FERPlus_1656.png
1,FERPlus_1657.png
1,FERPlus_1658.png
1,FERPlus_1659.png
1,FERPlus_1660.png
1,FERPlus_1661.png
1,FERPlus_1662.png
1,FERPlus_1663.png
1,FERPlus_1664.png
1,FERPlus_1665.png
1,FERPlus_1666.png
1,FERPlus_1667.png
1,FERPlus_1668.png
1,FERPlus_1669.png
1,FERPlus_1670.png
1,FERPlus_1671.png
1,FERPlus_1672.png
1,FERPlus_1673.png
1,FERPlus_1674.png
1,FERPlus_1675.png
1,FERPlus_1676.png
1,FERPlus_1677.png
1,FERPlus_1678.png
1,FERPlus_1679.png
1,FERPlus_1680.png
1,FERPlus_1681.png
1,FERPlus_1682.png
1,FERPlus_1683.png
1,FERPlus_1684.png
1,FERPlus_1685.png
1,FERPlus_1686.png
1,FERPlus_1687.png
1,FERPlus_1688.png
1,FERPlus_1689.png
1,FERPlus_1690.png
1,FERPlus_1691.png
1,FERPlus_1692.png
1,FERPlus_1693.png
1,FERPlus_1694.png
1,FERPlus_1695.png
1,FERPlus_1696.png
1,FERPlus_1697.png
1,FERPlus_1698.png
1,FERPlus_1699.png
1,FERPlus_1700.png
1,FERPlus_1701.png
1,FERPlus_1702.png
1,FERPlus_1703.png
1,FERPlus_1704.png
1,FERPlus_1705.png
1,FERPlus_1706.png
1,FERPlus_1707.png
1,FERPlus_1708.png
1,FERPlus_1709.png
1,FERPlus_1710.png
1,FERPlus_1711.png
1,FERPlus_1712.png
1,FERPlus_1713.png
1,FERPlus_1714.png
1,FERPlus_1715.png
1,FERPlus_1716.png
1,FERPlus_1717.png
1,FERPlus_1718.png
1,FERPlus_1719.png
1,FERPlus_1720.png
1,FERPlus_1721.png
1,FERPlus_1722.png
1,FERPlus_1723.png
1,FERPlus_1724.png
1,FERPlus_1725.png
1,FERPlus_1726.png
1,FERPlus_1727.png
1,FERPlus_1728.png
1,FERPlus_1729.png
1,FERPlus_1730.png
1,FERPlus_1731.png
1,FERPlus_1732.png
1,FERPlus_1733.png
1,FERPlus_1734.png
1,FERPlus_1735.png
1,FERPlus_1736.png
1,FERPlus_1737.png
1,FERPlus_1738.png
1,FERPlus_1739.png
1,FERPlus_1740.png
1,FERPlus_1741.png
1,FERPlus_1742.png
1,FERPlus_1743.png
1,FERPlus_1744.png
1,FERPlus_1745.png
1,FERPlus_1746.png
1,FERPlus_1747.png
1,FERPlus_1748.png
1,FERPlus_1749.png
1,FERPlus_1750.png
1,FERPlus_1751.png
1,FERPlus_1752.png
1,FERPlus_1753.png
1,FERPlus_1754.png
1,FERPlus_1755.png
1,FERPlus_1756.png
1,FERPlus_1757.png
1,FERPlus_1758.png
1,FERPlus_1759.png
1,FERPlus_1760.png
1,FERPlus_1761.png
1,FERPlus_1762.png
1,FERPlus_1763.png
1,FERPlus_1764.png
1,FERPlus_1765.png
1,FERPlus_1766.png
1,FERPlus_1767.png
1,FERPlus_1768.png
1,FERPlus_1769.png
1,FERPlus_1770.png
1,FERPlus_1771.png
1,FERPlus_1772.png
1,FERPlus_1773.png
1,FERPlus_1774.png
1,FERPlus_1775.png
1,FERPlus_1776.png
1,FERPlus_1777.png
1,FERPlus_1778.png
1,FERPlus_1779.png
1,FERPlus_1780.png
1,FERPlus_1781.png
1,FERPlus_1782.png
1,FERPlus_1783.png
1,FERPlus_1784.png
1,FERPlus_1785.png
1,FERPlus_1786.png
1,FERPlus_1787.png
1,FERPlus_1788.png
1,FERPlus_1789.png
1,FERPlus_1790.png
1,FERPlus_1791.png
1,FERPlus_1792.png
1,FERPlus_1793.png
1,FERPlus_1794.png
1,FERPlus_1795.png
1,FERPlus_1796.png
1,FERPlus_1797.png
1,FERPlus_1798.png
1,FERPlus_1799.png
1,FERPlus_1800.png
1,FERPlus_1801.png
1,FERPlus_1802.png
1,FERPlus_1803.png
1,FERPlus_1804.png
1,FERPlus_1805.png
1,FERPlus_1806.png
1,FERPlus_1807.png
1,FERPlus_1808.png
1,FERPlus_1809.png
1,FERPlus_1810.png
1,FERPlus_1811.png
1,FERPlus_1812.png
1,FERPlus_1813.png
1,FERPlus_1814.png
1,FERPlus_1815.png
1,FERPlus_1816.png
1,FERPlus_1817.png
1,FERPlus_1818.png
1,FERPlus_1819.png
1,FERPlus_1820.png
1,FERPlus_1821.png
1,FERPlus_1822.png
1,FERPlus_1823.png
1,FERPlus_1824.png
1,FERPlus_1825.png
1,FERPlus_1826.png
1,FERPlus_1827.png
1,FERPlus_1828.png
1,FERPlus_1829.png
1,FERPlus_1830.png
1,FERPlus_1831.png
1,FERPlus_1832.png
1,FERPlus_1833.png
1,FERPlus_1834.png
1,FERPlus_1835.png
1,FERPlus_1836.png
1,FERPlus_1837.png
1,FERPlus_1838.png
1,FERPlus_1839.png
1,FERPlus_1840.png
1,FERPlus_1841.png
1,FERPlus_1842.png
1,FERPlus_1843.png
1,FERPlus_1844.png
1,FERPlus_1845.png
1,FERPlus_1846.png
1,FERPlus_1847.png
1,FERPlus_1848.png
1,FERPlus_1849.png
1,FERPlus_1850.png
1,FERPlus_1851.png
1,FERPlus_1852.png
1,FERPlus_1853.png
1,FERPlus_1854.png
1,FERPlus_1855.png
1,FERPlus_1856.png
1,FERPlus_1857.png
1,FERPlus_1858.png
1,FERPlus_1859.png
1,FERPlus_1860.png
1,FERPlus_1861.png
1,FERPlus_1862.png
1,FERPlus_1863.png
1,FERPlus_1864.png
1,FERPlus_1865.png
1,FERPlus_1866.png
1,FERPlus_1867.png
1,FERPlus_1868.png
1,FERPlus_1869.png
1,FERPlus_1870.png
1,FERPlus_1871.png
1,FERPlus_1872.png
1,FERPlus_1873.png
1,FERPlus_1874.png
1,FERPlus_1875.png
1,FERPlus_1876.png
1,FERPlus_1877.png
1,FERPlus_1878.png
1,FERPlus_1879.png
1,FERPlus_1880.png
1,FERPlus_1881.png
1,FERPlus_1882.png
1,FERPlus_1883.png
1,FERPlus_1884.png
1,FERPlus_1885.png
1,FERPlus_1886.png
1,FERPlus_1887.png
1,FERPlus_1888.png
1,FERPlus_1889.png
1,FERPlus_1890.png
1,FERPlus_1891.png
1,FERPlus_1892.png
1,FERPlus_1893.png
1,FERPlus_1894.png
1,FERPlus_1895.png
1,FERPlus_1896.png
1,FERPlus_1897.png
1,FERPlus_1898.png
1,FERPlus_1899.png
1,FERPlus_1900.png
1,FERPlus_1901.png
1,FERPlus_1902.png
1,FERPlus_1903.png
1,FERPlus_1904.png
1,FERPlus_1905.png
1,FERPlus_1906.png
1,FERPlus_1907.png
1,FERPlus_1908.png
1,FERPlus_1909.png
1,FERPlus_1910.png
1,FERPlus_1911.png
1,FERPlus_1912.png
1,FERPlus_1913.png
1,FERPlus_1914.png
1,FERPlus_1915.png
1,FERPlus_1916.png
1,FERPlus_1917.png
1,FERPlus_1918.png
1,FERPlus_1919.png
1,FERPlus_1920.png
1,FERPlus_1921.png
1,FERPlus_1922.png
1,FERPlus_1923.png
1,FERPlus_1924.png
1,FERPlus_1925.png
1,FERPlus_1926.png
1,FERPlus_1927.png
1,FERPlus_1928.png
1,FERPlus_1929.png
1,FERPlus_1930.png
1,FERPlus_1931.png
1,FERPlus_1932.png
1,FERPlus_1933.png
1,FERPlus_1934.png
1,FERPlus_1935.png
1,FERPlus_1936.png
1,FERPlus_1937.png
1,FERPlus_1938.png
1,FERPlus_1939.png
1,FERPlus_1940.png
1,FERPlus_1941.png
1,FERPlus_1942.png
1,FERPlus_1943.png
1,FERPlus_1944.png
1,FERPlus_1945.png
1,FERPlus_1946.png
1,FERPlus_1947.png
1,FERPlus_1948.png
1,FERPlus_1949.png
1,FERPlus_1950.png
1,FERPlus_1951.png
1,FERPlus_1952.png
1,FERPlus_1953.png
1,FERPlus_1954.png
1,FERPlus_1955.png
1,FERPlus_1956.png
1,FERPlus_1957.png
1,FERPlus_1958.png
1,FERPlus_1959.png
1,FERPlus_1960.png
1,FERPlus_1961.png
1,FERPlus_1962.png
1,FERPlus_1963.png
1,FERPlus_1964.png
1,FERPlus_1965.png
1,FERPlus_1966.png
1,FERPlus_1967.png
1,FERPlus_1968.png
1,FERPlus_1969.png
1,FERPlus_1970.png
1,FERPlus_1971.png
1,FERPlus_1972.png
1,FERPlus_1973.png
1,FERPlus_1974.png
1,FERPlus_1975.png
1,FERPlus_1976.png
1,FERPlus_1977.png
1,FERPlus_1978.png
1,FERPlus_1979.png
1,FERPlus_1980.png
1,FERPlus_1981.png
1,FERPlus_1982.png
1,FERPlus_1983.png
1,FERPlus_1984.png
1,FERPlus_1985.png
1,FERPlus_1986.png
1,FERPlus_1987.png
1,FERPlus_1988.png
1,FERPlus_1989.png
1,FERPlus_1990.png
1,FERPlus_1991.png
1,FERPlus_1992.png
1,FERPlus_1993.png
1,FERPlus_1994.png
1,FERPlus_1995.png
1,FERPlus_1996.png
1,FERPlus_1997.png
1,FERPlus_1998.png
1,FERPlus_1999.png
1,FERPlus_2000.png
1,FERPlus_2001.png
1,FERPlus_2002.png
1,FERPlus_2003.png
1,FERPlus_2004.png
1,FERPlus_2005.png
1,FERPlus_2006.png
1,FERPlus_2007.png
1,FERPlus_2008.png
1,FERPlus_2009.png
1,FERPlus_2010.png
1,FERPlus_2011.png
1,FERPlus_2012.png
1,FERPlus_2013.png
1,FERPlus_2014.png
1,FERPlus_2015.png
1,FERPlus_2016.png
1,FERPlus_2017.png
1,FERPlus_2018.png
1,FERPlus_2019.png
1,FERPlus_2020.png
1,FERPlus_2021.png
1,FERPlus_2022.png
1,FERPlus_2023.png
1,FERPlus_2024.png
1,FERPlus_2025.png
1,FERPlus_2026.png
1,FERPlus_2027.png
1,FERPlus_2028.png
1,FERPlus_2029.png
1,FERPlus_2030.png
1,FERPlus_2031.png
1,FERPlus_2032.png
1,FERPlus_2033.png
1,FERPlus_2034.png
1,FERPlus_2035.png
1,FERPlus_2036.png
1,FERPlus_2037.png
1,FERPlus_2038.png
1,FERPlus_2039.png
1,FERPlus_2040.png
1,FERPlus_2041.png
1,FERPlus_2042.png
1,FERPlus_2043.png
1,FERPlus_2044.png
1,FERPlus_2045.png
1,FERPlus_2046.png
1,FERPlus_2047.png
1,FERPlus_2048.png
1,FERPlus_2049.png
1,FERPlus_2050.png
1,FERPlus_2051.png
1,FERPlus_2052.png
1,FERPlus_2053.png
1,FERPlus_2054.png
1,FERPlus_2055.png
1,FERPlus_2056.png
1,FERPlus_2057.png
1,FERPlus_2058.png
1,FERPlus_2059.png
1,FERPlus_2060.png
1,FERPlus_2061.png
1,FERPlus_2062.png
1,FERPlus_2063.png
1,FERPlus_2064.png
1,FERPlus_2065.png
1,FERPlus_2066.png
1,FERPlus_2067.png
1,FERPlus_2068.png
1,FERPlus_2069.png
1,FERPlus_2070.png
1,FERPlus_2071.png
1,FERPlus_2072.png
1,FERPlus_2073.png
1,FERPlus_2074.png
1,FERPlus_2075.png
1,FERPlus_2076.png
1,FERPlus_2077.png
1,FERPlus_2078.png
1,FERPlus_2079.png
1,FERPlus_2080.png
1,FERPlus_2081.png
1,FERPlus_2082.png
1,FERPlus_2083.png
1,FERPlus_2084.png
1,FERPlus_2085.png
1,FERPlus_2086.png
1,FERPlus_2087.png
1,FERPlus_2088.png
1,FERPlus_2089.png
1,FERPlus_2090.png
1,FERPlus_2091.png
1,FERPlus_2092.png
1,FERPlus_2093.png
1,FERPlus_2094.png
1,FERPlus_2095.png
1,FERPlus_2096.png
1,FERPlus_2097.png
1,FERPlus_2098.png
1,FERPlus_2099.png
1,FERPlus_2100.png
1,FERPlus_2101.png
1,FERPlus_2102.png
1,FERPlus_2103.png
1,FERPlus_2104.png
1,FERPlus_2105.png
1,FERPlus_2106.png
1,FERPlus_2107.png
1,FERPlus_2108.png
1,FERPlus_2109.png
1,FERPlus_2110.png
1,FERPlus_2111.png
1,FERPlus_2112.png
1,FERPlus_2113.png
1,FERPlus_2114.png
1,FERPlus_2115.png
1,FERPlus_2116.png
1,FERPlus_2117.png
1,FERPlus_2118.png
1,FERPlus_2119.png
1,FERPlus_2120.png
1,FERPlus_2121.png
1,FERPlus_2122.png
1,FERPlus_2123.png
1,FERPlus_2124.png
1,FERPlus_2125.png
1,FERPlus_2126.png
1,FERPlus_2127.png
1,FERPlus_2128.png
1,FERPlus_2129.png
1,FERPlus_2130.png
1,FERPlus_2131.png
1,FERPlus_2132.png
1,FERPlus_2133.png
1,FERPlus_2134.png
1,FERPlus_2135.png
1,FERPlus_2136.png
1,FERPlus_2137.png
1,FERPlus_2138.png
1,FERPlus_2139.png
1,FERPlus_2140.png
1,FERPlus_2141.png
1,FERPlus_2142.png
1,FERPlus_2143.png
1,FERPlus_2144.png
1,FERPlus_2145.png
1,FERPlus_2146.png
1,FERPlus_2147.png
1,FERPlus_2148.png
1,FERPlus_2149.png
1,FERPlus_2150.png
1,FERPlus_2151.png
1,FERPlus_2152.png
1,FERPlus_2153.png
1,FERPlus_2154.png
1,FERPlus_2155.png
1,FERPlus_2156.png
1,FERPlus_2157.png
1,FERPlus_2158.png
1,FERPlus_2159.png
1,FERPlus_2160.png
1,FERPlus_2161.png
1,FERPlus_2162.png
1,FERPlus_2163.png
1,FERPlus_2164.png
1,FERPlus_2165.png
1,FERPlus_2166.png
1,FERPlus_2167.png
1,FERPlus_2168.png
1,FERPlus_2169.png
1,FERPlus_2170.png
1,FERPlus_2171.png
1,FERPlus_2172.png
1,FERPlus_2173.png
1,FERPlus_2174.png
1,FERPlus_2175.png
1,FERPlus_2176.png
1,FERPlus_2177.png
1,FERPlus_2178.png
1,FERPlus_2179.png
1,FERPlus_2180.png
1,FERPlus_2181.png
1,FERPlus_2182.png
1,FERPlus_2183.png
1,FERPlus_2184.png
1,FERPlus_2185.png
1,FERPlus_2186.png
1,FERPlus_2187.png
1,FERPlus_2188.png
1,FERPlus_2189.png
1,FERPlus_2190.png
1,FERPlus_2191.png
1,FERPlus_2192.png
1,FERPlus_2193.png
1,FERPlus_2194.png
1,FERPlus_2195.png
1,FERPlus_2196.png
1,FERPlus_2197.png
1,FERPlus_2198.png
1,FERPlus_2199.png
1,FERPlus_2200.png
1,FERPlus_2201.png
1,FERPlus_2202.png
1,FERPlus_2203.png
1,FERPlus_2204.png
1,FERPlus_2205.png
1,FERPlus_2206.png
1,FERPlus_2207.png
1,FERPlus_2208.png
1,FERPlus_2209.png
1,FERPlus_2210.png
1,FERPlus_2211.png
1,FERPlus_2212.png
1,FERPlus_2213.png
1,FERPlus_2214.png
1,FERPlus_2215.png
1,FERPlus_2216.png
1,FERPlus_2217.png
1,FERPlus_2218.png
1,FERPlus_2219.png
1,FERPlus_2220.png
1,FERPlus_2221.png
1,FERPlus_2222.png
1,FERPlus_2223.png
1,FERPlus_2224.png
1,FERPlus_2225.png
1,FERPlus_2226.png
1,FERPlus_2227.png
1,FERPlus_2228.png
1,FERPlus_2229.png
1,FERPlus_2230.png
1,FERPlus_2231.png
1,FERPlus_2232.png
1,FERPlus_2233.png
1,FERPlus_2234.png
1,FERPlus_2235.png
1,FERPlus_2236.png
1,FERPlus_2237.png
1,FERPlus_2238.png
1,FERPlus_2239.png
1,FERPlus_2240.png
1,FERPlus_2241.png
1,FERPlus_2242.png
1,FERPlus_2243.png
1,FERPlus_2244.png
1,FERPlus_2245.png
1,FERPlus_2246.png
1,FERPlus_2247.png
1,FERPlus_2248.png
1,FERPlus_2249.png
1,FERPlus_2250.png
1,FERPlus_2251.png
1,FERPlus_2252.png
1,FERPlus_2253.png
1,FERPlus_2254.png
1,FERPlus_2255.png
1,FERPlus_2256.png
1,FERPlus_2257.png
1,FERPlus_2258.png
1,FERPlus_2259.png
1,FERPlus_2260.png
1,FERPlus_2261.png
1,FERPlus_2262.png
1,FERPlus_2263.png
1,FERPlus_2264.png
1,FERPlus_2265.png
1,FERPlus_2266.png
1,FERPlus_2267.png
1,FERPlus_2268.png
1,FERPlus_2269.png
1,FERPlus_2270.png
1,FERPlus_2271.png
1,FERPlus_2272.png
1,FERPlus_2273.png
1,FERPlus_2274.png
1,FERPlus_2275.png
1,FERPlus_2276.png
1,FERPlus_2277.png
1,FERPlus_2278.png
1,FERPlus_2279.png
1,FERPlus_2280.png
1,FERPlus_2281.png
1,FERPlus_2282.png
1,FERPlus_2283.png
1,FERPlus_2284.png
1,FERPlus_2285.png
1,FERPlus_2286.png
1,FERPlus_2287.png
1,FERPlus_2288.png
1,FERPlus_2289.png
1,FERPlus_2290.png
1,FERPlus_2291.png
1,FERPlus_2292.png
1,FERPlus_2293.png
1,FERPlus_2294.png
1,FERPlus_2295.png
1,FERPlus_2296.png
1,FERPlus_2297.png
1,FERPlus_2298.png
1,FERPlus_2299.png
1,FERPlus_2300.png
1,FERPlus_2301.png
1,FERPlus_2302.png
1,FERPlus_2303.png
1,FERPlus_2304.png
1,FERPlus_2305.png
1,FERPlus_2306.png
1,FERPlus_2307.png
1,FERPlus_2308.png
1,FERPlus_2309.png
1,FERPlus_2310.png
1,FERPlus_2311.png
1,FERPlus_2312.png
1,FERPlus_2313.png
1,FERPlus_2314.png
1,FERPlus_2315.png
1,FERPlus_2316.png
1,FERPlus_2317.png
1,FERPlus_2318.png
1,FERPlus_2319.png
1,FERPlus_2320.png
1,FERPlus_2321.png
1,FERPlus_2322.png
1,FERPlus_2323.png
1,FERPlus_2324.png
1,FERPlus_2325.png
1,FERPlus_2326.png
1,FERPlus_2327.png
1,FERPlus_2328.png
1,FERPlus_2329.png
1,FERPlus_2330.png
1,FERPlus_2331.png
1,FERPlus_2332.png
1,FERPlus_2333.png
1,FERPlus_2334.png
1,FERPlus_2335.png
1,FERPlus_2336.png
1,FERPlus_2337.png
1,FERPlus_2338.png
1,FERPlus_2339.png
1,FERPlus_2340.png
1,FERPlus_2341.png
1,FERPlus_2342.png
1,FERPlus_2343.png
1,FERPlus_2344.png
1,FERPlus_2345.png
1,FERPlus_2346.png
1,FERPlus_2347.png
1,FERPlus_2348.png
1,FERPlus_2349.png
1,FERPlus_2350.png
1,FERPlus_2351.png
1,FERPlus_2352.png
1,FERPlus_2353.png
1,FERPlus_2354.png
1,FERPlus_2355.png
1,FERPlus_2356.png
1,FERPlus_2357.png
1,FERPlus_2358.png
1,FERPlus_2359.png
1,FERPlus_2360.png
1,FERPlus_2361.png
1,FERPlus_2362.png
1,FERPlus_2363.png
1,FERPlus_2364.png
1,FERPlus_2365.png
1,FERPlus_2366.png
1,FERPlus_2367.png
1,FERPlus_2368.png
1,FERPlus_2369.png
1,FERPlus_2370.png
1,FERPlus_2371.png
1,FERPlus_2372.png
1,FERPlus_2373.png
1,FERPlus_2374.png
1,FERPlus_2375.png
1,FERPlus_2376.png
1,FERPlus_2377.png
1,FERPlus_2378.png
1,FERPlus_2379.png
1,FERPlus_2380.png
1,FERPlus_2381.png
1,FERPlus_2382.png
1,FERPlus_2383.png
1,FERPlus_2384.png
1,FERPlus_2385.png
1,FERPlus_2386.png
1,FERPlus_2387.png
1,FERPlus_2388.png
1,FERPlus_2389.png
1,FERPlus_2390.png
1,FERPlus_2391.png
1,FERPlus_2392.png
1,FERPlus_2393.png
1,FERPlus_2394.png
1,FERPlus_2395.png
1,FERPlus_2396.png
1,FERPlus_2397.png
1,FERPlus_2398.png
1,FERPlus_2399.png
1,FERPlus_2400.png
1,FERPlus_2401.png
1,FERPlus_2402.png
1,FERPlus_2403.png
1,FERPlus_2404.png
1,FERPlus_2405.png
1,FERPlus_2406.png
1,FERPlus_2407.png
1,FERPlus_2408.png
1,FERPlus_2409.png
1,FERPlus_2410.png
1,FERPlus_2411.png
1,FERPlus_2412.png
1,FERPlus_2413.png
1,FERPlus_2414.png
1,FERPlus_2415.png
1,FERPlus_2416.png
1,FERPlus_2417.png
1,FERPlus_2418.png
1,FERPlus_2419.png
1,FERPlus_2420.png
1,FERPlus_2421.png
1,FERPlus_2422.png
1,FERPlus_2423.png
1,FERPlus_2424.png
1,FERPlus_2425.png
1,FERPlus_2426.png
1,FERPlus_2427.png
1,FERPlus_2428.png
1,FERPlus_2429.png
1,FERPlus_2430.png
1,FERPlus_2431.png
1,FERPlus_2432.png
1,FERPlus_2433.png
1,FERPlus_2434.png
1,FERPlus_2435.png
1,FERPlus_2436.png
1,FERPlus_2437.png
1,FERPlus_2438.png
1,FERPlus_2439.png
1,FERPlus_2440.png
1,FERPlus_2441.png
1,FERPlus_2442.png
1,FERPlus_2443.png
1,FERPlus_2444.png
1,FERPlus_2445.png
1,FERPlus_2446.png
1,FERPlus_2447.png
1,FERPlus_2448.png
1,FERPlus_2449.png
1,FERPlus_2450.png
1,FERPlus_2451.png
1,FERPlus_2452.png
1,FERPlus_2453.png
1,FERPlus_2454.png
1,FERPlus_2455.png
1,FERPlus_2456.png
1,FERPlus_2457.png
1,FERPlus_2458.png
1,FERPlus_2459.png
1,FERPlus_2460.png
1,FERPlus_2461.png
1,FERPlus_2462.png
1,FERPlus_2463.png
1,FERPlus_2464.png
1,FERPlus_2465.png
1,FERPlus_2466.png
1,FERPlus_2467.png
1,FERPlus_2468.png
1,FERPlus_2469.png
1,FERPlus_2470.png
1,FERPlus_2471.png
1,FERPlus_2472.png
1,FERPlus_2473.png
1,FERPlus_2474.png
1,FERPlus_2475.png
1,FERPlus_2476.png
1,FERPlus_2477.png
1,FERPlus_2478.png
1,FERPlus_2479.png
1,FERPlus_2480.png
1,FERPlus_2481.png
1,FERPlus_2482.png
1,FERPlus_2483.png
1,FERPlus_2484.png
1,FERPlus_2485.png
1,FERPlus_2486.png
1,FERPlus_2487.png
1,FERPlus_2488.png
1,FERPlus_2489.png
1,FERPlus_2490.png
1,FERPlus_2491.png
1,FERPlus_2492.png
1,FERPlus_2493.png
1,FERPlus_2494.png
1,FERPlus_2495.png
1,FERPlus_2496.png
1,FERPlus_2497.png
1,FERPlus_2498.png
1,FERPlus_2499.png
1,FERPlus_2500.png
1,FERPlus_2501.png
1,FERPlus_2502.png
1,FERPlus_2503.png
1,FERPlus_2504.png
1,FERPlus_2505.png
1,FERPlus_2506.png
1,FERPlus_2507.png
1,FERPlus_2508.png
1,FERPlus_2509.png
1,FERPlus_2510.png
1,FERPlus_2511.png
1,FERPlus_2512.png
1,FERPlus_2513.png
1,FERPlus_2514.png
1,FERPlus_2515.png
1,FERPlus_2516.png
1,FERPlus_2517.png
1,FERPlus_2518.png
1,FERPlus_2519.png
1,FERPlus_2520.png
1,FERPlus_2521.png
1,FERPlus_2522.png
1,FERPlus_2523.png
1,FERPlus_2524.png
1,FERPlus_2525.png
1,FERPlus_2526.png
1,FERPlus_2527.png
1,FERPlus_2528.png
1,FERPlus_2529.png
1,FERPlus_2530.png
1,FERPlus_2531.png
1,FERPlus_2532.png
1,FERPlus_2533.png
1,FERPlus_2534.png
1,FERPlus_2535.png
1,FERPlus_2536.png
1,FERPlus_2537.png
1,FERPlus_2538.png
1,FERPlus_2539.png
1,FERPlus_2540.png
1,FERPlus_2541.png
1,FERPlus_2542.png
1,FERPlus_2543.png
1,FERPlus_2544.png
1,FERPlus_2545.png
1,FERPlus_2546.png
1,FERPlus_2547.png
1,FERPlus_2548.png
1,FERPlus_2549.png
1,FERPlus_2550.png
1,FERPlus_2551.png
1,FERPlus_2552.png
1,FERPlus_2553.png
1,FERPlus_2554.png
1,FERPlus_2555.png
1,FERPlus_2556.png
1,FERPlus_2557.png
1,FERPlus_2558.png
1,FERPlus_2559.png
1,FERPlus_2560.png
1,FERPlus_2561.png
1,FERPlus_2562.png
1,FERPlus_2563.png
1,FERPlus_2564.png
1,FERPlus_2565.png
1,FERPlus_2566.png
1,FERPlus_2567.png
1,FERPlus_2568.png
1,FERPlus_2569.png
1,FERPlus_2570.png
1,FERPlus_2571.png
1,FERPlus_2572.png
1,FERPlus_2573.png
1,FERPlus_2574.png
1,FERPlus_2575.png
1,FERPlus_2576.png
1,FERPlus_2577.png
1,FERPlus_2578.png
1,FERPlus_2579.png
1,FERPlus_2580.png
1,FERPlus_2581.png
1,FERPlus_2582.png
1,FERPlus_2583.png
1,FERPlus_2584.png
1,FERPlus_2585.png
1,FERPlus_2586.png
1,FERPlus_2587.png
1,FERPlus_2588.png
1,FERPlus_2589.png
1,FERPlus_2590.png
1,FERPlus_2591.png
1,FERPlus_2592.png
1,FERPlus_2593.png
1,FERPlus_2594.png
1,FERPlus_2595.png
1,FERPlus_2596.png
1,FERPlus_2597.png
1,FERPlus_2598.png
1,FERPlus_2599.png
1,FERPlus_2600.png
1,FERPlus_2601.png
1,FERPlus_2602.png
1,FERPlus_2603.png
1,FERPlus_2604.png
1,FERPlus_2605.png
1,FERPlus_2606.png
1,FERPlus_2607.png
1,FERPlus_2608.png
1,FERPlus_2609.png
1,FERPlus_2610.png
1,FERPlus_2611.png
1,FERPlus_2612.png
1,FERPlus_2613.png
1,FERPlus_2614.png
1,FERPlus_2615.png
1,FERPlus_2616.png
1,FERPlus_2617.png
1,FERPlus_2618.png
1,FERPlus_2619.png
1,FERPlus_2620.png
1,FERPlus_2621.png
1,FERPlus_2622.png
1,FERPlus_2623.png
1,FERPlus_2624.png
1,FERPlus_2625.png
1,FERPlus_2626.png
1,FERPlus_2627.png
1,FERPlus_2628.png
1,FERPlus_2629.png
1,FERPlus_2630.png
1,FERPlus_2631.png
1,FERPlus_2632.png
1,FERPlus_2633.png
1,FERPlus_2634.png
1,FERPlus_2635.png
1,FERPlus_2636.png
1,FERPlus_2637.png
1,FERPlus_2638.png
1,FERPlus_2639.png
1,FERPlus_2640.png
1,FERPlus_2641.png
1,FERPlus_2642.png
1,FERPlus_2643.png
1,FERPlus_2644.png
1,FERPlus_2645.png
1,FERPlus_2646.png
1,FERPlus_2647.png
1,FERPlus_2648.png
1,FERPlus_2649.png
1,FERPlus_2650.png
1,FERPlus_2651.png
1,FERPlus_2652.png
1,FERPlus_2653.png
1,FERPlus_2654.png
1,FERPlus_2655.png
1,FERPlus_2656.png
1,FERPlus_2657.png
1,FERPlus_2658.png
1,FERPlus_2659.png
1,FERPlus_2660.png
1,FERPlus_2661.png
1,FERPlus_2662.png
1,FERPlus_2663.png
1,FERPlus_2664.png
1,FERPlus_2665.png
1,FERPlus_2666.png
1,FERPlus_2667.png
1,FERPlus_2668.png
1,FERPlus_2669.png
1,FERPlus_2670.png
1,FERPlus_2671.png
1,FERPlus_2672.png
1,FERPlus_2673.png
1,FERPlus_2674.png
1,FERPlus_2675.png
1,FERPlus_2676.png
1,FERPlus_2677.png
1,FERPlus_2678.png
1,FERPlus_2679.png
1,FERPlus_2680.png
1,FERPlus_2681.png
1,FERPlus_2682.png
1,FERPlus_2683.png
1,FERPlus_2684.png
1,FERPlus_2685.png
1,FERPlus_2686.png
1,FERPlus_2687.png
1,FERPlus_2688.png
1,FERPlus_2689.png
1,FERPlus_2690.png
1,FERPlus_2691.png
1,FERPlus_2692.png
1,FERPlus_2693.png
1,FERPlus_2694.png
1,FERPlus_2695.png
1,FERPlus_2696.png
1,FERPlus_2697.png
1,FERPlus_2698.png
1,FERPlus_2699.png
1,FERPlus_2700.png
1,FERPlus_2701.png
1,FERPlus_2702.png
1,FERPlus_2703.png
1,FERPlus_2704.png
1,FERPlus_2705.png
1,FERPlus_2706.png
1,FERPlus_2707.png
1,FERPlus_2708.png
1,FERPlus_2709.png
1,FERPlus_2710.png
1,FERPlus_2711.png
1,FERPlus_2712.png
1,FERPlus_2713.png
1,FERPlus_2714.png
1,FERPlus_2715.png
1,FERPlus_2716.png
1,FERPlus_2717.png
1,FERPlus_2718.png
1,FERPlus_2719.png
1,FERPlus_2720.png
1,FERPlus_2721.png
1,FERPlus_2722.png
1,FERPlus_2723.png
1,FERPlus_2724.png
1,FERPlus_2725.png
1,FERPlus_2726.png
1,FERPlus_2727.png
1,FERPlus_2728.png
1,FERPlus_2729.png
1,FERPlus_2730.png
1,FERPlus_2731.png
1,FERPlus_2732.png
1,FERPlus_2733.png
1,FERPlus_2734.png
1,FERPlus_2735.png
1,FERPlus_2736.png
1,FERPlus_2737.png
1,FERPlus_2738.png
1,FERPlus_2739.png
1,FERPlus_2740.png
1,FERPlus_2741.png
1,FERPlus_2742.png
1,FERPlus_2743.png
1,FERPlus_2744.png
1,FERPlus_2745.png
1,FERPlus_2746.png
1,FERPlus_2747.png
1,FERPlus_2748.png
1,FERPlus_2749.png
1,FERPlus_2750.png
1,FERPlus_2751.png
1,FERPlus_2752.png
1,FERPlus_2753.png
1,FERPlus_2754.png
1,FERPlus_2755.png
1,FERPlus_2756.png
1,FERPlus_2757.png
1,FERPlus_2758.png
1,FERPlus_2759.png
1,FERPlus_2760.png
1,FERPlus_2761.png
1,FERPlus_2762.png
1,FERPlus_2763.png
1,FERPlus_2764.png
1,FERPlus_2765.png
1,FERPlus_2766.png
1,FERPlus_2767.png
1,FERPlus_2768.png
1,FERPlus_2769.png
1,FERPlus_2770.png
1,FERPlus_2771.png
1,FERPlus_2772.png
1,FERPlus_2773.png
1,FERPlus_2774.png
1,FERPlus_2775.png
1,FERPlus_2776.png
1,FERPlus_2777.png
1,FERPlus_2778.png
1,FERPlus_2779.png
1,FERPlus_2780.png
1,FERPlus_2781.png
1,FERPlus_2782.png
1,FERPlus_2783.png
1,FERPlus_2784.png
1,FERPlus_2785.png
1,FERPlus_2786.png
1,FERPlus_2787.png
1,FERPlus_2788.png
1,FERPlus_2789.png
1,FERPlus_2790.png
1,FERPlus_2791.png
1,FERPlus_2792.png
1,FERPlus_2793.png
1,FERPlus_2794.png
1,FERPlus_2795.png
1,FERPlus_2796.png
1,FERPlus_2797.png
1,FERPlus_2798.png
1,FERPlus_2799.png
1,FERPlus_2800.png
1,FERPlus_2801.png
1,FERPlus_2802.png
1,FERPlus_2803.png
1,FERPlus_2804.png
1,FERPlus_2805.png
1,FERPlus_2806.png
1,FERPlus_2807.png
1,FERPlus_2808.png
1,FERPlus_2809.png
1,FERPlus_2810.png
1,FERPlus_2811.png
1,FERPlus_2812.png
1,FERPlus_2813.png
1,FERPlus_2814.png
1,FERPlus_2815.png
1,FERPlus_2816.png
1,FERPlus_2817.png
1,FERPlus_2818.png
1,FERPlus_2819.png
1,FERPlus_2820.png
1,FERPlus_2821.png
1,FERPlus_2822.png
1,FERPlus_2823.png
1,FERPlus_2824.png
1,FERPlus_2825.png
1,FERPlus_2826.png
1,FERPlus_2827.png
1,FERPlus_2828.png
1,FERPlus_2829.png
1,FERPlus_2830.png
1,FERPlus_2831.png
1,FERPlus_2832.png
1,FERPlus_2833.png
1,FERPlus_2834.png
1,FERPlus_2835.png
1,FERPlus_2836.png
1,FERPlus_2837.png
1,FERPlus_2838.png
1,FERPlus_2839.png
1,FERPlus_2840.png
1,FERPlus_2841.png
1,FERPlus_2842.png
1,FERPlus_2843.png
1,FERPlus_2844.png
1,FERPlus_2845.png
1,FERPlus_2846.png
1,FERPlus_2847.png
1,FERPlus_2848.png
1,FERPlus_2849.png
1,FERPlus_2850.png
1,FERPlus_2851.png
1,FERPlus_2852.png
1,FERPlus_2853.png
1,FERPlus_2854.png
1,FERPlus_2855.png
1,FERPlus_2856.png
1,FERPlus_2857.png
1,FERPlus_2858.png
1,FERPlus_2859.png
1,FERPlus_2860.png
1,FERPlus_2861.png
1,FERPlus_2862.png
1,FERPlus_2863.png
1,FERPlus_2864.png
1,FERPlus_2865.png
1,FERPlus_2866.png
1,FERPlus_2867.png
1,FERPlus_2868.png
1,FERPlus_2869.png
1,FERPlus_2870.png
1,FERPlus_2871.png
1,FERPlus_2872.png
1,FERPlus_2873.png
1,FERPlus_2874.png
1,FERPlus_2875.png
1,FERPlus_2876.png
1,FERPlus_2877.png
1,FERPlus_2878.png
1,FERPlus_2879.png
1,FERPlus_2880.png
1,FERPlus_2881.png
1,FERPlus_2882.png
1,FERPlus_2883.png
1,FERPlus_2884.png
1,FERPlus_2885.png
1,FERPlus_2886.png
1,FERPlus_2887.png
1,FERPlus_2888.png
1,FERPlus_2889.png
1,FERPlus_2890.png
1,FERPlus_2891.png
1,FERPlus_2892.png
1,FERPlus_2893.png
1,FERPlus_2894.png
1,FERPlus_2895.png
1,FERPlus_2896.png
1,FERPlus_2897.png
1,FERPlus_2898.png
1,FERPlus_2899.png
1,FERPlus_2900.png
1,FERPlus_2901.png
1,FERPlus_2902.png
1,FERPlus_2903.png
1,FERPlus_2904.png
1,FERPlus_2905.png
1,FERPlus_2906.png
1,FERPlus_2907.png
1,FERPlus_2908.png
1,FERPlus_2909.png
1,FERPlus_2910.png
1,FERPlus_2911.png
1,FERPlus_2912.png
1,FERPlus_2913.png
1,FERPlus_2914.png
1,FERPlus_2915.png
1,FERPlus_2916.png
1,FERPlus_2917.png
1,FERPlus_2918.png
1,FERPlus_2919.png
1,FERPlus_2920.png
1,FERPlus_2921.png
1,FERPlus_2922.png
1,FERPlus_2923.png
1,FERPlus_2924.png
1,FERPlus_2925.png
1,FERPlus_2926.png
1,FERPlus_2927.png
1,FERPlus_2928.png
1,FERPlus_2929.png
1,FERPlus_2930.png
1,FERPlus_2931.png
1,FERPlus_2932.png
1,FERPlus_2933.png
1,FERPlus_2934.png
1,FERPlus_2935.png
1,FERPlus_2936.png
1,FERPlus_2937.png
1,FERPlus_2938.png
1,FERPlus_2939.png
1,FERPlus_2940.png
1,FERPlus_2941.png
1,FERPlus_2942.png
1,FERPlus_2943.png
1,FERPlus_2944.png
1,FERPlus_2945.png
1,FERPlus_2946.png
1,FERPlus_2947.png
1,FERPlus_2948.png
1,FERPlus_2949.png
1,FERPlus_2950.png
1,FERPlus_2951.png
1,FERPlus_2952.png
1,FERPlus_2953.png
1,FERPlus_2954.png
1,FERPlus_2955.png
1,FERPlus_2956.png
1,FERPlus_2957.png
1,FERPlus_2958.png
1,FERPlus_2959.png
1,FERPlus_2960.png
1,FERPlus_2961.png
1,FERPlus_2962.png
1,FERPlus_2963.png
1,FERPlus_2964.png
1,FERPlus_2965.png
1,FERPlus_2966.png
1,FERPlus_2967.png
1,FERPlus_2968.png
1,FERPlus_2969.png
1,FERPlus_2970.png
1,FERPlus_2971.png
1,FERPlus_2972.png
1,FERPlus_2973.png
1,FERPlus_2974.png
1,FERPlus_2975.png
1,FERPlus_2976.png
1,FERPlus_2977.png
1,FERPlus_2978.png
1,FERPlus_2979.png
1,FERPlus_2980.png
1,FERPlus_2981.png
1,FERPlus_2982.png
1,FERPlus_2983.png
1,FERPlus_2984.png
1,FERPlus_2985.png
1,FERPlus_2986.png
1,FERPlus_2987.png
1,FERPlus_2988.png
1,FERPlus_2989.png
1,FERPlus_2990.png
1,FERPlus_2991.png
1,FERPlus_2992.png
1,FERPlus_2993.png
1,FERPlus_2994.png
1,FERPlus_2995.png
1,FERPlus_2996.png
1,FERPlus_2997.png
1,FERPlus_2998.png
1,FERPlus_2999.png
1,FERPlus_3000.png
1,FERPlus_3001.png
1,FERPlus_3002.png
1,FERPlus_3003.png
1,FERPlus_3004.png
1,FERPlus_3005.png
1,FERPlus_3006.png
1,FERPlus_3007.png
1,FERPlus_3008.png
1,FERPlus_3009.png
1,FERPlus_3010.png
1,FERPlus_3011.png
1,FERPlus_3012.png
1,FERPlus_3013.png
1,FERPlus_3014.png
1,FERPlus_3015.png
1,FERPlus_3016.png
1,FERPlus_3017.png
1,FERPlus_3018.png
1,FERPlus_3019.png
1,FERPlus_3020.png
1,FERPlus_3021.png
1,FERPlus_3022.png
1,FERPlus_3023.png
1,FERPlus_3024.png
1,FERPlus_3025.png
1,FERPlus_3026.png
1,FERPlus_3027.png
1,FERPlus_3028.png
1,FERPlus_3029.png
1,FERPlus_3030.png
1,FERPlus_3031.png
1,FERPlus_3032.png
1,FERPlus_3033.png
1,FERPlus_3034.png
1,FERPlus_3035.png
1,FERPlus_3036.png
1,FERPlus_3037.png
1,FERPlus_3038.png
1,FERPlus_3039.png
1,FERPlus_3040.png
1,FERPlus_3041.png
1,FERPlus_3042.png
1,FERPlus_3043.png
1,FERPlus_3044.png
1,FERPlus_3045.png
1,FERPlus_3046.png
1,FERPlus_3047.png
1,FERPlus_3048.png
1,FERPlus_3049.png
1,FERPlus_3050.png
1,FERPlus_3051.png
1,FERPlus_3052.png
1,FERPlus_3053.png
1,FERPlus_3054.png
1,FERPlus_3055.png
1,FERPlus_3056.png
1,FERPlus_3057.png
1,FERPlus_3058.png
1,FERPlus_3059.png
1,FERPlus_3060.png
1,FERPlus_3061.png
1,FERPlus_3062.png
1,FERPlus_3063.png
1,FERPlus_3064.png
1,FERPlus_3065.png
1,FERPlus_3066.png
1,FERPlus_3067.png
1,FERPlus_3068.png
1,FERPlus_3069.png
1,FERPlus_3070.png
1,FERPlus_3071.png
1,FERPlus_3072.png
1,FERPlus_3073.png
1,FERPlus_3074.png
1,FERPlus_3075.png
1,FERPlus_3076.png
1,FERPlus_3077.png
1,FERPlus_3078.png
1,FERPlus_3079.png
1,FERPlus_3080.png
1,FERPlus_3081.png
1,FERPlus_3082.png
1,FERPlus_3083.png
1,FERPlus_3084.png
1,FERPlus_3085.png
1,FERPlus_3086.png
1,FERPlus_3087.png
1,FERPlus_3088.png
1,FERPlus_3089.png
1,FERPlus_3090.png
1,FERPlus_3091.png
1,FERPlus_3092.png
1,FERPlus_3093.png
1,FERPlus_3094.png
1,FERPlus_3095.png
1,FERPlus_3096.png
1,FERPlus_3097.png
1,FERPlus_3098.png
1,FERPlus_3099.png
1,FERPlus_3100.png
1,FERPlus_3101.png
1,FERPlus_3102.png
1,FERPlus_3103.png
1,FERPlus_3104.png
1,FERPlus_3105.png
1,FERPlus_3106.png
1,FERPlus_3107.png
1,FERPlus_3108.png
1,FERPlus_3109.png
1,FERPlus_3110.png
1,FERPlus_3111.png
1,FERPlus_3112.png
1,FERPlus_3113.png
1,FERPlus_3114.png
1,FERPlus_3115.png
1,FERPlus_3116.png
1,FERPlus_3117.png
1,FERPlus_3118.png
1,FERPlus_3119.png
1,FERPlus_3120.png
1,FERPlus_3121.png
1,FERPlus_3122.png
1,FERPlus_3123.png
1,FERPlus_3124.png
1,FERPlus_3125.png
1,FERPlus_3126.png
1,FERPlus_3127.png
1,FERPlus_3128.png
1,FERPlus_3129.png
1,FERPlus_3130.png
1,FERPlus_3131.png
1,FERPlus_3132.png
1,FERPlus_3133.png
1,FERPlus_3134.png
1,FERPlus_3135.png
1,FERPlus_3136.png
1,FERPlus_3137.png
1,FERPlus_3138.png
1,FERPlus_3139.png
1,FERPlus_3140.png
1,FERPlus_3141.png
1,FERPlus_3142.png
1,FERPlus_3143.png
1,FERPlus_3144.png
1,FERPlus_3145.png
1,FERPlus_3146.png
1,FERPlus_3147.png
1,FERPlus_3148.png
1,FERPlus_3149.png
1,FERPlus_3150.png
1,FERPlus_3151.png
1,FERPlus_3152.png
1,FERPlus_3153.png
1,FERPlus_3154.png
1,FERPlus_3155.png
1,FERPlus_3156.png
1,FERPlus_3157.png
1,FERPlus_3158.png
1,FERPlus_3159.png
1,FERPlus_3160.png
1,FERPlus_3161.png
1,FERPlus_3162.png
1,FERPlus_3163.png
1,FERPlus_3164.png
1,FERPlus_3165.png
1,FERPlus_3166.png
1,FERPlus_3167.png
1,FERPlus_3168.png
1,FERPlus_3169.png
1,FERPlus_3170.png
1,FERPlus_3171.png
1,FERPlus_3172.png
1,FERPlus_3173.png
1,FERPlus_3174.png
1,FERPlus_3175.png
1,FERPlus_3176.png
1,FERPlus_3177.png
1,FERPlus_3178.png
1,FERPlus_3179.png
1,FERPlus_3180.png
1,FERPlus_3181.png
1,FERPlus_3182.png
1,FERPlus_3183.png
1,FERPlus_3184.png
1,FERPlus_3185.png
1,FERPlus_3186.png
1,FERPlus_3187.png
1,FERPlus_3188.png
1,FERPlus_3189.png
1,FERPlus_3190.png
1,FERPlus_3191.png
1,FERPlus_3192.png
1,FERPlus_3193.png
1,FERPlus_3194.png
1,FERPlus_3195.png
1,FERPlus_3196.png
1,FERPlus_3197.png
1,FERPlus_3198.png
1,FERPlus_3199.png
1,FERPlus_3200.png
1,FERPlus_3201.png
1,FERPlus_3202.png
1,FERPlus_3203.png
1,FERPlus_3204.png
1,FERPlus_3205.png
1,FERPlus_3206.png
1,FERPlus_3207.png
1,FERPlus_3208.png
1,FERPlus_3209.png
1,FERPlus_3210.png
1,FERPlus_3211.png
1,FERPlus_3212.png
1,FERPlus_3213.png
1,FERPlus_3214.png
1,FERPlus_3215.png
1,FERPlus_3216.png
1,FERPlus_3217.png
1,FERPlus_3218.png
1,FERPlus_3219.png
1,FERPlus_3220.png
1,FERPlus_3221.png
1,FERPlus_3222.png
1,FERPlus_3223.png
1,FERPlus_3224.png
1,FERPlus_3225.png
1,FERPlus_3226.png
1,FERPlus_3227.png
1,FERPlus_3228.png
1,FERPlus_3229.png
1,FERPlus_3230.png
1,FERPlus_3231.png
1,FERPlus_3232.png
1,FERPlus_3233.png
1,FERPlus_3234.png
1,FERPlus_3235.png
1,FERPlus_3236.png
1,FERPlus_3237.png
1,FERPlus_3238.png
1,FERPlus_3239.png
1,FERPlus_3240.png
1,FERPlus_3241.png
1,FERPlus_3242.png
1,FERPlus_3243.png
1,FERPlus_3244.png
1,FERPlus_3245.png
1,FERPlus_3246.png
1,FERPlus_3247.png
1,FERPlus_3248.png
1,FERPlus_3249.png
1,FERPlus_3250.png
1,FERPlus_3251.png
1,FERPlus_3252.png
1,FERPlus_3253.png
1,FERPlus_3254.png
1,FERPlus_3255.png
1,FERPlus_3256.png
1,FERPlus_3257.png
1,FERPlus_3258.png
1,FERPlus_3259.png
1,FERPlus_3260.png
1,FERPlus_3261.png
1,FERPlus_3262.png
1,FERPlus_3263.png
1,FERPlus_3264.png
1,FERPlus_3265.png
1,FERPlus_3266.png
1,FERPlus_3267.png
1,FERPlus_3268.png
1,FERPlus_3269.png
1,FERPlus_3270.png
1,FERPlus_3271.png
1,FERPlus_3272.png
1,FERPlus_3273.png
1,FERPlus_3274.png
1,FERPlus_3275.png
1,FERPlus_3276.png
1,FERPlus_3277.png
1,FERPlus_3278.png
1,FERPlus_3279.png
1,FERPlus_3280.png
1,FERPlus_3281.png
1,FERPlus_3282.png
1,FERPlus_3283.png
1,FERPlus_3284.png
1,FERPlus_3285.png
1,FERPlus_3286.png
1,FERPlus_3287.png
1,FERPlus_3288.png
1,FERPlus_3289.png
1,FERPlus_3290.png
1,FERPlus_3291.png
1,FERPlus_3292.png
1,FERPlus_3293.png
1,FERPlus_3294.png
1,FERPlus_3295.png
1,FERPlus_3296.png
1,FERPlus_3297.png
1,FERPlus_3298.png
1,FERPlus_3299.png
1,FERPlus_3300.png
1,FERPlus_3301.png
1,FERPlus_3302.png
1,FERPlus_3303.png
1,FERPlus_3304.png
1,FERPlus_3305.png
1,FERPlus_3306.png
1,FERPlus_3307.png
1,FERPlus_3308.png
1,FERPlus_3309.png
1,FERPlus_3310.png
1,FERPlus_3311.png
1,FERPlus_3312.png
1,FERPlus_3313.png
1,FERPlus_3314.png
1,FERPlus_3315.png
1,FERPlus_3316.png
1,FERPlus_3317.png
1,FERPlus_3318.png
1,FERPlus_3319.png
1,FERPlus_3320.png
1,FERPlus_3321.png
1,FERPlus_3322.png
1,FERPlus_3323.png
1,FERPlus_3324.png
1,FERPlus_3325.png
1,FERPlus_3326.png
1,FERPlus_3327.png
1,FERPlus_3328.png
1,FERPlus_3329.png
1,FERPlus_3330.png
1,FERPlus_3331.png
1,FERPlus_3332.png
1,FERPlus_3333.png
1,FERPlus_3334.png
1,FERPlus_3335.png
1,FERPlus_3336.png
1,FERPlus_3337.png
1,FERPlus_3338.png
1,FERPlus_3339.png
1,FERPlus_3340.png
1,FERPlus_3341.png
1,FERPlus_3342.png
1,FERPlus_3343.png
1,FERPlus_3344.png
1,FERPlus_3345.png
1,FERPlus_3346.png
1,FERPlus_3347.png
1,FERPlus_3348.png
1,FERPlus_3349.png
1,FERPlus_3350.png
1,FERPlus_3351.png
1,FERPlus_3352.png
1,FERPlus_3353.png
1,FERPlus_3354.png
1,FERPlus_3355.png
1,FERPlus_3356.png
1,FERPlus_3357.png
1,FERPlus_3358.png
1,FERPlus_3359.png
1,FERPlus_3360.png
1,FERPlus_3361.png
1,FERPlus_3362.png
1,FERPlus_3363.png
1,FERPlus_3364.png
1,FERPlus_3365.png
1,FERPlus_3366.png
1,FERPlus_3367.png
1,FERPlus_3368.png
1,FERPlus_3369.png
1,FERPlus_3370.png
1,FERPlus_3371.png
1,FERPlus_3372.png
1,FERPlus_3373.png
1,FERPlus_3374.png
1,FERPlus_3375.png
1,FERPlus_3376.png
1,FERPlus_3377.png
1,FERPlus_3378.png
1,FERPlus_3379.png
1,FERPlus_3380.png
1,FERPlus_3381.png
1,FERPlus_3382.png
1,FERPlus_3383.png
1,FERPlus_3384.png
1,FERPlus_3385.png
1,FERPlus_3386.png
1,FERPlus_3387.png
1,FERPlus_3388.png
1,FERPlus_3389.png
1,FERPlus_3390.png
1,FERPlus_3391.png
1,FERPlus_3392.png
1,FERPlus_3393.png
1,FERPlus_3394.png
1,FERPlus_3395.png
1,FERPlus_3396.png
1,FERPlus_3397.png
1,FERPlus_3398.png
1,FERPlus_3399.png
1,FERPlus_3400.png
1,FERPlus_3401.png
1,FERPlus_3402.png
1,FERPlus_3403.png
1,FERPlus_3404.png
1,FERPlus_3405.png
1,FERPlus_3406.png
1,FERPlus_3407.png
1,FERPlus_3408.png
1,FERPlus_3409.png
1,FERPlus_3410.png
1,FERPlus_3411.png
1,FERPlus_3412.png
1,FERPlus_3413.png
1,FERPlus_3414.png
1,FERPlus_3415.png
1,FERPlus_3416.png
1,FERPlus_3417.png
1,FERPlus_3418.png
1,FERPlus_3419.png
1,FERPlus_3420.png
1,FERPlus_3421.png
1,FERPlus_3422.png
1,FERPlus_3423.png
1,FERPlus_3424.png
1,FERPlus_3425.png
1,FERPlus_3426.png
1,FERPlus_3427.png
1,FERPlus_3428.png
1,FERPlus_3429.png
1,FERPlus_3430.png
1,FERPlus_3431.png
1,FERPlus_3432.png
1,FERPlus_3433.png
1,FERPlus_3434.png
1,FERPlus_3435.png
1,FERPlus_3436.png
1,FERPlus_3437.png
1,FERPlus_3438.png
1,FERPlus_3439.png
1,FERPlus_3440.png
1,FERPlus_3441.png
1,FERPlus_3442.png
1,FERPlus_3443.png
1,FERPlus_3444.png
1,FERPlus_3445.png
1,FERPlus_3446.png
1,FERPlus_3447.png
1,FERPlus_3448.png
1,FERPlus_3449.png
1,FERPlus_3450.png
1,FERPlus_3451.png
1,FERPlus_3452.png
1,FERPlus_3453.png
1,FERPlus_3454.png
1,FERPlus_3455.png
1,FERPlus_3456.png
1,FERPlus_3457.png
1,FERPlus_3458.png
1,FERPlus_3459.png
1,FERPlus_3460.png
1,FERPlus_3461.png
1,FERPlus_3462.png
1,FERPlus_3463.png
1,FERPlus_3464.png
1,FERPlus_3465.png
1,FERPlus_3466.png
1,FERPlus_3467.png
1,FERPlus_3468.png
1,FERPlus_3469.png
1,FERPlus_3470.png
1,FERPlus_3471.png
1,FERPlus_3472.png
1,FERPlus_3473.png
1,FERPlus_3474.png
1,FERPlus_3475.png
1,FERPlus_3476.png
1,FERPlus_3477.png
1,FERPlus_3478.png
1,FERPlus_3479.png
1,FERPlus_3480.png
1,FERPlus_3481.png
1,FERPlus_3482.png
1,FERPlus_3483.png
1,FERPlus_3484.png
1,FERPlus_3485.png
1,FERPlus_3486.png
1,FERPlus_3487.png
1,FERPlus_3488.png
1,FERPlus_3489.png
1,FERPlus_3490.png
1,FERPlus_3491.png
1,FERPlus_3492.png
1,FERPlus_3493.png
1,FERPlus_3494.png
1,FERPlus_3495.png
1,FERPlus_3496.png
1,FERPlus_3497.png
1,FERPlus_3498.png
1,FERPlus_3499.png
1,FERPlus_3500.png
1,FERPlus_3501.png
1,FERPlus_3502.png
1,FERPlus_3503.png
1,FERPlus_3504.png
1,FERPlus_3505.png
1,FERPlus_3506.png
1,FERPlus_3507.png
1,FERPlus_3508.png
1,FERPlus_3509.png
1,FERPlus_3510.png
1,FERPlus_3511.png
1,FERPlus_3512.png
1,FERPlus_3513.png
1,FERPlus_3514.png
1,FERPlus_3515.png
1,FERPlus_3516.png
1,FERPlus_3517.png
1,FERPlus_3518.png
1,FERPlus_3519.png
1,FERPlus_3520.png
1,FERPlus_3521.png
1,FERPlus_3522.png
1,FERPlus_3523.png
1,FERPlus_3524.png
1,FERPlus_3525.png
1,FERPlus_3526.png
1,FERPlus_3527.png
1,FERPlus_3528.png
1,FERPlus_3529.png
1,FERPlus_3530.png
1,FERPlus_3531.png
1,FERPlus_3532.png
1,FERPlus_3533.png
1,FERPlus_3534.png
1,FERPlus_3535.png
1,FERPlus_3536.png
1,FERPlus_3537.png
1,FERPlus_3538.png
1,FERPlus_3539.png
1,FERPlus_3540.png
1,FERPlus_3541.png
1,FERPlus_3542.png
1,FERPlus_3543.png
1,FERPlus_3544.png
1,FERPlus_3545.png
1,FERPlus_3546.png
1,FERPlus_3547.png
1,FERPlus_3548.png
1,FERPlus_3549.png
1,FERPlus_3550.png
1,FERPlus_3551.png
1,FERPlus_3552.png
1,FERPlus_3553.png
1,FERPlus_3554.png
1,FERPlus_3555.png
1,FERPlus_3556.png
1,FERPlus_3557.png
1,FERPlus_3558.png
1,FERPlus_3559.png
1,FERPlus_3560.png
1,FERPlus_3561.png
1,FERPlus_3562.png
1,FERPlus_3563.png
1,FERPlus_3564.png
1,FERPlus_3565.png
1,FERPlus_3566.png
1,FERPlus_3567.png
1,FERPlus_3568.png
1,FERPlus_3569.png
1,FERPlus_3570.png
1,FERPlus_3571.png
1,FERPlus_3572.png
1,FERPlus_3573.png
1,FERPlus_3574.png
1,FERPlus_3575.png
1,FERPlus_3576.png
1,FERPlus_3577.png
1,FERPlus_3578.png
1,FERPlus_3579.png
1,FERPlus_3580.png
1,FERPlus_3581.png
1,FERPlus_3582.png
1,FERPlus_3583.png
1,FERPlus_3584.png
1,FERPlus_3585.png
1,FERPlus_3586.png
1,FERPlus_3587.png
1,FERPlus_3588.png
1,FERPlus_3589.png
1,FERPlus_3590.png
1,FERPlus_3591.png
1,FERPlus_3592.png
1,FERPlus_3593.png
1,FERPlus_3594.png
1,FERPlus_3595.png
1,FERPlus_3596.png
1,FERPlus_3597.png
1,FERPlus_3598.png
1,FERPlus_3599.png
1,FERPlus_3600.png
1,FERPlus_3601.png
1,FERPlus_3602.png
1,FERPlus_3603.png
1,FERPlus_3604.png
1,FERPlus_3605.png
1,FERPlus_3606.png
1,FERPlus_3607.png
1,FERPlus_3608.png
1,FERPlus_3609.png
1,FERPlus_3610.png
1,FERPlus_3611.png
1,FERPlus_3612.png
1,FERPlus_3613.png
1,FERPlus_3614.png
1,FERPlus_3615.png
1,FERPlus_3616.png
1,FERPlus_3617.png
1,FERPlus_3618.png
1,FERPlus_3619.png
1,FERPlus_3620.png
1,FERPlus_3621.png
1,FERPlus_3622.png
1,FERPlus_3623.png
1,FERPlus_3624.png
1,FERPlus_3625.png
1,FERPlus_3626.png
1,FERPlus_3627.png
1,FERPlus_3628.png
1,FERPlus_3629.png
1,FERPlus_3630.png
1,FERPlus_3631.png
1,FERPlus_3632.png
1,FERPlus_3633.png
1,FERPlus_3634.png
1,FERPlus_3635.png
1,FERPlus_3636.png
1,FERPlus_3637.png
1,FERPlus_3638.png
1,FERPlus_3639.png
1,FERPlus_3640.png
1,FERPlus_3641.png
1,FERPlus_3642.png
1,FERPlus_3643.png
1,FERPlus_3644.png
1,FERPlus_3645.png
1,FERPlus_3646.png
1,FERPlus_3647.png
1,FERPlus_3648.png
1,FERPlus_3649.png
1,FERPlus_3650.png
1,FERPlus_3651.png
1,FERPlus_3652.png
1,FERPlus_3653.png
1,FERPlus_3654.png
1,FERPlus_3655.png
1,FERPlus_3656.png
1,FERPlus_3657.png
1,FERPlus_3658.png
1,FERPlus_3659.png
1,FERPlus_3660.png
1,FERPlus_3661.png
1,FERPlus_3662.png
1,FERPlus_3663.png
1,FERPlus_3664.png
1,FERPlus_3665.png
1,FERPlus_3666.png
1,FERPlus_3667.png
1,FERPlus_3668.png
1,FERPlus_3669.png
1,FERPlus_3670.png
1,FERPlus_3671.png
1,FERPlus_3672.png
1,FERPlus_3673.png
1,FERPlus_3674.png
1,FERPlus_3675.png
1,FERPlus_3676.png
1,FERPlus_3677.png
1,FERPlus_3678.png
1,FERPlus_3679.png
1,FERPlus_3680.png
1,FERPlus_3681.png
1,FERPlus_3682.png
1,FERPlus_3683.png
1,FERPlus_3684.png
1,FERPlus_3685.png
1,FERPlus_3686.png
1,FERPlus_3687.png
1,FERPlus_3688.png
1,FERPlus_3689.png
1,FERPlus_3690.png
1,FERPlus_3691.png
1,FERPlus_3692.png
1,FERPlus_3693.png
1,FERPlus_3694.png
1,FERPlus_3695.png
1,FERPlus_3696.png
1,FERPlus_3697.png
1,FERPlus_3698.png
1,FERPlus_3699.png
1,FERPlus_3700.png
1,FERPlus_3701.png
1,FERPlus_3702.png
1,FERPlus_3703.png
1,FERPlus_3704.png
1,FERPlus_3705.png
1,FERPlus_3706.png
1,FERPlus_3707.png
1,FERPlus_3708.png
1,FERPlus_3709.png
1,FERPlus_3710.png
1,FERPlus_3711.png
1,FERPlus_3712.png
1,FERPlus_3713.png
1,FERPlus_3714.png
1,FERPlus_3715.png
1,FERPlus_3716.png
1,FERPlus_3717.png
1,FERPlus_3718.png
1,FERPlus_3719.png
1,FERPlus_3720.png
1,FERPlus_3721.png
1,FERPlus_3722.png
1,FERPlus_3723.png
1,FERPlus_3724.png
1,FERPlus_3725.png
1,FERPlus_3726.png
1,FERPlus_3727.png
1,FERPlus_3728.png
1,FERPlus_3729.png
1,FERPlus_3730.png
1,FERPlus_3731.png
1,FERPlus_3732.png
1,FERPlus_3733.png
1,FERPlus_3734.png
1,FERPlus_3735.png
1,FERPlus_3736.png
1,FERPlus_3737.png
1,FERPlus_3738.png
1,FERPlus_3739.png
1,FERPlus_3740.png
1,FERPlus_3741.png
1,FERPlus_3742.png
1,FERPlus_3743.png
1,FERPlus_3744.png
1,FERPlus_3745.png
1,FERPlus_3746.png
1,FERPlus_3747.png
1,FERPlus_3748.png
1,FERPlus_3749.png
1,FERPlus_3750.png
1,FERPlus_3751.png
1,FERPlus_3752.png
1,FERPlus_3753.png
1,FERPlus_3754.png
1,FERPlus_3755.png
1,FERPlus_3756.png
1,FERPlus_3757.png
1,FERPlus_3758.png
1,FERPlus_3759.png
1,FERPlus_3760.png
1,FERPlus_3761.png
1,FERPlus_3762.png
1,FERPlus_3763.png
1,FERPlus_3764.png
1,FERPlus_3765.png
1,FERPlus_3766.png
1,FERPlus_3767.png
1,FERPlus_3768.png
1,FERPlus_3769.png
1,FERPlus_3770.png
1,FERPlus_3771.png
1,FERPlus_3772.png
1,FERPlus_3773.png
1,FERPlus_3774.png
1,FERPlus_3775.png
1,FERPlus_3776.png
1,FERPlus_3777.png
1,FERPlus_3778.png
1,FERPlus_3779.png
1,FERPlus_3780.png
1,FERPlus_3781.png
1,FERPlus_3782.png
1,FERPlus_3783.png
1,FERPlus_3784.png
1,FERPlus_3785.png
1,FERPlus_3786.png
1,FERPlus_3787.png
1,FERPlus_3788.png
1,FERPlus_3789.png
1,FERPlus_3790.png
1,FERPlus_3791.png
1,FERPlus_3792.png
1,FERPlus_3793.png
1,FERPlus_3794.png
1,FERPlus_3795.png
1,FERPlus_3796.png
1,FERPlus_3797.png
1,FERPlus_3798.png
1,FERPlus_3799.png
1,FERPlus_3800.png
1,FERPlus_3801.png
1,FERPlus_3802.png
1,FERPlus_3803.png
1,FERPlus_3804.png
1,FERPlus_3805.png
1,FERPlus_3806.png
1,FERPlus_3807.png
1,FERPlus_3808.png
1,FERPlus_3809.png
1,FERPlus_3810.png
1,FERPlus_3811.png
1,FERPlus_3812.png
1,FERPlus_3813.png
1,FERPlus_3814.png
1,FERPlus_3815.png
1,FERPlus_3816.png
1,FERPlus_3817.png
1,FERPlus_3818.png
1,FERPlus_3819.png
1,FERPlus_3820.png
1,FERPlus_3821.png
1,FERPlus_3822.png
1,FERPlus_3823.png
1,FERPlus_3824.png
1,FERPlus_3825.png
1,FERPlus_3826.png
1,FERPlus_3827.png
1,FERPlus_3828.png
1,FERPlus_3829.png
1,FERPlus_3830.png
1,FERPlus_3831.png
1,FERPlus_3832.png
1,FERPlus_3833.png
1,FERPlus_3834.png
1,FERPlus_3835.png
1,FERPlus_3836.png
1,FERPlus_3837.png
1,FERPlus_3838.png
1,FERPlus_3839.png
1,FERPlus_3840.png
1,FERPlus_3841.png
1,FERPlus_3842.png
1,FERPlus_3843.png
1,FERPlus_3844.png
1,FERPlus_3845.png
1,FERPlus_3846.png
1,FERPlus_3847.png
1,FERPlus_3848.png
1,FERPlus_3849.png
1,FERPlus_3850.png
1,FERPlus_3851.png
1,FERPlus_3852.png
1,FERPlus_3853.png
1,FERPlus_3854.png
1,FERPlus_3855.png
1,FERPlus_3856.png
1,FERPlus_3857.png
1,FERPlus_3858.png
1,FERPlus_3859.png
1,FERPlus_3860.png
1,FERPlus_3861.png
1,FERPlus_3862.png
1,FERPlus_3863.png
1,FERPlus_3864.png
1,FERPlus_3865.png
1,FERPlus_3866.png
1,FERPlus_3867.png
1,FERPlus_3868.png
1,FERPlus_3869.png
1,FERPlus_3870.png
1,FERPlus_3871.png
1,FERPlus_3872.png
1,FERPlus_3873.png
1,FERPlus_3874.png
1,FERPlus_3875.png
1,FERPlus_3876.png
1,FERPlus_3877.png
1,FERPlus_3878.png
1,FERPlus_3879.png
1,FERPlus_3880.png
1,FERPlus_3881.png
1,FERPlus_3882.png
1,FERPlus_3883.png
1,FERPlus_3884.png
1,FERPlus_3885.png
1,FERPlus_3886.png
1,FERPlus_3887.png
1,FERPlus_3888.png
1,FERPlus_3889.png
1,FERPlus_3890.png
1,FERPlus_3891.png
1,FERPlus_3892.png
1,FERPlus_3893.png
1,FERPlus_3894.png
1,FERPlus_3895.png
1,FERPlus_3896.png
1,FERPlus_3897.png
1,FERPlus_3898.png
1,FERPlus_3899.png
1,FERPlus_3900.png
1,FERPlus_3901.png
1,FERPlus_3902.png
1,FERPlus_3903.png
1,FERPlus_3904.png
1,FERPlus_3905.png
1,FERPlus_3906.png
1,FERPlus_3907.png
1,FERPlus_3908.png
1,FERPlus_3909.png
1,FERPlus_3910.png
1,FERPlus_3911.png
1,FERPlus_3912.png
1,FERPlus_3913.png
1,FERPlus_3914.png
1,FERPlus_3915.png
1,FERPlus_3916.png
1,FERPlus_3917.png
1,FERPlus_3918.png
1,FERPlus_3919.png
1,FERPlus_3920.png
1,FERPlus_3921.png
1,FERPlus_3922.png
1,FERPlus_3923.png
1,FERPlus_3924.png
1,FERPlus_3925.png
1,FERPlus_3926.png
1,FERPlus_3927.png
1,FERPlus_3928.png
1,FERPlus_3929.png
1,FERPlus_3930.png
1,FERPlus_3931.png
1,FERPlus_3932.png
1,FERPlus_3933.png
1,FERPlus_3934.png
1,FERPlus_3935.png
1,FERPlus_3936.png
1,FERPlus_3937.png
1,FERPlus_3938.png
1,FERPlus_3939.png
1,FERPlus_3940.png
1,FERPlus_3941.png
1,FERPlus_3942.png
1,FERPlus_3943.png
1,FERPlus_3944.png
1,FERPlus_3945.png
1,FERPlus_3946.png
1,FERPlus_3947.png
1,FERPlus_3948.png
1,FERPlus_3949.png
1,FERPlus_3950.png
1,FERPlus_3951.png
1,FERPlus_3952.png
1,FERPlus_3953.png
1,FERPlus_3954.png
1,FERPlus_3955.png
1,FERPlus_3956.png
1,FERPlus_3957.png
1,FERPlus_3958.png
1,FERPlus_3959.png
1,FERPlus_3960.png
1,FERPlus_3961.png
1,FERPlus_3962.png
1,FERPlus_3963.png
1,FERPlus_3964.png
1,FERPlus_3965.png
1,FERPlus_3966.png
1,FERPlus_3967.png
1,FERPlus_3968.png
1,FERPlus_3969.png
1,FERPlus_3970.png
1,FERPlus_3971.png
1,FERPlus_3972.png
1,FERPlus_3973.png
1,FERPlus_3974.png
1,FERPlus_3975.png
1,FERPlus_3976.png
1,FERPlus_3977.png
1,FERPlus_3978.png
1,FERPlus_3979.png
1,FERPlus_3980.png
1,FERPlus_3981.png
1,FERPlus_3982.png
1,FERPlus_3983.png
1,FERPlus_3984.png
1,FERPlus_3985.png
1,FERPlus_3986.png
1,FERPlus_3987.png
1,FERPlus_3988.png
1,FERPlus_3989.png
1,FERPlus_3990.png
1,FERPlus_3991.png
1,FERPlus_3992.png
1,FERPlus_3993.png
1,FERPlus_3994.png
1,FERPlus_3995.png
1,FERPlus_3996.png
1,FERPlus_3997.png
1,FERPlus_3998.png
1,FERPlus_3999.png
1,FERPlus_4000.png
1,FERPlus_4001.png
1,FERPlus_4002.png
1,FERPlus_4003.png
1,FERPlus_4004.png
1,FERPlus_4005.png
1,FERPlus_4006.png
1,FERPlus_4007.png
1,FERPlus_4008.png
1,FERPlus_4009.png
1,FERPlus_4010.png
1,FERPlus_4011.png
1,FERPlus_4012.png
1,FERPlus_4013.png
1,FERPlus_4014.png
1,FERPlus_4015.png
1,FERPlus_4016.png
1,FERPlus_4017.png
1,FERPlus_4018.png
1,FERPlus_4019.png
1,FERPlus_4020.png
1,FERPlus_4021.png
1,FERPlus_4022.png
1,FERPlus_4023.png
1,FERPlus_4024.png
1,FERPlus_4025.png
1,FERPlus_4026.png
1,FERPlus_4027.png
1,FERPlus_4028.png
1,FERPlus_4029.png
1,FERPlus_4030.png
1,FERPlus_4031.png
1,FERPlus_4032.png
1,FERPlus_4033.png
1,FERPlus_4034.png
1,FERPlus_4035.png
1,FERPlus_4036.png
1,FERPlus_4037.png
1,FERPlus_4038.png
1,FERPlus_4039.png
1,FERPlus_4040.png
1,FERPlus_4041.png
1,FERPlus_4042.png
1,FERPlus_4043.png
1,FERPlus_4044.png
1,FERPlus_4045.png
1,FERPlus_4046.png
1,FERPlus_4047.png
1,FERPlus_4048.png
1,FERPlus_4049.png
1,FERPlus_4050.png
1,FERPlus_4051.png
1,FERPlus_4052.png
1,FERPlus_4053.png
1,FERPlus_4054.png
1,FERPlus_4055.png
1,FERPlus_4056.png
1,FERPlus_4057.png
1,FERPlus_4058.png
1,FERPlus_4059.png
1,FERPlus_4060.png
1,FERPlus_4061.png
1,FERPlus_4062.png
1,FERPlus_4063.png
1,FERPlus_4064.png
1,FERPlus_4065.png
1,FERPlus_4066.png
1,FERPlus_4067.png
1,FERPlus_4068.png
1,FERPlus_4069.png
1,FERPlus_4070.png
1,FERPlus_4071.png
1,FERPlus_4072.png
1,FERPlus_4073.png
1,FERPlus_4074.png
1,FERPlus_4075.png
1,FERPlus_4076.png
1,FERPlus_4077.png
1,FERPlus_4078.png
1,FERPlus_4079.png
1,FERPlus_4080.png
1,FERPlus_4081.png
1,FERPlus_4082.png
1,FERPlus_4083.png
1,FERPlus_4084.png
1,FERPlus_4085.png
1,FERPlus_4086.png
1,FERPlus_4087.png
1,FERPlus_4088.png
1,FERPlus_4089.png
1,FERPlus_4090.png
1,FERPlus_4091.png
1,FERPlus_4092.png
1,FERPlus_4093.png
1,FERPlus_4094.png
1,FERPlus_4095.png
1,FERPlus_4096.png
1,FERPlus_4097.png
1,FERPlus_4098.png
1,FERPlus_4099.png
1,FERPlus_4100.png
1,FERPlus_4101.png
1,FERPlus_4102.png
1,FERPlus_4103.png
1,FERPlus_4104.png
1,FERPlus_4105.png
1,FERPlus_4106.png
1,FERPlus_4107.png
1,FERPlus_4108.png
1,FERPlus_4109.png
1,FERPlus_4110.png
1,FERPlus_4111.png
1,FERPlus_4112.png
1,FERPlus_4113.png
1,FERPlus_4114.png
1,FERPlus_4115.png
1,FERPlus_4116.png
1,FERPlus_4117.png
1,FERPlus_4118.png
1,FERPlus_4119.png
1,FERPlus_4120.png
1,FERPlus_4121.png
1,FERPlus_4122.png
1,FERPlus_4123.png
1,FERPlus_4124.png
1,FERPlus_4125.png
1,FERPlus_4126.png
1,FERPlus_4127.png
1,FERPlus_4128.png
1,FERPlus_4129.png
1,FERPlus_4130.png
1,FERPlus_4131.png
1,FERPlus_4132.png
1,FERPlus_4133.png
1,FERPlus_4134.png
1,FERPlus_4135.png
1,FERPlus_4136.png
1,FERPlus_4137.png
1,FERPlus_4138.png
1,FERPlus_4139.png
1,FERPlus_4140.png
1,FERPlus_4141.png
1,FERPlus_4142.png
1,FERPlus_4143.png
1,FERPlus_4144.png
1,FERPlus_4145.png
1,FERPlus_4146.png
1,FERPlus_4147.png
1,FERPlus_4148.png
1,FERPlus_4149.png
1,FERPlus_4150.png
1,FERPlus_4151.png
1,FERPlus_4152.png
1,FERPlus_4153.png
1,FERPlus_4154.png
1,FERPlus_4155.png
1,FERPlus_4156.png
1,FERPlus_4157.png
1,FERPlus_4158.png
1,FERPlus_4159.png
1,FERPlus_4160.png
1,FERPlus_4161.png
1,FERPlus_4162.png
1,FERPlus_4163.png
1,FERPlus_4164.png
1,FERPlus_4165.png
1,FERPlus_4166.png
1,FERPlus_4167.png
1,FERPlus_4168.png
1,FERPlus_4169.png
1,FERPlus_4170.png
1,FERPlus_4171.png
1,FERPlus_4172.png
1,FERPlus_4173.png
1,FERPlus_4174.png
1,FERPlus_4175.png
1,FERPlus_4176.png
1,FERPlus_4177.png
1,FERPlus_4178.png
1,FERPlus_4179.png
1,FERPlus_4180.png
1,FERPlus_4181.png
1,FERPlus_4182.png
1,FERPlus_4183.png
1,FERPlus_4184.png
1,FERPlus_4185.png
1,FERPlus_4186.png
1,FERPlus_4187.png
1,FERPlus_4188.png
1,FERPlus_4189.png
1,FERPlus_4190.png
1,FERPlus_4191.png
1,FERPlus_4192.png
1,FERPlus_4193.png
1,FERPlus_4194.png
1,FERPlus_4195.png
1,FERPlus_4196.png
1,FERPlus_4197.png
1,FERPlus_4198.png
1,FERPlus_4199.png
1,FERPlus_4200.png
1,FERPlus_4201.png
1,FERPlus_4202.png
1,FERPlus_4203.png
1,FERPlus_4204.png
1,FERPlus_4205.png
1,FERPlus_4206.png
1,FERPlus_4207.png
1,FERPlus_4208.png
1,FERPlus_4209.png
1,FERPlus_4210.png
1,FERPlus_4211.png
1,FERPlus_4212.png
1,FERPlus_4213.png
1,FERPlus_4214.png
1,FERPlus_4215.png
1,FERPlus_4216.png
1,FERPlus_4217.png
1,FERPlus_4218.png
1,FERPlus_4219.png
1,FERPlus_4220.png
1,FERPlus_4221.png
1,FERPlus_4222.png
1,FERPlus_4223.png
1,FERPlus_4224.png
1,FERPlus_4225.png
1,FERPlus_4226.png
1,FERPlus_4227.png
1,FERPlus_4228.png
1,FERPlus_4229.png
1,FERPlus_4230.png
1,FERPlus_4231.png
1,FERPlus_4232.png
1,FERPlus_4233.png
1,FERPlus_4234.png
1,FERPlus_4235.png
1,FERPlus_4236.png
1,FERPlus_4237.png
1,FERPlus_4238.png
1,FERPlus_4239.png
1,FERPlus_4240.png
1,FERPlus_4241.png
1,FERPlus_4242.png
1,FERPlus_4243.png
1,FERPlus_4244.png
1,FERPlus_4245.png
1,FERPlus_4246.png
1,FERPlus_4247.png
1,FERPlus_4248.png
1,FERPlus_4249.png
1,FERPlus_4250.png
1,FERPlus_4251.png
1,FERPlus_4252.png
1,FERPlus_4253.png
1,FERPlus_4254.png
1,FERPlus_4255.png
1,FERPlus_4256.png
1,FERPlus_4257.png
1,FERPlus_4258.png
1,FERPlus_4259.png
1,FERPlus_4260.png
1,FERPlus_4261.png
1,FERPlus_4262.png
1,FERPlus_4263.png
1,FERPlus_4264.png
1,FERPlus_4265.png
1,FERPlus_4266.png
1,FERPlus_4267.png
1,FERPlus_4268.png
1,FERPlus_4269.png
1,FERPlus_4270.png
1,FERPlus_4271.png
1,FERPlus_4272.png
1,FERPlus_4273.png
1,FERPlus_4274.png
1,FERPlus_4275.png
1,FERPlus_4276.png
1,FERPlus_4277.png
1,FERPlus_4278.png
1,FERPlus_4279.png
1,FERPlus_4280.png
1,FERPlus_4281.png
1,FERPlus_4282.png
1,FERPlus_4283.png
1,FERPlus_4284.png
1,FERPlus_4285.png
1,FERPlus_4286.png
1,FERPlus_4287.png
1,FERPlus_4288.png
1,FERPlus_4289.png
1,FERPlus_4290.png
1,FERPlus_4291.png
1,FERPlus_4292.png
1,FERPlus_4293.png
1,FERPlus_4294.png
1,FERPlus_4295.png
1,FERPlus_4296.png
1,FERPlus_4297.png
1,FERPlus_4298.png
1,FERPlus_4299.png
1,FERPlus_4300.png
1,FERPlus_4301.png
1,FERPlus_4302.png
1,FERPlus_4303.png
1,FERPlus_4304.png
1,FERPlus_4305.png
1,FERPlus_4306.png
1,FERPlus_4307.png
1,FERPlus_4308.png
1,FERPlus_4309.png
1,FERPlus_4310.png
1,FERPlus_4311.png
1,FERPlus_4312.png
1,FERPlus_4313.png
1,FERPlus_4314.png
1,FERPlus_4315.png
1,FERPlus_4316.png
1,FERPlus_4317.png
1,FERPlus_4318.png
1,FERPlus_4319.png
1,FERPlus_4320.png
1,FERPlus_4321.png
1,FERPlus_4322.png
1,FERPlus_4323.png
1,FERPlus_4324.png
1,FERPlus_4325.png
1,FERPlus_4326.png
1,FERPlus_4327.png
1,FERPlus_4328.png
1,FERPlus_4329.png
1,FERPlus_4330.png
1,FERPlus_4331.png
1,FERPlus_4332.png
1,FERPlus_4333.png
1,FERPlus_4334.png
1,FERPlus_4335.png
1,FERPlus_4336.png
1,FERPlus_4337.png
1,FERPlus_4338.png
1,FERPlus_4339.png
1,FERPlus_4340.png
1,FERPlus_4341.png
1,FERPlus_4342.png
1,FERPlus_4343.png
1,FERPlus_4344.png
1,FERPlus_4345.png
1,FERPlus_4346.png
1,FERPlus_4347.png
1,FERPlus_4348.png
1,FERPlus_4349.png
1,FERPlus_4350.png
1,FERPlus_4351.png
1,FERPlus_4352.png
1,FERPlus_4353.png
1,FERPlus_4354.png
1,FERPlus_4355.png
1,FERPlus_4356.png
1,FERPlus_4357.png
1,FERPlus_4358.png
1,FERPlus_4359.png
1,FERPlus_4360.png
1,FERPlus_4361.png
1,FERPlus_4362.png
1,FERPlus_4363.png
1,FERPlus_4364.png
1,FERPlus_4365.png
1,FERPlus_4366.png
1,FERPlus_4367.png
1,FERPlus_4368.png
1,FERPlus_4369.png
1,FERPlus_4370.png
1,FERPlus_4371.png
1,FERPlus_4372.png
1,FERPlus_4373.png
1,FERPlus_4374.png
1,FERPlus_4375.png
1,FERPlus_4376.png
1,FERPlus_4377.png
1,FERPlus_4378.png
1,FERPlus_4379.png
1,FERPlus_4380.png
1,FERPlus_4381.png
1,FERPlus_4382.png
1,FERPlus_4383.png
1,FERPlus_4384.png
1,FERPlus_4385.png
1,FERPlus_4386.png
1,FERPlus_4387.png
1,FERPlus_4388.png
1,FERPlus_4389.png
1,FERPlus_4390.png
1,FERPlus_4391.png
1,FERPlus_4392.png
1,FERPlus_4393.png
1,FERPlus_4394.png
1,FERPlus_4395.png
1,FERPlus_4396.png
1,FERPlus_4397.png
1,FERPlus_4398.png
1,FERPlus_4399.png
1,FERPlus_4400.png
1,FERPlus_4401.png
1,FERPlus_4402.png
1,FERPlus_4403.png
1,FERPlus_4404.png
1,FERPlus_4405.png
1,FERPlus_4406.png
1,FERPlus_4407.png
1,FERPlus_4408.png
1,FERPlus_4409.png
1,FERPlus_4410.png
1,FERPlus_4411.png
1,FERPlus_4412.png
1,FERPlus_4413.png
1,FERPlus_4414.png
1,FERPlus_4415.png
1,FERPlus_4416.png
1,FERPlus_4417.png
1,FERPlus_4418.png
1,FERPlus_4419.png
1,FERPlus_4420.png
1,FERPlus_4421.png
1,FERPlus_4422.png
1,FERPlus_4423.png
1,FERPlus_4424.png
1,FERPlus_4425.png
1,FERPlus_4426.png
1,FERPlus_4427.png
1,FERPlus_4428.png
1,FERPlus_4429.png
1,FERPlus_4430.png
1,FERPlus_4431.png
1,FERPlus_4432.png
1,FERPlus_4433.png
1,FERPlus_4434.png
1,FERPlus_4435.png
1,FERPlus_4436.png
1,FERPlus_4437.png
1,FERPlus_4438.png
1,FERPlus_4439.png
1,FERPlus_4440.png
1,FERPlus_4441.png
1,FERPlus_4442.png
1,FERPlus_4443.png
1,FERPlus_4444.png
1,FERPlus_4445.png
1,FERPlus_4446.png
1,FERPlus_4447.png
1,FERPlus_4448.png
1,FERPlus_4449.png
1,FERPlus_4450.png
1,FERPlus_4451.png
1,FERPlus_4452.png
1,FERPlus_4453.png
1,FERPlus_4454.png
1,FERPlus_4455.png
1,FERPlus_4456.png
1,FERPlus_4457.png
1,FERPlus_4458.png
1,FERPlus_4459.png
1,FERPlus_4460.png
1,FERPlus_4461.png
1,FERPlus_4462.png
1,FERPlus_4463.png
1,FERPlus_4464.png
1,FERPlus_4465.png
1,FERPlus_4466.png
1,FERPlus_4467.png
1,FERPlus_4468.png
1,FERPlus_4469.png
1,FERPlus_4470.png
1,FERPlus_4471.png
1,FERPlus_4472.png
1,FERPlus_4473.png
1,FERPlus_4474.png
1,FERPlus_4475.png
1,FERPlus_4476.png
1,FERPlus_4477.png
1,FERPlus_4478.png
1,FERPlus_4479.png
1,FERPlus_4480.png
1,FERPlus_4481.png
1,FERPlus_4482.png
1,FERPlus_4483.png
1,FERPlus_4484.png
1,FERPlus_4485.png
1,FERPlus_4486.png
1,FERPlus_4487.png
1,FERPlus_4488.png
1,FERPlus_4489.png
1,FERPlus_4490.png
1,FERPlus_4491.png
1,FERPlus_4492.png
1,FERPlus_4493.png
1,FERPlus_4494.png
1,FERPlus_4495.png
1,FERPlus_4496.png
1,FERPlus_4497.png
1,FERPlus_4498.png
1,FERPlus_4499.png
1,FERPlus_4500.png
1,FERPlus_4501.png
1,FERPlus_4502.png
1,FERPlus_4503.png
1,FERPlus_4504.png
1,FERPlus_4505.png
1,FERPlus_4506.png
1,FERPlus_4507.png
1,FERPlus_4508.png
1,FERPlus_4509.png
1,FERPlus_4510.png
1,FERPlus_4511.png
1,FERPlus_4512.png
1,FERPlus_4513.png
1,FERPlus_4514.png
1,FERPlus_4515.png
1,FERPlus_4516.png
1,FERPlus_4517.png
1,FERPlus_4518.png
1,FERPlus_4519.png
1,FERPlus_4520.png
1,FERPlus_4521.png
1,FERPlus_4522.png
1,FERPlus_4523.png
1,FERPlus_4524.png
1,FERPlus_4525.png
1,FERPlus_4526.png
1,FERPlus_4527.png
1,FERPlus_4528.png
1,FERPlus_4529.png
1,FERPlus_4530.png
1,FERPlus_4531.png
1,FERPlus_4532.png
1,FERPlus_4533.png
1,FERPlus_4534.png
1,FERPlus_4535.png
1,FERPlus_4536.png
1,FERPlus_4537.png
1,FERPlus_4538.png
1,FERPlus_4539.png
1,FERPlus_4540.png
1,FERPlus_4541.png
1,FERPlus_4542.png
1,FERPlus_4543.png
1,FERPlus_4544.png
1,FERPlus_4545.png
1,FERPlus_4546.png
1,FERPlus_4547.png
1,FERPlus_4548.png
1,FERPlus_4549.png
1,FERPlus_4550.png
1,FERPlus_4551.png
1,FERPlus_4552.png
1,FERPlus_4553.png
1,FERPlus_4554.png
1,FERPlus_4555.png
1,FERPlus_4556.png
1,FERPlus_4557.png
1,FERPlus_4558.png
1,FERPlus_4559.png
1,FERPlus_4560.png
1,FERPlus_4561.png
1,FERPlus_4562.png
1,FERPlus_4563.png
1,FERPlus_4564.png
1,FERPlus_4565.png
1,FERPlus_4566.png
1,FERPlus_4567.png
1,FERPlus_4568.png
1,FERPlus_4569.png
1,FERPlus_4570.png
1,FERPlus_4571.png
1,FERPlus_4572.png
1,FERPlus_4573.png
1,FERPlus_4574.png
1,FERPlus_4575.png
1,FERPlus_4576.png
1,FERPlus_4577.png
1,FERPlus_4578.png
1,FERPlus_4579.png
1,FERPlus_4580.png
1,FERPlus_4581.png
1,FERPlus_4582.png
1,FERPlus_4583.png
1,FERPlus_4584.png
1,FERPlus_4585.png
1,FERPlus_4586.png
1,FERPlus_4587.png
1,FERPlus_4588.png
1,FERPlus_4589.png
1,FERPlus_4590.png
1,FERPlus_4591.png
1,FERPlus_4592.png
1,FERPlus_4593.png
1,FERPlus_4594.png
1,FERPlus_4595.png
1,FERPlus_4596.png
1,FERPlus_4597.png
1,FERPlus_4598.png
1,FERPlus_4599.png
1,FERPlus_4600.png
1,FERPlus_4601.png
1,FERPlus_4602.png
1,FERPlus_4603.png
1,FERPlus_4604.png
1,FERPlus_4605.png
1,FERPlus_4606.png
1,FERPlus_4607.png
1,FERPlus_4608.png
1,FERPlus_4609.png
1,FERPlus_4610.png
1,FERPlus_4611.png
1,FERPlus_4612.png
1,FERPlus_4613.png
1,FERPlus_4614.png
1,FERPlus_4615.png
1,FERPlus_4616.png
1,FERPlus_4617.png
1,FERPlus_4618.png
1,FERPlus_4619.png
1,FERPlus_4620.png
1,FERPlus_4621.png
1,FERPlus_4622.png
1,FERPlus_4623.png
1,FERPlus_4624.png
1,FERPlus_4625.png
1,FERPlus_4626.png
1,FERPlus_4627.png
1,FERPlus_4628.png
1,FERPlus_4629.png
1,FERPlus_4630.png
1,FERPlus_4631.png
1,FERPlus_4632.png
1,FERPlus_4633.png
1,FERPlus_4634.png
1,FERPlus_4635.png
1,FERPlus_4636.png
1,FERPlus_4637.png
1,FERPlus_4638.png
1,FERPlus_4639.png
1,FERPlus_4640.png
1,FERPlus_4641.png
1,FERPlus_4642.png
1,FERPlus_4643.png
1,FERPlus_4644.png
1,FERPlus_4645.png
1,FERPlus_4646.png
1,FERPlus_4647.png
1,FERPlus_4648.png
1,FERPlus_4649.png
1,FERPlus_4650.png
1,FERPlus_4651.png
1,FERPlus_4652.png
1,FERPlus_4653.png
1,FERPlus_4654.png
1,FERPlus_4655.png
1,FERPlus_4656.png
1,FERPlus_4657.png
1,FERPlus_4658.png
1,FERPlus_4659.png
1,FERPlus_4660.png
1,FERPlus_4661.png
1,FERPlus_4662.png
1,FERPlus_4663.png
1,FERPlus_4664.png
1,FERPlus_4665.png
1,FERPlus_4666.png
1,FERPlus_4667.png
1,FERPlus_4668.png
1,FERPlus_4669.png
1,FERPlus_4670.png
1,FERPlus_4671.png
1,FERPlus_4672.png
1,FERPlus_4673.png
1,FERPlus_4674.png
1,FERPlus_4675.png
1,FERPlus_4676.png
1,FERPlus_4677.png
1,FERPlus_4678.png
1,FERPlus_4679.png
1,FERPlus_4680.png
1,FERPlus_4681.png
1,FERPlus_4682.png
1,FERPlus_4683.png
1,FERPlus_4684.png
1,FERPlus_4685.png
1,FERPlus_4686.png
1,FERPlus_4687.png
1,FERPlus_4688.png
1,FERPlus_4689.png
1,FERPlus_4690.png
1,FERPlus_4691.png
1,FERPlus_4692.png
1,FERPlus_4693.png
1,FERPlus_4694.png
1,FERPlus_4695.png
1,FERPlus_4696.png
1,FERPlus_4697.png
1,FERPlus_4698.png
1,FERPlus_4699.png
1,FERPlus_4700.png
1,FERPlus_4701.png
1,FERPlus_4702.png
1,FERPlus_4703.png
1,FERPlus_4704.png
1,FERPlus_4705.png
1,FERPlus_4706.png
1,FERPlus_4707.png
1,FERPlus_4708.png
1,FERPlus_4709.png
1,FERPlus_4710.png
1,FERPlus_4711.png
1,FERPlus_4712.png
1,FERPlus_4713.png
1,FERPlus_4714.png
1,FERPlus_4715.png
1,FERPlus_4716.png
1,FERPlus_4717.png
1,FERPlus_4718.png
1,FERPlus_4719.png
1,FERPlus_4720.png
1,FERPlus_4721.png
1,FERPlus_4722.png
1,FERPlus_4723.png
1,FERPlus_4724.png
1,FERPlus_4725.png
1,FERPlus_4726.png
1,FERPlus_4727.png
1,FERPlus_4728.png
1,FERPlus_4729.png
1,FERPlus_4730.png
1,FERPlus_4731.png
1,FERPlus_4732.png
1,FERPlus_4733.png
1,FERPlus_4734.png
1,FERPlus_4735.png
1,FERPlus_4736.png
1,FERPlus_4737.png
1,FERPlus_4738.png
1,FERPlus_4739.png
1,FERPlus_4740.png
1,FERPlus_4741.png
1,FERPlus_4742.png
1,FERPlus_4743.png
1,FERPlus_4744.png
1,FERPlus_4745.png
1,FERPlus_4746.png
1,FERPlus_4747.png
1,FERPlus_4748.png
1,FERPlus_4749.png
1,FERPlus_4750.png
1,FERPlus_4751.png
1,FERPlus_4752.png
1,FERPlus_4753.png
1,FERPlus_4754.png
1,FERPlus_4755.png
1,FERPlus_4756.png
1,FERPlus_4757.png
1,FERPlus_4758.png
1,FERPlus_4759.png
1,FERPlus_4760.png
1,FERPlus_4761.png
1,FERPlus_4762.png
1,FERPlus_4763.png
1,FERPlus_4764.png
1,FERPlus_4765.png
1,FERPlus_4766.png
1,FERPlus_4767.png
1,FERPlus_4768.png
1,FERPlus_4769.png
1,FERPlus_4770.png
1,FERPlus_4771.png
1,FERPlus_4772.png
1,FERPlus_4773.png
1,FERPlus_4774.png
1,FERPlus_4775.png
1,FERPlus_4776.png
1,FERPlus_4777.png
1,FERPlus_4778.png
1,FERPlus_4779.png
1,FERPlus_4780.png
1,FERPlus_4781.png
1,FERPlus_4782.png
1,FERPlus_4783.png
1,FERPlus_4784.png
1,FERPlus_4785.png
1,FERPlus_4786.png
1,FERPlus_4787.png
1,FERPlus_4788.png
1,FERPlus_4789.png
1,FERPlus_4790.png
1,FERPlus_4791.png
1,FERPlus_4792.png
1,FERPlus_4793.png
1,FERPlus_4794.png
1,FERPlus_4795.png
1,FERPlus_4796.png
1,FERPlus_4797.png
1,FERPlus_4798.png
1,FERPlus_4799.png
1,FERPlus_4800.png
1,FERPlus_4801.png
1,FERPlus_4802.png
1,FERPlus_4803.png
1,FERPlus_4804.png
1,FERPlus_4805.png
1,FERPlus_4806.png
1,FERPlus_4807.png
1,FERPlus_4808.png
1,FERPlus_4809.png
1,FERPlus_4810.png
1,FERPlus_4811.png
1,FERPlus_4812.png
1,FERPlus_4813.png
1,FERPlus_4814.png
1,FERPlus_4815.png
1,FERPlus_4816.png
1,FERPlus_4817.png
1,FERPlus_4818.png
1,FERPlus_4819.png
1,FERPlus_4820.png
1,FERPlus_4821.png
1,FERPlus_4822.png
1,FERPlus_4823.png
1,FERPlus_4824.png
1,FERPlus_4825.png
1,FERPlus_4826.png
1,FERPlus_4827.png
1,FERPlus_4828.png
1,FERPlus_4829.png
1,FERPlus_4830.png
1,FERPlus_4831.png
1,FERPlus_4832.png
1,FERPlus_4833.png
1,FERPlus_4834.png
1,FERPlus_4835.png
1,FERPlus_4836.png
1,FERPlus_4837.png
1,FERPlus_4838.png
1,FERPlus_4839.png
1,FERPlus_4840.png
1,FERPlus_4841.png
1,FERPlus_4842.png
1,FERPlus_4843.png
1,FERPlus_4844.png
1,FERPlus_4845.png
1,FERPlus_4846.png
1,FERPlus_4847.png
1,FERPlus_4848.png
1,FERPlus_4849.png
1,FERPlus_4850.png
1,FERPlus_4851.png
1,FERPlus_4852.png
1,FERPlus_4853.png
1,FERPlus_4854.png
1,FERPlus_4855.png
1,FERPlus_4856.png
1,FERPlus_4857.png
1,FERPlus_4858.png
1,FERPlus_4859.png
1,FERPlus_4860.png
1,FERPlus_4861.png
1,FERPlus_4862.png
1,FERPlus_4863.png
1,FERPlus_4864.png
1,FERPlus_4865.png
1,FERPlus_4866.png
1,FERPlus_4867.png
1,FERPlus_4868.png
1,FERPlus_4869.png
1,FERPlus_4870.png
1,FERPlus_4871.png
1,FERPlus_4872.png
1,FERPlus_4873.png
1,FERPlus_4874.png
1,FERPlus_4875.png
1,FERPlus_4876.png
1,FERPlus_4877.png
1,FERPlus_4878.png
1,FERPlus_4879.png
1,FERPlus_4880.png
1,FERPlus_4881.png
1,FERPlus_4882.png
1,FERPlus_4883.png
1,FERPlus_4884.png
1,FERPlus_4885.png
1,FERPlus_4886.png
1,FERPlus_4887.png
1,FERPlus_4888.png
1,FERPlus_4889.png
1,FERPlus_4890.png
1,FERPlus_4891.png
1,FERPlus_4892.png
1,FERPlus_4893.png
1,FERPlus_4894.png
1,FERPlus_4895.png
1,FERPlus_4896.png
1,FERPlus_4897.png
1,FERPlus_4898.png
1,FERPlus_4899.png
1,FERPlus_4900.png
1,FERPlus_4901.png
1,FERPlus_4902.png
1,FERPlus_4903.png
1,FERPlus_4904.png
1,FERPlus_4905.png
1,FERPlus_4906.png
1,FERPlus_4907.png
1,FERPlus_4908.png
1,FERPlus_4909.png
1,FERPlus_4910.png
1,FERPlus_4911.png
1,FERPlus_4912.png
1,FERPlus_4913.png
1,FERPlus_4914.png
1,FERPlus_4915.png
1,FERPlus_4916.png
1,FERPlus_4917.png
1,FERPlus_4918.png
1,FERPlus_4919.png
1,FERPlus_4920.png
1,FERPlus_4921.png
1,FERPlus_4922.png
1,FERPlus_4923.png
1,FERPlus_4924.png
1,FERPlus_4925.png
1,FERPlus_4926.png
1,FERPlus_4927.png
1,FERPlus_4928.png
1,FERPlus_4929.png
1,FERPlus_4930.png
1,FERPlus_4931.png
1,FERPlus_4932.png
1,FERPlus_4933.png
1,FERPlus_4934.png
1,FERPlus_4935.png
1,FERPlus_4936.png
1,FERPlus_4937.png
1,FERPlus_4938.png
1,FERPlus_4939.png
1,FERPlus_4940.png
1,FERPlus_4941.png
1,FERPlus_4942.png
1,FERPlus_4943.png
1,FERPlus_4944.png
1,FERPlus_4945.png
1,FERPlus_4946.png
1,FERPlus_4947.png
1,FERPlus_4948.png
1,FERPlus_4949.png
1,FERPlus_4950.png
1,FERPlus_4951.png
1,FERPlus_4952.png
1,FERPlus_4953.png
1,FERPlus_4954.png
1,FERPlus_4955.png
1,FERPlus_4956.png
1,FERPlus_4957.png
1,FERPlus_4958.png
1,FERPlus_4959.png
1,FERPlus_4960.png
1,FERPlus_4961.png
1,FERPlus_4962.png
1,FERPlus_4963.png
1,FERPlus_4964.png
1,FERPlus_4965.png
1,FERPlus_4966.png
1,FERPlus_4967.png
1,FERPlus_4968.png
1,FERPlus_4969.png
1,FERPlus_4970.png
1,FERPlus_4971.png
1,FERPlus_4972.png
1,FERPlus_4973.png
1,FERPlus_4974.png
1,FERPlus_4975.png
1,FERPlus_4976.png
1,FERPlus_4977.png
1,FERPlus_4978.png
1,FERPlus_4979.png
1,FERPlus_4980.png
1,FERPlus_4981.png
1,FERPlus_4982.png
1,FERPlus_4983.png
1,FERPlus_4984.png
1,FERPlus_4985.png
1,FERPlus_4986.png
1,FERPlus_4987.png
1,FERPlus_4988.png
1,FERPlus_4989.png
1,FERPlus_4990.png
1,FERPlus_4991.png
1,FERPlus_4992.png
1,FERPlus_4993.png
1,FERPlus_4994.png
1,FERPlus_4995.png
1,FERPlus_4996.png
1,FERPlus_4997.png
1,FERPlus_4998.png
1,FERPlus_4999.png
1,FERPlus_5000.png
1,FERPlus_5001.png
1,FERPlus_5002.png
1,FERPlus_5003.png
1,FERPlus_5004.png
1,FERPlus_5005.png
1,FERPlus_5006.png
1,FERPlus_5007.png
1,FERPlus_5008.png
1,FERPlus_5009.png
1,FERPlus_5010.png
1,FERPlus_5011.png
1,FERPlus_5012.png
1,FERPlus_5013.png
1,FERPlus_5014.png
1,FERPlus_5015.png
1,FERPlus_5016.png
1,FERPlus_5017.png
1,FERPlus_5018.png
1,FERPlus_5019.png
1,FERPlus_5020.png
1,FERPlus_5021.png
1,FERPlus_5022.png
1,FERPlus_5023.png
1,FERPlus_5024.png
1,FERPlus_5025.png
1,FERPlus_5026.png
1,FERPlus_5027.png
1,FERPlus_5028.png
1,FERPlus_5029.png
1,FERPlus_5030.png
1,FERPlus_5031.png
1,FERPlus_5032.png
1,FERPlus_5033.png
1,FERPlus_5034.png
1,FERPlus_5035.png
1,FERPlus_5036.png
1,FERPlus_5037.png
1,FERPlus_5038.png
1,FERPlus_5039.png
1,FERPlus_5040.png
1,FERPlus_5041.png
1,FERPlus_5042.png
1,FERPlus_5043.png
1,FERPlus_5044.png
1,FERPlus_5045.png
1,FERPlus_5046.png
1,FERPlus_5047.png
1,FERPlus_5048.png
1,FERPlus_5049.png
1,FERPlus_5050.png
1,FERPlus_5051.png
1,FERPlus_5052.png
1,FERPlus_5053.png
1,FERPlus_5054.png
1,FERPlus_5055.png
1,FERPlus_5056.png
1,FERPlus_5057.png
1,FERPlus_5058.png
1,FERPlus_5059.png
1,FERPlus_5060.png
1,FERPlus_5061.png
1,FERPlus_5062.png
1,FERPlus_5063.png
1,FERPlus_5064.png
1,FERPlus_5065.png
1,FERPlus_5066.png
1,FERPlus_5067.png
1,FERPlus_5068.png
1,FERPlus_5069.png
1,FERPlus_5070.png
1,FERPlus_5071.png
1,FERPlus_5072.png
1,FERPlus_5073.png
1,FERPlus_5074.png
1,FERPlus_5075.png
1,FERPlus_5076.png
1,FERPlus_5077.png
1,FERPlus_5078.png
1,FERPlus_5079.png
1,FERPlus_5080.png
1,FERPlus_5081.png
1,FERPlus_5082.png
1,FERPlus_5083.png
1,FERPlus_5084.png
1,FERPlus_5085.png
1,FERPlus_5086.png
1,FERPlus_5087.png
1,FERPlus_5088.png
1,FERPlus_5089.png
1,FERPlus_5090.png
1,FERPlus_5091.png
1,FERPlus_5092.png
1,FERPlus_5093.png
1,FERPlus_5094.png
1,FERPlus_5095.png
1,FERPlus_5096.png
1,FERPlus_5097.png
1,FERPlus_5098.png
1,FERPlus_5099.png
1,FERPlus_5100.png
1,FERPlus_5101.png
1,FERPlus_5102.png
1,FERPlus_5103.png
1,FERPlus_5104.png
1,FERPlus_5105.png
1,FERPlus_5106.png
1,FERPlus_5107.png
1,FERPlus_5108.png
1,FERPlus_5109.png
1,FERPlus_5110.png
1,FERPlus_5111.png
1,FERPlus_5112.png
1,FERPlus_5113.png
1,FERPlus_5114.png
1,FERPlus_5115.png
1,FERPlus_5116.png
1,FERPlus_5117.png
1,FERPlus_5118.png
1,FERPlus_5119.png
1,FERPlus_5120.png
1,FERPlus_5121.png
1,FERPlus_5122.png
1,FERPlus_5123.png
1,FERPlus_5124.png
1,FERPlus_5125.png
1,FERPlus_5126.png
1,FERPlus_5127.png
1,FERPlus_5128.png
1,FERPlus_5129.png
1,FERPlus_5130.png
1,FERPlus_5131.png
1,FERPlus_5132.png
1,FERPlus_5133.png
1,FERPlus_5134.png
1,FERPlus_5135.png
1,FERPlus_5136.png
1,FERPlus_5137.png
1,FERPlus_5138.png
1,FERPlus_5139.png
1,FERPlus_5140.png
1,FERPlus_5141.png
1,FERPlus_5142.png
1,FERPlus_5143.png
1,FERPlus_5144.png
1,FERPlus_5145.png
1,FERPlus_5146.png
1,FERPlus_5147.png
1,FERPlus_5148.png
1,FERPlus_5149.png
1,FERPlus_5150.png
1,FERPlus_5151.png
1,FERPlus_5152.png
1,FERPlus_5153.png
1,FERPlus_5154.png
1,FERPlus_5155.png
1,FERPlus_5156.png
1,FERPlus_5157.png
1,FERPlus_5158.png
1,FERPlus_5159.png
1,FERPlus_5160.png
1,FERPlus_5161.png
1,FERPlus_5162.png
1,FERPlus_5163.png
1,FERPlus_5164.png
1,FERPlus_5165.png
1,FERPlus_5166.png
1,FERPlus_5167.png
1,FERPlus_5168.png
1,FERPlus_5169.png
1,FERPlus_5170.png
1,FERPlus_5171.png
1,FERPlus_5172.png
1,FERPlus_5173.png
1,FERPlus_5174.png
1,FERPlus_5175.png
1,FERPlus_5176.png
1,FERPlus_5177.png
1,FERPlus_5178.png
1,FERPlus_5179.png
1,FERPlus_5180.png
1,FERPlus_5181.png
1,FERPlus_5182.png
1,FERPlus_5183.png
1,FERPlus_5184.png
1,FERPlus_5185.png
1,FERPlus_5186.png
1,FERPlus_5187.png
1,FERPlus_5188.png
1,FERPlus_5189.png
1,FERPlus_5190.png
1,FERPlus_5191.png
1,FERPlus_5192.png
1,FERPlus_5193.png
1,FERPlus_5194.png
1,FERPlus_5195.png
1,FERPlus_5196.png
1,FERPlus_5197.png
1,FERPlus_5198.png
1,FERPlus_5199.png
1,FERPlus_5200.png
1,FERPlus_5201.png
1,FERPlus_5202.png
1,FERPlus_5203.png
1,FERPlus_5204.png
1,FERPlus_5205.png
1,FERPlus_5206.png
1,FERPlus_5207.png
1,FERPlus_5208.png
1,FERPlus_5209.png
1,FERPlus_5210.png
1,FERPlus_5211.png
1,FERPlus_5212.png
1,FERPlus_5213.png
1,FERPlus_5214.png
1,FERPlus_5215.png
1,FERPlus_5216.png
1,FERPlus_5217.png
1,FERPlus_5218.png
1,FERPlus_5219.png
1,FERPlus_5220.png
1,FERPlus_5221.png
1,FERPlus_5222.png
1,FERPlus_5223.png
1,FERPlus_5224.png
1,FERPlus_5225.png
1,FERPlus_5226.png
1,FERPlus_5227.png
1,FERPlus_5228.png
1,FERPlus_5229.png
1,FERPlus_5230.png
1,FERPlus_5231.png
1,FERPlus_5232.png
1,FERPlus_5233.png
1,FERPlus_5234.png
1,FERPlus_5235.png
1,FERPlus_5236.png
1,FERPlus_5237.png
1,FERPlus_5238.png
1,FERPlus_5239.png
1,FERPlus_5240.png
1,FERPlus_5241.png
1,FERPlus_5242.png
1,FERPlus_5243.png
1,FERPlus_5244.png
1,FERPlus_5245.png
1,FERPlus_5246.png
1,FERPlus_5247.png
1,FERPlus_5248.png
1,FERPlus_5249.png
1,FERPlus_5250.png
1,FERPlus_5251.png
1,FERPlus_5252.png
1,FERPlus_5253.png
1,FERPlus_5254.png
1,FERPlus_5255.png
1,FERPlus_5256.png
1,FERPlus_5257.png
1,FERPlus_5258.png
1,FERPlus_5259.png
1,FERPlus_5260.png
1,FERPlus_5261.png
1,FERPlus_5262.png
1,FERPlus_5263.png
1,FERPlus_5264.png
1,FERPlus_5265.png
1,FERPlus_5266.png
1,FERPlus_5267.png
1,FERPlus_5268.png
1,FERPlus_5269.png
1,FERPlus_5270.png
1,FERPlus_5271.png
1,FERPlus_5272.png
1,FERPlus_5273.png
1,FERPlus_5274.png
1,FERPlus_5275.png
1,FERPlus_5276.png
1,FERPlus_5277.png
1,FERPlus_5278.png
1,FERPlus_5279.png
1,FERPlus_5280.png
1,FERPlus_5281.png
1,FERPlus_5282.png
1,FERPlus_5283.png
1,FERPlus_5284.png
1,FERPlus_5285.png
1,FERPlus_5286.png
1,FERPlus_5287.png
1,FERPlus_5288.png
1,FERPlus_5289.png
1,FERPlus_5290.png
1,FERPlus_5291.png
1,FERPlus_5292.png
1,FERPlus_5293.png
1,FERPlus_5294.png
1,FERPlus_5295.png
1,FERPlus_5296.png
1,FERPlus_5297.png
1,FERPlus_5298.png
1,FERPlus_5299.png
1,FERPlus_5300.png
1,FERPlus_5301.png
1,FERPlus_5302.png
1,FERPlus_5303.png
1,FERPlus_5304.png
1,FERPlus_5305.png
1,FERPlus_5306.png
1,FERPlus_5307.png
1,FERPlus_5308.png
1,FERPlus_5309.png
1,FERPlus_5310.png
1,FERPlus_5311.png
1,FERPlus_5312.png
1,FERPlus_5313.png
1,FERPlus_5314.png
1,FERPlus_5315.png
1,FERPlus_5316.png
1,FERPlus_5317.png
1,FERPlus_5318.png
1,FERPlus_5319.png
1,FERPlus_5320.png
1,FERPlus_5321.png
1,FERPlus_5322.png
1,FERPlus_5323.png
1,FERPlus_5324.png
1,FERPlus_5325.png
1,FERPlus_5326.png
1,FERPlus_5327.png
1,FERPlus_5328.png
1,FERPlus_5329.png
1,FERPlus_5330.png
1,FERPlus_5331.png
1,FERPlus_5332.png
1,FERPlus_5333.png
1,FERPlus_5334.png
1,FERPlus_5335.png
1,FERPlus_5336.png
1,FERPlus_5337.png
1,FERPlus_5338.png
1,FERPlus_5339.png
1,FERPlus_5340.png
1,FERPlus_5341.png
1,FERPlus_5342.png
1,FERPlus_5343.png
1,FERPlus_5344.png
1,FERPlus_5345.png
1,FERPlus_5346.png
1,FERPlus_5347.png
1,FERPlus_5348.png
1,FERPlus_5349.png
1,FERPlus_5350.png
1,FERPlus_5351.png
1,FERPlus_5352.png
1,FERPlus_5353.png
1,FERPlus_5354.png
1,FERPlus_5355.png
1,FERPlus_5356.png
1,FERPlus_5357.png
1,FERPlus_5358.png
1,FERPlus_5359.png
1,FERPlus_5360.png
1,FERPlus_5361.png
1,FERPlus_5362.png
1,FERPlus_5363.png
1,FERPlus_5364.png
1,FERPlus_5365.png
1,FERPlus_5366.png
1,FERPlus_5367.png
1,FERPlus_5368.png
1,FERPlus_5369.png
1,FERPlus_5370.png
1,FERPlus_5371.png
1,FERPlus_5372.png
1,FERPlus_5373.png
1,FERPlus_5374.png
1,FERPlus_5375.png
1,FERPlus_5376.png
1,FERPlus_5377.png
1,FERPlus_5378.png
1,FERPlus_5379.png
1,FERPlus_5380.png
1,FERPlus_5381.png
1,FERPlus_5382.png
1,FERPlus_5383.png
1,FERPlus_5384.png
1,FERPlus_5385.png
1,FERPlus_5386.png
1,FERPlus_5387.png
1,FERPlus_5388.png
1,FERPlus_5389.png
1,FERPlus_5390.png
1,FERPlus_5391.png
1,FERPlus_5392.png
1,FERPlus_5393.png
1,FERPlus_5394.png
1,FERPlus_5395.png
1,FERPlus_5396.png
1,FERPlus_5397.png
1,FERPlus_5398.png
1,FERPlus_5399.png
1,FERPlus_5400.png
1,FERPlus_5401.png
1,FERPlus_5402.png
1,FERPlus_5403.png
1,FERPlus_5404.png
1,FERPlus_5405.png
1,FERPlus_5406.png
1,FERPlus_5407.png
1,FERPlus_5408.png
1,FERPlus_5409.png
1,FERPlus_5410.png
1,FERPlus_5411.png
1,FERPlus_5412.png
1,FERPlus_5413.png
1,FERPlus_5414.png
1,FERPlus_5415.png
1,FERPlus_5416.png
1,FERPlus_5417.png
1,FERPlus_5418.png
1,FERPlus_5419.png
1,FERPlus_5420.png
1,FERPlus_5421.png
1,FERPlus_5422.png
1,FERPlus_5423.png
1,FERPlus_5424.png
1,FERPlus_5425.png
1,FERPlus_5426.png
1,FERPlus_5427.png
1,FERPlus_5428.png
1,FERPlus_5429.png
1,FERPlus_5430.png
1,FERPlus_5431.png
1,FERPlus_5432.png
1,FERPlus_5433.png
1,FERPlus_5434.png
1,FERPlus_5435.png
1,FERPlus_5436.png
1,FERPlus_5437.png
1,FERPlus_5438.png
1,FERPlus_5439.png
1,FERPlus_5440.png
1,FERPlus_5441.png
1,FERPlus_5442.png
1,FERPlus_5443.png
1,FERPlus_5444.png
1,FERPlus_5445.png
1,FERPlus_5446.png
1,FERPlus_5447.png
1,FERPlus_5448.png
1,FERPlus_5449.png
1,FERPlus_5450.png
1,FERPlus_5451.png
1,FERPlus_5452.png
1,FERPlus_5453.png
1,FERPlus_5454.png
1,FERPlus_5455.png
1,FERPlus_5456.png
1,FERPlus_5457.png
1,FERPlus_5458.png
1,FERPlus_5459.png
1,FERPlus_5460.png
1,FERPlus_5461.png
1,FERPlus_5462.png
1,FERPlus_5463.png
1,FERPlus_5464.png
1,FERPlus_5465.png
1,FERPlus_5466.png
1,FERPlus_5467.png
1,FERPlus_5468.png
1,FERPlus_5469.png
1,FERPlus_5470.png
1,FERPlus_5471.png
1,FERPlus_5472.png
1,FERPlus_5473.png
1,FERPlus_5474.png
1,FERPlus_5475.png
1,FERPlus_5476.png
1,FERPlus_5477.png
1,FERPlus_5478.png
1,FERPlus_5479.png
1,FERPlus_5480.png
1,FERPlus_5481.png
1,FERPlus_5482.png
1,FERPlus_5483.png
1,FERPlus_5484.png
1,FERPlus_5485.png
1,FERPlus_5486.png
1,FERPlus_5487.png
1,FERPlus_5488.png
1,FERPlus_5489.png
1,FERPlus_5490.png
1,FERPlus_5491.png
1,FERPlus_5492.png
1,FERPlus_5493.png
1,FERPlus_5494.png
1,FERPlus_5495.png
1,FERPlus_5496.png
1,FERPlus_5497.png
1,FERPlus_5498.png
1,FERPlus_5499.png
1,FERPlus_5500.png
1,FERPlus_5501.png
1,FERPlus_5502.png
1,FERPlus_5503.png
1,FERPlus_5504.png
1,FERPlus_5505.png
1,FERPlus_5506.png
1,FERPlus_5507.png
1,FERPlus_5508.png
1,FERPlus_5509.png
1,FERPlus_5510.png
1,FERPlus_5511.png
1,FERPlus_5512.png
1,FERPlus_5513.png
1,FERPlus_5514.png
1,FERPlus_5515.png
1,FERPlus_5516.png
1,FERPlus_5517.png
1,FERPlus_5518.png
1,FERPlus_5519.png
1,FERPlus_5520.png
1,FERPlus_5521.png
1,FERPlus_5522.png
1,FERPlus_5523.png
1,FERPlus_5524.png
1,FERPlus_5525.png
1,FERPlus_5526.png
1,FERPlus_5527.png
1,FERPlus_5528.png
1,FERPlus_5529.png
1,FERPlus_5530.png
1,FERPlus_5531.png
1,FERPlus_5532.png
1,FERPlus_5533.png
1,FERPlus_5534.png
1,FERPlus_5535.png
1,FERPlus_5536.png
1,FERPlus_5537.png
1,FERPlus_5538.png
1,FERPlus_5539.png
1,FERPlus_5540.png
1,FERPlus_5541.png
1,FERPlus_5542.png
1,FERPlus_5543.png
1,FERPlus_5544.png
1,FERPlus_5545.png
1,FERPlus_5546.png
1,FERPlus_5547.png
1,FERPlus_5548.png
1,FERPlus_5549.png
1,FERPlus_5550.png
1,FERPlus_5551.png
1,FERPlus_5552.png
1,FERPlus_5553.png
1,FERPlus_5554.png
1,FERPlus_5555.png
1,FERPlus_5556.png
1,FERPlus_5557.png
1,FERPlus_5558.png
1,FERPlus_5559.png
1,FERPlus_5560.png
1,FERPlus_5561.png
1,FERPlus_5562.png
1,FERPlus_5563.png
1,FERPlus_5564.png
1,FERPlus_5565.png
1,FERPlus_5566.png
1,FERPlus_5567.png
1,FERPlus_5568.png
1,FERPlus_5569.png
1,FERPlus_5570.png
1,FERPlus_5571.png
1,FERPlus_5572.png
1,FERPlus_5573.png
1,FERPlus_5574.png
1,FERPlus_5575.png
1,FERPlus_5576.png
1,FERPlus_5577.png
1,FERPlus_5578.png
1,FERPlus_5579.png
1,FERPlus_5580.png
1,FERPlus_5581.png
1,FERPlus_5582.png
1,FERPlus_5583.png
1,FERPlus_5584.png
1,FERPlus_5585.png
1,FERPlus_5586.png
1,FERPlus_5587.png
1,FERPlus_5588.png
1,FERPlus_5589.png
1,FERPlus_5590.png
1,FERPlus_5591.png
1,FERPlus_5592.png
1,FERPlus_5593.png
1,FERPlus_5594.png
1,FERPlus_5595.png
1,FERPlus_5596.png
1,FERPlus_5597.png
1,FERPlus_5598.png
1,FERPlus_5599.png
1,FERPlus_5600.png
1,FERPlus_5601.png
1,FERPlus_5602.png
1,FERPlus_5603.png
1,FERPlus_5604.png
1,FERPlus_5605.png
1,FERPlus_5606.png
1,FERPlus_5607.png
1,FERPlus_5608.png
1,FERPlus_5609.png
1,FERPlus_5610.png
1,FERPlus_5611.png
1,FERPlus_5612.png
1,FERPlus_5613.png
1,FERPlus_5614.png
1,FERPlus_5615.png
1,FERPlus_5616.png
1,FERPlus_5617.png
1,FERPlus_5618.png
1,FERPlus_5619.png
1,FERPlus_5620.png
1,FERPlus_5621.png
1,FERPlus_5622.png
1,FERPlus_5623.png
1,FERPlus_5624.png
1,FERPlus_5625.png
1,FERPlus_5626.png
1,FERPlus_5627.png
1,FERPlus_5628.png
1,FERPlus_5629.png
1,FERPlus_5630.png
1,FERPlus_5631.png
1,FERPlus_5632.png
1,FERPlus_5633.png
1,FERPlus_5634.png
1,FERPlus_5635.png
1,FERPlus_5636.png
1,FERPlus_5637.png
1,FERPlus_5638.png
1,FERPlus_5639.png
1,FERPlus_5640.png
1,FERPlus_5641.png
1,FERPlus_5642.png
1,FERPlus_5643.png
1,FERPlus_5644.png
1,FERPlus_5645.png
1,FERPlus_5646.png
1,FERPlus_5647.png
1,FERPlus_5648.png
1,FERPlus_5649.png
1,FERPlus_5650.png
1,FERPlus_5651.png
1,FERPlus_5652.png
1,FERPlus_5653.png
1,FERPlus_5654.png
1,FERPlus_5655.png
1,FERPlus_5656.png
1,FERPlus_5657.png
1,FERPlus_5658.png
1,FERPlus_5659.png
1,FERPlus_5660.png
1,FERPlus_5661.png
1,FERPlus_5662.png
1,FERPlus_5663.png
1,FERPlus_5664.png
1,FERPlus_5665.png
1,FERPlus_5666.png
1,FERPlus_5667.png
1,FERPlus_5668.png
1,FERPlus_5669.png
1,FERPlus_5670.png
1,FERPlus_5671.png
1,FERPlus_5672.png
1,FERPlus_5673.png
1,FERPlus_5674.png
1,FERPlus_5675.png
1,FERPlus_5676.png
1,FERPlus_5677.png
1,FERPlus_5678.png
1,FERPlus_5679.png
1,FERPlus_5680.png
1,FERPlus_5681.png
1,FERPlus_5682.png
1,FERPlus_5683.png
1,FERPlus_5684.png
1,FERPlus_5685.png
1,FERPlus_5686.png
1,FERPlus_5687.png
1,FERPlus_5688.png
1,FERPlus_5689.png
1,FERPlus_5690.png
1,FERPlus_5691.png
1,FERPlus_5692.png
1,FERPlus_5693.png
1,FERPlus_5694.png
1,FERPlus_5695.png
1,FERPlus_5696.png
1,FERPlus_5697.png
1,FERPlus_5698.png
1,FERPlus_5699.png
1,FERPlus_5700.png
1,FERPlus_5701.png
1,FERPlus_5702.png
1,FERPlus_5703.png
1,FERPlus_5704.png
1,FERPlus_5705.png
1,FERPlus_5706.png
1,FERPlus_5707.png
1,FERPlus_5708.png
1,FERPlus_5709.png
1,FERPlus_5710.png
1,FERPlus_5711.png
1,FERPlus_5712.png
1,FERPlus_5713.png
1,FERPlus_5714.png
1,FERPlus_5715.png
1,FERPlus_5716.png
1,FERPlus_5717.png
1,FERPlus_5718.png
1,FERPlus_5719.png
1,FERPlus_5720.png
1,FERPlus_5721.png
1,FERPlus_5722.png
1,FERPlus_5723.png
1,FERPlus_5724.png
1,FERPlus_5725.png
1,FERPlus_5726.png
1,FERPlus_5727.png
1,FERPlus_5728.png
1,FERPlus_5729.png
1,FERPlus_5730.png
1,FERPlus_5731.png
1,FERPlus_5732.png
1,FERPlus_5733.png
1,FERPlus_5734.png
1,FERPlus_5735.png
1,FERPlus_5736.png
1,FERPlus_5737.png
1,FERPlus_5738.png
1,FERPlus_5739.png
1,FERPlus_5740.png
1,FERPlus_5741.png
1,FERPlus_5742.png
1,FERPlus_5743.png
1,FERPlus_5744.png
1,FERPlus_5745.png
1,FERPlus_5746.png
1,FERPlus_5747.png
1,FERPlus_5748.png
1,FERPlus_5749.png
1,FERPlus_5750.png
1,FERPlus_5751.png
1,FERPlus_5752.png
1,FERPlus_5753.png
1,FERPlus_5754.png
1,FERPlus_5755.png
1,FERPlus_5756.png
1,FERPlus_5757.png
1,FERPlus_5758.png
1,FERPlus_5759.png
1,FERPlus_5760.png
1,FERPlus_5761.png
1,FERPlus_5762.png
1,FERPlus_5763.png
1,FERPlus_5764.png
1,FERPlus_5765.png
1,FERPlus_5766.png
1,FERPlus_5767.png
1,FERPlus_5768.png
1,FERPlus_5769.png
1,FERPlus_5770.png
1,FERPlus_5771.png
1,FERPlus_5772.png
1,FERPlus_5773.png
1,FERPlus_5774.png
1,FERPlus_5775.png
1,FERPlus_5776.png
1,FERPlus_5777.png
1,FERPlus_5778.png
1,FERPlus_5779.png
1,FERPlus_5780.png
1,FERPlus_5781.png
1,FERPlus_5782.png
1,FERPlus_5783.png
1,FERPlus_5784.png
1,FERPlus_5785.png
1,FERPlus_5786.png
1,FERPlus_5787.png
1,FERPlus_5788.png
1,FERPlus_5789.png
1,FERPlus_5790.png
1,FERPlus_5791.png
1,FERPlus_5792.png
1,FERPlus_5793.png
1,FERPlus_5794.png
1,FERPlus_5795.png
1,FERPlus_5796.png
1,FERPlus_5797.png
1,FERPlus_5798.png
1,FERPlus_5799.png
1,FERPlus_5800.png
1,FERPlus_5801.png
1,FERPlus_5802.png
1,FERPlus_5803.png
1,FERPlus_5804.png
1,FERPlus_5805.png
1,FERPlus_5806.png
1,FERPlus_5807.png
1,FERPlus_5808.png
1,FERPlus_5809.png
1,FERPlus_5810.png
1,FERPlus_5811.png
1,FERPlus_5812.png
1,FERPlus_5813.png
1,FERPlus_5814.png
1,FERPlus_5815.png
1,FERPlus_5816.png
1,FERPlus_5817.png
1,FERPlus_5818.png
1,FERPlus_5819.png
1,FERPlus_5820.png
1,FERPlus_5821.png
1,FERPlus_5822.png
1,FERPlus_5823.png
1,FERPlus_5824.png
1,FERPlus_5825.png
1,FERPlus_5826.png
1,FERPlus_5827.png
1,FERPlus_5828.png
1,FERPlus_5829.png
1,FERPlus_5830.png
1,FERPlus_5831.png
1,FERPlus_5832.png
1,FERPlus_5833.png
1,FERPlus_5834.png
1,FERPlus_5835.png
1,FERPlus_5836.png
1,FERPlus_5837.png
1,FERPlus_5838.png
1,FERPlus_5839.png
1,FERPlus_5840.png
1,FERPlus_5841.png
1,FERPlus_5842.png
1,FERPlus_5843.png
1,FERPlus_5844.png
1,FERPlus_5845.png
1,FERPlus_5846.png
1,FERPlus_5847.png
1,FERPlus_5848.png
1,FERPlus_5849.png
1,FERPlus_5850.png
1,FERPlus_5851.png
1,FERPlus_5852.png
1,FERPlus_5853.png
1,FERPlus_5854.png
1,FERPlus_5855.png
1,FERPlus_5856.png
1,FERPlus_5857.png
1,FERPlus_5858.png
1,FERPlus_5859.png
1,FERPlus_5860.png
1,FERPlus_5861.png
1,FERPlus_5862.png
1,FERPlus_5863.png
1,FERPlus_5864.png
1,FERPlus_5865.png
1,FERPlus_5866.png
1,FERPlus_5867.png
1,FERPlus_5868.png
1,FERPlus_5869.png
1,FERPlus_5870.png
1,FERPlus_5871.png
1,FERPlus_5872.png
1,FERPlus_5873.png
1,FERPlus_5874.png
1,FERPlus_5875.png
1,FERPlus_5876.png
1,FERPlus_5877.png
1,FERPlus_5878.png
1,FERPlus_5879.png
1,FERPlus_5880.png
1,FERPlus_5881.png
1,FERPlus_5882.png
1,FERPlus_5883.png
1,FERPlus_5884.png
1,FERPlus_5885.png
1,FERPlus_5886.png
1,FERPlus_5887.png
1,FERPlus_5888.png
1,FERPlus_5889.png
1,FERPlus_5890.png
1,FERPlus_5891.png
1,FERPlus_5892.png
1,FERPlus_5893.png
1,FERPlus_5894.png
1,FERPlus_5895.png
1,FERPlus_5896.png
1,FERPlus_5897.png
1,FERPlus_5898.png
1,FERPlus_5899.png
1,FERPlus_5900.png
1,FERPlus_5901.png
1,FERPlus_5902.png
1,FERPlus_5903.png
1,FERPlus_5904.png
1,FERPlus_5905.png
1,FERPlus_5906.png
1,FERPlus_5907.png
1,FERPlus_5908.png
1,FERPlus_5909.png
1,FERPlus_5910.png
1,FERPlus_5911.png
1,FERPlus_5912.png
1,FERPlus_5913.png
1,FERPlus_5914.png
1,FERPlus_5915.png
1,FERPlus_5916.png
1,FERPlus_5917.png
1,FERPlus_5918.png
1,FERPlus_5919.png
1,FERPlus_5920.png
1,FERPlus_5921.png
1,FERPlus_5922.png
1,FERPlus_5923.png
1,FERPlus_5924.png
1,FERPlus_5925.png
1,FERPlus_5926.png
1,FERPlus_5927.png
1,FERPlus_5928.png
1,FERPlus_5929.png
1,FERPlus_5930.png
1,FERPlus_5931.png
1,FERPlus_5932.png
1,FERPlus_5933.png
1,FERPlus_5934.png
1,FERPlus_5935.png
1,FERPlus_5936.png
1,FERPlus_5937.png
1,FERPlus_5938.png
1,FERPlus_5939.png
1,FERPlus_5940.png
1,FERPlus_5941.png
1,FERPlus_5942.png
1,FERPlus_5943.png
1,FERPlus_5944.png
1,FERPlus_5945.png
1,FERPlus_5946.png
1,FERPlus_5947.png
1,FERPlus_5948.png
1,FERPlus_5949.png
1,FERPlus_5950.png
1,FERPlus_5951.png
1,FERPlus_5952.png
1,FERPlus_5953.png
1,FERPlus_5954.png
1,FERPlus_5955.png
1,FERPlus_5956.png
1,FERPlus_5957.png
1,FERPlus_5958.png
1,FERPlus_5959.png
1,FERPlus_5960.png
1,FERPlus_5961.png
1,FERPlus_5962.png
1,FERPlus_5963.png
1,FERPlus_5964.png
1,FERPlus_5965.png
1,FERPlus_5966.png
1,FERPlus_5967.png
1,FERPlus_5968.png
1,FERPlus_5969.png
1,FERPlus_5970.png
1,FERPlus_5971.png
1,FERPlus_5972.png
1,FERPlus_5973.png
1,FERPlus_5974.png
1,FERPlus_5975.png
1,FERPlus_5976.png
1,FERPlus_5977.png
1,FERPlus_5978.png
1,FERPlus_5979.png
1,FERPlus_5980.png
1,FERPlus_5981.png
1,FERPlus_5982.png
1,FERPlus_5983.png
1,FERPlus_5984.png
1,FERPlus_5985.png
1,FERPlus_5986.png
1,FERPlus_5987.png
1,FERPlus_5988.png
1,FERPlus_5989.png
1,FERPlus_5990.png
1,FERPlus_5991.png
1,FERPlus_5992.png
1,FERPlus_5993.png
1,FERPlus_5994.png
1,FERPlus_5995.png
1,FERPlus_5996.png
1,FERPlus_5997.png
1,FERPlus_5998.png
1,FERPlus_5999.png
1,FERPlus_6000.png
1,FERPlus_6001.png
1,FERPlus_6002.png
1,FERPlus_6003.png
1,FERPlus_6004.png
1,FERPlus_6005.png
1,FERPlus_6006.png
1,FERPlus_6007.png
1,FERPlus_6008.png
1,FERPlus_6009.png
1,FERPlus_6010.png
1,FERPlus_6011.png
1,FERPlus_6012.png
1,FERPlus_6013.png
1,FERPlus_6014.png
1,FERPlus_6015.png
1,FERPlus_6016.png
1,FERPlus_6017.png
1,FERPlus_6018.png
1,FERPlus_6019.png
1,FERPlus_6020.png
1,FERPlus_6021.png
1,FERPlus_6022.png
1,FERPlus_6023.png
1,FERPlus_6024.png
1,FERPlus_6025.png
1,FERPlus_6026.png
1,FERPlus_6027.png
1,FERPlus_6028.png
1,FERPlus_6029.png
1,FERPlus_6030.png
1,FERPlus_6031.png
1,FERPlus_6032.png
1,FERPlus_6033.png
1,FERPlus_6034.png
1,FERPlus_6035.png
1,FERPlus_6036.png
1,FERPlus_6037.png
1,FERPlus_6038.png
1,FERPlus_6039.png
1,FERPlus_6040.png
1,FERPlus_6041.png
1,FERPlus_6042.png
1,FERPlus_6043.png
1,FERPlus_6044.png
1,FERPlus_6045.png
1,FERPlus_6046.png
1,FERPlus_6047.png
1,FERPlus_6048.png
1,FERPlus_6049.png
1,FERPlus_6050.png
1,FERPlus_6051.png
1,FERPlus_6052.png
1,FERPlus_6053.png
1,FERPlus_6054.png
1,FERPlus_6055.png
1,FERPlus_6056.png
1,FERPlus_6057.png
1,FERPlus_6058.png
1,FERPlus_6059.png
1,FERPlus_6060.png
1,FERPlus_6061.png
1,FERPlus_6062.png
1,FERPlus_6063.png
1,FERPlus_6064.png
1,FERPlus_6065.png
1,FERPlus_6066.png
1,FERPlus_6067.png
1,FERPlus_6068.png
1,FERPlus_6069.png
1,FERPlus_6070.png
1,FERPlus_6071.png
1,FERPlus_6072.png
1,FERPlus_6073.png
1,FERPlus_6074.png
1,FERPlus_6075.png
1,FERPlus_6076.png
1,FERPlus_6077.png
1,FERPlus_6078.png
1,FERPlus_6079.png
1,FERPlus_6080.png
1,FERPlus_6081.png
1,FERPlus_6082.png
1,FERPlus_6083.png
1,FERPlus_6084.png
1,FERPlus_6085.png
1,FERPlus_6086.png
1,FERPlus_6087.png
1,FERPlus_6088.png
1,FERPlus_6089.png
1,FERPlus_6090.png
1,FERPlus_6091.png
1,FERPlus_6092.png
1,FERPlus_6093.png
1,FERPlus_6094.png
1,FERPlus_6095.png
1,FERPlus_6096.png
1,FERPlus_6097.png
1,FERPlus_6098.png
1,FERPlus_6099.png
1,FERPlus_6100.png
1,FERPlus_6101.png
1,FERPlus_6102.png
1,FERPlus_6103.png
1,FERPlus_6104.png
1,FERPlus_6105.png
1,FERPlus_6106.png
1,FERPlus_6107.png
1,FERPlus_6108.png
1,FERPlus_6109.png
1,FERPlus_6110.png
1,FERPlus_6111.png
1,FERPlus_6112.png
1,FERPlus_6113.png
1,FERPlus_6114.png
1,FERPlus_6115.png
1,FERPlus_6116.png
1,FERPlus_6117.png
1,FERPlus_6118.png
1,FERPlus_6119.png
1,FERPlus_6120.png
1,FERPlus_6121.png
1,FERPlus_6122.png
1,FERPlus_6123.png
1,FERPlus_6124.png
1,FERPlus_6125.png
1,FERPlus_6126.png
1,FERPlus_6127.png
1,FERPlus_6128.png
1,FERPlus_6129.png
1,FERPlus_6130.png
1,FERPlus_6131.png
1,FERPlus_6132.png
1,FERPlus_6133.png
1,FERPlus_6134.png
1,FERPlus_6135.png
1,FERPlus_6136.png
1,FERPlus_6137.png
1,FERPlus_6138.png
1,FERPlus_6139.png
1,FERPlus_6140.png
1,FERPlus_6141.png
1,FERPlus_6142.png
1,FERPlus_6143.png
1,FERPlus_6144.png
1,FERPlus_6145.png
1,FERPlus_6146.png
1,FERPlus_6147.png
1,FERPlus_6148.png
1,FERPlus_6149.png
1,FERPlus_6150.png
1,FERPlus_6151.png
1,FERPlus_6152.png
1,FERPlus_6153.png
1,FERPlus_6154.png
1,FERPlus_6155.png
1,FERPlus_6156.png
1,FERPlus_6157.png
1,FERPlus_6158.png
1,FERPlus_6159.png
1,FERPlus_6160.png
1,FERPlus_6161.png
1,FERPlus_6162.png
1,FERPlus_6163.png
1,FERPlus_6164.png
1,FERPlus_6165.png
1,FERPlus_6166.png
1,FERPlus_6167.png
1,FERPlus_6168.png
1,FERPlus_6169.png
1,FERPlus_6170.png
1,FERPlus_6171.png
1,FERPlus_6172.png
1,FERPlus_6173.png
1,FERPlus_6174.png
1,FERPlus_6175.png
1,FERPlus_6176.png
1,FERPlus_6177.png
1,FERPlus_6178.png
1,FERPlus_6179.png
1,FERPlus_6180.png
1,FERPlus_6181.png
1,FERPlus_6182.png
1,FERPlus_6183.png
1,FERPlus_6184.png
1,FERPlus_6185.png
1,FERPlus_6186.png
1,FERPlus_6187.png
1,FERPlus_6188.png
1,FERPlus_6189.png
1,FERPlus_6190.png
1,FERPlus_6191.png
1,FERPlus_6192.png
1,FERPlus_6193.png
1,FERPlus_6194.png
1,FERPlus_6195.png
1,FERPlus_6196.png
1,FERPlus_6197.png
1,FERPlus_6198.png
1,FERPlus_6199.png
1,FERPlus_6200.png
1,FERPlus_6201.png
1,FERPlus_6202.png
1,FERPlus_6203.png
1,FERPlus_6204.png
1,FERPlus_6205.png
1,FERPlus_6206.png
1,FERPlus_6207.png
1,FERPlus_6208.png
1,FERPlus_6209.png
1,FERPlus_6210.png
1,FERPlus_6211.png
1,FERPlus_6212.png
1,FERPlus_6213.png
1,FERPlus_6214.png
1,FERPlus_6215.png
1,FERPlus_6216.png
1,FERPlus_6217.png
1,FERPlus_6218.png
1,FERPlus_6219.png
1,FERPlus_6220.png
1,FERPlus_6221.png
1,FERPlus_6222.png
1,FERPlus_6223.png
1,FERPlus_6224.png
1,FERPlus_6225.png
1,FERPlus_6226.png
1,FERPlus_6227.png
1,FERPlus_6228.png
1,FERPlus_6229.png
1,FERPlus_6230.png
1,FERPlus_6231.png
1,FERPlus_6232.png
1,FERPlus_6233.png
1,FERPlus_6234.png
1,FERPlus_6235.png
1,FERPlus_6236.png
1,FERPlus_6237.png
1,FERPlus_6238.png
1,FERPlus_6239.png
1,FERPlus_6240.png
1,FERPlus_6241.png
1,FERPlus_6242.png
1,FERPlus_6243.png
1,FERPlus_6244.png
1,FERPlus_6245.png
1,FERPlus_6246.png
1,FERPlus_6247.png
1,FERPlus_6248.png
1,FERPlus_6249.png
1,FERPlus_6250.png
1,FERPlus_6251.png
1,FERPlus_6252.png
1,FERPlus_6253.png
1,FERPlus_6254.png
1,FERPlus_6255.png
1,FERPlus_6256.png
1,FERPlus_6257.png
1,FERPlus_6258.png
1,FERPlus_6259.png
1,FERPlus_6260.png
1,FERPlus_6261.png
1,FERPlus_6262.png
1,FERPlus_6263.png
1,FERPlus_6264.png
1,FERPlus_6265.png
1,FERPlus_6266.png
1,FERPlus_6267.png
1,FERPlus_6268.png
1,FERPlus_6269.png
1,FERPlus_6270.png
1,FERPlus_6271.png
1,FERPlus_6272.png
1,FERPlus_6273.png
1,FERPlus_6274.png
1,FERPlus_6275.png
1,FERPlus_6276.png
1,FERPlus_6277.png
1,FERPlus_6278.png
1,FERPlus_6279.png
1,FERPlus_6280.png
1,FERPlus_6281.png
1,FERPlus_6282.png
1,FERPlus_6283.png
1,FERPlus_6284.png
1,FERPlus_6285.png
1,FERPlus_6286.png
1,FERPlus_6287.png
1,FERPlus_6288.png
1,FERPlus_6289.png
1,FERPlus_6290.png
1,FERPlus_6291.png
1,FERPlus_6292.png
1,FERPlus_6293.png
1,FERPlus_6294.png
1,FERPlus_6295.png
1,FERPlus_6296.png
1,FERPlus_6297.png
1,FERPlus_6298.png
1,FERPlus_6299.png
1,FERPlus_6300.png
1,FERPlus_6301.png
1,FERPlus_6302.png
1,FERPlus_6303.png
1,FERPlus_6304.png
1,FERPlus_6305.png
1,FERPlus_6306.png
1,FERPlus_6307.png
1,FERPlus_6308.png
1,FERPlus_6309.png
1,FERPlus_6310.png
1,FERPlus_6311.png
1,FERPlus_6312.png
1,FERPlus_6313.png
1,FERPlus_6314.png
1,FERPlus_6315.png
1,FERPlus_6316.png
1,FERPlus_6317.png
1,FERPlus_6318.png
1,FERPlus_6319.png
1,FERPlus_6320.png
1,FERPlus_6321.png
1,FERPlus_6322.png
1,FERPlus_6323.png
1,FERPlus_6324.png
1,FERPlus_6325.png
1,FERPlus_6326.png
1,FERPlus_6327.png
1,FERPlus_6328.png
1,FERPlus_6329.png
1,FERPlus_6330.png
1,FERPlus_6331.png
1,FERPlus_6332.png
1,FERPlus_6333.png
1,FERPlus_6334.png
1,FERPlus_6335.png
1,FERPlus_6336.png
1,FERPlus_6337.png
1,FERPlus_6338.png
1,FERPlus_6339.png
1,FERPlus_6340.png
1,FERPlus_6341.png
1,FERPlus_6342.png
1,FERPlus_6343.png
1,FERPlus_6344.png
1,FERPlus_6345.png
1,FERPlus_6346.png
1,FERPlus_6347.png
1,FERPlus_6348.png
1,FERPlus_6349.png
1,FERPlus_6350.png
1,FERPlus_6351.png
1,FERPlus_6352.png
1,FERPlus_6353.png
1,FERPlus_6354.png
1,FERPlus_6355.png
1,FERPlus_6356.png
1,FERPlus_6357.png
1,FERPlus_6358.png
1,FERPlus_6359.png
1,FERPlus_6360.png
1,FERPlus_6361.png
1,FERPlus_6362.png
1,FERPlus_6363.png
1,FERPlus_6364.png
1,FERPlus_6365.png
1,FERPlus_6366.png
1,FERPlus_6367.png
1,FERPlus_6368.png
1,FERPlus_6369.png
1,FERPlus_6370.png
1,FERPlus_6371.png
1,FERPlus_6372.png
1,FERPlus_6373.png
1,FERPlus_6374.png
1,FERPlus_6375.png
1,FERPlus_6376.png
1,FERPlus_6377.png
1,FERPlus_6378.png
1,FERPlus_6379.png
1,FERPlus_6380.png
1,FERPlus_6381.png
1,FERPlus_6382.png
1,FERPlus_6383.png
1,FERPlus_6384.png
1,FERPlus_6385.png
1,FERPlus_6386.png
1,FERPlus_6387.png
1,FERPlus_6388.png
1,FERPlus_6389.png
1,FERPlus_6390.png
1,FERPlus_6391.png
1,FERPlus_6392.png
1,FERPlus_6393.png
1,FERPlus_6394.png
1,FERPlus_6395.png
1,FERPlus_6396.png
1,FERPlus_6397.png
1,FERPlus_6398.png
1,FERPlus_6399.png
1,FERPlus_6400.png
1,FERPlus_6401.png
1,FERPlus_6402.png
1,FERPlus_6403.png
1,FERPlus_6404.png
1,FERPlus_6405.png
1,FERPlus_6406.png
1,FERPlus_6407.png
1,FERPlus_6408.png
1,FERPlus_6409.png
1,FERPlus_6410.png
1,FERPlus_6411.png
1,FERPlus_6412.png
1,FERPlus_6413.png
1,FERPlus_6414.png
1,FERPlus_6415.png
1,FERPlus_6416.png
1,FERPlus_6417.png
1,FERPlus_6418.png
1,FERPlus_6419.png
1,FERPlus_6420.png
1,FERPlus_6421.png
1,FERPlus_6422.png
1,FERPlus_6423.png
1,FERPlus_6424.png
1,FERPlus_6425.png
1,FERPlus_6426.png
1,FERPlus_6427.png
1,FERPlus_6428.png
1,FERPlus_6429.png
1,FERPlus_6430.png
1,FERPlus_6431.png
1,FERPlus_6432.png
1,FERPlus_6433.png
1,FERPlus_6434.png
1,FERPlus_6435.png
1,FERPlus_6436.png
1,FERPlus_6437.png
1,FERPlus_6438.png
1,FERPlus_6439.png
1,FERPlus_6440.png
1,FERPlus_6441.png
1,FERPlus_6442.png
1,FERPlus_6443.png
1,FERPlus_6444.png
1,FERPlus_6445.png
1,FERPlus_6446.png
1,FERPlus_6447.png
1,FERPlus_6448.png
1,FERPlus_6449.png
1,FERPlus_6450.png
1,FERPlus_6451.png
1,FERPlus_6452.png
1,FERPlus_6453.png
1,FERPlus_6454.png
1,FERPlus_6455.png
1,FERPlus_6456.png
1,FERPlus_6457.png
1,FERPlus_6458.png
1,FERPlus_6459.png
1,FERPlus_6460.png
1,FERPlus_6461.png
1,FERPlus_6462.png
1,FERPlus_6463.png
1,FERPlus_6464.png
1,FERPlus_6465.png
1,FERPlus_6466.png
1,FERPlus_6467.png
1,FERPlus_6468.png
1,FERPlus_6469.png
1,FERPlus_6470.png
1,FERPlus_6471.png
1,FERPlus_6472.png
1,FERPlus_6473.png
1,FERPlus_6474.png
1,FERPlus_6475.png
1,FERPlus_6476.png
1,FERPlus_6477.png
1,FERPlus_6478.png
1,FERPlus_6479.png
1,FERPlus_6480.png
1,FERPlus_6481.png
1,FERPlus_6482.png
1,FERPlus_6483.png
1,FERPlus_6484.png
1,FERPlus_6485.png
1,FERPlus_6486.png
1,FERPlus_6487.png
1,FERPlus_6488.png
1,FERPlus_6489.png
1,FERPlus_6490.png
1,FERPlus_6491.png
1,FERPlus_6492.png
1,FERPlus_6493.png
1,FERPlus_6494.png
1,FERPlus_6495.png
1,FERPlus_6496.png
1,FERPlus_6497.png
1,FERPlus_6498.png
1,FERPlus_6499.png
1,FERPlus_6500.png
1,FERPlus_6501.png
1,FERPlus_6502.png
1,FERPlus_6503.png
1,FERPlus_6504.png
1,FERPlus_6505.png
1,FERPlus_6506.png
1,FERPlus_6507.png
1,FERPlus_6508.png
1,FERPlus_6509.png
1,FERPlus_6510.png
1,FERPlus_6511.png
1,FERPlus_6512.png
1,FERPlus_6513.png
1,FERPlus_6514.png
1,FERPlus_6515.png
1,FERPlus_6516.png
1,FERPlus_6517.png
1,FERPlus_6518.png
1,FERPlus_6519.png
1,FERPlus_6520.png
1,FERPlus_6521.png
1,FERPlus_6522.png
1,FERPlus_6523.png
1,FERPlus_6524.png
1,FERPlus_6525.png
1,FERPlus_6526.png
1,FERPlus_6527.png
1,FERPlus_6528.png
1,FERPlus_6529.png
1,FERPlus_6530.png
1,FERPlus_6531.png
1,FERPlus_6532.png
1,FERPlus_6533.png
1,FERPlus_6534.png
1,FERPlus_6535.png
1,FERPlus_6536.png
1,FERPlus_6537.png
1,FERPlus_6538.png
1,FERPlus_6539.png
1,FERPlus_6540.png
1,FERPlus_6541.png
1,FERPlus_6542.png
1,FERPlus_6543.png
1,FERPlus_6544.png
1,FERPlus_6545.png
1,FERPlus_6546.png
1,FERPlus_6547.png
1,FERPlus_6548.png
1,FERPlus_6549.png
1,FERPlus_6550.png
1,FERPlus_6551.png
1,FERPlus_6552.png
1,FERPlus_6553.png
1,FERPlus_6554.png
1,FERPlus_6555.png
1,FERPlus_6556.png
1,FERPlus_6557.png
1,FERPlus_6558.png
1,FERPlus_6559.png
1,FERPlus_6560.png
1,FERPlus_6561.png
1,FERPlus_6562.png
1,FERPlus_6563.png
1,FERPlus_6564.png
1,FERPlus_6565.png
1,FERPlus_6566.png
1,FERPlus_6567.png
1,FERPlus_6568.png
1,FERPlus_6569.png
1,FERPlus_6570.png
1,FERPlus_6571.png
1,FERPlus_6572.png
1,FERPlus_6573.png
1,FERPlus_6574.png
1,FERPlus_6575.png
1,FERPlus_6576.png
1,FERPlus_6577.png
1,FERPlus_6578.png
1,FERPlus_6579.png
1,FERPlus_6580.png
1,FERPlus_6581.png
1,FERPlus_6582.png
1,FERPlus_6583.png
1,FERPlus_6584.png
1,FERPlus_6585.png
1,FERPlus_6586.png
1,FERPlus_6587.png
1,FERPlus_6588.png
1,FERPlus_6589.png
1,FERPlus_6590.png
1,FERPlus_6591.png
1,FERPlus_6592.png
1,FERPlus_6593.png
1,FERPlus_6594.png
1,FERPlus_6595.png
1,FERPlus_6596.png
1,FERPlus_6597.png
1,FERPlus_6598.png
1,FERPlus_6599.png
1,FERPlus_6600.png
1,FERPlus_6601.png
1,FERPlus_6602.png
1,FERPlus_6603.png
1,FERPlus_6604.png
1,FERPlus_6605.png
1,FERPlus_6606.png
1,FERPlus_6607.png
1,FERPlus_6608.png
1,FERPlus_6609.png
1,FERPlus_6610.png
1,FERPlus_6611.png
1,FERPlus_6612.png
1,FERPlus_6613.png
1,FERPlus_6614.png
1,FERPlus_6615.png
1,FERPlus_6616.png
1,FERPlus_6617.png
1,FERPlus_6618.png
1,FERPlus_6619.png
1,FERPlus_6620.png
1,FERPlus_6621.png
1,FERPlus_6622.png
1,FERPlus_6623.png
1,FERPlus_6624.png
1,FERPlus_6625.png
1,FERPlus_6626.png
1,FERPlus_6627.png
1,FERPlus_6628.png
1,FERPlus_6629.png
1,FERPlus_6630.png
1,FERPlus_6631.png
1,FERPlus_6632.png
1,FERPlus_6633.png
1,FERPlus_6634.png
1,FERPlus_6635.png
1,FERPlus_6636.png
1,FERPlus_6637.png
1,FERPlus_6638.png
1,FERPlus_6639.png
1,FERPlus_6640.png
1,FERPlus_6641.png
1,FERPlus_6642.png
1,FERPlus_6643.png
1,FERPlus_6644.png
1,FERPlus_6645.png
1,FERPlus_6646.png
1,FERPlus_6647.png
1,FERPlus_6648.png
1,FERPlus_6649.png
1,FERPlus_6650.png
1,FERPlus_6651.png
1,FERPlus_6652.png
1,FERPlus_6653.png
1,FERPlus_6654.png
1,FERPlus_6655.png
1,FERPlus_6656.png
1,FERPlus_6657.png
1,FERPlus_6658.png
1,FERPlus_6659.png
1,FERPlus_6660.png
1,FERPlus_6661.png
1,FERPlus_6662.png
1,FERPlus_6663.png
1,FERPlus_6664.png
1,FERPlus_6665.png
1,FERPlus_6666.png
1,FERPlus_6667.png
1,FERPlus_6668.png
1,FERPlus_6669.png
1,FERPlus_6670.png
1,FERPlus_6671.png
1,FERPlus_6672.png
1,FERPlus_6673.png
1,FERPlus_6674.png
1,FERPlus_6675.png
1,FERPlus_6676.png
1,FERPlus_6677.png
1,FERPlus_6678.png
1,FERPlus_6679.png
1,FERPlus_6680.png
1,FERPlus_6681.png
1,FERPlus_6682.png
1,FERPlus_6683.png
1,FERPlus_6684.png
1,FERPlus_6685.png
1,FERPlus_6686.png
1,FERPlus_6687.png
1,FERPlus_6688.png
1,FERPlus_6689.png
1,FERPlus_6690.png
1,FERPlus_6691.png
1,FERPlus_6692.png
1,FERPlus_6693.png
1,FERPlus_6694.png
1,FERPlus_6695.png
1,FERPlus_6696.png
1,FERPlus_6697.png
1,FERPlus_6698.png
1,FERPlus_6699.png
1,FERPlus_6700.png
1,FERPlus_6701.png
1,FERPlus_6702.png
1,FERPlus_6703.png
1,FERPlus_6704.png
1,FERPlus_6705.png
1,FERPlus_6706.png
1,FERPlus_6707.png
1,FERPlus_6708.png
1,FERPlus_6709.png
1,FERPlus_6710.png
1,FERPlus_6711.png
1,FERPlus_6712.png
1,FERPlus_6713.png
1,FERPlus_6714.png
1,FERPlus_6715.png
1,FERPlus_6716.png
1,FERPlus_6717.png
1,FERPlus_6718.png
1,FERPlus_6719.png
1,FERPlus_6720.png
1,FERPlus_6721.png
1,FERPlus_6722.png
1,FERPlus_6723.png
1,FERPlus_6724.png
1,FERPlus_6725.png
1,FERPlus_6726.png
1,FERPlus_6727.png
1,FERPlus_6728.png
1,FERPlus_6729.png
1,FERPlus_6730.png
1,FERPlus_6731.png
1,FERPlus_6732.png
1,FERPlus_6733.png
1,FERPlus_6734.png
1,FERPlus_6735.png
1,FERPlus_6736.png
1,FERPlus_6737.png
1,FERPlus_6738.png
1,FERPlus_6739.png
1,FERPlus_6740.png
1,FERPlus_6741.png
1,FERPlus_6742.png
1,FERPlus_6743.png
1,FERPlus_6744.png
1,FERPlus_6745.png
1,FERPlus_6746.png
1,FERPlus_6747.png
1,FERPlus_6748.png
1,FERPlus_6749.png
1,FERPlus_6750.png
1,FERPlus_6751.png
1,FERPlus_6752.png
1,FERPlus_6753.png
1,FERPlus_6754.png
1,FERPlus_6755.png
1,FERPlus_6756.png
1,FERPlus_6757.png
1,FERPlus_6758.png
1,FERPlus_6759.png
1,FERPlus_6760.png
1,FERPlus_6761.png
1,FERPlus_6762.png
1,FERPlus_6763.png
1,FERPlus_6764.png
1,FERPlus_6765.png
1,FERPlus_6766.png
1,FERPlus_6767.png
1,FERPlus_6768.png
1,FERPlus_6769.png
1,FERPlus_6770.png
1,FERPlus_6771.png
1,FERPlus_6772.png
1,FERPlus_6773.png
1,FERPlus_6774.png
1,FERPlus_6775.png
1,FERPlus_6776.png
1,FERPlus_6777.png
1,FERPlus_6778.png
1,FERPlus_6779.png
1,FERPlus_6780.png
1,FERPlus_6781.png
1,FERPlus_6782.png
1,FERPlus_6783.png
1,FERPlus_6784.png
1,FERPlus_6785.png
1,FERPlus_6786.png
1,FERPlus_6787.png
1,FERPlus_6788.png
1,FERPlus_6789.png
1,FERPlus_6790.png
1,FERPlus_6791.png
1,FERPlus_6792.png
1,FERPlus_6793.png
1,FERPlus_6794.png
1,FERPlus_6795.png
1,FERPlus_6796.png
1,FERPlus_6797.png
1,FERPlus_6798.png
1,FERPlus_6799.png
1,FERPlus_6800.png
1,FERPlus_6801.png
1,FERPlus_6802.png
1,FERPlus_6803.png
1,FERPlus_6804.png
1,FERPlus_6805.png
1,FERPlus_6806.png
1,FERPlus_6807.png
1,FERPlus_6808.png
1,FERPlus_6809.png
1,FERPlus_6810.png
1,FERPlus_6811.png
1,FERPlus_6812.png
1,FERPlus_6813.png
1,FERPlus_6814.png
1,FERPlus_6815.png
1,FERPlus_6816.png
1,FERPlus_6817.png
1,FERPlus_6818.png
1,FERPlus_6819.png
1,FERPlus_6820.png
1,FERPlus_6821.png
1,FERPlus_6822.png
1,FERPlus_6823.png
1,FERPlus_6824.png
1,FERPlus_6825.png
1,FERPlus_6826.png
1,FERPlus_6827.png
1,FERPlus_6828.png
1,FERPlus_6829.png
1,FERPlus_6830.png
1,FERPlus_6831.png
1,FERPlus_6832.png
1,FERPlus_6833.png
1,FERPlus_6834.png
1,FERPlus_6835.png
1,FERPlus_6836.png
1,FERPlus_6837.png
1,FERPlus_6838.png
1,FERPlus_6839.png
1,FERPlus_6840.png
1,FERPlus_6841.png
1,FERPlus_6842.png
1,FERPlus_6843.png
1,FERPlus_6844.png
1,FERPlus_6845.png
1,FERPlus_6846.png
1,FERPlus_6847.png
1,FERPlus_6848.png
1,FERPlus_6849.png
1,FERPlus_6850.png
1,FERPlus_6851.png
1,FERPlus_6852.png
1,FERPlus_6853.png
1,FERPlus_6854.png
1,FERPlus_6855.png
1,FERPlus_6856.png
1,FERPlus_6857.png
1,FERPlus_6858.png
1,FERPlus_6859.png
1,FERPlus_6860.png
1,FERPlus_6861.png
1,FERPlus_6862.png
1,FERPlus_6863.png
1,FERPlus_6864.png
1,FERPlus_6865.png
1,FERPlus_6866.png
1,FERPlus_6867.png
1,FERPlus_6868.png
1,FERPlus_6869.png
1,FERPlus_6870.png
1,FERPlus_6871.png
1,FERPlus_6872.png
1,FERPlus_6873.png
1,FERPlus_6874.png
1,FERPlus_6875.png
1,FERPlus_6876.png
1,FERPlus_6877.png
1,FERPlus_6878.png
1,FERPlus_6879.png
1,FERPlus_6880.png
1,FERPlus_6881.png
1,FERPlus_6882.png
1,FERPlus_6883.png
1,FERPlus_6884.png
1,FERPlus_6885.png
1,FERPlus_6886.png
1,FERPlus_6887.png
1,FERPlus_6888.png
1,FERPlus_6889.png
1,FERPlus_6890.png
1,FERPlus_6891.png
1,FERPlus_6892.png
1,FERPlus_6893.png
1,FERPlus_6894.png
1,FERPlus_6895.png
1,FERPlus_6896.png
1,FERPlus_6897.png
1,FERPlus_6898.png
1,FERPlus_6899.png
1,FERPlus_6900.png
1,FERPlus_6901.png
1,FERPlus_6902.png
1,FERPlus_6903.png
1,FERPlus_6904.png
1,FERPlus_6905.png
1,FERPlus_6906.png
1,FERPlus_6907.png
1,FERPlus_6908.png
1,FERPlus_6909.png
1,FERPlus_6910.png
1,FERPlus_6911.png
1,FERPlus_6912.png
1,FERPlus_6913.png
1,FERPlus_6914.png
1,FERPlus_6915.png
1,FERPlus_6916.png
1,FERPlus_6917.png
1,FERPlus_6918.png
1,FERPlus_6919.png
1,FERPlus_6920.png
1,FERPlus_6921.png
1,FERPlus_6922.png
1,FERPlus_6923.png
1,FERPlus_6924.png
1,FERPlus_6925.png
1,FERPlus_6926.png
1,FERPlus_6927.png
1,FERPlus_6928.png
1,FERPlus_6929.png
1,FERPlus_6930.png
1,FERPlus_6931.png
1,FERPlus_6932.png
1,FERPlus_6933.png
1,FERPlus_6934.png
1,FERPlus_6935.png
1,FERPlus_6936.png
1,FERPlus_6937.png
1,FERPlus_6938.png
1,FERPlus_6939.png
1,FERPlus_6940.png
1,FERPlus_6941.png
1,FERPlus_6942.png
1,FERPlus_6943.png
1,FERPlus_6944.png
1,FERPlus_6945.png
1,FERPlus_6946.png
1,FERPlus_6947.png
1,FERPlus_6948.png
1,FERPlus_6949.png
1,FERPlus_6950.png
1,FERPlus_6951.png
1,FERPlus_6952.png
1,FERPlus_6953.png
1,FERPlus_6954.png
1,FERPlus_6955.png
1,FERPlus_6956.png
1,FERPlus_6957.png
1,FERPlus_6958.png
1,FERPlus_6959.png
1,FERPlus_6960.png
1,FERPlus_6961.png
1,FERPlus_6962.png
1,FERPlus_6963.png
1,FERPlus_6964.png
1,FERPlus_6965.png
1,FERPlus_6966.png
1,FERPlus_6967.png
1,FERPlus_6968.png
1,FERPlus_6969.png
1,FERPlus_6970.png
1,FERPlus_6971.png
1,FERPlus_6972.png
1,FERPlus_6973.png
1,FERPlus_6974.png
1,FERPlus_6975.png
1,FERPlus_6976.png
1,FERPlus_6977.png
1,FERPlus_6978.png
1,FERPlus_6979.png
1,FERPlus_6980.png
1,FERPlus_6981.png
1,FERPlus_6982.png
1,FERPlus_6983.png
1,FERPlus_6984.png
1,FERPlus_6985.png
1,FERPlus_6986.png
1,FERPlus_6987.png
1,FERPlus_6988.png
1,FERPlus_6989.png
1,FERPlus_6990.png
1,FERPlus_6991.png
1,FERPlus_6992.png
1,FERPlus_6993.png
1,FERPlus_6994.png
1,FERPlus_6995.png
1,FERPlus_6996.png
1,FERPlus_6997.png
1,FERPlus_6998.png
1,FERPlus_6999.png
1,FERPlus_7000.png
1,FERPlus_7001.png
1,FERPlus_7002.png
1,FERPlus_7003.png
1,FERPlus_7004.png
1,FERPlus_7005.png
1,FERPlus_7006.png
1,FERPlus_7007.png
1,FERPlus_7008.png
1,FERPlus_7009.png
1,FERPlus_7010.png
1,FERPlus_7011.png
1,FERPlus_7012.png
1,FERPlus_7013.png
1,FERPlus_7014.png
1,FERPlus_7015.png
1,FERPlus_7016.png
1,FERPlus_7017.png
1,FERPlus_7018.png
1,FERPlus_7019.png
1,FERPlus_7020.png
1,FERPlus_7021.png
1,FERPlus_7022.png
1,FERPlus_7023.png
1,FERPlus_7024.png
1,FERPlus_7025.png
1,FERPlus_7026.png
1,FERPlus_7027.png
1,FERPlus_7028.png
1,FERPlus_7029.png
1,FERPlus_7030.png
1,FERPlus_7031.png
1,FERPlus_7032.png
1,FERPlus_7033.png
1,FERPlus_7034.png
1,FERPlus_7035.png
1,FERPlus_7036.png
1,FERPlus_7037.png
1,FERPlus_7038.png
1,FERPlus_7039.png
1,FERPlus_7040.png
1,FERPlus_7041.png
1,FERPlus_7042.png
1,FERPlus_7043.png
1,FERPlus_7044.png
1,FERPlus_7045.png
1,FERPlus_7046.png
1,FERPlus_7047.png
1,FERPlus_7048.png
1,FERPlus_7049.png
1,FERPlus_7050.png
1,FERPlus_7051.png
1,FERPlus_7052.png
1,FERPlus_7053.png
1,FERPlus_7054.png
1,FERPlus_7055.png
1,FERPlus_7056.png
1,FERPlus_7057.png
1,FERPlus_7058.png
1,FERPlus_7059.png
1,FERPlus_7060.png
1,FERPlus_7061.png
1,FERPlus_7062.png
1,FERPlus_7063.png
1,FERPlus_7064.png
1,FERPlus_7065.png
1,FERPlus_7066.png
1,FERPlus_7067.png
1,FERPlus_7068.png
1,FERPlus_7069.png
1,FERPlus_7070.png
1,FERPlus_7071.png
1,FERPlus_7072.png
1,FERPlus_7073.png
1,FERPlus_7074.png
1,FERPlus_7075.png
1,FERPlus_7076.png
1,FERPlus_7077.png
1,FERPlus_7078.png
1,FERPlus_7079.png
1,FERPlus_7080.png
1,FERPlus_7081.png
1,FERPlus_7082.png
1,FERPlus_7083.png
1,FERPlus_7084.png
1,FERPlus_7085.png
1,FERPlus_7086.png
1,FERPlus_7087.png
1,FERPlus_7088.png
1,FERPlus_7089.png
1,FERPlus_7090.png
1,FERPlus_7091.png
1,FERPlus_7092.png
1,FERPlus_7093.png
1,FERPlus_7094.png
1,FERPlus_7095.png
1,FERPlus_7096.png
1,FERPlus_7097.png
1,FERPlus_7098.png
1,FERPlus_7099.png
1,FERPlus_7100.png
1,FERPlus_7101.png
1,FERPlus_7102.png
1,FERPlus_7103.png
1,FERPlus_7104.png
1,FERPlus_7105.png
1,FERPlus_7106.png
1,FERPlus_7107.png
1,FERPlus_7108.png
1,FERPlus_7109.png
1,FERPlus_7110.png
1,FERPlus_7111.png
1,FERPlus_7112.png
1,FERPlus_7113.png
1,FERPlus_7114.png
1,FERPlus_7115.png
1,FERPlus_7116.png
1,FERPlus_7117.png
1,FERPlus_7118.png
1,FERPlus_7119.png
1,FERPlus_7120.png
1,FERPlus_7121.png
1,FERPlus_7122.png
1,FERPlus_7123.png
1,FERPlus_7124.png
1,FERPlus_7125.png
1,FERPlus_7126.png
1,FERPlus_7127.png
1,FERPlus_7128.png
1,FERPlus_7129.png
1,FERPlus_7130.png
1,FERPlus_7131.png
1,FERPlus_7132.png
1,FERPlus_7133.png
1,FERPlus_7134.png
1,FERPlus_7135.png
1,FERPlus_7136.png
1,FERPlus_7137.png
1,FERPlus_7138.png
1,FERPlus_7139.png
1,FERPlus_7140.png
1,FERPlus_7141.png
1,FERPlus_7142.png
1,FERPlus_7143.png
1,FERPlus_7144.png
1,FERPlus_7145.png
1,FERPlus_7146.png
1,FERPlus_7147.png
1,FERPlus_7148.png
1,FERPlus_7149.png
1,FERPlus_7150.png
1,FERPlus_7151.png
1,FERPlus_7152.png
1,FERPlus_7153.png
1,FERPlus_7154.png
1,FERPlus_7155.png
1,FERPlus_7156.png
1,FERPlus_7157.png
1,FERPlus_7158.png
1,FERPlus_7159.png
1,FERPlus_7160.png
1,FERPlus_7161.png
1,FERPlus_7162.png
1,FERPlus_7163.png
1,FERPlus_7164.png
1,FERPlus_7165.png
1,FERPlus_7166.png
1,FERPlus_7167.png
1,FERPlus_7168.png
1,FERPlus_7169.png
1,FERPlus_7170.png
1,FERPlus_7171.png
1,FERPlus_7172.png
1,FERPlus_7173.png
1,FERPlus_7174.png
1,FERPlus_7175.png
1,FERPlus_7176.png
1,FERPlus_7177.png
1,FERPlus_7178.png
1,FERPlus_7179.png
1,FERPlus_7180.png
1,FERPlus_7181.png
1,FERPlus_7182.png
1,FERPlus_7183.png
1,FERPlus_7184.png
1,FERPlus_7185.png
1,FERPlus_7186.png
1,FERPlus_7187.png
1,FERPlus_7188.png
1,FERPlus_7189.png
1,FERPlus_7190.png
1,FERPlus_7191.png
1,FERPlus_7192.png
1,FERPlus_7193.png
1,FERPlus_7194.png
1,FERPlus_7195.png
1,FERPlus_7196.png
1,FERPlus_7197.png
1,FERPlus_7198.png
1,FERPlus_7199.png
1,FERPlus_7200.png
1,FERPlus_7201.png
1,FERPlus_7202.png
1,FERPlus_7203.png
1,FERPlus_7204.png
1,FERPlus_7205.png
1,FERPlus_7206.png
1,FERPlus_7207.png
1,FERPlus_7208.png
1,FERPlus_7209.png
1,FERPlus_7210.png
1,FERPlus_7211.png
1,FERPlus_7212.png
1,FERPlus_7213.png
1,FERPlus_7214.png
1,FERPlus_7215.png
1,FERPlus_7216.png
1,FERPlus_7217.png
1,FERPlus_7218.png
1,FERPlus_7219.png
1,FERPlus_7220.png
1,FERPlus_7221.png
1,FERPlus_7222.png
1,FERPlus_7223.png
1,FERPlus_7224.png
1,FERPlus_7225.png
1,FERPlus_7226.png
1,FERPlus_7227.png
1,FERPlus_7228.png
1,FERPlus_7229.png
1,FERPlus_7230.png
1,FERPlus_7231.png
1,FERPlus_7232.png
1,FERPlus_7233.png
1,FERPlus_7234.png
1,FERPlus_7235.png
1,FERPlus_7236.png
1,FERPlus_7237.png
1,FERPlus_7238.png
1,FERPlus_7239.png
1,FERPlus_7240.png
1,FERPlus_7241.png
1,FERPlus_7242.png
1,FERPlus_7243.png
1,FERPlus_7244.png
1,FERPlus_7245.png
1,FERPlus_7246.png
1,FERPlus_7247.png
1,FERPlus_7248.png
1,FERPlus_7249.png
1,FERPlus_7250.png
1,FERPlus_7251.png
1,FERPlus_7252.png
1,FERPlus_7253.png
1,FERPlus_7254.png
1,FERPlus_7255.png
1,FERPlus_7256.png
1,FERPlus_7257.png
1,FERPlus_7258.png
1,FERPlus_7259.png
1,FERPlus_7260.png
1,FERPlus_7261.png
1,FERPlus_7262.png
1,FERPlus_7263.png
1,FERPlus_7264.png
1,FERPlus_7265.png
1,FERPlus_7266.png
1,FERPlus_7267.png
1,FERPlus_7268.png
1,FERPlus_7269.png
1,FERPlus_7270.png
1,FERPlus_7271.png
1,FERPlus_7272.png
1,FERPlus_7273.png
1,FERPlus_7274.png
1,FERPlus_7275.png
1,FERPlus_7276.png
1,FERPlus_7277.png
1,FERPlus_7278.png
1,FERPlus_7279.png
1,FERPlus_7280.png
1,FERPlus_7281.png
1,FERPlus_7282.png
1,FERPlus_7283.png
1,FERPlus_7284.png
1,FERPlus_7285.png
1,FERPlus_7286.png
1,FERPlus_7287.png
1,FERPlus_7288.png
1,FERPlus_7289.png
1,FERPlus_7290.png
1,FERPlus_7291.png
1,FERPlus_7292.png
1,FERPlus_7293.png
1,FERPlus_7294.png
1,FERPlus_7295.png
1,FERPlus_7296.png
1,FERPlus_7297.png
1,FERPlus_7298.png
1,FERPlus_7299.png
1,FERPlus_7300.png
1,FERPlus_7301.png
1,FERPlus_7302.png
1,FERPlus_7303.png
1,FERPlus_7304.png
1,FERPlus_7305.png
1,FERPlus_7306.png
1,FERPlus_7307.png
1,FERPlus_7308.png
1,FERPlus_7309.png
1,FERPlus_7310.png
1,FERPlus_7311.png
1,FERPlus_7312.png
1,FERPlus_7313.png
1,FERPlus_7314.png
1,FERPlus_7315.png
1,FERPlus_7316.png
1,FERPlus_7317.png
1,FERPlus_7318.png
1,FERPlus_7319.png
1,FERPlus_7320.png
1,FERPlus_7321.png
1,FERPlus_7322.png
1,FERPlus_7323.png
1,FERPlus_7324.png
1,FERPlus_7325.png
1,FERPlus_7326.png
1,FERPlus_7327.png
1,FERPlus_7328.png
1,FERPlus_7329.png
1,FERPlus_7330.png
1,FERPlus_7331.png
1,FERPlus_7332.png
1,FERPlus_7333.png
1,FERPlus_7334.png
1,FERPlus_7335.png
1,FERPlus_7336.png
1,FERPlus_7337.png
1,FERPlus_7338.png
1,FERPlus_7339.png
1,FERPlus_7340.png
1,FERPlus_7341.png
1,FERPlus_7342.png
1,FERPlus_7343.png
1,FERPlus_7344.png
1,FERPlus_7345.png
1,FERPlus_7346.png
1,FERPlus_7347.png
1,FERPlus_7348.png
1,FERPlus_7349.png
1,FERPlus_7350.png
1,FERPlus_7351.png
1,FERPlus_7352.png
1,FERPlus_7353.png
1,FERPlus_7354.png
1,FERPlus_7355.png
1,FERPlus_7356.png
1,FERPlus_7357.png
1,FERPlus_7358.png
1,FERPlus_7359.png
1,FERPlus_7360.png
1,FERPlus_7361.png
1,FERPlus_7362.png
1,FERPlus_7363.png
1,FERPlus_7364.png
1,FERPlus_7365.png
1,FERPlus_7366.png
1,FERPlus_7367.png
1,FERPlus_7368.png
1,FERPlus_7369.png
1,FERPlus_7370.png
1,FERPlus_7371.png
1,FERPlus_7372.png
1,FERPlus_7373.png
1,FERPlus_7374.png
1,FERPlus_7375.png
1,FERPlus_7376.png
1,FERPlus_7377.png
1,FERPlus_7378.png
1,FERPlus_7379.png
1,FERPlus_7380.png
1,FERPlus_7381.png
1,FERPlus_7382.png
1,FERPlus_7383.png
1,FERPlus_7384.png
1,FERPlus_7385.png
1,FERPlus_7386.png
1,FERPlus_7387.png
1,FERPlus_7388.png
1,FERPlus_7389.png
1,FERPlus_7390.png
1,FERPlus_7391.png
1,FERPlus_7392.png
1,FERPlus_7393.png
1,FERPlus_7394.png
1,FERPlus_7395.png
1,FERPlus_7396.png
1,FERPlus_7397.png
1,FERPlus_7398.png
1,FERPlus_7399.png
1,FERPlus_7400.png
1,FERPlus_7401.png
1,FERPlus_7402.png
1,FERPlus_7403.png
1,FERPlus_7404.png
1,FERPlus_7405.png
1,FERPlus_7406.png
1,FERPlus_7407.png
1,FERPlus_7408.png
1,FERPlus_7409.png
1,FERPlus_7410.png
1,FERPlus_7411.png
1,FERPlus_7412.png
1,FERPlus_7413.png
1,FERPlus_7414.png
1,FERPlus_7415.png
1,FERPlus_7416.png
1,FERPlus_7417.png
1,FERPlus_7418.png
1,FERPlus_7419.png
1,FERPlus_7420.png
1,FERPlus_7421.png
1,FERPlus_7422.png
1,FERPlus_7423.png
1,FERPlus_7424.png
1,FERPlus_7425.png
1,FERPlus_7426.png
1,FERPlus_7427.png
1,FERPlus_7428.png
1,FERPlus_7429.png
1,FERPlus_7430.png
1,FERPlus_7431.png
1,FERPlus_7432.png
1,FERPlus_7433.png
1,FERPlus_7434.png
1,FERPlus_7435.png
1,FERPlus_7436.png
1,FERPlus_7437.png
1,FERPlus_7438.png
1,FERPlus_7439.png
1,FERPlus_7440.png
1,FERPlus_7441.png
1,FERPlus_7442.png
1,FERPlus_7443.png
1,FERPlus_7444.png
1,FERPlus_7445.png
1,FERPlus_7446.png
1,FERPlus_7447.png
1,FERPlus_7448.png
1,FERPlus_7449.png
1,FERPlus_7450.png
1,FERPlus_7451.png
1,FERPlus_7452.png
1,FERPlus_7453.png
1,FERPlus_7454.png
1,FERPlus_7455.png
1,FERPlus_7456.png
1,FERPlus_7457.png
1,FERPlus_7458.png
1,FERPlus_7459.png
1,FERPlus_7460.png
1,FERPlus_7461.png
1,FERPlus_7462.png
1,FERPlus_7463.png
1,FERPlus_7464.png
1,FERPlus_7465.png
1,FERPlus_7466.png
1,FERPlus_7467.png
1,FERPlus_7468.png
1,FERPlus_7469.png
1,FERPlus_7470.png
1,FERPlus_7471.png
1,FERPlus_7472.png
1,FERPlus_7473.png
1,FERPlus_7474.png
1,FERPlus_7475.png
1,FERPlus_7476.png
1,FERPlus_7477.png
1,FERPlus_7478.png
1,FERPlus_7479.png
1,FERPlus_7480.png
1,FERPlus_7481.png
1,FERPlus_7482.png
1,FERPlus_7483.png
1,FERPlus_7484.png
1,FERPlus_7485.png
1,FERPlus_7486.png
1,FERPlus_7487.png
1,FERPlus_7488.png
1,FERPlus_7489.png
1,FERPlus_7490.png
1,FERPlus_7491.png
1,FERPlus_7492.png
1,FERPlus_7493.png
1,FERPlus_7494.png
1,FERPlus_7495.png
1,FERPlus_7496.png
1,FERPlus_7497.png
1,FERPlus_7498.png
1,FERPlus_7499.png
1,FERPlus_7500.png
1,FERPlus_7501.png
1,FERPlus_7502.png
1,FERPlus_7503.png
1,FERPlus_7504.png
1,FERPlus_7505.png
1,FERPlus_7506.png
1,FERPlus_7507.png
1,FERPlus_7508.png
1,FERPlus_7509.png
1,FERPlus_7510.png
1,FERPlus_7511.png
1,FERPlus_7512.png
1,FERPlus_7513.png
1,FERPlus_7514.png
1,FERPlus_7515.png
1,FERPlus_7516.png
1,FERPlus_7517.png
1,FERPlus_7518.png
1,FERPlus_7519.png
1,FERPlus_7520.png
1,FERPlus_7521.png
1,FERPlus_7522.png
1,FERPlus_7523.png
1,FERPlus_7524.png
1,FERPlus_7525.png
1,FERPlus_7526.png
1,FERPlus_7527.png
1,FERPlus_7528.png
1,FERPlus_7529.png
1,FERPlus_7530.png
1,FERPlus_7531.png
1,FERPlus_7532.png
1,FERPlus_7533.png
1,FERPlus_7534.png
1,FERPlus_7535.png
1,FERPlus_7536.png
1,FERPlus_7537.png
1,FERPlus_7538.png
1,FERPlus_7539.png
1,FERPlus_7540.png
1,FERPlus_7541.png
1,FERPlus_7542.png
1,FERPlus_7543.png
1,FERPlus_7544.png
1,FERPlus_7545.png
1,FERPlus_7546.png
1,FERPlus_7547.png
1,FERPlus_7548.png
1,FERPlus_7549.png
1,FERPlus_7550.png
1,FERPlus_7551.png
1,FERPlus_7552.png
1,FERPlus_7553.png
1,FERPlus_7554.png
1,FERPlus_7555.png
1,FERPlus_7556.png
1,FERPlus_7557.png
1,FERPlus_7558.png
1,FERPlus_7559.png
1,FERPlus_7560.png
1,FERPlus_7561.png
1,FERPlus_7562.png
1,FERPlus_7563.png
1,FERPlus_7564.png
1,FERPlus_7565.png
1,FERPlus_7566.png
1,FERPlus_7567.png
1,FERPlus_7568.png
1,FERPlus_7569.png
1,FERPlus_7570.png
1,FERPlus_7571.png
1,FERPlus_7572.png
1,FERPlus_7573.png
1,FERPlus_7574.png
1,FERPlus_7575.png
1,FERPlus_7576.png
1,FERPlus_7577.png
1,FERPlus_7578.png
1,FERPlus_7579.png
1,FERPlus_7580.png
1,FERPlus_7581.png
1,FERPlus_7582.png
1,FERPlus_7583.png
1,FERPlus_7584.png
1,FERPlus_7585.png
1,FERPlus_7586.png
1,FERPlus_7587.png
1,FERPlus_7588.png
1,FERPlus_7589.png
1,FERPlus_7590.png
1,FERPlus_7591.png
1,FERPlus_7592.png
1,FERPlus_7593.png
1,FERPlus_7594.png
1,FERPlus_7595.png
1,FERPlus_7596.png
1,FERPlus_7597.png
1,FERPlus_7598.png
1,FERPlus_7599.png
1,FERPlus_7600.png
1,FERPlus_7601.png
1,FERPlus_7602.png
1,FERPlus_7603.png
1,FERPlus_7604.png
1,FERPlus_7605.png
1,FERPlus_7606.png
1,FERPlus_7607.png
1,FERPlus_7608.png
1,FERPlus_7609.png
1,FERPlus_7610.png
1,FERPlus_7611.png
1,FERPlus_7612.png
1,FERPlus_7613.png
1,FERPlus_7614.png
1,FERPlus_7615.png
1,FERPlus_7616.png
1,FERPlus_7617.png
1,FERPlus_7618.png
1,FERPlus_7619.png
1,FERPlus_7620.png
1,FERPlus_7621.png
1,FERPlus_7622.png
1,FERPlus_7623.png
1,FERPlus_7624.png
1,FERPlus_7625.png
1,FERPlus_7626.png
1,FERPlus_7627.png
1,FERPlus_7628.png
1,FERPlus_7629.png
1,FERPlus_7630.png
1,FERPlus_7631.png
1,FERPlus_7632.png
1,FERPlus_7633.png
1,FERPlus_7634.png
1,FERPlus_7635.png
1,FERPlus_7636.png
1,FERPlus_7637.png
1,FERPlus_7638.png
1,FERPlus_7639.png
1,FERPlus_7640.png
1,FERPlus_7641.png
1,FERPlus_7642.png
1,FERPlus_7643.png
1,FERPlus_7644.png
1,FERPlus_7645.png
1,FERPlus_7646.png
1,FERPlus_7647.png
1,FERPlus_7648.png
1,FERPlus_7649.png
1,FERPlus_7650.png
1,FERPlus_7651.png
1,FERPlus_7652.png
1,FERPlus_7653.png
1,FERPlus_7654.png
1,FERPlus_7655.png
1,FERPlus_7656.png
1,FERPlus_7657.png
1,FERPlus_7658.png
1,FERPlus_7659.png
1,FERPlus_7660.png
1,FERPlus_7661.png
1,FERPlus_7662.png
1,FERPlus_7663.png
1,FERPlus_7664.png
1,FERPlus_7665.png
1,FERPlus_7666.png
1,FERPlus_7667.png
1,FERPlus_7668.png
1,FERPlus_7669.png
1,FERPlus_7670.png
1,FERPlus_7671.png
1,FERPlus_7672.png
1,FERPlus_7673.png
1,FERPlus_7674.png
1,FERPlus_7675.png
1,FERPlus_7676.png
1,FERPlus_7677.png
1,FERPlus_7678.png
1,FERPlus_7679.png
1,FERPlus_7680.png
1,FERPlus_7681.png
1,FERPlus_7682.png
1,FERPlus_7683.png
1,FERPlus_7684.png
1,FERPlus_7685.png
1,FERPlus_7686.png
1,FERPlus_7687.png
1,FERPlus_7688.png
1,FERPlus_7689.png
1,FERPlus_7690.png
1,FERPlus_7691.png
1,FERPlus_7692.png
1,FERPlus_7693.png
1,FERPlus_7694.png
1,FERPlus_7695.png
1,FERPlus_7696.png
1,FERPlus_7697.png
1,FERPlus_7698.png
1,FERPlus_7699.png
1,FERPlus_7700.png
1,FERPlus_7701.png
1,FERPlus_7702.png
1,FERPlus_7703.png
1,FERPlus_7704.png
1,FERPlus_7705.png
1,FERPlus_7706.png
1,FERPlus_7707.png
1,FERPlus_7708.png
1,FERPlus_7709.png
1,FERPlus_7710.png
1,FERPlus_7711.png
1,FERPlus_7712.png
1,FERPlus_7713.png
1,FERPlus_7714.png
1,FERPlus_7715.png
1,FERPlus_7716.png
1,FERPlus_7717.png
1,FERPlus_7718.png
1,FERPlus_7719.png
1,FERPlus_7720.png
1,FERPlus_7721.png
1,FERPlus_7722.png
1,FERPlus_7723.png
1,FERPlus_7724.png
1,FERPlus_7725.png
1,FERPlus_7726.png
1,FERPlus_7727.png
1,FERPlus_7728.png
1,FERPlus_7729.png
1,FERPlus_7730.png
1,FERPlus_7731.png
1,FERPlus_7732.png
1,FERPlus_7733.png
1,FERPlus_7734.png
1,FERPlus_7735.png
1,FERPlus_7736.png
1,FERPlus_7737.png
1,FERPlus_7738.png
1,FERPlus_7739.png
1,FERPlus_7740.png
1,FERPlus_7741.png
1,FERPlus_7742.png
1,FERPlus_7743.png
1,FERPlus_7744.png
1,FERPlus_7745.png
1,FERPlus_7746.png
1,FERPlus_7747.png
1,FERPlus_7748.png
1,FERPlus_7749.png
1,FERPlus_7750.png
1,FERPlus_7751.png
1,FERPlus_7752.png
1,FERPlus_7753.png
1,FERPlus_7754.png
1,FERPlus_7755.png
1,FERPlus_7756.png
1,FERPlus_7757.png
1,FERPlus_7758.png
1,FERPlus_7759.png
1,FERPlus_7760.png
1,FERPlus_7761.png
1,FERPlus_7762.png
1,FERPlus_7763.png
1,FERPlus_7764.png
1,FERPlus_7765.png
1,FERPlus_7766.png
1,FERPlus_7767.png
1,FERPlus_7768.png
1,FERPlus_7769.png
1,FERPlus_7770.png
1,FERPlus_7771.png
1,FERPlus_7772.png
1,FERPlus_7773.png
1,FERPlus_7774.png
1,FERPlus_7775.png
1,FERPlus_7776.png
1,FERPlus_7777.png
1,FERPlus_7778.png
1,FERPlus_7779.png
1,FERPlus_7780.png
1,FERPlus_7781.png
1,FERPlus_7782.png
1,FERPlus_7783.png
1,FERPlus_7784.png
1,FERPlus_7785.png
1,FERPlus_7786.png
1,FERPlus_7787.png
1,FERPlus_7788.png
1,FERPlus_7789.png
1,FERPlus_7790.png
1,FERPlus_7791.png
1,FERPlus_7792.png
1,FERPlus_7793.png
1,FERPlus_7794.png
1,FERPlus_7795.png
1,FERPlus_7796.png
1,FERPlus_7797.png
1,FERPlus_7798.png
1,FERPlus_7799.png
1,FERPlus_7800.png
1,FERPlus_7801.png
1,FERPlus_7802.png
1,FERPlus_7803.png
1,FERPlus_7804.png
1,FERPlus_7805.png
1,FERPlus_7806.png
1,FERPlus_7807.png
1,FERPlus_7808.png
1,FERPlus_7809.png
1,FERPlus_7810.png
1,FERPlus_7811.png
1,FERPlus_7812.png
1,FERPlus_7813.png
1,FERPlus_7814.png
1,FERPlus_7815.png
1,FERPlus_7816.png
1,FERPlus_7817.png
1,FERPlus_7818.png
1,FERPlus_7819.png
1,FERPlus_7820.png
1,FERPlus_7821.png
1,FERPlus_7822.png
1,FERPlus_7823.png
1,FERPlus_7824.png
1,FERPlus_7825.png
1,FERPlus_7826.png
1,FERPlus_7827.png
1,FERPlus_7828.png
1,FERPlus_7829.png
1,FERPlus_7830.png
1,FERPlus_7831.png
1,FERPlus_7832.png
1,FERPlus_7833.png
1,FERPlus_7834.png
1,FERPlus_7835.png
1,FERPlus_7836.png
1,FERPlus_7837.png
1,FERPlus_7838.png
1,FERPlus_7839.png
1,FERPlus_7840.png
1,FERPlus_7841.png
1,FERPlus_7842.png
1,FERPlus_7843.png
1,FERPlus_7844.png
1,FERPlus_7845.png
1,FERPlus_7846.png
1,FERPlus_7847.png
1,FERPlus_7848.png
1,FERPlus_7849.png
1,FERPlus_7850.png
1,FERPlus_7851.png
1,FERPlus_7852.png
1,FERPlus_7853.png
1,FERPlus_7854.png
1,FERPlus_7855.png
1,FERPlus_7856.png
1,FERPlus_7857.png
1,FERPlus_7858.png
1,FERPlus_7859.png
1,FERPlus_7860.png
1,FERPlus_7861.png
1,FERPlus_7862.png
1,FERPlus_7863.png
1,FERPlus_7864.png
1,FERPlus_7865.png
1,FERPlus_7866.png
1,FERPlus_7867.png
1,FERPlus_7868.png
1,FERPlus_7869.png
1,FERPlus_7870.png
1,FERPlus_7871.png
1,FERPlus_7872.png
1,FERPlus_7873.png
1,FERPlus_7874.png
1,FERPlus_7875.png
1,FERPlus_7876.png
1,FERPlus_7877.png
1,FERPlus_7878.png
1,FERPlus_7879.png
1,FERPlus_7880.png
1,FERPlus_7881.png
1,FERPlus_7882.png
1,FERPlus_7883.png
1,FERPlus_7884.png
1,FERPlus_7885.png
1,FERPlus_7886.png
1,FERPlus_7887.png
1,FERPlus_7888.png
1,FERPlus_7889.png
1,FERPlus_7890.png
1,FERPlus_7891.png
1,FERPlus_7892.png
1,FERPlus_7893.png
1,FERPlus_7894.png
1,FERPlus_7895.png
1,FERPlus_7896.png
1,FERPlus_7897.png
1,FERPlus_7898.png
1,FERPlus_7899.png
1,FERPlus_7900.png
1,FERPlus_7901.png
1,FERPlus_7902.png
1,FERPlus_7903.png
1,FERPlus_7904.png
1,FERPlus_7905.png
1,FERPlus_7906.png
1,FERPlus_7907.png
1,FERPlus_7908.png
1,FERPlus_7909.png
1,FERPlus_7910.png
1,FERPlus_7911.png
1,FERPlus_7912.png
1,FERPlus_7913.png
1,FERPlus_7914.png
1,FERPlus_7915.png
1,FERPlus_7916.png
1,FERPlus_7917.png
1,FERPlus_7918.png
1,FERPlus_7919.png
1,FERPlus_7920.png
1,FERPlus_7921.png
1,FERPlus_7922.png
1,FERPlus_7923.png
1,FERPlus_7924.png
1,FERPlus_7925.png
1,FERPlus_7926.png
1,FERPlus_7927.png
1,FERPlus_7928.png
1,FERPlus_7929.png
1,FERPlus_7930.png
1,FERPlus_7931.png
1,FERPlus_7932.png
1,FERPlus_7933.png
1,FERPlus_7934.png
1,FERPlus_7935.png
1,FERPlus_7936.png
1,FERPlus_7937.png
1,FERPlus_7938.png
1,FERPlus_7939.png
1,FERPlus_7940.png
1,FERPlus_7941.png
1,FERPlus_7942.png
1,FERPlus_7943.png
1,FERPlus_7944.png
1,FERPlus_7945.png
1,FERPlus_7946.png
1,FERPlus_7947.png
1,FERPlus_7948.png
1,FERPlus_7949.png
1,FERPlus_7950.png
1,FERPlus_7951.png
1,FERPlus_7952.png
1,FERPlus_7953.png
1,FERPlus_7954.png
1,FERPlus_7955.png
1,FERPlus_7956.png
1,FERPlus_7957.png
1,FERPlus_7958.png
1,FERPlus_7959.png
1,FERPlus_7960.png
1,FERPlus_7961.png
1,FERPlus_7962.png
1,FERPlus_7963.png
1,FERPlus_7964.png
1,FERPlus_7965.png
1,FERPlus_7966.png
1,FERPlus_7967.png
1,FERPlus_7968.png
1,FERPlus_7969.png
1,FERPlus_7970.png
1,FERPlus_7971.png
1,FERPlus_7972.png
1,FERPlus_7973.png
1,FERPlus_7974.png
1,FERPlus_7975.png
1,FERPlus_7976.png
1,FERPlus_7977.png
1,FERPlus_7978.png
1,FERPlus_7979.png
1,FERPlus_7980.png
1,FERPlus_7981.png
1,FERPlus_7982.png
1,FERPlus_7983.png
1,FERPlus_7984.png
1,FERPlus_7985.png
1,FERPlus_7986.png
1,FERPlus_7987.png
1,FERPlus_7988.png
1,FERPlus_7989.png
1,FERPlus_7990.png
1,FERPlus_7991.png
1,FERPlus_7992.png
1,FERPlus_7993.png
1,FERPlus_7994.png
1,FERPlus_7995.png
1,FERPlus_7996.png
1,FERPlus_7997.png
1,FERPlus_7998.png
1,FERPlus_7999.png
1,FERPlus_8000.png
1,FERPlus_8001.png
1,FERPlus_8002.png
1,FERPlus_8003.png
1,FERPlus_8004.png
1,FERPlus_8005.png
1,FERPlus_8006.png
1,FERPlus_8007.png
1,FERPlus_8008.png
1,FERPlus_8009.png
1,FERPlus_8010.png
1,FERPlus_8011.png
1,FERPlus_8012.png
1,FERPlus_8013.png
1,FERPlus_8014.png
1,FERPlus_8015.png
1,FERPlus_8016.png
1,FERPlus_8017.png
1,FERPlus_8018.png
1,FERPlus_8019.png
1,FERPlus_8020.png
1,FERPlus_8021.png
1,FERPlus_8022.png
1,FERPlus_8023.png
1,FERPlus_8024.png
1,FERPlus_8025.png
1,FERPlus_8026.png
1,FERPlus_8027.png
1,FERPlus_8028.png
1,FERPlus_8029.png
1,FERPlus_8030.png
1,FERPlus_8031.png
1,FERPlus_8032.png
1,FERPlus_8033.png
1,FERPlus_8034.png
1,FERPlus_8035.png
1,FERPlus_8036.png
1,FERPlus_8037.png
1,FERPlus_8038.png
1,FERPlus_8039.png
1,FERPlus_8040.png
1,FERPlus_8041.png
1,FERPlus_8042.png
1,FERPlus_8043.png
1,FERPlus_8044.png
1,FERPlus_8045.png
1,FERPlus_8046.png
1,FERPlus_8047.png
1,FERPlus_8048.png
1,FERPlus_8049.png
1,FERPlus_8050.png
1,FERPlus_8051.png
1,FERPlus_8052.png
1,FERPlus_8053.png
1,FERPlus_8054.png
3,FERPlus_0.png
3,FERPlus_1.png
3,FERPlus_2.png
3,FERPlus_3.png
3,FERPlus_4.png
3,FERPlus_5.png
3,FERPlus_6.png
3,FERPlus_7.png
3,FERPlus_8.png
3,FERPlus_9.png
3,FERPlus_10.png
3,FERPlus_11.png
3,FERPlus_12.png
3,FERPlus_13.png
3,FERPlus_14.png
3,FERPlus_15.png
3,FERPlus_16.png
3,FERPlus_17.png
3,FERPlus_18.png
3,FERPlus_19.png
3,FERPlus_20.png
3,FERPlus_21.png
3,FERPlus_22.png
3,FERPlus_23.png
3,FERPlus_24.png
3,FERPlus_25.png
3,FERPlus_26.png
3,FERPlus_27.png
3,FERPlus_28.png
3,FERPlus_29.png
3,FERPlus_30.png
3,FERPlus_31.png
3,FERPlus_32.png
3,FERPlus_33.png
3,FERPlus_34.png
3,FERPlus_35.png
3,FERPlus_36.png
3,FERPlus_37.png
3,FERPlus_38.png
3,FERPlus_39.png
3,FERPlus_40.png
3,FERPlus_41.png
3,FERPlus_42.png
3,FERPlus_43.png
3,FERPlus_44.png
3,FERPlus_45.png
3,FERPlus_46.png
3,FERPlus_47.png
3,FERPlus_48.png
3,FERPlus_49.png
3,FERPlus_50.png
3,FERPlus_51.png
3,FERPlus_52.png
3,FERPlus_53.png
3,FERPlus_54.png
3,FERPlus_55.png
3,FERPlus_56.png
3,FERPlus_57.png
3,FERPlus_58.png
3,FERPlus_59.png
3,FERPlus_60.png
3,FERPlus_61.png
3,FERPlus_62.png
3,FERPlus_63.png
3,FERPlus_64.png
3,FERPlus_65.png
3,FERPlus_66.png
3,FERPlus_67.png
3,FERPlus_68.png
3,FERPlus_69.png
3,FERPlus_70.png
3,FERPlus_71.png
3,FERPlus_72.png
3,FERPlus_73.png
3,FERPlus_74.png
3,FERPlus_75.png
3,FERPlus_76.png
3,FERPlus_77.png
3,FERPlus_78.png
3,FERPlus_79.png
3,FERPlus_80.png
3,FERPlus_81.png
3,FERPlus_82.png
3,FERPlus_83.png
3,FERPlus_84.png
3,FERPlus_85.png
3,FERPlus_86.png
3,FERPlus_87.png
3,FERPlus_88.png
3,FERPlus_89.png
3,FERPlus_90.png
3,FERPlus_91.png
3,FERPlus_92.png
3,FERPlus_93.png
3,FERPlus_94.png
3,FERPlus_95.png
3,FERPlus_96.png
3,FERPlus_97.png
3,FERPlus_98.png
3,FERPlus_99.png
3,FERPlus_100.png
3,FERPlus_101.png
3,FERPlus_102.png
3,FERPlus_103.png
3,FERPlus_104.png
3,FERPlus_105.png
3,FERPlus_106.png
3,FERPlus_107.png
3,FERPlus_108.png
3,FERPlus_109.png
3,FERPlus_110.png
3,FERPlus_111.png
3,FERPlus_112.png
3,FERPlus_113.png
3,FERPlus_114.png
3,FERPlus_115.png
3,FERPlus_116.png
3,FERPlus_117.png
3,FERPlus_118.png
3,FERPlus_119.png
3,FERPlus_120.png
3,FERPlus_121.png
3,FERPlus_122.png
3,FERPlus_123.png
3,FERPlus_124.png
3,FERPlus_125.png
3,FERPlus_126.png
3,FERPlus_127.png
3,FERPlus_128.png
3,FERPlus_129.png
3,FERPlus_130.png
3,FERPlus_131.png
3,FERPlus_132.png
3,FERPlus_133.png
3,FERPlus_134.png
3,FERPlus_135.png
3,FERPlus_136.png
3,FERPlus_137.png
3,FERPlus_138.png
3,FERPlus_139.png
3,FERPlus_140.png
3,FERPlus_141.png
3,FERPlus_142.png
3,FERPlus_143.png
3,FERPlus_144.png
3,FERPlus_145.png
3,FERPlus_146.png
3,FERPlus_147.png
3,FERPlus_148.png
3,FERPlus_149.png
3,FERPlus_150.png
3,FERPlus_151.png
3,FERPlus_152.png
3,FERPlus_153.png
3,FERPlus_154.png
3,FERPlus_155.png
3,FERPlus_156.png
3,FERPlus_157.png
3,FERPlus_158.png
3,FERPlus_159.png
3,FERPlus_160.png
3,FERPlus_161.png
3,FERPlus_162.png
3,FERPlus_163.png
3,FERPlus_164.png
3,FERPlus_165.png
3,FERPlus_166.png
3,FERPlus_167.png
3,FERPlus_168.png
3,FERPlus_169.png
3,FERPlus_170.png
3,FERPlus_171.png
3,FERPlus_172.png
3,FERPlus_173.png
3,FERPlus_174.png
3,FERPlus_175.png
3,FERPlus_176.png
3,FERPlus_177.png
3,FERPlus_178.png
3,FERPlus_179.png
3,FERPlus_180.png
3,FERPlus_181.png
3,FERPlus_182.png
3,FERPlus_183.png
3,FERPlus_184.png
3,FERPlus_185.png
3,FERPlus_186.png
3,FERPlus_187.png
3,FERPlus_188.png
3,FERPlus_189.png
3,FERPlus_190.png
3,FERPlus_191.png
3,FERPlus_192.png
3,FERPlus_193.png
3,FERPlus_194.png
3,FERPlus_195.png
3,FERPlus_196.png
3,FERPlus_197.png
3,FERPlus_198.png
3,FERPlus_199.png
3,FERPlus_200.png
3,FERPlus_201.png
3,FERPlus_202.png
3,FERPlus_203.png
3,FERPlus_204.png
3,FERPlus_205.png
3,FERPlus_206.png
3,FERPlus_207.png
3,FERPlus_208.png
3,FERPlus_209.png
3,FERPlus_210.png
3,FERPlus_211.png
3,FERPlus_212.png
3,FERPlus_213.png
3,FERPlus_214.png
3,FERPlus_215.png
3,FERPlus_216.png
3,FERPlus_217.png
3,FERPlus_218.png
3,FERPlus_219.png
3,FERPlus_220.png
3,FERPlus_221.png
3,FERPlus_222.png
3,FERPlus_223.png
3,FERPlus_224.png
3,FERPlus_225.png
3,FERPlus_226.png
3,FERPlus_227.png
3,FERPlus_228.png
3,FERPlus_229.png
3,FERPlus_230.png
3,FERPlus_231.png
3,FERPlus_232.png
3,FERPlus_233.png
3,FERPlus_234.png
3,FERPlus_235.png
3,FERPlus_236.png
3,FERPlus_237.png
3,FERPlus_238.png
3,FERPlus_239.png
3,FERPlus_240.png
3,FERPlus_241.png
3,FERPlus_242.png
3,FERPlus_243.png
3,FERPlus_244.png
3,FERPlus_245.png
3,FERPlus_246.png
3,FERPlus_247.png
3,FERPlus_248.png
3,FERPlus_249.png
3,FERPlus_250.png
3,FERPlus_251.png
3,FERPlus_252.png
3,FERPlus_253.png
3,FERPlus_254.png
3,FERPlus_255.png
3,FERPlus_256.png
3,FERPlus_257.png
3,FERPlus_258.png
3,FERPlus_259.png
3,FERPlus_260.png
3,FERPlus_261.png
3,FERPlus_262.png
3,FERPlus_263.png
3,FERPlus_264.png
3,FERPlus_265.png
3,FERPlus_266.png
3,FERPlus_267.png
3,FERPlus_268.png
3,FERPlus_269.png
3,FERPlus_270.png
3,FERPlus_271.png
3,FERPlus_272.png
3,FERPlus_273.png
3,FERPlus_274.png
3,FERPlus_275.png
3,FERPlus_276.png
3,FERPlus_277.png
3,FERPlus_278.png
3,FERPlus_279.png
3,FERPlus_280.png
3,FERPlus_281.png
3,FERPlus_282.png
3,FERPlus_283.png
3,FERPlus_284.png
3,FERPlus_285.png
3,FERPlus_286.png
3,FERPlus_287.png
3,FERPlus_288.png
3,FERPlus_289.png
3,FERPlus_290.png
3,FERPlus_291.png
3,FERPlus_292.png
3,FERPlus_293.png
3,FERPlus_294.png
3,FERPlus_295.png
3,FERPlus_296.png
3,FERPlus_297.png
3,FERPlus_298.png
3,FERPlus_299.png
3,FERPlus_300.png
3,FERPlus_301.png
3,FERPlus_302.png
3,FERPlus_303.png
3,FERPlus_304.png
3,FERPlus_305.png
3,FERPlus_306.png
3,FERPlus_307.png
3,FERPlus_308.png
3,FERPlus_309.png
3,FERPlus_310.png
3,FERPlus_311.png
3,FERPlus_312.png
3,FERPlus_313.png
3,FERPlus_314.png
3,FERPlus_315.png
3,FERPlus_316.png
3,FERPlus_317.png
3,FERPlus_318.png
3,FERPlus_319.png
3,FERPlus_320.png
3,FERPlus_321.png
3,FERPlus_322.png
3,FERPlus_323.png
3,FERPlus_324.png
3,FERPlus_325.png
3,FERPlus_326.png
3,FERPlus_327.png
3,FERPlus_328.png
3,FERPlus_329.png
3,FERPlus_330.png
3,FERPlus_331.png
3,FERPlus_332.png
3,FERPlus_333.png
3,FERPlus_334.png
3,FERPlus_335.png
3,FERPlus_336.png
3,FERPlus_337.png
3,FERPlus_338.png
3,FERPlus_339.png
3,FERPlus_340.png
3,FERPlus_341.png
3,FERPlus_342.png
3,FERPlus_343.png
3,FERPlus_344.png
3,FERPlus_345.png
3,FERPlus_346.png
3,FERPlus_347.png
3,FERPlus_348.png
3,FERPlus_349.png
3,FERPlus_350.png
3,FERPlus_351.png
3,FERPlus_352.png
3,FERPlus_353.png
3,FERPlus_354.png
3,FERPlus_355.png
3,FERPlus_356.png
3,FERPlus_357.png
3,FERPlus_358.png
3,FERPlus_359.png
3,FERPlus_360.png
3,FERPlus_361.png
3,FERPlus_362.png
3,FERPlus_363.png
3,FERPlus_364.png
3,FERPlus_365.png
3,FERPlus_366.png
3,FERPlus_367.png
3,FERPlus_368.png
3,FERPlus_369.png
3,FERPlus_370.png
3,FERPlus_371.png
3,FERPlus_372.png
3,FERPlus_373.png
3,FERPlus_374.png
3,FERPlus_375.png
3,FERPlus_376.png
3,FERPlus_377.png
3,FERPlus_378.png
3,FERPlus_379.png
3,FERPlus_380.png
3,FERPlus_381.png
3,FERPlus_382.png
3,FERPlus_383.png
3,FERPlus_384.png
3,FERPlus_385.png
3,FERPlus_386.png
3,FERPlus_387.png
3,FERPlus_388.png
3,FERPlus_389.png
3,FERPlus_390.png
3,FERPlus_391.png
3,FERPlus_392.png
3,FERPlus_393.png
3,FERPlus_394.png
3,FERPlus_395.png
3,FERPlus_396.png
3,FERPlus_397.png
3,FERPlus_398.png
3,FERPlus_399.png
3,FERPlus_400.png
3,FERPlus_401.png
3,FERPlus_402.png
3,FERPlus_403.png
3,FERPlus_404.png
3,FERPlus_405.png
3,FERPlus_406.png
3,FERPlus_407.png
3,FERPlus_408.png
3,FERPlus_409.png
3,FERPlus_410.png
3,FERPlus_411.png
3,FERPlus_412.png
3,FERPlus_413.png
3,FERPlus_414.png
3,FERPlus_415.png
3,FERPlus_416.png
3,FERPlus_417.png
3,FERPlus_418.png
3,FERPlus_419.png
3,FERPlus_420.png
3,FERPlus_421.png
3,FERPlus_422.png
3,FERPlus_423.png
3,FERPlus_424.png
3,FERPlus_425.png
3,FERPlus_426.png
3,FERPlus_427.png
3,FERPlus_428.png
3,FERPlus_429.png
3,FERPlus_430.png
3,FERPlus_431.png
3,FERPlus_432.png
3,FERPlus_433.png
3,FERPlus_434.png
3,FERPlus_435.png
3,FERPlus_436.png
3,FERPlus_437.png
3,FERPlus_438.png
3,FERPlus_439.png
3,FERPlus_440.png
3,FERPlus_441.png
3,FERPlus_442.png
3,FERPlus_443.png
3,FERPlus_444.png
3,FERPlus_445.png
3,FERPlus_446.png
3,FERPlus_447.png
3,FERPlus_448.png
3,FERPlus_449.png
3,FERPlus_450.png
3,FERPlus_451.png
3,FERPlus_452.png
3,FERPlus_453.png
3,FERPlus_454.png
3,FERPlus_455.png
3,FERPlus_456.png
3,FERPlus_457.png
3,FERPlus_458.png
3,FERPlus_459.png
3,FERPlus_460.png
3,FERPlus_461.png
3,FERPlus_462.png
3,FERPlus_463.png
3,FERPlus_464.png
3,FERPlus_465.png
3,FERPlus_466.png
3,FERPlus_467.png
3,FERPlus_468.png
3,FERPlus_469.png
3,FERPlus_470.png
3,FERPlus_471.png
3,FERPlus_472.png
3,FERPlus_473.png
3,FERPlus_474.png
3,FERPlus_475.png
3,FERPlus_476.png
3,FERPlus_477.png
3,FERPlus_478.png
3,FERPlus_479.png
3,FERPlus_480.png
3,FERPlus_481.png
3,FERPlus_482.png
3,FERPlus_483.png
3,FERPlus_484.png
3,FERPlus_485.png
3,FERPlus_486.png
3,FERPlus_487.png
3,FERPlus_488.png
3,FERPlus_489.png
3,FERPlus_490.png
3,FERPlus_491.png
3,FERPlus_492.png
3,FERPlus_493.png
3,FERPlus_494.png
3,FERPlus_495.png
3,FERPlus_496.png
3,FERPlus_497.png
3,FERPlus_498.png
3,FERPlus_499.png
3,FERPlus_500.png
3,FERPlus_501.png
3,FERPlus_502.png
3,FERPlus_503.png
3,FERPlus_504.png
3,FERPlus_505.png
3,FERPlus_506.png
3,FERPlus_507.png
3,FERPlus_508.png
3,FERPlus_509.png
3,FERPlus_510.png
3,FERPlus_511.png
3,FERPlus_512.png
3,FERPlus_513.png
3,FERPlus_514.png
3,FERPlus_515.png
3,FERPlus_516.png
3,FERPlus_517.png
3,FERPlus_518.png
3,FERPlus_519.png
3,FERPlus_520.png
3,FERPlus_521.png
3,FERPlus_522.png
3,FERPlus_523.png
3,FERPlus_524.png
3,FERPlus_525.png
3,FERPlus_526.png
3,FERPlus_527.png
3,FERPlus_528.png
3,FERPlus_529.png
3,FERPlus_530.png
3,FERPlus_531.png
3,FERPlus_532.png
3,FERPlus_533.png
3,FERPlus_534.png
3,FERPlus_535.png
3,FERPlus_536.png
3,FERPlus_537.png
3,FERPlus_538.png
3,FERPlus_539.png
3,FERPlus_540.png
3,FERPlus_541.png
3,FERPlus_542.png
3,FERPlus_543.png
3,FERPlus_544.png
3,FERPlus_545.png
3,FERPlus_546.png
3,FERPlus_547.png
3,FERPlus_548.png
3,FERPlus_549.png
3,FERPlus_550.png
3,FERPlus_551.png
3,FERPlus_552.png
3,FERPlus_553.png
3,FERPlus_554.png
3,FERPlus_555.png
3,FERPlus_556.png
3,FERPlus_557.png
3,FERPlus_558.png
3,FERPlus_559.png
3,FERPlus_560.png
3,FERPlus_561.png
3,FERPlus_562.png
3,FERPlus_563.png
3,FERPlus_564.png
3,FERPlus_565.png
3,FERPlus_566.png
3,FERPlus_567.png
3,FERPlus_568.png
3,FERPlus_569.png
3,FERPlus_570.png
3,FERPlus_571.png
3,FERPlus_572.png
3,FERPlus_573.png
3,FERPlus_574.png
3,FERPlus_575.png
3,FERPlus_576.png
3,FERPlus_577.png
3,FERPlus_578.png
3,FERPlus_579.png
3,FERPlus_580.png
3,FERPlus_581.png
3,FERPlus_582.png
3,FERPlus_583.png
3,FERPlus_584.png
3,FERPlus_585.png
3,FERPlus_586.png
3,FERPlus_587.png
3,FERPlus_588.png
3,FERPlus_589.png
3,FERPlus_590.png
3,FERPlus_591.png
3,FERPlus_592.png
3,FERPlus_593.png
3,FERPlus_594.png
3,FERPlus_595.png
3,FERPlus_596.png
3,FERPlus_597.png
3,FERPlus_598.png
3,FERPlus_599.png
3,FERPlus_600.png
3,FERPlus_601.png
3,FERPlus_602.png
3,FERPlus_603.png
3,FERPlus_604.png
3,FERPlus_605.png
3,FERPlus_606.png
3,FERPlus_607.png
3,FERPlus_608.png
3,FERPlus_609.png
3,FERPlus_610.png
3,FERPlus_611.png
3,FERPlus_612.png
3,FERPlus_613.png
3,FERPlus_614.png
3,FERPlus_615.png
3,FERPlus_616.png
3,FERPlus_617.png
3,FERPlus_618.png
3,FERPlus_619.png
3,FERPlus_620.png
3,FERPlus_621.png
3,FERPlus_622.png
3,FERPlus_623.png
3,FERPlus_624.png
3,FERPlus_625.png
3,FERPlus_626.png
3,FERPlus_627.png
3,FERPlus_628.png
3,FERPlus_629.png
3,FERPlus_630.png
3,FERPlus_631.png
3,FERPlus_632.png
3,FERPlus_633.png
3,FERPlus_634.png
3,FERPlus_635.png
3,FERPlus_636.png
3,FERPlus_637.png
3,FERPlus_638.png
3,FERPlus_639.png
3,FERPlus_640.png
3,FERPlus_641.png
3,FERPlus_642.png
3,FERPlus_643.png
3,FERPlus_644.png
3,FERPlus_645.png
3,FERPlus_646.png
3,FERPlus_647.png
3,FERPlus_648.png
3,FERPlus_649.png
3,FERPlus_650.png
3,FERPlus_651.png
3,FERPlus_652.png
3,FERPlus_653.png
3,FERPlus_654.png
3,FERPlus_655.png
3,FERPlus_656.png
3,FERPlus_657.png
3,FERPlus_658.png
3,FERPlus_659.png
3,FERPlus_660.png
3,FERPlus_661.png
3,FERPlus_662.png
3,FERPlus_663.png
3,FERPlus_664.png
3,FERPlus_665.png
3,FERPlus_666.png
3,FERPlus_667.png
3,FERPlus_668.png
3,FERPlus_669.png
3,FERPlus_670.png
3,FERPlus_671.png
3,FERPlus_672.png
3,FERPlus_673.png
3,FERPlus_674.png
3,FERPlus_675.png
3,FERPlus_676.png
3,FERPlus_677.png
3,FERPlus_678.png
3,FERPlus_679.png
3,FERPlus_680.png
3,FERPlus_681.png
3,FERPlus_682.png
3,FERPlus_683.png
3,FERPlus_684.png
3,FERPlus_685.png
3,FERPlus_686.png
3,FERPlus_687.png
3,FERPlus_688.png
3,FERPlus_689.png
3,FERPlus_690.png
3,FERPlus_691.png
3,FERPlus_692.png
3,FERPlus_693.png
3,FERPlus_694.png
3,FERPlus_695.png
3,FERPlus_696.png
3,FERPlus_697.png
3,FERPlus_698.png
3,FERPlus_699.png
3,FERPlus_700.png
3,FERPlus_701.png
3,FERPlus_702.png
3,FERPlus_703.png
3,FERPlus_704.png
3,FERPlus_705.png
3,FERPlus_706.png
3,FERPlus_707.png
3,FERPlus_708.png
3,FERPlus_709.png
3,FERPlus_710.png
3,FERPlus_711.png
3,FERPlus_712.png
3,FERPlus_713.png
3,FERPlus_714.png
3,FERPlus_715.png
3,FERPlus_716.png
3,FERPlus_717.png
3,FERPlus_718.png
3,FERPlus_719.png
3,FERPlus_720.png
3,FERPlus_721.png
3,FERPlus_722.png
3,FERPlus_723.png
3,FERPlus_724.png
3,FERPlus_725.png
3,FERPlus_726.png
3,FERPlus_727.png
3,FERPlus_728.png
3,FERPlus_729.png
3,FERPlus_730.png
3,FERPlus_731.png
3,FERPlus_732.png
3,FERPlus_733.png
3,FERPlus_734.png
3,FERPlus_735.png
3,FERPlus_736.png
3,FERPlus_737.png
3,FERPlus_738.png
3,FERPlus_739.png
3,FERPlus_740.png
3,FERPlus_741.png
3,FERPlus_742.png
3,FERPlus_743.png
3,FERPlus_744.png
3,FERPlus_745.png
3,FERPlus_746.png
3,FERPlus_747.png
3,FERPlus_748.png
3,FERPlus_749.png
3,FERPlus_750.png
3,FERPlus_751.png
3,FERPlus_752.png
3,FERPlus_753.png
3,FERPlus_754.png
3,FERPlus_755.png
3,FERPlus_756.png
3,FERPlus_757.png
3,FERPlus_758.png
3,FERPlus_759.png
3,FERPlus_760.png
3,FERPlus_761.png
3,FERPlus_762.png
3,FERPlus_763.png
3,FERPlus_764.png
3,FERPlus_765.png
3,FERPlus_766.png
3,FERPlus_767.png
3,FERPlus_768.png
3,FERPlus_769.png
3,FERPlus_770.png
3,FERPlus_771.png
3,FERPlus_772.png
3,FERPlus_773.png
3,FERPlus_774.png
3,FERPlus_775.png
3,FERPlus_776.png
3,FERPlus_777.png
3,FERPlus_778.png
3,FERPlus_779.png
3,FERPlus_780.png
3,FERPlus_781.png
3,FERPlus_782.png
3,FERPlus_783.png
3,FERPlus_784.png
3,FERPlus_785.png
3,FERPlus_786.png
3,FERPlus_787.png
3,FERPlus_788.png
3,FERPlus_789.png
3,FERPlus_790.png
3,FERPlus_791.png
3,FERPlus_792.png
3,FERPlus_793.png
3,FERPlus_794.png
3,FERPlus_795.png
3,FERPlus_796.png
3,FERPlus_797.png
3,FERPlus_798.png
3,FERPlus_799.png
3,FERPlus_800.png
3,FERPlus_801.png
3,FERPlus_802.png
3,FERPlus_803.png
3,FERPlus_804.png
3,FERPlus_805.png
3,FERPlus_806.png
3,FERPlus_807.png
3,FERPlus_808.png
3,FERPlus_809.png
3,FERPlus_810.png
3,FERPlus_811.png
3,FERPlus_812.png
3,FERPlus_813.png
3,FERPlus_814.png
3,FERPlus_815.png
3,FERPlus_816.png
3,FERPlus_817.png
3,FERPlus_818.png
3,FERPlus_819.png
3,FERPlus_820.png
3,FERPlus_821.png
3,FERPlus_822.png
3,FERPlus_823.png
3,FERPlus_824.png
3,FERPlus_825.png
3,FERPlus_826.png
3,FERPlus_827.png
3,FERPlus_828.png
3,FERPlus_829.png
3,FERPlus_830.png
3,FERPlus_831.png
3,FERPlus_832.png
3,FERPlus_833.png
3,FERPlus_834.png
3,FERPlus_835.png
3,FERPlus_836.png
3,FERPlus_837.png
3,FERPlus_838.png
3,FERPlus_839.png
3,FERPlus_840.png
3,FERPlus_841.png
3,FERPlus_842.png
3,FERPlus_843.png
3,FERPlus_844.png
3,FERPlus_845.png
3,FERPlus_846.png
3,FERPlus_847.png
3,FERPlus_848.png
3,FERPlus_849.png
3,FERPlus_850.png
3,FERPlus_851.png
3,FERPlus_852.png
3,FERPlus_853.png
3,FERPlus_854.png
3,FERPlus_855.png
3,FERPlus_856.png
3,FERPlus_857.png
3,FERPlus_858.png
3,FERPlus_859.png
3,FERPlus_860.png
3,FERPlus_861.png
3,FERPlus_862.png
3,FERPlus_863.png
3,FERPlus_864.png
3,FERPlus_865.png
3,FERPlus_866.png
3,FERPlus_867.png
3,FERPlus_868.png
3,FERPlus_869.png
3,FERPlus_870.png
3,FERPlus_871.png
3,FERPlus_872.png
3,FERPlus_873.png
3,FERPlus_874.png
3,FERPlus_875.png
3,FERPlus_876.png
3,FERPlus_877.png
3,FERPlus_878.png
3,FERPlus_879.png
3,FERPlus_880.png
3,FERPlus_881.png
3,FERPlus_882.png
3,FERPlus_883.png
3,FERPlus_884.png
3,FERPlus_885.png
3,FERPlus_886.png
3,FERPlus_887.png
3,FERPlus_888.png
3,FERPlus_889.png
3,FERPlus_890.png
3,FERPlus_891.png
3,FERPlus_892.png
3,FERPlus_893.png
3,FERPlus_894.png
3,FERPlus_895.png
3,FERPlus_896.png
3,FERPlus_897.png
3,FERPlus_898.png
3,FERPlus_899.png
3,FERPlus_900.png
3,FERPlus_901.png
3,FERPlus_902.png
3,FERPlus_903.png
3,FERPlus_904.png
3,FERPlus_905.png
3,FERPlus_906.png
3,FERPlus_907.png
3,FERPlus_908.png
3,FERPlus_909.png
3,FERPlus_910.png
3,FERPlus_911.png
3,FERPlus_912.png
3,FERPlus_913.png
3,FERPlus_914.png
3,FERPlus_915.png
3,FERPlus_916.png
3,FERPlus_917.png
3,FERPlus_918.png
3,FERPlus_919.png
3,FERPlus_920.png
3,FERPlus_921.png
3,FERPlus_922.png
3,FERPlus_923.png
3,FERPlus_924.png
3,FERPlus_925.png
3,FERPlus_926.png
3,FERPlus_927.png
3,FERPlus_928.png
3,FERPlus_929.png
3,FERPlus_930.png
3,FERPlus_931.png
3,FERPlus_932.png
3,FERPlus_933.png
3,FERPlus_934.png
3,FERPlus_935.png
3,FERPlus_936.png
3,FERPlus_937.png
3,FERPlus_938.png
3,FERPlus_939.png
3,FERPlus_940.png
3,FERPlus_941.png
3,FERPlus_942.png
3,FERPlus_943.png
3,FERPlus_944.png
3,FERPlus_945.png
3,FERPlus_946.png
3,FERPlus_947.png
3,FERPlus_948.png
3,FERPlus_949.png
3,FERPlus_950.png
3,FERPlus_951.png
3,FERPlus_952.png
3,FERPlus_953.png
3,FERPlus_954.png
3,FERPlus_955.png
3,FERPlus_956.png
3,FERPlus_957.png
3,FERPlus_958.png
3,FERPlus_959.png
3,FERPlus_960.png
3,FERPlus_961.png
3,FERPlus_962.png
3,FERPlus_963.png
3,FERPlus_964.png
3,FERPlus_965.png
3,FERPlus_966.png
3,FERPlus_967.png
3,FERPlus_968.png
3,FERPlus_969.png
3,FERPlus_970.png
3,FERPlus_971.png
3,FERPlus_972.png
3,FERPlus_973.png
3,FERPlus_974.png
3,FERPlus_975.png
3,FERPlus_976.png
3,FERPlus_977.png
3,FERPlus_978.png
3,FERPlus_979.png
3,FERPlus_980.png
3,FERPlus_981.png
3,FERPlus_982.png
3,FERPlus_983.png
3,FERPlus_984.png
3,FERPlus_985.png
3,FERPlus_986.png
3,FERPlus_987.png
3,FERPlus_988.png
3,FERPlus_989.png
3,FERPlus_990.png
3,FERPlus_991.png
3,FERPlus_992.png
3,FERPlus_993.png
3,FERPlus_994.png
3,FERPlus_995.png
3,FERPlus_996.png
3,FERPlus_997.png
3,FERPlus_998.png
3,FERPlus_999.png
3,FERPlus_1000.png
3,FERPlus_1001.png
3,FERPlus_1002.png
3,FERPlus_1003.png
3,FERPlus_1004.png
3,FERPlus_1005.png
3,FERPlus_1006.png
3,FERPlus_1007.png
3,FERPlus_1008.png
3,FERPlus_1009.png
3,FERPlus_1010.png
3,FERPlus_1011.png
3,FERPlus_1012.png
3,FERPlus_1013.png
3,FERPlus_1014.png
3,FERPlus_1015.png
3,FERPlus_1016.png
3,FERPlus_1017.png
3,FERPlus_1018.png
3,FERPlus_1019.png
3,FERPlus_1020.png
3,FERPlus_1021.png
3,FERPlus_1022.png
3,FERPlus_1023.png
3,FERPlus_1024.png
3,FERPlus_1025.png
3,FERPlus_1026.png
3,FERPlus_1027.png
3,FERPlus_1028.png
3,FERPlus_1029.png
3,FERPlus_1030.png
3,FERPlus_1031.png
3,FERPlus_1032.png
3,FERPlus_1033.png
3,FERPlus_1034.png
3,FERPlus_1035.png
3,FERPlus_1036.png
3,FERPlus_1037.png
3,FERPlus_1038.png
3,FERPlus_1039.png
3,FERPlus_1040.png
3,FERPlus_1041.png
3,FERPlus_1042.png
3,FERPlus_1043.png
3,FERPlus_1044.png
3,FERPlus_1045.png
3,FERPlus_1046.png
3,FERPlus_1047.png
3,FERPlus_1048.png
3,FERPlus_1049.png
3,FERPlus_1050.png
3,FERPlus_1051.png
3,FERPlus_1052.png
3,FERPlus_1053.png
3,FERPlus_1054.png
3,FERPlus_1055.png
3,FERPlus_1056.png
3,FERPlus_1057.png
3,FERPlus_1058.png
3,FERPlus_1059.png
3,FERPlus_1060.png
3,FERPlus_1061.png
3,FERPlus_1062.png
3,FERPlus_1063.png
3,FERPlus_1064.png
3,FERPlus_1065.png
3,FERPlus_1066.png
3,FERPlus_1067.png
3,FERPlus_1068.png
3,FERPlus_1069.png
3,FERPlus_1070.png
3,FERPlus_1071.png
3,FERPlus_1072.png
3,FERPlus_1073.png
3,FERPlus_1074.png
3,FERPlus_1075.png
3,FERPlus_1076.png
3,FERPlus_1077.png
3,FERPlus_1078.png
3,FERPlus_1079.png
3,FERPlus_1080.png
3,FERPlus_1081.png
3,FERPlus_1082.png
3,FERPlus_1083.png
3,FERPlus_1084.png
3,FERPlus_1085.png
3,FERPlus_1086.png
3,FERPlus_1087.png
3,FERPlus_1088.png
3,FERPlus_1089.png
3,FERPlus_1090.png
3,FERPlus_1091.png
3,FERPlus_1092.png
3,FERPlus_1093.png
3,FERPlus_1094.png
3,FERPlus_1095.png
3,FERPlus_1096.png
3,FERPlus_1097.png
3,FERPlus_1098.png
3,FERPlus_1099.png
3,FERPlus_1100.png
3,FERPlus_1101.png
3,FERPlus_1102.png
3,FERPlus_1103.png
3,FERPlus_1104.png
3,FERPlus_1105.png
3,FERPlus_1106.png
3,FERPlus_1107.png
3,FERPlus_1108.png
3,FERPlus_1109.png
3,FERPlus_1110.png
3,FERPlus_1111.png
3,FERPlus_1112.png
3,FERPlus_1113.png
3,FERPlus_1114.png
3,FERPlus_1115.png
3,FERPlus_1116.png
3,FERPlus_1117.png
3,FERPlus_1118.png
3,FERPlus_1119.png
3,FERPlus_1120.png
3,FERPlus_1121.png
3,FERPlus_1122.png
3,FERPlus_1123.png
3,FERPlus_1124.png
3,FERPlus_1125.png
3,FERPlus_1126.png
3,FERPlus_1127.png
3,FERPlus_1128.png
3,FERPlus_1129.png
3,FERPlus_1130.png
3,FERPlus_1131.png
3,FERPlus_1132.png
3,FERPlus_1133.png
3,FERPlus_1134.png
3,FERPlus_1135.png
3,FERPlus_1136.png
3,FERPlus_1137.png
3,FERPlus_1138.png
3,FERPlus_1139.png
3,FERPlus_1140.png
3,FERPlus_1141.png
3,FERPlus_1142.png
3,FERPlus_1143.png
3,FERPlus_1144.png
3,FERPlus_1145.png
3,FERPlus_1146.png
3,FERPlus_1147.png
3,FERPlus_1148.png
3,FERPlus_1149.png
3,FERPlus_1150.png
3,FERPlus_1151.png
3,FERPlus_1152.png
3,FERPlus_1153.png
3,FERPlus_1154.png
3,FERPlus_1155.png
3,FERPlus_1156.png
3,FERPlus_1157.png
3,FERPlus_1158.png
3,FERPlus_1159.png
3,FERPlus_1160.png
3,FERPlus_1161.png
3,FERPlus_1162.png
3,FERPlus_1163.png
3,FERPlus_1164.png
3,FERPlus_1165.png
3,FERPlus_1166.png
3,FERPlus_1167.png
3,FERPlus_1168.png
3,FERPlus_1169.png
3,FERPlus_1170.png
3,FERPlus_1171.png
3,FERPlus_1172.png
3,FERPlus_1173.png
3,FERPlus_1174.png
3,FERPlus_1175.png
3,FERPlus_1176.png
3,FERPlus_1177.png
3,FERPlus_1178.png
3,FERPlus_1179.png
3,FERPlus_1180.png
3,FERPlus_1181.png
3,FERPlus_1182.png
3,FERPlus_1183.png
3,FERPlus_1184.png
3,FERPlus_1185.png
3,FERPlus_1186.png
3,FERPlus_1187.png
3,FERPlus_1188.png
3,FERPlus_1189.png
3,FERPlus_1190.png
3,FERPlus_1191.png
3,FERPlus_1192.png
3,FERPlus_1193.png
3,FERPlus_1194.png
3,FERPlus_1195.png
3,FERPlus_1196.png
3,FERPlus_1197.png
3,FERPlus_1198.png
3,FERPlus_1199.png
3,FERPlus_1200.png
3,FERPlus_1201.png
3,FERPlus_1202.png
3,FERPlus_1203.png
3,FERPlus_1204.png
3,FERPlus_1205.png
3,FERPlus_1206.png
3,FERPlus_1207.png
3,FERPlus_1208.png
3,FERPlus_1209.png
3,FERPlus_1210.png
3,FERPlus_1211.png
3,FERPlus_1212.png
3,FERPlus_1213.png
3,FERPlus_1214.png
3,FERPlus_1215.png
3,FERPlus_1216.png
3,FERPlus_1217.png
3,FERPlus_1218.png
3,FERPlus_1219.png
3,FERPlus_1220.png
3,FERPlus_1221.png
3,FERPlus_1222.png
3,FERPlus_1223.png
3,FERPlus_1224.png
3,FERPlus_1225.png
3,FERPlus_1226.png
3,FERPlus_1227.png
3,FERPlus_1228.png
3,FERPlus_1229.png
3,FERPlus_1230.png
3,FERPlus_1231.png
3,FERPlus_1232.png
3,FERPlus_1233.png
3,FERPlus_1234.png
3,FERPlus_1235.png
3,FERPlus_1236.png
3,FERPlus_1237.png
3,FERPlus_1238.png
3,FERPlus_1239.png
3,FERPlus_1240.png
3,FERPlus_1241.png
3,FERPlus_1242.png
3,FERPlus_1243.png
3,FERPlus_1244.png
3,FERPlus_1245.png
3,FERPlus_1246.png
3,FERPlus_1247.png
3,FERPlus_1248.png
3,FERPlus_1249.png
3,FERPlus_1250.png
3,FERPlus_1251.png
3,FERPlus_1252.png
3,FERPlus_1253.png
3,FERPlus_1254.png
3,FERPlus_1255.png
3,FERPlus_1256.png
3,FERPlus_1257.png
3,FERPlus_1258.png
3,FERPlus_1259.png
3,FERPlus_1260.png
3,FERPlus_1261.png
3,FERPlus_1262.png
3,FERPlus_1263.png
3,FERPlus_1264.png
3,FERPlus_1265.png
3,FERPlus_1266.png
3,FERPlus_1267.png
3,FERPlus_1268.png
3,FERPlus_1269.png
3,FERPlus_1270.png
3,FERPlus_1271.png
3,FERPlus_1272.png
3,FERPlus_1273.png
3,FERPlus_1274.png
3,FERPlus_1275.png
3,FERPlus_1276.png
3,FERPlus_1277.png
3,FERPlus_1278.png
3,FERPlus_1279.png
3,FERPlus_1280.png
3,FERPlus_1281.png
3,FERPlus_1282.png
3,FERPlus_1283.png
3,FERPlus_1284.png
3,FERPlus_1285.png
3,FERPlus_1286.png
3,FERPlus_1287.png
3,FERPlus_1288.png
3,FERPlus_1289.png
3,FERPlus_1290.png
3,FERPlus_1291.png
3,FERPlus_1292.png
3,FERPlus_1293.png
3,FERPlus_1294.png
3,FERPlus_1295.png
3,FERPlus_1296.png
3,FERPlus_1297.png
3,FERPlus_1298.png
3,FERPlus_1299.png
3,FERPlus_1300.png
3,FERPlus_1301.png
3,FERPlus_1302.png
3,FERPlus_1303.png
3,FERPlus_1304.png
3,FERPlus_1305.png
3,FERPlus_1306.png
3,FERPlus_1307.png
3,FERPlus_1308.png
3,FERPlus_1309.png
3,FERPlus_1310.png
3,FERPlus_1311.png
3,FERPlus_1312.png
3,FERPlus_1313.png
3,FERPlus_1314.png
3,FERPlus_1315.png
3,FERPlus_1316.png
3,FERPlus_1317.png
3,FERPlus_1318.png
3,FERPlus_1319.png
3,FERPlus_1320.png
3,FERPlus_1321.png
3,FERPlus_1322.png
3,FERPlus_1323.png
3,FERPlus_1324.png
3,FERPlus_1325.png
3,FERPlus_1326.png
3,FERPlus_1327.png
3,FERPlus_1328.png
3,FERPlus_1329.png
3,FERPlus_1330.png
3,FERPlus_1331.png
3,FERPlus_1332.png
3,FERPlus_1333.png
3,FERPlus_1334.png
3,FERPlus_1335.png
3,FERPlus_1336.png
3,FERPlus_1337.png
3,FERPlus_1338.png
3,FERPlus_1339.png
3,FERPlus_1340.png
3,FERPlus_1341.png
3,FERPlus_1342.png
3,FERPlus_1343.png
3,FERPlus_1344.png
3,FERPlus_1345.png
3,FERPlus_1346.png
3,FERPlus_1347.png
3,FERPlus_1348.png
3,FERPlus_1349.png
3,FERPlus_1350.png
3,FERPlus_1351.png
3,FERPlus_1352.png
3,FERPlus_1353.png
3,FERPlus_1354.png
3,FERPlus_1355.png
3,FERPlus_1356.png
3,FERPlus_1357.png
3,FERPlus_1358.png
3,FERPlus_1359.png
3,FERPlus_1360.png
3,FERPlus_1361.png
3,FERPlus_1362.png
3,FERPlus_1363.png
3,FERPlus_1364.png
3,FERPlus_1365.png
3,FERPlus_1366.png
3,FERPlus_1367.png
3,FERPlus_1368.png
3,FERPlus_1369.png
3,FERPlus_1370.png
3,FERPlus_1371.png
3,FERPlus_1372.png
3,FERPlus_1373.png
3,FERPlus_1374.png
3,FERPlus_1375.png
3,FERPlus_1376.png
3,FERPlus_1377.png
3,FERPlus_1378.png
3,FERPlus_1379.png
3,FERPlus_1380.png
3,FERPlus_1381.png
3,FERPlus_1382.png
3,FERPlus_1383.png
3,FERPlus_1384.png
3,FERPlus_1385.png
3,FERPlus_1386.png
3,FERPlus_1387.png
3,FERPlus_1388.png
3,FERPlus_1389.png
3,FERPlus_1390.png
3,FERPlus_1391.png
3,FERPlus_1392.png
3,FERPlus_1393.png
3,FERPlus_1394.png
3,FERPlus_1395.png
3,FERPlus_1396.png
3,FERPlus_1397.png
3,FERPlus_1398.png
3,FERPlus_1399.png
3,FERPlus_1400.png
3,FERPlus_1401.png
3,FERPlus_1402.png
3,FERPlus_1403.png
3,FERPlus_1404.png
3,FERPlus_1405.png
3,FERPlus_1406.png
3,FERPlus_1407.png
3,FERPlus_1408.png
3,FERPlus_1409.png
3,FERPlus_1410.png
3,FERPlus_1411.png
3,FERPlus_1412.png
3,FERPlus_1413.png
3,FERPlus_1414.png
3,FERPlus_1415.png
3,FERPlus_1416.png
3,FERPlus_1417.png
3,FERPlus_1418.png
3,FERPlus_1419.png
3,FERPlus_1420.png
3,FERPlus_1421.png
3,FERPlus_1422.png
3,FERPlus_1423.png
3,FERPlus_1424.png
3,FERPlus_1425.png
3,FERPlus_1426.png
3,FERPlus_1427.png
3,FERPlus_1428.png
3,FERPlus_1429.png
3,FERPlus_1430.png
3,FERPlus_1431.png
3,FERPlus_1432.png
3,FERPlus_1433.png
3,FERPlus_1434.png
3,FERPlus_1435.png
3,FERPlus_1436.png
3,FERPlus_1437.png
3,FERPlus_1438.png
3,FERPlus_1439.png
3,FERPlus_1440.png
3,FERPlus_1441.png
3,FERPlus_1442.png
3,FERPlus_1443.png
3,FERPlus_1444.png
3,FERPlus_1445.png
3,FERPlus_1446.png
3,FERPlus_1447.png
3,FERPlus_1448.png
3,FERPlus_1449.png
3,FERPlus_1450.png
3,FERPlus_1451.png
3,FERPlus_1452.png
3,FERPlus_1453.png
3,FERPlus_1454.png
3,FERPlus_1455.png
3,FERPlus_1456.png
3,FERPlus_1457.png
3,FERPlus_1458.png
3,FERPlus_1459.png
3,FERPlus_1460.png
3,FERPlus_1461.png
3,FERPlus_1462.png
3,FERPlus_1463.png
3,FERPlus_1464.png
3,FERPlus_1465.png
3,FERPlus_1466.png
3,FERPlus_1467.png
3,FERPlus_1468.png
3,FERPlus_1469.png
3,FERPlus_1470.png
3,FERPlus_1471.png
3,FERPlus_1472.png
3,FERPlus_1473.png
3,FERPlus_1474.png
3,FERPlus_1475.png
3,FERPlus_1476.png
3,FERPlus_1477.png
3,FERPlus_1478.png
3,FERPlus_1479.png
3,FERPlus_1480.png
3,FERPlus_1481.png
3,FERPlus_1482.png
3,FERPlus_1483.png
3,FERPlus_1484.png
3,FERPlus_1485.png
3,FERPlus_1486.png
3,FERPlus_1487.png
3,FERPlus_1488.png
3,FERPlus_1489.png
3,FERPlus_1490.png
3,FERPlus_1491.png
3,FERPlus_1492.png
3,FERPlus_1493.png
3,FERPlus_1494.png
3,FERPlus_1495.png
3,FERPlus_1496.png
3,FERPlus_1497.png
3,FERPlus_1498.png
3,FERPlus_1499.png
3,FERPlus_1500.png
3,FERPlus_1501.png
3,FERPlus_1502.png
3,FERPlus_1503.png
3,FERPlus_1504.png
3,FERPlus_1505.png
3,FERPlus_1506.png
3,FERPlus_1507.png
3,FERPlus_1508.png
3,FERPlus_1509.png
3,FERPlus_1510.png
3,FERPlus_1511.png
3,FERPlus_1512.png
3,FERPlus_1513.png
3,FERPlus_1514.png
3,FERPlus_1515.png
3,FERPlus_1516.png
3,FERPlus_1517.png
3,FERPlus_1518.png
3,FERPlus_1519.png
3,FERPlus_1520.png
3,FERPlus_1521.png
3,FERPlus_1522.png
3,FERPlus_1523.png
3,FERPlus_1524.png
3,FERPlus_1525.png
3,FERPlus_1526.png
3,FERPlus_1527.png
3,FERPlus_1528.png
3,FERPlus_1529.png
3,FERPlus_1530.png
3,FERPlus_1531.png
3,FERPlus_1532.png
3,FERPlus_1533.png
3,FERPlus_1534.png
3,FERPlus_1535.png
3,FERPlus_1536.png
3,FERPlus_1537.png
3,FERPlus_1538.png
3,FERPlus_1539.png
3,FERPlus_1540.png
3,FERPlus_1541.png
3,FERPlus_1542.png
3,FERPlus_1543.png
3,FERPlus_1544.png
3,FERPlus_1545.png
3,FERPlus_1546.png
3,FERPlus_1547.png
3,FERPlus_1548.png
3,FERPlus_1549.png
3,FERPlus_1550.png
3,FERPlus_1551.png
3,FERPlus_1552.png
3,FERPlus_1553.png
3,FERPlus_1554.png
3,FERPlus_1555.png
3,FERPlus_1556.png
3,FERPlus_1557.png
3,FERPlus_1558.png
3,FERPlus_1559.png
3,FERPlus_1560.png
3,FERPlus_1561.png
3,FERPlus_1562.png
3,FERPlus_1563.png
3,FERPlus_1564.png
3,FERPlus_1565.png
3,FERPlus_1566.png
3,FERPlus_1567.png
3,FERPlus_1568.png
3,FERPlus_1569.png
3,FERPlus_1570.png
3,FERPlus_1571.png
3,FERPlus_1572.png
3,FERPlus_1573.png
3,FERPlus_1574.png
3,FERPlus_1575.png
3,FERPlus_1576.png
3,FERPlus_1577.png
3,FERPlus_1578.png
3,FERPlus_1579.png
3,FERPlus_1580.png
3,FERPlus_1581.png
3,FERPlus_1582.png
3,FERPlus_1583.png
3,FERPlus_1584.png
3,FERPlus_1585.png
3,FERPlus_1586.png
3,FERPlus_1587.png
3,FERPlus_1588.png
3,FERPlus_1589.png
3,FERPlus_1590.png
3,FERPlus_1591.png
3,FERPlus_1592.png
3,FERPlus_1593.png
3,FERPlus_1594.png
3,FERPlus_1595.png
3,FERPlus_1596.png
3,FERPlus_1597.png
3,FERPlus_1598.png
3,FERPlus_1599.png
3,FERPlus_1600.png
3,FERPlus_1601.png
3,FERPlus_1602.png
3,FERPlus_1603.png
3,FERPlus_1604.png
3,FERPlus_1605.png
3,FERPlus_1606.png
3,FERPlus_1607.png
3,FERPlus_1608.png
3,FERPlus_1609.png
3,FERPlus_1610.png
3,FERPlus_1611.png
3,FERPlus_1612.png
3,FERPlus_1613.png
3,FERPlus_1614.png
3,FERPlus_1615.png
3,FERPlus_1616.png
3,FERPlus_1617.png
3,FERPlus_1618.png
3,FERPlus_1619.png
3,FERPlus_1620.png
3,FERPlus_1621.png
3,FERPlus_1622.png
3,FERPlus_1623.png
3,FERPlus_1624.png
3,FERPlus_1625.png
3,FERPlus_1626.png
3,FERPlus_1627.png
3,FERPlus_1628.png
3,FERPlus_1629.png
3,FERPlus_1630.png
3,FERPlus_1631.png
3,FERPlus_1632.png
3,FERPlus_1633.png
3,FERPlus_1634.png
3,FERPlus_1635.png
3,FERPlus_1636.png
3,FERPlus_1637.png
3,FERPlus_1638.png
3,FERPlus_1639.png
3,FERPlus_1640.png
3,FERPlus_1641.png
3,FERPlus_1642.png
3,FERPlus_1643.png
3,FERPlus_1644.png
3,FERPlus_1645.png
3,FERPlus_1646.png
3,FERPlus_1647.png
3,FERPlus_1648.png
3,FERPlus_1649.png
3,FERPlus_1650.png
3,FERPlus_1651.png
3,FERPlus_1652.png
3,FERPlus_1653.png
3,FERPlus_1654.png
3,FERPlus_1655.png
3,FERPlus_1656.png
3,FERPlus_1657.png
3,FERPlus_1658.png
3,FERPlus_1659.png
3,FERPlus_1660.png
3,FERPlus_1661.png
3,FERPlus_1662.png
3,FERPlus_1663.png
3,FERPlus_1664.png
3,FERPlus_1665.png
3,FERPlus_1666.png
3,FERPlus_1667.png
3,FERPlus_1668.png
3,FERPlus_1669.png
3,FERPlus_1670.png
3,FERPlus_1671.png
3,FERPlus_1672.png
3,FERPlus_1673.png
3,FERPlus_1674.png
3,FERPlus_1675.png
3,FERPlus_1676.png
3,FERPlus_1677.png
3,FERPlus_1678.png
3,FERPlus_1679.png
3,FERPlus_1680.png
3,FERPlus_1681.png
3,FERPlus_1682.png
3,FERPlus_1683.png
3,FERPlus_1684.png
3,FERPlus_1685.png
3,FERPlus_1686.png
3,FERPlus_1687.png
3,FERPlus_1688.png
3,FERPlus_1689.png
3,FERPlus_1690.png
3,FERPlus_1691.png
3,FERPlus_1692.png
3,FERPlus_1693.png
3,FERPlus_1694.png
3,FERPlus_1695.png
3,FERPlus_1696.png
3,FERPlus_1697.png
3,FERPlus_1698.png
3,FERPlus_1699.png
3,FERPlus_1700.png
3,FERPlus_1701.png
3,FERPlus_1702.png
3,FERPlus_1703.png
3,FERPlus_1704.png
3,FERPlus_1705.png
3,FERPlus_1706.png
3,FERPlus_1707.png
3,FERPlus_1708.png
3,FERPlus_1709.png
3,FERPlus_1710.png
3,FERPlus_1711.png
3,FERPlus_1712.png
3,FERPlus_1713.png
3,FERPlus_1714.png
3,FERPlus_1715.png
3,FERPlus_1716.png
3,FERPlus_1717.png
3,FERPlus_1718.png
3,FERPlus_1719.png
3,FERPlus_1720.png
3,FERPlus_1721.png
3,FERPlus_1722.png
3,FERPlus_1723.png
3,FERPlus_1724.png
3,FERPlus_1725.png
3,FERPlus_1726.png
3,FERPlus_1727.png
3,FERPlus_1728.png
3,FERPlus_1729.png
3,FERPlus_1730.png
3,FERPlus_1731.png
3,FERPlus_1732.png
3,FERPlus_1733.png
3,FERPlus_1734.png
3,FERPlus_1735.png
3,FERPlus_1736.png
3,FERPlus_1737.png
3,FERPlus_1738.png
3,FERPlus_1739.png
3,FERPlus_1740.png
3,FERPlus_1741.png
3,FERPlus_1742.png
3,FERPlus_1743.png
3,FERPlus_1744.png
3,FERPlus_1745.png
3,FERPlus_1746.png
3,FERPlus_1747.png
3,FERPlus_1748.png
3,FERPlus_1749.png
3,FERPlus_1750.png
3,FERPlus_1751.png
3,FERPlus_1752.png
3,FERPlus_1753.png
3,FERPlus_1754.png
3,FERPlus_1755.png
3,FERPlus_1756.png
3,FERPlus_1757.png
3,FERPlus_1758.png
3,FERPlus_1759.png
3,FERPlus_1760.png
3,FERPlus_1761.png
3,FERPlus_1762.png
3,FERPlus_1763.png
3,FERPlus_1764.png
3,FERPlus_1765.png
3,FERPlus_1766.png
3,FERPlus_1767.png
3,FERPlus_1768.png
3,FERPlus_1769.png
3,FERPlus_1770.png
3,FERPlus_1771.png
3,FERPlus_1772.png
3,FERPlus_1773.png
3,FERPlus_1774.png
3,FERPlus_1775.png
3,FERPlus_1776.png
3,FERPlus_1777.png
3,FERPlus_1778.png
3,FERPlus_1779.png
3,FERPlus_1780.png
3,FERPlus_1781.png
3,FERPlus_1782.png
3,FERPlus_1783.png
3,FERPlus_1784.png
3,FERPlus_1785.png
3,FERPlus_1786.png
3,FERPlus_1787.png
3,FERPlus_1788.png
3,FERPlus_1789.png
3,FERPlus_1790.png
3,FERPlus_1791.png
3,FERPlus_1792.png
3,FERPlus_1793.png
3,FERPlus_1794.png
3,FERPlus_1795.png
3,FERPlus_1796.png
3,FERPlus_1797.png
3,FERPlus_1798.png
3,FERPlus_1799.png
3,FERPlus_1800.png
3,FERPlus_1801.png
3,FERPlus_1802.png
3,FERPlus_1803.png
3,FERPlus_1804.png
3,FERPlus_1805.png
3,FERPlus_1806.png
3,FERPlus_1807.png
3,FERPlus_1808.png
3,FERPlus_1809.png
3,FERPlus_1810.png
3,FERPlus_1811.png
3,FERPlus_1812.png
3,FERPlus_1813.png
3,FERPlus_1814.png
3,FERPlus_1815.png
3,FERPlus_1816.png
3,FERPlus_1817.png
3,FERPlus_1818.png
3,FERPlus_1819.png
3,FERPlus_1820.png
3,FERPlus_1821.png
3,FERPlus_1822.png
3,FERPlus_1823.png
3,FERPlus_1824.png
3,FERPlus_1825.png
3,FERPlus_1826.png
3,FERPlus_1827.png
3,FERPlus_1828.png
3,FERPlus_1829.png
3,FERPlus_1830.png
3,FERPlus_1831.png
3,FERPlus_1832.png
3,FERPlus_1833.png
3,FERPlus_1834.png
3,FERPlus_1835.png
3,FERPlus_1836.png
3,FERPlus_1837.png
3,FERPlus_1838.png
3,FERPlus_1839.png
3,FERPlus_1840.png
3,FERPlus_1841.png
3,FERPlus_1842.png
3,FERPlus_1843.png
3,FERPlus_1844.png
3,FERPlus_1845.png
3,FERPlus_1846.png
3,FERPlus_1847.png
3,FERPlus_1848.png
3,FERPlus_1849.png
3,FERPlus_1850.png
3,FERPlus_1851.png
3,FERPlus_1852.png
3,FERPlus_1853.png
3,FERPlus_1854.png
3,FERPlus_1855.png
3,FERPlus_1856.png
3,FERPlus_1857.png
3,FERPlus_1858.png
3,FERPlus_1859.png
3,FERPlus_1860.png
3,FERPlus_1861.png
3,FERPlus_1862.png
3,FERPlus_1863.png
3,FERPlus_1864.png
3,FERPlus_1865.png
3,FERPlus_1866.png
3,FERPlus_1867.png
3,FERPlus_1868.png
3,FERPlus_1869.png
3,FERPlus_1870.png
3,FERPlus_1871.png
3,FERPlus_1872.png
3,FERPlus_1873.png
3,FERPlus_1874.png
3,FERPlus_1875.png
3,FERPlus_1876.png
3,FERPlus_1877.png
3,FERPlus_1878.png
3,FERPlus_1879.png
3,FERPlus_1880.png
3,FERPlus_1881.png
3,FERPlus_1882.png
3,FERPlus_1883.png
3,FERPlus_1884.png
3,FERPlus_1885.png
3,FERPlus_1886.png
3,FERPlus_1887.png
3,FERPlus_1888.png
3,FERPlus_1889.png
3,FERPlus_1890.png
3,FERPlus_1891.png
3,FERPlus_1892.png
3,FERPlus_1893.png
3,FERPlus_1894.png
3,FERPlus_1895.png
3,FERPlus_1896.png
3,FERPlus_1897.png
3,FERPlus_1898.png
3,FERPlus_1899.png
3,FERPlus_1900.png
3,FERPlus_1901.png
3,FERPlus_1902.png
3,FERPlus_1903.png
3,FERPlus_1904.png
3,FERPlus_1905.png
3,FERPlus_1906.png
3,FERPlus_1907.png
3,FERPlus_1908.png
3,FERPlus_1909.png
3,FERPlus_1910.png
3,FERPlus_1911.png
3,FERPlus_1912.png
3,FERPlus_1913.png
3,FERPlus_1914.png
3,FERPlus_1915.png
3,FERPlus_1916.png
3,FERPlus_1917.png
3,FERPlus_1918.png
3,FERPlus_1919.png
3,FERPlus_1920.png
3,FERPlus_1921.png
3,FERPlus_1922.png
3,FERPlus_1923.png
3,FERPlus_1924.png
3,FERPlus_1925.png
3,FERPlus_1926.png
3,FERPlus_1927.png
3,FERPlus_1928.png
3,FERPlus_1929.png
3,FERPlus_1930.png
3,FERPlus_1931.png
3,FERPlus_1932.png
3,FERPlus_1933.png
3,FERPlus_1934.png
3,FERPlus_1935.png
3,FERPlus_1936.png
3,FERPlus_1937.png
3,FERPlus_1938.png
3,FERPlus_1939.png
3,FERPlus_1940.png
3,FERPlus_1941.png
3,FERPlus_1942.png
3,FERPlus_1943.png
3,FERPlus_1944.png
3,FERPlus_1945.png
3,FERPlus_1946.png
3,FERPlus_1947.png
3,FERPlus_1948.png
3,FERPlus_1949.png
3,FERPlus_1950.png
3,FERPlus_1951.png
3,FERPlus_1952.png
3,FERPlus_1953.png
3,FERPlus_1954.png
3,FERPlus_1955.png
3,FERPlus_1956.png
3,FERPlus_1957.png
3,FERPlus_1958.png
3,FERPlus_1959.png
3,FERPlus_1960.png
3,FERPlus_1961.png
3,FERPlus_1962.png
3,FERPlus_1963.png
3,FERPlus_1964.png
3,FERPlus_1965.png
3,FERPlus_1966.png
3,FERPlus_1967.png
3,FERPlus_1968.png
3,FERPlus_1969.png
3,FERPlus_1970.png
3,FERPlus_1971.png
3,FERPlus_1972.png
3,FERPlus_1973.png
3,FERPlus_1974.png
3,FERPlus_1975.png
3,FERPlus_1976.png
3,FERPlus_1977.png
3,FERPlus_1978.png
3,FERPlus_1979.png
3,FERPlus_1980.png
3,FERPlus_1981.png
3,FERPlus_1982.png
3,FERPlus_1983.png
3,FERPlus_1984.png
3,FERPlus_1985.png
3,FERPlus_1986.png
3,FERPlus_1987.png
3,FERPlus_1988.png
3,FERPlus_1989.png
3,FERPlus_1990.png
3,FERPlus_1991.png
3,FERPlus_1992.png
3,FERPlus_1993.png
3,FERPlus_1994.png
3,FERPlus_1995.png
3,FERPlus_1996.png
3,FERPlus_1997.png
3,FERPlus_1998.png
3,FERPlus_1999.png
3,FERPlus_2000.png
3,FERPlus_2001.png
3,FERPlus_2002.png
3,FERPlus_2003.png
3,FERPlus_2004.png
3,FERPlus_2005.png
3,FERPlus_2006.png
3,FERPlus_2007.png
3,FERPlus_2008.png
3,FERPlus_2009.png
3,FERPlus_2010.png
3,FERPlus_2011.png
3,FERPlus_2012.png
3,FERPlus_2013.png
3,FERPlus_2014.png
3,FERPlus_2015.png
3,FERPlus_2016.png
3,FERPlus_2017.png
3,FERPlus_2018.png
3,FERPlus_2019.png
3,FERPlus_2020.png
3,FERPlus_2021.png
3,FERPlus_2022.png
3,FERPlus_2023.png
3,FERPlus_2024.png
3,FERPlus_2025.png
3,FERPlus_2026.png
3,FERPlus_2027.png
3,FERPlus_2028.png
3,FERPlus_2029.png
3,FERPlus_2030.png
3,FERPlus_2031.png
3,FERPlus_2032.png
3,FERPlus_2033.png
3,FERPlus_2034.png
3,FERPlus_2035.png
3,FERPlus_2036.png
3,FERPlus_2037.png
3,FERPlus_2038.png
3,FERPlus_2039.png
3,FERPlus_2040.png
3,FERPlus_2041.png
3,FERPlus_2042.png
3,FERPlus_2043.png
3,FERPlus_2044.png
3,FERPlus_2045.png
3,FERPlus_2046.png
3,FERPlus_2047.png
3,FERPlus_2048.png
3,FERPlus_2049.png
3,FERPlus_2050.png
3,FERPlus_2051.png
3,FERPlus_2052.png
3,FERPlus_2053.png
3,FERPlus_2054.png
3,FERPlus_2055.png
3,FERPlus_2056.png
3,FERPlus_2057.png
3,FERPlus_2058.png
3,FERPlus_2059.png
3,FERPlus_2060.png
3,FERPlus_2061.png
3,FERPlus_2062.png
3,FERPlus_2063.png
3,FERPlus_2064.png
3,FERPlus_2065.png
3,FERPlus_2066.png
3,FERPlus_2067.png
3,FERPlus_2068.png
3,FERPlus_2069.png
3,FERPlus_2070.png
3,FERPlus_2071.png
3,FERPlus_2072.png
3,FERPlus_2073.png
3,FERPlus_2074.png
3,FERPlus_2075.png
3,FERPlus_2076.png
3,FERPlus_2077.png
3,FERPlus_2078.png
3,FERPlus_2079.png
3,FERPlus_2080.png
3,FERPlus_2081.png
3,FERPlus_2082.png
3,FERPlus_2083.png
3,FERPlus_2084.png
3,FERPlus_2085.png
3,FERPlus_2086.png
3,FERPlus_2087.png
3,FERPlus_2088.png
3,FERPlus_2089.png
3,FERPlus_2090.png
3,FERPlus_2091.png
3,FERPlus_2092.png
3,FERPlus_2093.png
3,FERPlus_2094.png
3,FERPlus_2095.png
3,FERPlus_2096.png
3,FERPlus_2097.png
3,FERPlus_2098.png
3,FERPlus_2099.png
3,FERPlus_2100.png
3,FERPlus_2101.png
3,FERPlus_2102.png
3,FERPlus_2103.png
3,FERPlus_2104.png
3,FERPlus_2105.png
3,FERPlus_2106.png
3,FERPlus_2107.png
3,FERPlus_2108.png
3,FERPlus_2109.png
3,FERPlus_2110.png
3,FERPlus_2111.png
3,FERPlus_2112.png
3,FERPlus_2113.png
3,FERPlus_2114.png
3,FERPlus_2115.png
3,FERPlus_2116.png
3,FERPlus_2117.png
3,FERPlus_2118.png
3,FERPlus_2119.png
3,FERPlus_2120.png
3,FERPlus_2121.png
3,FERPlus_2122.png
3,FERPlus_2123.png
3,FERPlus_2124.png
3,FERPlus_2125.png
3,FERPlus_2126.png
3,FERPlus_2127.png
3,FERPlus_2128.png
3,FERPlus_2129.png
3,FERPlus_2130.png
3,FERPlus_2131.png
3,FERPlus_2132.png
3,FERPlus_2133.png
3,FERPlus_2134.png
3,FERPlus_2135.png
3,FERPlus_2136.png
3,FERPlus_2137.png
3,FERPlus_2138.png
3,FERPlus_2139.png
3,FERPlus_2140.png
3,FERPlus_2141.png
3,FERPlus_2142.png
3,FERPlus_2143.png
3,FERPlus_2144.png
3,FERPlus_2145.png
3,FERPlus_2146.png
3,FERPlus_2147.png
3,FERPlus_2148.png
3,FERPlus_2149.png
3,FERPlus_2150.png
3,FERPlus_2151.png
3,FERPlus_2152.png
3,FERPlus_2153.png
3,FERPlus_2154.png
3,FERPlus_2155.png
3,FERPlus_2156.png
3,FERPlus_2157.png
3,FERPlus_2158.png
3,FERPlus_2159.png
3,FERPlus_2160.png
3,FERPlus_2161.png
3,FERPlus_2162.png
3,FERPlus_2163.png
3,FERPlus_2164.png
3,FERPlus_2165.png
3,FERPlus_2166.png
3,FERPlus_2167.png
3,FERPlus_2168.png
3,FERPlus_2169.png
3,FERPlus_2170.png
3,FERPlus_2171.png
3,FERPlus_2172.png
3,FERPlus_2173.png
3,FERPlus_2174.png
3,FERPlus_2175.png
3,FERPlus_2176.png
3,FERPlus_2177.png
3,FERPlus_2178.png
3,FERPlus_2179.png
3,FERPlus_2180.png
3,FERPlus_2181.png
3,FERPlus_2182.png
3,FERPlus_2183.png
3,FERPlus_2184.png
3,FERPlus_2185.png
3,FERPlus_2186.png
3,FERPlus_2187.png
3,FERPlus_2188.png
3,FERPlus_2189.png
3,FERPlus_2190.png
3,FERPlus_2191.png
3,FERPlus_2192.png
3,FERPlus_2193.png
3,FERPlus_2194.png
3,FERPlus_2195.png
3,FERPlus_2196.png
3,FERPlus_2197.png
3,FERPlus_2198.png
3,FERPlus_2199.png
3,FERPlus_2200.png
3,FERPlus_2201.png
3,FERPlus_2202.png
3,FERPlus_2203.png
3,FERPlus_2204.png
3,FERPlus_2205.png
3,FERPlus_2206.png
3,FERPlus_2207.png
3,FERPlus_2208.png
3,FERPlus_2209.png
3,FERPlus_2210.png
3,FERPlus_2211.png
3,FERPlus_2212.png
3,FERPlus_2213.png
3,FERPlus_2214.png
3,FERPlus_2215.png
3,FERPlus_2216.png
3,FERPlus_2217.png
3,FERPlus_2218.png
3,FERPlus_2219.png
3,FERPlus_2220.png
3,FERPlus_2221.png
3,FERPlus_2222.png
3,FERPlus_2223.png
3,FERPlus_2224.png
3,FERPlus_2225.png
3,FERPlus_2226.png
3,FERPlus_2227.png
3,FERPlus_2228.png
3,FERPlus_2229.png
3,FERPlus_2230.png
3,FERPlus_2231.png
3,FERPlus_2232.png
3,FERPlus_2233.png
3,FERPlus_2234.png
3,FERPlus_2235.png
3,FERPlus_2236.png
3,FERPlus_2237.png
3,FERPlus_2238.png
3,FERPlus_2239.png
3,FERPlus_2240.png
3,FERPlus_2241.png
3,FERPlus_2242.png
3,FERPlus_2243.png
3,FERPlus_2244.png
3,FERPlus_2245.png
3,FERPlus_2246.png
3,FERPlus_2247.png
3,FERPlus_2248.png
3,FERPlus_2249.png
3,FERPlus_2250.png
3,FERPlus_2251.png
3,FERPlus_2252.png
3,FERPlus_2253.png
3,FERPlus_2254.png
3,FERPlus_2255.png
3,FERPlus_2256.png
3,FERPlus_2257.png
3,FERPlus_2258.png
3,FERPlus_2259.png
3,FERPlus_2260.png
3,FERPlus_2261.png
3,FERPlus_2262.png
3,FERPlus_2263.png
3,FERPlus_2264.png
3,FERPlus_2265.png
3,FERPlus_2266.png
3,FERPlus_2267.png
3,FERPlus_2268.png
3,FERPlus_2269.png
3,FERPlus_2270.png
3,FERPlus_2271.png
3,FERPlus_2272.png
3,FERPlus_2273.png
3,FERPlus_2274.png
3,FERPlus_2275.png
3,FERPlus_2276.png
3,FERPlus_2277.png
3,FERPlus_2278.png
3,FERPlus_2279.png
3,FERPlus_2280.png
3,FERPlus_2281.png
3,FERPlus_2282.png
3,FERPlus_2283.png
3,FERPlus_2284.png
3,FERPlus_2285.png
3,FERPlus_2286.png
3,FERPlus_2287.png
3,FERPlus_2288.png
3,FERPlus_2289.png
3,FERPlus_2290.png
3,FERPlus_2291.png
3,FERPlus_2292.png
3,FERPlus_2293.png
3,FERPlus_2294.png
3,FERPlus_2295.png
3,FERPlus_2296.png
3,FERPlus_2297.png
3,FERPlus_2298.png
3,FERPlus_2299.png
3,FERPlus_2300.png
3,FERPlus_2301.png
3,FERPlus_2302.png
3,FERPlus_2303.png
3,FERPlus_2304.png
3,FERPlus_2305.png
3,FERPlus_2306.png
3,FERPlus_2307.png
3,FERPlus_2308.png
3,FERPlus_2309.png
3,FERPlus_2310.png
3,FERPlus_2311.png
3,FERPlus_2312.png
3,FERPlus_2313.png
3,FERPlus_2314.png
3,FERPlus_2315.png
3,FERPlus_2316.png
3,FERPlus_2317.png
3,FERPlus_2318.png
3,FERPlus_2319.png
3,FERPlus_2320.png
3,FERPlus_2321.png
3,FERPlus_2322.png
3,FERPlus_2323.png
3,FERPlus_2324.png
3,FERPlus_2325.png
3,FERPlus_2326.png
3,FERPlus_2327.png
3,FERPlus_2328.png
3,FERPlus_2329.png
3,FERPlus_2330.png
3,FERPlus_2331.png
3,FERPlus_2332.png
3,FERPlus_2333.png
3,FERPlus_2334.png
3,FERPlus_2335.png
3,FERPlus_2336.png
3,FERPlus_2337.png
3,FERPlus_2338.png
3,FERPlus_2339.png
3,FERPlus_2340.png
3,FERPlus_2341.png
3,FERPlus_2342.png
3,FERPlus_2343.png
3,FERPlus_2344.png
3,FERPlus_2345.png
3,FERPlus_2346.png
3,FERPlus_2347.png
3,FERPlus_2348.png
3,FERPlus_2349.png
3,FERPlus_2350.png
3,FERPlus_2351.png
3,FERPlus_2352.png
3,FERPlus_2353.png
3,FERPlus_2354.png
3,FERPlus_2355.png
3,FERPlus_2356.png
3,FERPlus_2357.png
3,FERPlus_2358.png
3,FERPlus_2359.png
3,FERPlus_2360.png
3,FERPlus_2361.png
3,FERPlus_2362.png
3,FERPlus_2363.png
3,FERPlus_2364.png
3,FERPlus_2365.png
3,FERPlus_2366.png
3,FERPlus_2367.png
3,FERPlus_2368.png
3,FERPlus_2369.png
3,FERPlus_2370.png
3,FERPlus_2371.png
3,FERPlus_2372.png
3,FERPlus_2373.png
3,FERPlus_2374.png
3,FERPlus_2375.png
3,FERPlus_2376.png
3,FERPlus_2377.png
3,FERPlus_2378.png
3,FERPlus_2379.png
3,FERPlus_2380.png
3,FERPlus_2381.png
3,FERPlus_2382.png
3,FERPlus_2383.png
3,FERPlus_2384.png
3,FERPlus_2385.png
3,FERPlus_2386.png
3,FERPlus_2387.png
3,FERPlus_2388.png
3,FERPlus_2389.png
3,FERPlus_2390.png
3,FERPlus_2391.png
3,FERPlus_2392.png
3,FERPlus_2393.png
3,FERPlus_2394.png
3,FERPlus_2395.png
3,FERPlus_2396.png
3,FERPlus_2397.png
3,FERPlus_2398.png
3,FERPlus_2399.png
3,FERPlus_2400.png
3,FERPlus_2401.png
3,FERPlus_2402.png
3,FERPlus_2403.png
3,FERPlus_2404.png
3,FERPlus_2405.png
3,FERPlus_2406.png
3,FERPlus_2407.png
3,FERPlus_2408.png
3,FERPlus_2409.png
3,FERPlus_2410.png
3,FERPlus_2411.png
3,FERPlus_2412.png
3,FERPlus_2413.png
3,FERPlus_2414.png
3,FERPlus_2415.png
3,FERPlus_2416.png
3,FERPlus_2417.png
3,FERPlus_2418.png
3,FERPlus_2419.png
3,FERPlus_2420.png
3,FERPlus_2421.png
3,FERPlus_2422.png
3,FERPlus_2423.png
3,FERPlus_2424.png
3,FERPlus_2425.png
3,FERPlus_2426.png
3,FERPlus_2427.png
3,FERPlus_2428.png
3,FERPlus_2429.png
3,FERPlus_2430.png
3,FERPlus_2431.png
3,FERPlus_2432.png
3,FERPlus_2433.png
3,FERPlus_2434.png
3,FERPlus_2435.png
3,FERPlus_2436.png
3,FERPlus_2437.png
3,FERPlus_2438.png
3,FERPlus_2439.png
3,FERPlus_2440.png
3,FERPlus_2441.png
3,FERPlus_2442.png
3,FERPlus_2443.png
3,FERPlus_2444.png
3,FERPlus_2445.png
3,FERPlus_2446.png
3,FERPlus_2447.png
3,FERPlus_2448.png
3,FERPlus_2449.png
3,FERPlus_2450.png
3,FERPlus_2451.png
3,FERPlus_2452.png
3,FERPlus_2453.png
3,FERPlus_2454.png
3,FERPlus_2455.png
3,FERPlus_2456.png
3,FERPlus_2457.png
3,FERPlus_2458.png
3,FERPlus_2459.png
3,FERPlus_2460.png
3,FERPlus_2461.png
3,FERPlus_2462.png
3,FERPlus_2463.png
3,FERPlus_2464.png
3,FERPlus_2465.png
3,FERPlus_2466.png
3,FERPlus_2467.png
3,FERPlus_2468.png
3,FERPlus_2469.png
3,FERPlus_2470.png
3,FERPlus_2471.png
3,FERPlus_2472.png
3,FERPlus_2473.png
3,FERPlus_2474.png
3,FERPlus_2475.png
3,FERPlus_2476.png
3,FERPlus_2477.png
3,FERPlus_2478.png
3,FERPlus_2479.png
3,FERPlus_2480.png
3,FERPlus_2481.png
3,FERPlus_2482.png
3,FERPlus_2483.png
3,FERPlus_2484.png
3,FERPlus_2485.png
3,FERPlus_2486.png
3,FERPlus_2487.png
3,FERPlus_2488.png
3,FERPlus_2489.png
3,FERPlus_2490.png
3,FERPlus_2491.png
3,FERPlus_2492.png
3,FERPlus_2493.png
3,FERPlus_2494.png
3,FERPlus_2495.png
3,FERPlus_2496.png
3,FERPlus_2497.png
3,FERPlus_2498.png
3,FERPlus_2499.png
3,FERPlus_2500.png
3,FERPlus_2501.png
3,FERPlus_2502.png
3,FERPlus_2503.png
3,FERPlus_2504.png
3,FERPlus_2505.png
3,FERPlus_2506.png
3,FERPlus_2507.png
3,FERPlus_2508.png
3,FERPlus_2509.png
3,FERPlus_2510.png
3,FERPlus_2511.png
3,FERPlus_2512.png
3,FERPlus_2513.png
3,FERPlus_2514.png
3,FERPlus_2515.png
3,FERPlus_2516.png
3,FERPlus_2517.png
3,FERPlus_2518.png
3,FERPlus_2519.png
3,FERPlus_2520.png
3,FERPlus_2521.png
3,FERPlus_2522.png
3,FERPlus_2523.png
3,FERPlus_2524.png
3,FERPlus_2525.png
3,FERPlus_2526.png
3,FERPlus_2527.png
3,FERPlus_2528.png
3,FERPlus_2529.png
3,FERPlus_2530.png
3,FERPlus_2531.png
3,FERPlus_2532.png
3,FERPlus_2533.png
3,FERPlus_2534.png
3,FERPlus_2535.png
3,FERPlus_2536.png
3,FERPlus_2537.png
3,FERPlus_2538.png
3,FERPlus_2539.png
3,FERPlus_2540.png
3,FERPlus_2541.png
3,FERPlus_2542.png
3,FERPlus_2543.png
3,FERPlus_2544.png
3,FERPlus_2545.png
3,FERPlus_2546.png
3,FERPlus_2547.png
3,FERPlus_2548.png
3,FERPlus_2549.png
3,FERPlus_2550.png
3,FERPlus_2551.png
3,FERPlus_2552.png
3,FERPlus_2553.png
3,FERPlus_2554.png
3,FERPlus_2555.png
3,FERPlus_2556.png
3,FERPlus_2557.png
3,FERPlus_2558.png
3,FERPlus_2559.png
3,FERPlus_2560.png
3,FERPlus_2561.png
3,FERPlus_2562.png
3,FERPlus_2563.png
3,FERPlus_2564.png
3,FERPlus_2565.png
3,FERPlus_2566.png
3,FERPlus_2567.png
3,FERPlus_2568.png
3,FERPlus_2569.png
3,FERPlus_2570.png
3,FERPlus_2571.png
3,FERPlus_2572.png
3,FERPlus_2573.png
3,FERPlus_2574.png
3,FERPlus_2575.png
3,FERPlus_2576.png
3,FERPlus_2577.png
3,FERPlus_2578.png
3,FERPlus_2579.png
3,FERPlus_2580.png
3,FERPlus_2581.png
3,FERPlus_2582.png
3,FERPlus_2583.png
3,FERPlus_2584.png
3,FERPlus_2585.png
3,FERPlus_2586.png
3,FERPlus_2587.png
3,FERPlus_2588.png
3,FERPlus_2589.png
3,FERPlus_2590.png
3,FERPlus_2591.png
3,FERPlus_2592.png
3,FERPlus_2593.png
3,FERPlus_2594.png
3,FERPlus_2595.png
3,FERPlus_2596.png
3,FERPlus_2597.png
3,FERPlus_2598.png
3,FERPlus_2599.png
3,FERPlus_2600.png
3,FERPlus_2601.png
3,FERPlus_2602.png
3,FERPlus_2603.png
3,FERPlus_2604.png
3,FERPlus_2605.png
3,FERPlus_2606.png
3,FERPlus_2607.png
3,FERPlus_2608.png
3,FERPlus_2609.png
3,FERPlus_2610.png
3,FERPlus_2611.png
3,FERPlus_2612.png
3,FERPlus_2613.png
3,FERPlus_2614.png
3,FERPlus_2615.png
3,FERPlus_2616.png
3,FERPlus_2617.png
3,FERPlus_2618.png
3,FERPlus_2619.png
3,FERPlus_2620.png
3,FERPlus_2621.png
3,FERPlus_2622.png
3,FERPlus_2623.png
3,FERPlus_2624.png
3,FERPlus_2625.png
3,FERPlus_2626.png
3,FERPlus_2627.png
3,FERPlus_2628.png
3,FERPlus_2629.png
3,FERPlus_2630.png
3,FERPlus_2631.png
3,FERPlus_2632.png
3,FERPlus_2633.png
3,FERPlus_2634.png
3,FERPlus_2635.png
3,FERPlus_2636.png
3,FERPlus_2637.png
3,FERPlus_2638.png
3,FERPlus_2639.png
3,FERPlus_2640.png
3,FERPlus_2641.png
3,FERPlus_2642.png
3,FERPlus_2643.png
3,FERPlus_2644.png
3,FERPlus_2645.png
3,FERPlus_2646.png
3,FERPlus_2647.png
3,FERPlus_2648.png
3,FERPlus_2649.png
3,FERPlus_2650.png
3,FERPlus_2651.png
3,FERPlus_2652.png
3,FERPlus_2653.png
3,FERPlus_2654.png
3,FERPlus_2655.png
3,FERPlus_2656.png
3,FERPlus_2657.png
3,FERPlus_2658.png
3,FERPlus_2659.png
3,FERPlus_2660.png
3,FERPlus_2661.png
3,FERPlus_2662.png
3,FERPlus_2663.png
3,FERPlus_2664.png
3,FERPlus_2665.png
3,FERPlus_2666.png
3,FERPlus_2667.png
3,FERPlus_2668.png
3,FERPlus_2669.png
3,FERPlus_2670.png
3,FERPlus_2671.png
3,FERPlus_2672.png
3,FERPlus_2673.png
3,FERPlus_2674.png
3,FERPlus_2675.png
3,FERPlus_2676.png
3,FERPlus_2677.png
3,FERPlus_2678.png
3,FERPlus_2679.png
3,FERPlus_2680.png
3,FERPlus_2681.png
3,FERPlus_2682.png
3,FERPlus_2683.png
3,FERPlus_2684.png
3,FERPlus_2685.png
3,FERPlus_2686.png
3,FERPlus_2687.png
3,FERPlus_2688.png
3,FERPlus_2689.png
3,FERPlus_2690.png
3,FERPlus_2691.png
3,FERPlus_2692.png
3,FERPlus_2693.png
3,FERPlus_2694.png
3,FERPlus_2695.png
3,FERPlus_2696.png
3,FERPlus_2697.png
3,FERPlus_2698.png
3,FERPlus_2699.png
3,FERPlus_2700.png
3,FERPlus_2701.png
3,FERPlus_2702.png
3,FERPlus_2703.png
3,FERPlus_2704.png
3,FERPlus_2705.png
3,FERPlus_2706.png
3,FERPlus_2707.png
3,FERPlus_2708.png
3,FERPlus_2709.png
3,FERPlus_2710.png
3,FERPlus_2711.png
3,FERPlus_2712.png
3,FERPlus_2713.png
3,FERPlus_2714.png
3,FERPlus_2715.png
3,FERPlus_2716.png
3,FERPlus_2717.png
3,FERPlus_2718.png
3,FERPlus_2719.png
3,FERPlus_2720.png
3,FERPlus_2721.png
3,FERPlus_2722.png
3,FERPlus_2723.png
3,FERPlus_2724.png
3,FERPlus_2725.png
3,FERPlus_2726.png
3,FERPlus_2727.png
3,FERPlus_2728.png
3,FERPlus_2729.png
3,FERPlus_2730.png
3,FERPlus_2731.png
3,FERPlus_2732.png
3,FERPlus_2733.png
3,FERPlus_2734.png
3,FERPlus_2735.png
3,FERPlus_2736.png
3,FERPlus_2737.png
3,FERPlus_2738.png
3,FERPlus_2739.png
3,FERPlus_2740.png
3,FERPlus_2741.png
3,FERPlus_2742.png
3,FERPlus_2743.png
3,FERPlus_2744.png
3,FERPlus_2745.png
3,FERPlus_2746.png
3,FERPlus_2747.png
3,FERPlus_2748.png
3,FERPlus_2749.png
3,FERPlus_2750.png
3,FERPlus_2751.png
3,FERPlus_2752.png
3,FERPlus_2753.png
3,FERPlus_2754.png
3,FERPlus_2755.png
3,FERPlus_2756.png
3,FERPlus_2757.png
3,FERPlus_2758.png
3,FERPlus_2759.png
3,FERPlus_2760.png
3,FERPlus_2761.png
3,FERPlus_2762.png
3,FERPlus_2763.png
3,FERPlus_2764.png
3,FERPlus_2765.png
3,FERPlus_2766.png
3,FERPlus_2767.png
3,FERPlus_2768.png
3,FERPlus_2769.png
3,FERPlus_2770.png
3,FERPlus_2771.png
3,FERPlus_2772.png
3,FERPlus_2773.png
3,FERPlus_2774.png
3,FERPlus_2775.png
3,FERPlus_2776.png
3,FERPlus_2777.png
3,FERPlus_2778.png
3,FERPlus_2779.png
3,FERPlus_2780.png
3,FERPlus_2781.png
3,FERPlus_2782.png
3,FERPlus_2783.png
3,FERPlus_2784.png
3,FERPlus_2785.png
3,FERPlus_2786.png
3,FERPlus_2787.png
3,FERPlus_2788.png
3,FERPlus_2789.png
3,FERPlus_2790.png
3,FERPlus_2791.png
3,FERPlus_2792.png
3,FERPlus_2793.png
3,FERPlus_2794.png
3,FERPlus_2795.png
3,FERPlus_2796.png
3,FERPlus_2797.png
3,FERPlus_2798.png
3,FERPlus_2799.png
3,FERPlus_2800.png
3,FERPlus_2801.png
3,FERPlus_2802.png
3,FERPlus_2803.png
3,FERPlus_2804.png
3,FERPlus_2805.png
3,FERPlus_2806.png
3,FERPlus_2807.png
3,FERPlus_2808.png
3,FERPlus_2809.png
3,FERPlus_2810.png
3,FERPlus_2811.png
3,FERPlus_2812.png
3,FERPlus_2813.png
3,FERPlus_2814.png
3,FERPlus_2815.png
3,FERPlus_2816.png
3,FERPlus_2817.png
3,FERPlus_2818.png
3,FERPlus_2819.png
3,FERPlus_2820.png
3,FERPlus_2821.png
3,FERPlus_2822.png
3,FERPlus_2823.png
3,FERPlus_2824.png
3,FERPlus_2825.png
3,FERPlus_2826.png
3,FERPlus_2827.png
3,FERPlus_2828.png
3,FERPlus_2829.png
3,FERPlus_2830.png
3,FERPlus_2831.png
3,FERPlus_2832.png
3,FERPlus_2833.png
3,FERPlus_2834.png
3,FERPlus_2835.png
3,FERPlus_2836.png
3,FERPlus_2837.png
3,FERPlus_2838.png
3,FERPlus_2839.png
3,FERPlus_2840.png
3,FERPlus_2841.png
3,FERPlus_2842.png
3,FERPlus_2843.png
3,FERPlus_2844.png
3,FERPlus_2845.png
3,FERPlus_2846.png
3,FERPlus_2847.png
3,FERPlus_2848.png
3,FERPlus_2849.png
3,FERPlus_2850.png
3,FERPlus_2851.png
3,FERPlus_2852.png
3,FERPlus_2853.png
3,FERPlus_2854.png
3,FERPlus_2855.png
3,FERPlus_2856.png
3,FERPlus_2857.png
3,FERPlus_2858.png
3,FERPlus_2859.png
3,FERPlus_2860.png
3,FERPlus_2861.png
3,FERPlus_2862.png
3,FERPlus_2863.png
3,FERPlus_2864.png
3,FERPlus_2865.png
3,FERPlus_2866.png
3,FERPlus_2867.png
3,FERPlus_2868.png
3,FERPlus_2869.png
3,FERPlus_2870.png
3,FERPlus_2871.png
3,FERPlus_2872.png
3,FERPlus_2873.png
3,FERPlus_2874.png
3,FERPlus_2875.png
3,FERPlus_2876.png
3,FERPlus_2877.png
3,FERPlus_2878.png
3,FERPlus_2879.png
3,FERPlus_2880.png
3,FERPlus_2881.png
3,FERPlus_2882.png
3,FERPlus_2883.png
3,FERPlus_2884.png
3,FERPlus_2885.png
3,FERPlus_2886.png
3,FERPlus_2887.png
3,FERPlus_2888.png
3,FERPlus_2889.png
3,FERPlus_2890.png
3,FERPlus_2891.png
3,FERPlus_2892.png
3,FERPlus_2893.png
3,FERPlus_2894.png
3,FERPlus_2895.png
3,FERPlus_2896.png
3,FERPlus_2897.png
3,FERPlus_2898.png
3,FERPlus_2899.png
3,FERPlus_2900.png
3,FERPlus_2901.png
3,FERPlus_2902.png
3,FERPlus_2903.png
3,FERPlus_2904.png
3,FERPlus_2905.png
3,FERPlus_2906.png
3,FERPlus_2907.png
3,FERPlus_2908.png
3,FERPlus_2909.png
3,FERPlus_2910.png
3,FERPlus_2911.png
3,FERPlus_2912.png
3,FERPlus_2913.png
3,FERPlus_2914.png
3,FERPlus_2915.png
3,FERPlus_2916.png
3,FERPlus_2917.png
3,FERPlus_2918.png
3,FERPlus_2919.png
3,FERPlus_2920.png
3,FERPlus_2921.png
3,FERPlus_2922.png
3,FERPlus_2923.png
3,FERPlus_2924.png
3,FERPlus_2925.png
3,FERPlus_2926.png
3,FERPlus_2927.png
3,FERPlus_2928.png
3,FERPlus_2929.png
3,FERPlus_2930.png
3,FERPlus_2931.png
3,FERPlus_2932.png
3,FERPlus_2933.png
3,FERPlus_2934.png
3,FERPlus_2935.png
3,FERPlus_2936.png
3,FERPlus_2937.png
3,FERPlus_2938.png
3,FERPlus_2939.png
3,FERPlus_2940.png
3,FERPlus_2941.png
3,FERPlus_2942.png
3,FERPlus_2943.png
3,FERPlus_2944.png
3,FERPlus_2945.png
3,FERPlus_2946.png
3,FERPlus_2947.png
3,FERPlus_2948.png
3,FERPlus_2949.png
3,FERPlus_2950.png
3,FERPlus_2951.png
3,FERPlus_2952.png
3,FERPlus_2953.png
3,FERPlus_2954.png
3,FERPlus_2955.png
3,FERPlus_2956.png
3,FERPlus_2957.png
3,FERPlus_2958.png
3,FERPlus_2959.png
3,FERPlus_2960.png
3,FERPlus_2961.png
3,FERPlus_2962.png
3,FERPlus_2963.png
3,FERPlus_2964.png
3,FERPlus_2965.png
3,FERPlus_2966.png
3,FERPlus_2967.png
3,FERPlus_2968.png
3,FERPlus_2969.png
3,FERPlus_2970.png
3,FERPlus_2971.png
3,FERPlus_2972.png
3,FERPlus_2973.png
3,FERPlus_2974.png
3,FERPlus_2975.png
3,FERPlus_2976.png
3,FERPlus_2977.png
3,FERPlus_2978.png
3,FERPlus_2979.png
3,FERPlus_2980.png
3,FERPlus_2981.png
3,FERPlus_2982.png
3,FERPlus_2983.png
3,FERPlus_2984.png
3,FERPlus_2985.png
3,FERPlus_2986.png
3,FERPlus_2987.png
3,FERPlus_2988.png
3,FERPlus_2989.png
3,FERPlus_2990.png
3,FERPlus_2991.png
3,FERPlus_2992.png
3,FERPlus_2993.png
3,FERPlus_2994.png
3,FERPlus_2995.png
3,FERPlus_2996.png
3,FERPlus_2997.png
3,FERPlus_2998.png
3,FERPlus_2999.png
3,FERPlus_3000.png
3,FERPlus_3001.png
3,FERPlus_3002.png
3,FERPlus_3003.png
3,FERPlus_3004.png
3,FERPlus_3005.png
3,FERPlus_3006.png
3,FERPlus_3007.png
3,FERPlus_3008.png
3,FERPlus_3009.png
3,FERPlus_3010.png
3,FERPlus_3011.png
3,FERPlus_3012.png
3,FERPlus_3013.png
3,FERPlus_3014.png
3,FERPlus_3015.png
3,FERPlus_3016.png
3,FERPlus_3017.png
3,FERPlus_3018.png
3,FERPlus_3019.png
3,FERPlus_3020.png
3,FERPlus_3021.png
3,FERPlus_3022.png
3,FERPlus_3023.png
3,FERPlus_3024.png
3,FERPlus_3025.png
3,FERPlus_3026.png
3,FERPlus_3027.png
3,FERPlus_3028.png
3,FERPlus_3029.png
3,FERPlus_3030.png
3,FERPlus_3031.png
3,FERPlus_3032.png
3,FERPlus_3033.png
3,FERPlus_3034.png
3,FERPlus_3035.png
3,FERPlus_3036.png
3,FERPlus_3037.png
3,FERPlus_3038.png
3,FERPlus_3039.png
3,FERPlus_3040.png
3,FERPlus_3041.png
3,FERPlus_3042.png
3,FERPlus_3043.png
3,FERPlus_3044.png
3,FERPlus_3045.png
3,FERPlus_3046.png
3,FERPlus_3047.png
3,FERPlus_3048.png
3,FERPlus_3049.png
3,FERPlus_3050.png
3,FERPlus_3051.png
3,FERPlus_3052.png
3,FERPlus_3053.png
3,FERPlus_3054.png
3,FERPlus_3055.png
3,FERPlus_3056.png
3,FERPlus_3057.png
3,FERPlus_3058.png
3,FERPlus_3059.png
3,FERPlus_3060.png
3,FERPlus_3061.png
3,FERPlus_3062.png
3,FERPlus_3063.png
3,FERPlus_3064.png
3,FERPlus_3065.png
3,FERPlus_3066.png
3,FERPlus_3067.png
3,FERPlus_3068.png
3,FERPlus_3069.png
3,FERPlus_3070.png
3,FERPlus_3071.png
3,FERPlus_3072.png
3,FERPlus_3073.png
3,FERPlus_3074.png
3,FERPlus_3075.png
3,FERPlus_3076.png
3,FERPlus_3077.png
3,FERPlus_3078.png
3,FERPlus_3079.png
3,FERPlus_3080.png
3,FERPlus_3081.png
3,FERPlus_3082.png
3,FERPlus_3083.png
3,FERPlus_3084.png
3,FERPlus_3085.png
3,FERPlus_3086.png
3,FERPlus_3087.png
3,FERPlus_3088.png
3,FERPlus_3089.png
3,FERPlus_3090.png
3,FERPlus_3091.png
3,FERPlus_3092.png
3,FERPlus_3093.png
3,FERPlus_3094.png
3,FERPlus_3095.png
3,FERPlus_3096.png
3,FERPlus_3097.png
3,FERPlus_3098.png
3,FERPlus_3099.png
3,FERPlus_3100.png
3,FERPlus_3101.png
3,FERPlus_3102.png
3,FERPlus_3103.png
3,FERPlus_3104.png
3,FERPlus_3105.png
3,FERPlus_3106.png
3,FERPlus_3107.png
3,FERPlus_3108.png
3,FERPlus_3109.png
3,FERPlus_3110.png
3,FERPlus_3111.png
3,FERPlus_3112.png
3,FERPlus_3113.png
3,FERPlus_3114.png
3,FERPlus_3115.png
3,FERPlus_3116.png
3,FERPlus_3117.png
3,FERPlus_3118.png
3,FERPlus_3119.png
3,FERPlus_3120.png
3,FERPlus_3121.png
3,FERPlus_3122.png
3,FERPlus_3123.png
3,FERPlus_3124.png
3,FERPlus_3125.png
3,FERPlus_3126.png
3,FERPlus_3127.png
3,FERPlus_3128.png
3,FERPlus_3129.png
3,FERPlus_3130.png
3,FERPlus_3131.png
3,FERPlus_3132.png
3,FERPlus_3133.png
3,FERPlus_3134.png
3,FERPlus_3135.png
3,FERPlus_3136.png
3,FERPlus_3137.png
3,FERPlus_3138.png
3,FERPlus_3139.png
3,FERPlus_3140.png
3,FERPlus_3141.png
3,FERPlus_3142.png
3,FERPlus_3143.png
3,FERPlus_3144.png
3,FERPlus_3145.png
3,FERPlus_3146.png
3,FERPlus_3147.png
3,FERPlus_3148.png
3,FERPlus_3149.png
3,FERPlus_3150.png
3,FERPlus_3151.png
3,FERPlus_3152.png
3,FERPlus_3153.png
3,FERPlus_3154.png
3,FERPlus_3155.png
3,FERPlus_3156.png
3,FERPlus_3157.png
3,FERPlus_3158.png
3,FERPlus_3159.png
3,FERPlus_3160.png
3,FERPlus_3161.png
3,FERPlus_3162.png
3,FERPlus_3163.png
3,FERPlus_3164.png
3,FERPlus_3165.png
3,FERPlus_3166.png
3,FERPlus_3167.png
3,FERPlus_3168.png
3,FERPlus_3169.png
3,FERPlus_3170.png
3,FERPlus_3171.png
3,FERPlus_3172.png
3,FERPlus_3173.png
3,FERPlus_3174.png
3,FERPlus_3175.png
3,FERPlus_3176.png
3,FERPlus_3177.png
3,FERPlus_3178.png
3,FERPlus_3179.png
3,FERPlus_3180.png
3,FERPlus_3181.png
3,FERPlus_3182.png
3,FERPlus_3183.png
3,FERPlus_3184.png
3,FERPlus_3185.png
3,FERPlus_3186.png
3,FERPlus_3187.png
3,FERPlus_3188.png
3,FERPlus_3189.png
3,FERPlus_3190.png
3,FERPlus_3191.png
3,FERPlus_3192.png
3,FERPlus_3193.png
3,FERPlus_3194.png
3,FERPlus_3195.png
3,FERPlus_3196.png
3,FERPlus_3197.png
3,FERPlus_3198.png
3,FERPlus_3199.png
3,FERPlus_3200.png
3,FERPlus_3201.png
3,FERPlus_3202.png
3,FERPlus_3203.png
3,FERPlus_3204.png
3,FERPlus_3205.png
3,FERPlus_3206.png
3,FERPlus_3207.png
3,FERPlus_3208.png
3,FERPlus_3209.png
3,FERPlus_3210.png
3,FERPlus_3211.png
3,FERPlus_3212.png
3,FERPlus_3213.png
3,FERPlus_3214.png
3,FERPlus_3215.png
3,FERPlus_3216.png
3,FERPlus_3217.png
3,FERPlus_3218.png
3,FERPlus_3219.png
3,FERPlus_3220.png
3,FERPlus_3221.png
3,FERPlus_3222.png
3,FERPlus_3223.png
3,FERPlus_3224.png
3,FERPlus_3225.png
3,FERPlus_3226.png
3,FERPlus_3227.png
3,FERPlus_3228.png
3,FERPlus_3229.png
3,FERPlus_3230.png
3,FERPlus_3231.png
3,FERPlus_3232.png
3,FERPlus_3233.png
3,FERPlus_3234.png
3,FERPlus_3235.png
3,FERPlus_3236.png
3,FERPlus_3237.png
3,FERPlus_3238.png
3,FERPlus_3239.png
3,FERPlus_3240.png
3,FERPlus_3241.png
3,FERPlus_3242.png
3,FERPlus_3243.png
3,FERPlus_3244.png
3,FERPlus_3245.png
3,FERPlus_3246.png
3,FERPlus_3247.png
3,FERPlus_3248.png
3,FERPlus_3249.png
3,FERPlus_3250.png
3,FERPlus_3251.png
3,FERPlus_3252.png
3,FERPlus_3253.png
3,FERPlus_3254.png
3,FERPlus_3255.png
3,FERPlus_3256.png
3,FERPlus_3257.png
3,FERPlus_3258.png
3,FERPlus_3259.png
3,FERPlus_3260.png
3,FERPlus_3261.png
3,FERPlus_3262.png
3,FERPlus_3263.png
3,FERPlus_3264.png
3,FERPlus_3265.png
3,FERPlus_3266.png
3,FERPlus_3267.png
3,FERPlus_3268.png
3,FERPlus_3269.png
3,FERPlus_3270.png
3,FERPlus_3271.png
3,FERPlus_3272.png
3,FERPlus_3273.png
3,FERPlus_3274.png
3,FERPlus_3275.png
3,FERPlus_3276.png
3,FERPlus_3277.png
3,FERPlus_3278.png
3,FERPlus_3279.png
3,FERPlus_3280.png
3,FERPlus_3281.png
3,FERPlus_3282.png
3,FERPlus_3283.png
3,FERPlus_3284.png
3,FERPlus_3285.png
3,FERPlus_3286.png
3,FERPlus_3287.png
3,FERPlus_3288.png
3,FERPlus_3289.png
3,FERPlus_3290.png
3,FERPlus_3291.png
3,FERPlus_3292.png
3,FERPlus_3293.png
3,FERPlus_3294.png
3,FERPlus_3295.png
3,FERPlus_3296.png
3,FERPlus_3297.png
3,FERPlus_3298.png
3,FERPlus_3299.png
3,FERPlus_3300.png
3,FERPlus_3301.png
3,FERPlus_3302.png
3,FERPlus_3303.png
3,FERPlus_3304.png
3,FERPlus_3305.png
3,FERPlus_3306.png
3,FERPlus_3307.png
3,FERPlus_3308.png
3,FERPlus_3309.png
3,FERPlus_3310.png
3,FERPlus_3311.png
3,FERPlus_3312.png
3,FERPlus_3313.png
3,FERPlus_3314.png
3,FERPlus_3315.png
3,FERPlus_3316.png
3,FERPlus_3317.png
3,FERPlus_3318.png
3,FERPlus_3319.png
3,FERPlus_3320.png
3,FERPlus_3321.png
3,FERPlus_3322.png
3,FERPlus_3323.png
3,FERPlus_3324.png
3,FERPlus_3325.png
3,FERPlus_3326.png
3,FERPlus_3327.png
3,FERPlus_3328.png
3,FERPlus_3329.png
3,FERPlus_3330.png
3,FERPlus_3331.png
3,FERPlus_3332.png
3,FERPlus_3333.png
3,FERPlus_3334.png
3,FERPlus_3335.png
3,FERPlus_3336.png
3,FERPlus_3337.png
3,FERPlus_3338.png
3,FERPlus_3339.png
3,FERPlus_3340.png
3,FERPlus_3341.png
3,FERPlus_3342.png
3,FERPlus_3343.png
3,FERPlus_3344.png
3,FERPlus_3345.png
3,FERPlus_3346.png
3,FERPlus_3347.png
3,FERPlus_3348.png
3,FERPlus_3349.png
3,FERPlus_3350.png
3,FERPlus_3351.png
3,FERPlus_3352.png
3,FERPlus_3353.png
3,FERPlus_3354.png
3,FERPlus_3355.png
3,FERPlus_3356.png
3,FERPlus_3357.png
3,FERPlus_3358.png
3,FERPlus_3359.png
3,FERPlus_3360.png
3,FERPlus_3361.png
3,FERPlus_3362.png
3,FERPlus_3363.png
3,FERPlus_3364.png
3,FERPlus_3365.png
3,FERPlus_3366.png
3,FERPlus_3367.png
3,FERPlus_3368.png
3,FERPlus_3369.png
3,FERPlus_3370.png
3,FERPlus_3371.png
3,FERPlus_3372.png
3,FERPlus_3373.png
3,FERPlus_3374.png
3,FERPlus_3375.png
3,FERPlus_3376.png
3,FERPlus_3377.png
3,FERPlus_3378.png
3,FERPlus_3379.png
3,FERPlus_3380.png
3,FERPlus_3381.png
3,FERPlus_3382.png
3,FERPlus_3383.png
3,FERPlus_3384.png
3,FERPlus_3385.png
3,FERPlus_3386.png
3,FERPlus_3387.png
3,FERPlus_3388.png
3,FERPlus_3389.png
3,FERPlus_3390.png
3,FERPlus_3391.png
3,FERPlus_3392.png
3,FERPlus_3393.png
3,FERPlus_3394.png
3,FERPlus_3395.png
3,FERPlus_3396.png
3,FERPlus_3397.png
3,FERPlus_3398.png
3,FERPlus_3399.png
3,FERPlus_3400.png
3,FERPlus_3401.png
3,FERPlus_3402.png
3,FERPlus_3403.png
3,FERPlus_3404.png
3,FERPlus_3405.png
3,FERPlus_3406.png
3,FERPlus_3407.png
3,FERPlus_3408.png
3,FERPlus_3409.png
3,FERPlus_3410.png
3,FERPlus_3411.png
3,FERPlus_3412.png
3,FERPlus_3413.png
3,FERPlus_3414.png
3,FERPlus_3415.png
3,FERPlus_3416.png
3,FERPlus_3417.png
3,FERPlus_3418.png
3,FERPlus_3419.png
3,FERPlus_3420.png
3,FERPlus_3421.png
3,FERPlus_3422.png
3,FERPlus_3423.png
3,FERPlus_3424.png
3,FERPlus_3425.png
3,FERPlus_3426.png
3,FERPlus_3427.png
3,FERPlus_3428.png
3,FERPlus_3429.png
3,FERPlus_3430.png
3,FERPlus_3431.png
3,FERPlus_3432.png
3,FERPlus_3433.png
3,FERPlus_3434.png
3,FERPlus_3435.png
3,FERPlus_3436.png
3,FERPlus_3437.png
3,FERPlus_3438.png
3,FERPlus_3439.png
3,FERPlus_3440.png
3,FERPlus_3441.png
3,FERPlus_3442.png
3,FERPlus_3443.png
3,FERPlus_3444.png
3,FERPlus_3445.png
3,FERPlus_3446.png
3,FERPlus_3447.png
3,FERPlus_3448.png
3,FERPlus_3449.png
3,FERPlus_3450.png
3,FERPlus_3451.png
3,FERPlus_3452.png
3,FERPlus_3453.png
3,FERPlus_3454.png
3,FERPlus_3455.png
3,FERPlus_3456.png
3,FERPlus_3457.png
3,FERPlus_3458.png
3,FERPlus_3459.png
3,FERPlus_3460.png
3,FERPlus_3461.png
3,FERPlus_3462.png
3,FERPlus_3463.png
3,FERPlus_3464.png
3,FERPlus_3465.png
3,FERPlus_3466.png
3,FERPlus_3467.png
3,FERPlus_3468.png
3,FERPlus_3469.png
3,FERPlus_3470.png
3,FERPlus_3471.png
3,FERPlus_3472.png
3,FERPlus_3473.png
3,FERPlus_3474.png
3,FERPlus_3475.png
3,FERPlus_3476.png
3,FERPlus_3477.png
3,FERPlus_3478.png
3,FERPlus_3479.png
3,FERPlus_3480.png
3,FERPlus_3481.png
3,FERPlus_3482.png
3,FERPlus_3483.png
3,FERPlus_3484.png
3,FERPlus_3485.png
3,FERPlus_3486.png
3,FERPlus_3487.png
3,FERPlus_3488.png
3,FERPlus_3489.png
3,FERPlus_3490.png
3,FERPlus_3491.png
3,FERPlus_3492.png
3,FERPlus_3493.png
3,FERPlus_3494.png
3,FERPlus_3495.png
3,FERPlus_3496.png
3,FERPlus_3497.png
3,FERPlus_3498.png
3,FERPlus_3499.png
3,FERPlus_3500.png
3,FERPlus_3501.png
3,FERPlus_3502.png
3,FERPlus_3503.png
3,FERPlus_3504.png
3,FERPlus_3505.png
3,FERPlus_3506.png
3,FERPlus_3507.png
3,FERPlus_3508.png
3,FERPlus_3509.png
3,FERPlus_3510.png
3,FERPlus_3511.png
3,FERPlus_3512.png
3,FERPlus_3513.png
3,FERPlus_3514.png
3,FERPlus_3515.png
3,FERPlus_3516.png
3,FERPlus_3517.png
3,FERPlus_3518.png
3,FERPlus_3519.png
3,FERPlus_3520.png
3,FERPlus_3521.png
3,FERPlus_3522.png
3,FERPlus_3523.png
3,FERPlus_3524.png
3,FERPlus_3525.png
3,FERPlus_3526.png
3,FERPlus_3527.png
3,FERPlus_3528.png
3,FERPlus_3529.png
3,FERPlus_3530.png
3,FERPlus_3531.png
3,FERPlus_3532.png
3,FERPlus_3533.png
3,FERPlus_3534.png
3,FERPlus_3535.png
3,FERPlus_3536.png
3,FERPlus_3537.png
3,FERPlus_3538.png
3,FERPlus_3539.png
3,FERPlus_3540.png
3,FERPlus_3541.png
3,FERPlus_3542.png
3,FERPlus_3543.png
3,FERPlus_3544.png
3,FERPlus_3545.png
3,FERPlus_3546.png
3,FERPlus_3547.png
3,FERPlus_3548.png
3,FERPlus_3549.png
3,FERPlus_3550.png
3,FERPlus_3551.png
3,FERPlus_3552.png
3,FERPlus_3553.png
3,FERPlus_3554.png
3,FERPlus_3555.png
3,FERPlus_3556.png
3,FERPlus_3557.png
3,FERPlus_3558.png
3,FERPlus_3559.png
3,FERPlus_3560.png
3,FERPlus_3561.png
3,FERPlus_3562.png
3,FERPlus_3563.png
3,FERPlus_3564.png
3,FERPlus_3565.png
3,FERPlus_3566.png
3,FERPlus_3567.png
3,FERPlus_3568.png
3,FERPlus_3569.png
3,FERPlus_3570.png
3,FERPlus_3571.png
3,FERPlus_3572.png
3,FERPlus_3573.png
3,FERPlus_3574.png
3,FERPlus_3575.png
3,FERPlus_3576.png
3,FERPlus_3577.png
3,FERPlus_3578.png
3,FERPlus_3579.png
3,FERPlus_3580.png
3,FERPlus_3581.png
3,FERPlus_3582.png
3,FERPlus_3583.png
3,FERPlus_3584.png
3,FERPlus_3585.png
3,FERPlus_3586.png
3,FERPlus_3587.png
3,FERPlus_3588.png
3,FERPlus_3589.png
3,FERPlus_3590.png
3,FERPlus_3591.png
3,FERPlus_3592.png
3,FERPlus_3593.png
3,FERPlus_3594.png
3,FERPlus_3595.png
3,FERPlus_3596.png
3,FERPlus_3597.png
3,FERPlus_3598.png
3,FERPlus_3599.png
3,FERPlus_3600.png
3,FERPlus_3601.png
3,FERPlus_3602.png
3,FERPlus_3603.png
3,FERPlus_3604.png
3,FERPlus_3605.png
3,FERPlus_3606.png
3,FERPlus_3607.png
3,FERPlus_3608.png
3,FERPlus_3609.png
3,FERPlus_3610.png
3,FERPlus_3611.png
3,FERPlus_3612.png
3,FERPlus_3613.png
3,FERPlus_3614.png
3,FERPlus_3615.png
3,FERPlus_3616.png
3,FERPlus_3617.png
3,FERPlus_3618.png
3,FERPlus_3619.png
3,FERPlus_3620.png
3,FERPlus_3621.png
3,FERPlus_3622.png
3,FERPlus_3623.png
3,FERPlus_3624.png
3,FERPlus_3625.png
3,FERPlus_3626.png
3,FERPlus_3627.png
3,FERPlus_3628.png
3,FERPlus_3629.png
3,FERPlus_3630.png
3,FERPlus_3631.png
3,FERPlus_3632.png
3,FERPlus_3633.png
3,FERPlus_3634.png
3,FERPlus_3635.png
3,FERPlus_3636.png
3,FERPlus_3637.png
3,FERPlus_3638.png
3,FERPlus_3639.png
3,FERPlus_3640.png
3,FERPlus_3641.png
3,FERPlus_3642.png
3,FERPlus_3643.png
3,FERPlus_3644.png
3,FERPlus_3645.png
3,FERPlus_3646.png
3,FERPlus_3647.png
3,FERPlus_3648.png
3,FERPlus_3649.png
3,FERPlus_3650.png
3,FERPlus_3651.png
3,FERPlus_3652.png
3,FERPlus_3653.png
3,FERPlus_3654.png
3,FERPlus_3655.png
3,FERPlus_3656.png
3,FERPlus_3657.png
3,FERPlus_3658.png
3,FERPlus_3659.png
3,FERPlus_3660.png
3,FERPlus_3661.png
3,FERPlus_3662.png
3,FERPlus_3663.png
3,FERPlus_3664.png
3,FERPlus_3665.png
3,FERPlus_3666.png
3,FERPlus_3667.png
3,FERPlus_3668.png
3,FERPlus_3669.png
3,FERPlus_3670.png
3,FERPlus_3671.png
3,FERPlus_3672.png
3,FERPlus_3673.png
3,FERPlus_3674.png
3,FERPlus_3675.png
3,FERPlus_3676.png
3,FERPlus_3677.png
3,FERPlus_3678.png
3,FERPlus_3679.png
3,FERPlus_3680.png
3,FERPlus_3681.png
3,FERPlus_3682.png
3,FERPlus_3683.png
3,FERPlus_3684.png
3,FERPlus_3685.png
3,FERPlus_3686.png
3,FERPlus_3687.png
3,FERPlus_3688.png
3,FERPlus_3689.png
3,FERPlus_3690.png
3,FERPlus_3691.png
3,FERPlus_3692.png
3,FERPlus_3693.png
3,FERPlus_3694.png
3,FERPlus_3695.png
3,FERPlus_3696.png
3,FERPlus_3697.png
3,FERPlus_3698.png
3,FERPlus_3699.png
3,FERPlus_3700.png
3,FERPlus_3701.png
3,FERPlus_3702.png
3,FERPlus_3703.png
3,FERPlus_3704.png
3,FERPlus_3705.png
3,FERPlus_3706.png
3,FERPlus_3707.png
3,FERPlus_3708.png
3,FERPlus_3709.png
3,FERPlus_3710.png
3,FERPlus_3711.png
3,FERPlus_3712.png
3,FERPlus_3713.png
3,FERPlus_3714.png
3,FERPlus_3715.png
3,FERPlus_3716.png
3,FERPlus_3717.png
3,FERPlus_3718.png
3,FERPlus_3719.png
3,FERPlus_3720.png
3,FERPlus_3721.png
3,FERPlus_3722.png
3,FERPlus_3723.png
3,FERPlus_3724.png
3,FERPlus_3725.png
3,FERPlus_3726.png
3,FERPlus_3727.png
3,FERPlus_3728.png
3,FERPlus_3729.png
3,FERPlus_3730.png
3,FERPlus_3731.png
3,FERPlus_3732.png
3,FERPlus_3733.png
3,FERPlus_3734.png
3,FERPlus_3735.png
3,FERPlus_3736.png
3,FERPlus_3737.png
3,FERPlus_3738.png
3,FERPlus_3739.png
3,FERPlus_3740.png
3,FERPlus_3741.png
3,FERPlus_3742.png
3,FERPlus_3743.png
3,FERPlus_3744.png
3,FERPlus_3745.png
3,FERPlus_3746.png
3,FERPlus_3747.png
3,FERPlus_3748.png
3,FERPlus_3749.png
3,FERPlus_3750.png
3,FERPlus_3751.png
3,FERPlus_3752.png
3,FERPlus_3753.png
3,FERPlus_3754.png
3,FERPlus_3755.png
3,FERPlus_3756.png
3,FERPlus_3757.png
3,FERPlus_3758.png
3,FERPlus_3759.png
3,FERPlus_3760.png
3,FERPlus_3761.png
3,FERPlus_3762.png
3,FERPlus_3763.png
3,FERPlus_3764.png
3,FERPlus_3765.png
3,FERPlus_3766.png
3,FERPlus_3767.png
3,FERPlus_3768.png
3,FERPlus_3769.png
3,FERPlus_3770.png
3,FERPlus_3771.png
3,FERPlus_3772.png
3,FERPlus_3773.png
3,FERPlus_3774.png
3,FERPlus_3775.png
3,FERPlus_3776.png
3,FERPlus_3777.png
3,FERPlus_3778.png
3,FERPlus_3779.png
3,FERPlus_3780.png
3,FERPlus_3781.png
3,FERPlus_3782.png
3,FERPlus_3783.png
3,FERPlus_3784.png
3,FERPlus_3785.png
3,FERPlus_3786.png
3,FERPlus_3787.png
3,FERPlus_3788.png
3,FERPlus_3789.png
3,FERPlus_3790.png
3,FERPlus_3791.png
3,FERPlus_3792.png
3,FERPlus_3793.png
3,FERPlus_3794.png
3,FERPlus_3795.png
3,FERPlus_3796.png
3,FERPlus_3797.png
3,FERPlus_3798.png
3,FERPlus_3799.png
3,FERPlus_3800.png
3,FERPlus_3801.png
3,FERPlus_3802.png
3,FERPlus_3803.png
3,FERPlus_3804.png
3,FERPlus_3805.png
3,FERPlus_3806.png
3,FERPlus_3807.png
3,FERPlus_3808.png
3,FERPlus_3809.png
3,FERPlus_3810.png
3,FERPlus_3811.png
3,FERPlus_3812.png
3,FERPlus_3813.png
3,FERPlus_3814.png
3,FERPlus_3815.png
3,FERPlus_3816.png
3,FERPlus_3817.png
3,FERPlus_3818.png
3,FERPlus_3819.png
3,FERPlus_3820.png
3,FERPlus_3821.png
3,FERPlus_3822.png
3,FERPlus_3823.png
3,FERPlus_3824.png
3,FERPlus_3825.png
3,FERPlus_3826.png
3,FERPlus_3827.png
3,FERPlus_3828.png
3,FERPlus_3829.png
3,FERPlus_3830.png
3,FERPlus_3831.png
3,FERPlus_3832.png
3,FERPlus_3833.png
3,FERPlus_3834.png
3,FERPlus_3835.png
3,FERPlus_3836.png
3,FERPlus_3837.png
3,FERPlus_3838.png
3,FERPlus_3839.png
3,FERPlus_3840.png
3,FERPlus_3841.png
3,FERPlus_3842.png
3,FERPlus_3843.png
3,FERPlus_3844.png
3,FERPlus_3845.png
3,FERPlus_3846.png
3,FERPlus_3847.png
3,FERPlus_3848.png
3,FERPlus_3849.png
3,FERPlus_3850.png
3,FERPlus_3851.png
3,FERPlus_3852.png
3,FERPlus_3853.png
3,FERPlus_3854.png
3,FERPlus_3855.png
3,FERPlus_3856.png
3,FERPlus_3857.png
3,FERPlus_3858.png
3,FERPlus_3859.png
3,FERPlus_3860.png
3,FERPlus_3861.png
3,FERPlus_3862.png
3,FERPlus_3863.png
3,FERPlus_3864.png
3,FERPlus_3865.png
3,FERPlus_3866.png
3,FERPlus_3867.png
3,FERPlus_3868.png
3,FERPlus_3869.png
3,FERPlus_3870.png
3,FERPlus_3871.png
3,FERPlus_3872.png
3,FERPlus_3873.png
3,FERPlus_3874.png
3,FERPlus_3875.png
3,FERPlus_3876.png
3,FERPlus_3877.png
3,FERPlus_3878.png
3,FERPlus_3879.png
3,FERPlus_3880.png
3,FERPlus_3881.png
3,FERPlus_3882.png
3,FERPlus_3883.png
3,FERPlus_3884.png
3,FERPlus_3885.png
3,FERPlus_3886.png
3,FERPlus_3887.png
3,FERPlus_3888.png
3,FERPlus_3889.png
3,FERPlus_3890.png
3,FERPlus_3891.png
3,FERPlus_3892.png
3,FERPlus_3893.png
3,FERPlus_3894.png
3,FERPlus_3895.png
3,FERPlus_3896.png
3,FERPlus_3897.png
3,FERPlus_3898.png
3,FERPlus_3899.png
3,FERPlus_3900.png
3,FERPlus_3901.png
3,FERPlus_3902.png
3,FERPlus_3903.png
3,FERPlus_3904.png
3,FERPlus_3905.png
3,FERPlus_3906.png
3,FERPlus_3907.png
3,FERPlus_3908.png
3,FERPlus_3909.png
3,FERPlus_3910.png
3,FERPlus_3911.png
3,FERPlus_3912.png
3,FERPlus_3913.png
3,FERPlus_3914.png
3,FERPlus_3915.png
3,FERPlus_3916.png
3,FERPlus_3917.png
3,FERPlus_3918.png
3,FERPlus_3919.png
3,FERPlus_3920.png
3,FERPlus_3921.png
3,FERPlus_3922.png
3,FERPlus_3923.png
3,FERPlus_3924.png
3,FERPlus_3925.png
3,FERPlus_3926.png
3,FERPlus_3927.png
3,FERPlus_3928.png
3,FERPlus_3929.png
3,FERPlus_3930.png
3,FERPlus_3931.png
3,FERPlus_3932.png
3,FERPlus_3933.png
3,FERPlus_3934.png
3,FERPlus_3935.png
3,FERPlus_3936.png
3,FERPlus_3937.png
3,FERPlus_3938.png
3,FERPlus_3939.png
3,FERPlus_3940.png
3,FERPlus_3941.png
3,FERPlus_3942.png
3,FERPlus_3943.png
3,FERPlus_3944.png
3,FERPlus_3945.png
3,FERPlus_3946.png
3,FERPlus_3947.png
3,FERPlus_3948.png
3,FERPlus_3949.png
3,FERPlus_3950.png
3,FERPlus_3951.png
3,FERPlus_3952.png
3,FERPlus_3953.png
3,FERPlus_3954.png
3,FERPlus_3955.png
3,FERPlus_3956.png
3,FERPlus_3957.png
3,FERPlus_3958.png
3,FERPlus_3959.png
3,FERPlus_3960.png
3,FERPlus_3961.png
3,FERPlus_3962.png
3,FERPlus_3963.png
3,FERPlus_3964.png
3,FERPlus_3965.png
3,FERPlus_3966.png
3,FERPlus_3967.png
3,FERPlus_3968.png
3,FERPlus_3969.png
3,FERPlus_3970.png
3,FERPlus_3971.png
3,FERPlus_3972.png
3,FERPlus_3973.png
3,FERPlus_3974.png
3,FERPlus_3975.png
3,FERPlus_3976.png
3,FERPlus_3977.png
3,FERPlus_3978.png
3,FERPlus_3979.png
3,FERPlus_3980.png
3,FERPlus_3981.png
3,FERPlus_3982.png
3,FERPlus_3983.png
3,FERPlus_3984.png
3,FERPlus_3985.png
3,FERPlus_3986.png
3,FERPlus_3987.png
3,FERPlus_3988.png
3,FERPlus_3989.png
3,FERPlus_3990.png
3,FERPlus_3991.png
3,FERPlus_3992.png
3,FERPlus_3993.png
3,FERPlus_3994.png
3,FERPlus_3995.png
3,FERPlus_3996.png
3,FERPlus_3997.png
3,FERPlus_3998.png
3,FERPlus_3999.png
3,FERPlus_4000.png
3,FERPlus_4001.png
3,FERPlus_4002.png
3,FERPlus_4003.png
3,FERPlus_4004.png
3,FERPlus_4005.png
3,FERPlus_4006.png
3,FERPlus_4007.png
3,FERPlus_4008.png
3,FERPlus_4009.png
3,FERPlus_4010.png
3,FERPlus_4011.png
3,FERPlus_4012.png
3,FERPlus_4013.png
3,FERPlus_4014.png
3,FERPlus_4015.png
3,FERPlus_4016.png
3,FERPlus_4017.png
3,FERPlus_4018.png
3,FERPlus_4019.png
3,FERPlus_4020.png
3,FERPlus_4021.png
3,FERPlus_4022.png
3,FERPlus_4023.png
3,FERPlus_4024.png
3,FERPlus_4025.png
3,FERPlus_4026.png
3,FERPlus_4027.png
3,FERPlus_4028.png
3,FERPlus_4029.png
3,FERPlus_4030.png
3,FERPlus_4031.png
3,FERPlus_4032.png
3,FERPlus_4033.png
3,FERPlus_4034.png
3,FERPlus_4035.png
3,FERPlus_4036.png
3,FERPlus_4037.png
3,FERPlus_4038.png
3,FERPlus_4039.png
3,FERPlus_4040.png
3,FERPlus_4041.png
3,FERPlus_4042.png
3,FERPlus_4043.png
3,FERPlus_4044.png
3,FERPlus_4045.png
3,FERPlus_4046.png
3,FERPlus_4047.png
3,FERPlus_4048.png
3,FERPlus_4049.png
3,FERPlus_4050.png
3,FERPlus_4051.png
3,FERPlus_4052.png
3,FERPlus_4053.png
3,FERPlus_4054.png
3,FERPlus_4055.png
3,FERPlus_4056.png
3,FERPlus_4057.png
3,FERPlus_4058.png
3,FERPlus_4059.png
3,FERPlus_4060.png
3,FERPlus_4061.png
3,FERPlus_4062.png
3,FERPlus_4063.png
3,FERPlus_4064.png
3,FERPlus_4065.png
3,FERPlus_4066.png
3,FERPlus_4067.png
3,FERPlus_4068.png
3,FERPlus_4069.png
3,FERPlus_4070.png
3,FERPlus_4071.png
3,FERPlus_4072.png
3,FERPlus_4073.png
3,FERPlus_4074.png
3,FERPlus_4075.png
3,FERPlus_4076.png
3,FERPlus_4077.png
3,FERPlus_4078.png
3,FERPlus_4079.png
3,FERPlus_4080.png
3,FERPlus_4081.png
3,FERPlus_4082.png
3,FERPlus_4083.png
3,FERPlus_4084.png
3,FERPlus_4085.png
3,FERPlus_4086.png
3,FERPlus_4087.png
3,FERPlus_4088.png
3,FERPlus_4089.png
3,FERPlus_4090.png
3,FERPlus_4091.png
3,FERPlus_4092.png
3,FERPlus_4093.png
3,FERPlus_4094.png
3,FERPlus_4095.png
3,FERPlus_4096.png
3,FERPlus_4097.png
3,FERPlus_4098.png
3,FERPlus_4099.png
3,FERPlus_4100.png
3,FERPlus_4101.png
3,FERPlus_4102.png
3,FERPlus_4103.png
3,FERPlus_4104.png
3,FERPlus_4105.png
3,FERPlus_4106.png
3,FERPlus_4107.png
3,FERPlus_4108.png
3,FERPlus_4109.png
3,FERPlus_4110.png
3,FERPlus_4111.png
3,FERPlus_4112.png
3,FERPlus_4113.png
3,FERPlus_4114.png
3,FERPlus_4115.png
3,FERPlus_4116.png
3,FERPlus_4117.png
3,FERPlus_4118.png
3,FERPlus_4119.png
3,FERPlus_4120.png
3,FERPlus_4121.png
3,FERPlus_4122.png
3,FERPlus_4123.png
3,FERPlus_4124.png
3,FERPlus_4125.png
3,FERPlus_4126.png
3,FERPlus_4127.png
3,FERPlus_4128.png
3,FERPlus_4129.png
3,FERPlus_4130.png
3,FERPlus_4131.png
3,FERPlus_4132.png
3,FERPlus_4133.png
3,FERPlus_4134.png
3,FERPlus_4135.png
3,FERPlus_4136.png
3,FERPlus_4137.png
3,FERPlus_4138.png
3,FERPlus_4139.png
3,FERPlus_4140.png
3,FERPlus_4141.png
3,FERPlus_4142.png
3,FERPlus_4143.png
3,FERPlus_4144.png
3,FERPlus_4145.png
3,FERPlus_4146.png
3,FERPlus_4147.png
3,FERPlus_4148.png
3,FERPlus_4149.png
3,FERPlus_4150.png
3,FERPlus_4151.png
3,FERPlus_4152.png
3,FERPlus_4153.png
3,FERPlus_4154.png
3,FERPlus_4155.png
3,FERPlus_4156.png
3,FERPlus_4157.png
3,FERPlus_4158.png
3,FERPlus_4159.png
3,FERPlus_4160.png
3,FERPlus_4161.png
3,FERPlus_4162.png
3,FERPlus_4163.png
3,FERPlus_4164.png
3,FERPlus_4165.png
3,FERPlus_4166.png
3,FERPlus_4167.png
3,FERPlus_4168.png
3,FERPlus_4169.png
3,FERPlus_4170.png
3,FERPlus_4171.png
3,FERPlus_4172.png
3,FERPlus_4173.png
3,FERPlus_4174.png
3,FERPlus_4175.png
3,FERPlus_4176.png
3,FERPlus_4177.png
3,FERPlus_4178.png
3,FERPlus_4179.png
3,FERPlus_4180.png
3,FERPlus_4181.png
3,FERPlus_4182.png
3,FERPlus_4183.png
3,FERPlus_4184.png
3,FERPlus_4185.png
3,FERPlus_4186.png
3,FERPlus_4187.png
3,FERPlus_4188.png
3,FERPlus_4189.png
3,FERPlus_4190.png
3,FERPlus_4191.png
3,FERPlus_4192.png
3,FERPlus_4193.png
3,FERPlus_4194.png
3,FERPlus_4195.png
3,FERPlus_4196.png
3,FERPlus_4197.png
3,FERPlus_4198.png
3,FERPlus_4199.png
3,FERPlus_4200.png
3,FERPlus_4201.png
3,FERPlus_4202.png
3,FERPlus_4203.png
3,FERPlus_4204.png
3,FERPlus_4205.png
3,FERPlus_4206.png
3,FERPlus_4207.png
3,FERPlus_4208.png
3,FERPlus_4209.png
3,FERPlus_4210.png
3,FERPlus_4211.png
3,FERPlus_4212.png
3,FERPlus_4213.png
3,FERPlus_4214.png
3,FERPlus_4215.png
3,FERPlus_4216.png
3,FERPlus_4217.png
3,FERPlus_4218.png
3,FERPlus_4219.png
3,FERPlus_4220.png
3,FERPlus_4221.png
3,FERPlus_4222.png
3,FERPlus_4223.png
3,FERPlus_4224.png
3,FERPlus_4225.png
3,FERPlus_4226.png
3,FERPlus_4227.png
3,FERPlus_4228.png
3,FERPlus_4229.png
3,FERPlus_4230.png
3,FERPlus_4231.png
3,FERPlus_4232.png
3,FERPlus_4233.png
3,FERPlus_4234.png
3,FERPlus_4235.png
3,FERPlus_4236.png
3,FERPlus_4237.png
3,FERPlus_4238.png
3,FERPlus_4239.png
3,FERPlus_4240.png
3,FERPlus_4241.png
3,FERPlus_4242.png
3,FERPlus_4243.png
3,FERPlus_4244.png
3,FERPlus_4245.png
3,FERPlus_4246.png
3,FERPlus_4247.png
3,FERPlus_4248.png
3,FERPlus_4249.png
3,FERPlus_4250.png
3,FERPlus_4251.png
3,FERPlus_4252.png
3,FERPlus_4253.png
3,FERPlus_4254.png
3,FERPlus_4255.png
3,FERPlus_4256.png
3,FERPlus_4257.png
3,FERPlus_4258.png
3,FERPlus_4259.png
3,FERPlus_4260.png
3,FERPlus_4261.png
3,FERPlus_4262.png
3,FERPlus_4263.png
3,FERPlus_4264.png
3,FERPlus_4265.png
3,FERPlus_4266.png
3,FERPlus_4267.png
3,FERPlus_4268.png
3,FERPlus_4269.png
3,FERPlus_4270.png
3,FERPlus_4271.png
3,FERPlus_4272.png
3,FERPlus_4273.png
3,FERPlus_4274.png
3,FERPlus_4275.png
3,FERPlus_4276.png
3,FERPlus_4277.png
3,FERPlus_4278.png
3,FERPlus_4279.png
3,FERPlus_4280.png
3,FERPlus_4281.png
3,FERPlus_4282.png
3,FERPlus_4283.png
3,FERPlus_4284.png
3,FERPlus_4285.png
3,FERPlus_4286.png
3,FERPlus_4287.png
3,FERPlus_4288.png
3,FERPlus_4289.png
3,FERPlus_4290.png
3,FERPlus_4291.png
3,FERPlus_4292.png
3,FERPlus_4293.png
3,FERPlus_4294.png
3,FERPlus_4295.png
3,FERPlus_4296.png
3,FERPlus_4297.png
3,FERPlus_4298.png
3,FERPlus_4299.png
3,FERPlus_4300.png
3,FERPlus_4301.png
3,FERPlus_4302.png
3,FERPlus_4303.png
3,FERPlus_4304.png
3,FERPlus_4305.png
3,FERPlus_4306.png
3,FERPlus_4307.png
3,FERPlus_4308.png
3,FERPlus_4309.png
3,FERPlus_4310.png
3,FERPlus_4311.png
3,FERPlus_4312.png
3,FERPlus_4313.png
3,FERPlus_4314.png
3,FERPlus_4315.png
3,FERPlus_4316.png
3,FERPlus_4317.png
3,FERPlus_4318.png
3,FERPlus_4319.png
3,FERPlus_4320.png
3,FERPlus_4321.png
3,FERPlus_4322.png
3,FERPlus_4323.png
3,FERPlus_4324.png
3,FERPlus_4325.png
3,FERPlus_4326.png
3,FERPlus_4327.png
3,FERPlus_4328.png
3,FERPlus_4329.png
3,FERPlus_4330.png
3,FERPlus_4331.png
3,FERPlus_4332.png
3,FERPlus_4333.png
3,FERPlus_4334.png
3,FERPlus_4335.png
3,FERPlus_4336.png
3,FERPlus_4337.png
3,FERPlus_4338.png
3,FERPlus_4339.png
3,FERPlus_4340.png
3,FERPlus_4341.png
3,FERPlus_4342.png
3,FERPlus_4343.png
3,FERPlus_4344.png
3,FERPlus_4345.png
3,FERPlus_4346.png
3,FERPlus_4347.png
3,FERPlus_4348.png
3,FERPlus_4349.png
3,FERPlus_4350.png
3,FERPlus_4351.png
3,FERPlus_4352.png
3,FERPlus_4353.png
3,FERPlus_4354.png
3,FERPlus_4355.png
3,FERPlus_4356.png
3,FERPlus_4357.png
3,FERPlus_4358.png
3,FERPlus_4359.png
3,FERPlus_4360.png
3,FERPlus_4361.png
3,FERPlus_4362.png
3,FERPlus_4363.png
3,FERPlus_4364.png
3,FERPlus_4365.png
3,FERPlus_4366.png
3,FERPlus_4367.png
3,FERPlus_4368.png
3,FERPlus_4369.png
3,FERPlus_4370.png
3,FERPlus_4371.png
3,FERPlus_4372.png
3,FERPlus_4373.png
3,FERPlus_4374.png
3,FERPlus_4375.png
3,FERPlus_4376.png
3,FERPlus_4377.png
3,FERPlus_4378.png
3,FERPlus_4379.png
3,FERPlus_4380.png
3,FERPlus_4381.png
3,FERPlus_4382.png
3,FERPlus_4383.png
3,FERPlus_4384.png
3,FERPlus_4385.png
3,FERPlus_4386.png
3,FERPlus_4387.png
3,FERPlus_4388.png
3,FERPlus_4389.png
3,FERPlus_4390.png
3,FERPlus_4391.png
3,FERPlus_4392.png
3,FERPlus_4393.png
3,FERPlus_4394.png
3,FERPlus_4395.png
3,FERPlus_4396.png
3,FERPlus_4397.png
3,FERPlus_4398.png
3,FERPlus_4399.png
3,FERPlus_4400.png
3,FERPlus_4401.png
3,FERPlus_4402.png
3,FERPlus_4403.png
3,FERPlus_4404.png
3,FERPlus_4405.png
3,FERPlus_4406.png
3,FERPlus_4407.png
3,FERPlus_4408.png
3,FERPlus_4409.png
3,FERPlus_4410.png
3,FERPlus_4411.png
3,FERPlus_4412.png
3,FERPlus_4413.png
3,FERPlus_4414.png
3,FERPlus_4415.png
3,FERPlus_4416.png
3,FERPlus_4417.png
3,FERPlus_4418.png
3,FERPlus_4419.png
3,FERPlus_4420.png
3,FERPlus_4421.png
3,FERPlus_4422.png
3,FERPlus_4423.png
3,FERPlus_4424.png
3,FERPlus_4425.png
3,FERPlus_4426.png
3,FERPlus_4427.png
3,FERPlus_4428.png
3,FERPlus_4429.png
3,FERPlus_4430.png
3,FERPlus_4431.png
3,FERPlus_4432.png
3,FERPlus_4433.png
3,FERPlus_4434.png
3,FERPlus_4435.png
3,FERPlus_4436.png
3,FERPlus_4437.png
3,FERPlus_4438.png
3,FERPlus_4439.png
3,FERPlus_4440.png
3,FERPlus_4441.png
3,FERPlus_4442.png
3,FERPlus_4443.png
3,FERPlus_4444.png
3,FERPlus_4445.png
3,FERPlus_4446.png
3,FERPlus_4447.png
3,FERPlus_4448.png
3,FERPlus_4449.png
3,FERPlus_4450.png
3,FERPlus_4451.png
3,FERPlus_4452.png
3,FERPlus_4453.png
3,FERPlus_4454.png
3,FERPlus_4455.png
3,FERPlus_4456.png
3,FERPlus_4457.png
3,FERPlus_4458.png
3,FERPlus_4459.png
3,FERPlus_4460.png
3,FERPlus_4461.png
3,FERPlus_4462.png
3,FERPlus_4463.png
3,FERPlus_4464.png
3,FERPlus_4465.png
3,FERPlus_4466.png
3,FERPlus_4467.png
3,FERPlus_4468.png
3,FERPlus_4469.png
3,FERPlus_4470.png
3,FERPlus_4471.png
3,FERPlus_4472.png
3,FERPlus_4473.png
3,FERPlus_4474.png
3,FERPlus_4475.png
3,FERPlus_4476.png
3,FERPlus_4477.png
3,FERPlus_4478.png
3,FERPlus_4479.png
3,FERPlus_4480.png
3,FERPlus_4481.png
3,FERPlus_4482.png
3,FERPlus_4483.png
3,FERPlus_4484.png
3,FERPlus_4485.png
3,FERPlus_4486.png
3,FERPlus_4487.png
3,FERPlus_4488.png
3,FERPlus_4489.png
3,FERPlus_4490.png
3,FERPlus_4491.png
3,FERPlus_4492.png
3,FERPlus_4493.png
3,FERPlus_4494.png
3,FERPlus_4495.png
3,FERPlus_4496.png
3,FERPlus_4497.png
3,FERPlus_4498.png
3,FERPlus_4499.png
3,FERPlus_4500.png
3,FERPlus_4501.png
3,FERPlus_4502.png
3,FERPlus_4503.png
3,FERPlus_4504.png
3,FERPlus_4505.png
3,FERPlus_4506.png
3,FERPlus_4507.png
3,FERPlus_4508.png
3,FERPlus_4509.png
3,FERPlus_4510.png
3,FERPlus_4511.png
3,FERPlus_4512.png
3,FERPlus_4513.png
3,FERPlus_4514.png
3,FERPlus_4515.png
3,FERPlus_4516.png
3,FERPlus_4517.png
3,FERPlus_4518.png
3,FERPlus_4519.png
3,FERPlus_4520.png
3,FERPlus_4521.png
3,FERPlus_4522.png
3,FERPlus_4523.png
3,FERPlus_4524.png
3,FERPlus_4525.png
3,FERPlus_4526.png
3,FERPlus_4527.png
3,FERPlus_4528.png
3,FERPlus_4529.png
3,FERPlus_4530.png
3,FERPlus_4531.png
3,FERPlus_4532.png
3,FERPlus_4533.png
3,FERPlus_4534.png
3,FERPlus_4535.png
3,FERPlus_4536.png
3,FERPlus_4537.png
3,FERPlus_4538.png
3,FERPlus_4539.png
3,FERPlus_4540.png
3,FERPlus_4541.png
3,FERPlus_4542.png
3,FERPlus_4543.png
3,FERPlus_4544.png
3,FERPlus_4545.png
3,FERPlus_4546.png
3,FERPlus_4547.png
3,FERPlus_4548.png
3,FERPlus_4549.png
3,FERPlus_4550.png
3,FERPlus_4551.png
3,FERPlus_4552.png
3,FERPlus_4553.png
3,FERPlus_4554.png
3,FERPlus_4555.png
3,FERPlus_4556.png
3,FERPlus_4557.png
3,FERPlus_4558.png
3,FERPlus_4559.png
3,FERPlus_4560.png
3,FERPlus_4561.png
3,FERPlus_4562.png
3,FERPlus_4563.png
3,FERPlus_4564.png
3,FERPlus_4565.png
3,FERPlus_4566.png
3,FERPlus_4567.png
3,FERPlus_4568.png
3,FERPlus_4569.png
3,FERPlus_4570.png
3,FERPlus_4571.png
3,FERPlus_4572.png
3,FERPlus_4573.png
3,FERPlus_4574.png
3,FERPlus_4575.png
3,FERPlus_4576.png
3,FERPlus_4577.png
3,FERPlus_4578.png
3,FERPlus_4579.png
3,FERPlus_4580.png
3,FERPlus_4581.png
3,FERPlus_4582.png
3,FERPlus_4583.png
3,FERPlus_4584.png
3,FERPlus_4585.png
3,FERPlus_4586.png
3,FERPlus_4587.png
3,FERPlus_4588.png
3,FERPlus_4589.png
3,FERPlus_4590.png
3,FERPlus_4591.png
3,FERPlus_4592.png
3,FERPlus_4593.png
3,FERPlus_4594.png
3,FERPlus_4595.png
3,FERPlus_4596.png
3,FERPlus_4597.png
3,FERPlus_4598.png
3,FERPlus_4599.png
3,FERPlus_4600.png
3,FERPlus_4601.png
3,FERPlus_4602.png
3,FERPlus_4603.png
3,FERPlus_4604.png
3,FERPlus_4605.png
3,FERPlus_4606.png
3,FERPlus_4607.png
3,FERPlus_4608.png
3,FERPlus_4609.png
3,FERPlus_4610.png
3,FERPlus_4611.png
3,FERPlus_4612.png
3,FERPlus_4613.png
3,FERPlus_4614.png
3,FERPlus_4615.png
3,FERPlus_4616.png
3,FERPlus_4617.png
3,FERPlus_4618.png
3,FERPlus_4619.png
3,FERPlus_4620.png
3,FERPlus_4621.png
3,FERPlus_4622.png
3,FERPlus_4623.png
3,FERPlus_4624.png
3,FERPlus_4625.png
3,FERPlus_4626.png
3,FERPlus_4627.png
3,FERPlus_4628.png
3,FERPlus_4629.png
3,FERPlus_4630.png
3,FERPlus_4631.png
3,FERPlus_4632.png
3,FERPlus_4633.png
3,FERPlus_4634.png
3,FERPlus_4635.png
3,FERPlus_4636.png
3,FERPlus_4637.png
3,FERPlus_4638.png
3,FERPlus_4639.png
3,FERPlus_4640.png
3,FERPlus_4641.png
3,FERPlus_4642.png
3,FERPlus_4643.png
3,FERPlus_4644.png
3,FERPlus_4645.png
3,FERPlus_4646.png
3,FERPlus_4647.png
3,FERPlus_4648.png
3,FERPlus_4649.png
3,FERPlus_4650.png
3,FERPlus_4651.png
3,FERPlus_4652.png
3,FERPlus_4653.png
3,FERPlus_4654.png
3,FERPlus_4655.png
3,FERPlus_4656.png
3,FERPlus_4657.png
3,FERPlus_4658.png
3,FERPlus_4659.png
3,FERPlus_4660.png
3,FERPlus_4661.png
3,FERPlus_4662.png
3,FERPlus_4663.png
3,FERPlus_4664.png
3,FERPlus_4665.png
3,FERPlus_4666.png
3,FERPlus_4667.png
3,FERPlus_4668.png
3,FERPlus_4669.png
3,FERPlus_4670.png
3,FERPlus_4671.png
3,FERPlus_4672.png
3,FERPlus_4673.png
3,FERPlus_4674.png
3,FERPlus_4675.png
3,FERPlus_4676.png
3,FERPlus_4677.png
3,FERPlus_4678.png
3,FERPlus_4679.png
3,FERPlus_4680.png
3,FERPlus_4681.png
3,FERPlus_4682.png
3,FERPlus_4683.png
3,FERPlus_4684.png
3,FERPlus_4685.png
3,FERPlus_4686.png
3,FERPlus_4687.png
3,FERPlus_4688.png
3,FERPlus_4689.png
3,FERPlus_4690.png
3,FERPlus_4691.png
3,FERPlus_4692.png
3,FERPlus_4693.png
3,FERPlus_4694.png
3,FERPlus_4695.png
3,FERPlus_4696.png
3,FERPlus_4697.png
3,FERPlus_4698.png
3,FERPlus_4699.png
3,FERPlus_4700.png
3,FERPlus_4701.png
3,FERPlus_4702.png
3,FERPlus_4703.png
3,FERPlus_4704.png
3,FERPlus_4705.png
3,FERPlus_4706.png
3,FERPlus_4707.png
3,FERPlus_4708.png
3,FERPlus_4709.png
3,FERPlus_4710.png
3,FERPlus_4711.png
3,FERPlus_4712.png
3,FERPlus_4713.png
3,FERPlus_4714.png
3,FERPlus_4715.png
3,FERPlus_4716.png
3,FERPlus_4717.png
3,FERPlus_4718.png
3,FERPlus_4719.png
3,FERPlus_4720.png
3,FERPlus_4721.png
3,FERPlus_4722.png
3,FERPlus_4723.png
3,FERPlus_4724.png
3,FERPlus_4725.png
3,FERPlus_4726.png
3,FERPlus_4727.png
3,FERPlus_4728.png
3,FERPlus_4729.png
3,FERPlus_4730.png
3,FERPlus_4731.png
3,FERPlus_4732.png
3,FERPlus_4733.png
3,FERPlus_4734.png
3,FERPlus_4735.png
3,FERPlus_4736.png
3,FERPlus_4737.png
3,FERPlus_4738.png
3,FERPlus_4739.png
3,FERPlus_4740.png
3,FERPlus_4741.png
3,FERPlus_4742.png
3,FERPlus_4743.png
3,FERPlus_4744.png
3,FERPlus_4745.png
3,FERPlus_4746.png
3,FERPlus_4747.png
3,FERPlus_4748.png
3,FERPlus_4749.png
3,FERPlus_4750.png
3,FERPlus_4751.png
3,FERPlus_4752.png
3,FERPlus_4753.png
3,FERPlus_4754.png
3,FERPlus_4755.png
3,FERPlus_4756.png
3,FERPlus_4757.png
3,FERPlus_4758.png
3,FERPlus_4759.png
3,FERPlus_4760.png
3,FERPlus_4761.png
3,FERPlus_4762.png
3,FERPlus_4763.png
3,FERPlus_4764.png
3,FERPlus_4765.png
3,FERPlus_4766.png
3,FERPlus_4767.png
3,FERPlus_4768.png
3,FERPlus_4769.png
3,FERPlus_4770.png
3,FERPlus_4771.png
3,FERPlus_4772.png
3,FERPlus_4773.png
3,FERPlus_4774.png
3,FERPlus_4775.png
3,FERPlus_4776.png
3,FERPlus_4777.png
3,FERPlus_4778.png
3,FERPlus_4779.png
3,FERPlus_4780.png
3,FERPlus_4781.png
3,FERPlus_4782.png
3,FERPlus_4783.png
3,FERPlus_4784.png
3,FERPlus_4785.png
3,FERPlus_4786.png
3,FERPlus_4787.png
3,FERPlus_4788.png
3,FERPlus_4789.png
3,FERPlus_4790.png
3,FERPlus_4791.png
3,FERPlus_4792.png
3,FERPlus_4793.png
3,FERPlus_4794.png
3,FERPlus_4795.png
3,FERPlus_4796.png
3,FERPlus_4797.png
3,FERPlus_4798.png
3,FERPlus_4799.png
3,FERPlus_4800.png
3,FERPlus_4801.png
3,FERPlus_4802.png
3,FERPlus_4803.png
3,FERPlus_4804.png
3,FERPlus_4805.png
3,FERPlus_4806.png
3,FERPlus_4807.png
3,FERPlus_4808.png
3,FERPlus_4809.png
3,FERPlus_4810.png
3,FERPlus_4811.png
3,FERPlus_4812.png
3,FERPlus_4813.png
3,FERPlus_4814.png
3,FERPlus_4815.png
3,FERPlus_4816.png
3,FERPlus_4817.png
3,FERPlus_4818.png
3,FERPlus_4819.png
3,FERPlus_4820.png
3,FERPlus_4821.png
3,FERPlus_4822.png
3,FERPlus_4823.png
3,FERPlus_4824.png
3,FERPlus_4825.png
3,FERPlus_4826.png
3,FERPlus_4827.png
3,FERPlus_4828.png
3,FERPlus_4829.png
3,FERPlus_4830.png
3,FERPlus_4831.png
3,FERPlus_4832.png
3,FERPlus_4833.png
3,FERPlus_4834.png
3,FERPlus_4835.png
3,FERPlus_4836.png
3,FERPlus_4837.png
3,FERPlus_4838.png
3,FERPlus_4839.png
3,FERPlus_4840.png
3,FERPlus_4841.png
3,FERPlus_4842.png
3,FERPlus_4843.png
3,FERPlus_4844.png
3,FERPlus_4845.png
3,FERPlus_4846.png
3,FERPlus_4847.png
3,FERPlus_4848.png
3,FERPlus_4849.png
3,FERPlus_4850.png
3,FERPlus_4851.png
3,FERPlus_4852.png
3,FERPlus_4853.png
3,FERPlus_4854.png
3,FERPlus_4855.png
3,FERPlus_4856.png
3,FERPlus_4857.png
3,FERPlus_4858.png
3,FERPlus_4859.png
3,FERPlus_4860.png
3,FERPlus_4861.png
3,FERPlus_4862.png
3,FERPlus_4863.png
3,FERPlus_4864.png
3,FERPlus_4865.png
3,FERPlus_4866.png
3,FERPlus_4867.png
3,FERPlus_4868.png
3,FERPlus_4869.png
3,FERPlus_4870.png
3,FERPlus_4871.png
3,FERPlus_4872.png
3,FERPlus_4873.png
3,FERPlus_4874.png
3,FERPlus_4875.png
3,FERPlus_4876.png
3,FERPlus_4877.png
3,FERPlus_4878.png
3,FERPlus_4879.png
3,FERPlus_4880.png
3,FERPlus_4881.png
3,FERPlus_4882.png
3,FERPlus_4883.png
3,FERPlus_4884.png
3,FERPlus_4885.png
3,FERPlus_4886.png
3,FERPlus_4887.png
3,FERPlus_4888.png
3,FERPlus_4889.png
3,FERPlus_4890.png
3,FERPlus_4891.png
3,FERPlus_4892.png
3,FERPlus_4893.png
3,FERPlus_4894.png
3,FERPlus_4895.png
3,FERPlus_4896.png
3,FERPlus_4897.png
3,FERPlus_4898.png
3,FERPlus_4899.png
3,FERPlus_4900.png
3,FERPlus_4901.png
3,FERPlus_4902.png
3,FERPlus_4903.png
3,FERPlus_4904.png
3,FERPlus_4905.png
3,FERPlus_4906.png
3,FERPlus_4907.png
3,FERPlus_4908.png
3,FERPlus_4909.png
3,FERPlus_4910.png
3,FERPlus_4911.png
3,FERPlus_4912.png
3,FERPlus_4913.png
3,FERPlus_4914.png
3,FERPlus_4915.png
3,FERPlus_4916.png
3,FERPlus_4917.png
3,FERPlus_4918.png
3,FERPlus_4919.png
3,FERPlus_4920.png
3,FERPlus_4921.png
3,FERPlus_4922.png
3,FERPlus_4923.png
3,FERPlus_4924.png
3,FERPlus_4925.png
3,FERPlus_4926.png
3,FERPlus_4927.png
3,FERPlus_4928.png
3,FERPlus_4929.png
3,FERPlus_4930.png
3,FERPlus_4931.png
3,FERPlus_4932.png
3,FERPlus_4933.png
3,FERPlus_4934.png
3,FERPlus_4935.png
3,FERPlus_4936.png
3,FERPlus_4937.png
3,FERPlus_4938.png
3,FERPlus_4939.png
3,FERPlus_4940.png
3,FERPlus_4941.png
3,FERPlus_4942.png
3,FERPlus_4943.png
3,FERPlus_4944.png
3,FERPlus_4945.png
3,FERPlus_4946.png
3,FERPlus_4947.png
3,FERPlus_4948.png
3,FERPlus_4949.png
3,FERPlus_4950.png
3,FERPlus_4951.png
3,FERPlus_4952.png
3,FERPlus_4953.png
3,FERPlus_4954.png
3,FERPlus_4955.png
3,FERPlus_4956.png
3,FERPlus_4957.png
3,FERPlus_4958.png
3,FERPlus_4959.png
3,FERPlus_4960.png
3,FERPlus_4961.png
3,FERPlus_4962.png
3,FERPlus_4963.png
3,FERPlus_4964.png
3,FERPlus_4965.png
3,FERPlus_4966.png
3,FERPlus_4967.png
3,FERPlus_4968.png
3,FERPlus_4969.png
3,FERPlus_4970.png
3,FERPlus_4971.png
3,FERPlus_4972.png
3,FERPlus_4973.png
3,FERPlus_4974.png
3,FERPlus_4975.png
3,FERPlus_4976.png
3,FERPlus_4977.png
3,FERPlus_4978.png
3,FERPlus_4979.png
3,FERPlus_4980.png
3,FERPlus_4981.png
3,FERPlus_4982.png
3,FERPlus_4983.png
3,FERPlus_4984.png
3,FERPlus_4985.png
3,FERPlus_4986.png
3,FERPlus_4987.png
3,FERPlus_4988.png
3,FERPlus_4989.png
3,FERPlus_4990.png
3,FERPlus_4991.png
3,FERPlus_4992.png
3,FERPlus_4993.png
3,FERPlus_4994.png
3,FERPlus_4995.png
3,FERPlus_4996.png
3,FERPlus_4997.png
3,FERPlus_4998.png
3,FERPlus_4999.png
3,FERPlus_5000.png
3,FERPlus_5001.png
3,FERPlus_5002.png
3,FERPlus_5003.png
3,FERPlus_5004.png
3,FERPlus_5005.png
3,FERPlus_5006.png
3,FERPlus_5007.png
3,FERPlus_5008.png
3,FERPlus_5009.png
3,FERPlus_5010.png
3,FERPlus_5011.png
3,FERPlus_5012.png
3,FERPlus_5013.png
3,FERPlus_5014.png
3,FERPlus_5015.png
3,FERPlus_5016.png
3,FERPlus_5017.png
3,FERPlus_5018.png
3,FERPlus_5019.png
3,FERPlus_5020.png
3,FERPlus_5021.png
3,FERPlus_5022.png
3,FERPlus_5023.png
3,FERPlus_5024.png
3,FERPlus_5025.png
3,FERPlus_5026.png
3,FERPlus_5027.png
3,FERPlus_5028.png
3,FERPlus_5029.png
3,FERPlus_5030.png
3,FERPlus_5031.png
3,FERPlus_5032.png
3,FERPlus_5033.png
3,FERPlus_5034.png
3,FERPlus_5035.png
3,FERPlus_5036.png
3,FERPlus_5037.png
3,FERPlus_5038.png
3,FERPlus_5039.png
3,FERPlus_5040.png
3,FERPlus_5041.png
3,FERPlus_5042.png
3,FERPlus_5043.png
3,FERPlus_5044.png
3,FERPlus_5045.png
3,FERPlus_5046.png
3,FERPlus_5047.png
3,FERPlus_5048.png
3,FERPlus_5049.png
3,FERPlus_5050.png
3,FERPlus_5051.png
3,FERPlus_5052.png
3,FERPlus_5053.png
3,FERPlus_5054.png
3,FERPlus_5055.png
3,FERPlus_5056.png
3,FERPlus_5057.png
3,FERPlus_5058.png
3,FERPlus_5059.png
3,FERPlus_5060.png
3,FERPlus_5061.png
3,FERPlus_5062.png
3,FERPlus_5063.png
3,FERPlus_5064.png
3,FERPlus_5065.png
3,FERPlus_5066.png
3,FERPlus_5067.png
3,FERPlus_5068.png
3,FERPlus_5069.png
3,FERPlus_5070.png
3,FERPlus_5071.png
3,FERPlus_5072.png
3,FERPlus_5073.png
3,FERPlus_5074.png
3,FERPlus_5075.png
3,FERPlus_5076.png
3,FERPlus_5077.png
3,FERPlus_5078.png
3,FERPlus_5079.png
3,FERPlus_5080.png
3,FERPlus_5081.png
3,FERPlus_5082.png
3,FERPlus_5083.png
3,FERPlus_5084.png
3,FERPlus_5085.png
3,FERPlus_5086.png
3,FERPlus_5087.png
3,FERPlus_5088.png
3,FERPlus_5089.png
3,FERPlus_5090.png
3,FERPlus_5091.png
3,FERPlus_5092.png
3,FERPlus_5093.png
3,FERPlus_5094.png
3,FERPlus_5095.png
3,FERPlus_5096.png
3,FERPlus_5097.png
3,FERPlus_5098.png
3,FERPlus_5099.png
3,FERPlus_5100.png
3,FERPlus_5101.png
3,FERPlus_5102.png
3,FERPlus_5103.png
3,FERPlus_5104.png
3,FERPlus_5105.png
3,FERPlus_5106.png
3,FERPlus_5107.png
3,FERPlus_5108.png
3,FERPlus_5109.png
3,FERPlus_5110.png
3,FERPlus_5111.png
3,FERPlus_5112.png
3,FERPlus_5113.png
3,FERPlus_5114.png
3,FERPlus_5115.png
3,FERPlus_5116.png
3,FERPlus_5117.png
3,FERPlus_5118.png
3,FERPlus_5119.png
3,FERPlus_5120.png
3,FERPlus_5121.png
3,FERPlus_5122.png
3,FERPlus_5123.png
3,FERPlus_5124.png
3,FERPlus_5125.png
3,FERPlus_5126.png
3,FERPlus_5127.png
3,FERPlus_5128.png
3,FERPlus_5129.png
3,FERPlus_5130.png
3,FERPlus_5131.png
3,FERPlus_5132.png
3,FERPlus_5133.png
3,FERPlus_5134.png
3,FERPlus_5135.png
3,FERPlus_5136.png
3,FERPlus_5137.png
3,FERPlus_5138.png
3,FERPlus_5139.png
3,FERPlus_5140.png
3,FERPlus_5141.png
3,FERPlus_5142.png
3,FERPlus_5143.png
3,FERPlus_5144.png
3,FERPlus_5145.png
3,FERPlus_5146.png
3,FERPlus_5147.png
3,FERPlus_5148.png
3,FERPlus_5149.png
3,FERPlus_5150.png
3,FERPlus_5151.png
3,FERPlus_5152.png
3,FERPlus_5153.png
3,FERPlus_5154.png
3,FERPlus_5155.png
3,FERPlus_5156.png
3,FERPlus_5157.png
3,FERPlus_5158.png
3,FERPlus_5159.png
3,FERPlus_5160.png
3,FERPlus_5161.png
3,FERPlus_5162.png
3,FERPlus_5163.png
3,FERPlus_5164.png
3,FERPlus_5165.png
3,FERPlus_5166.png
3,FERPlus_5167.png
3,FERPlus_5168.png
3,FERPlus_5169.png
3,FERPlus_5170.png
3,FERPlus_5171.png
3,FERPlus_5172.png
3,FERPlus_5173.png
3,FERPlus_5174.png
3,FERPlus_5175.png
3,FERPlus_5176.png
3,FERPlus_5177.png
3,FERPlus_5178.png
3,FERPlus_5179.png
3,FERPlus_5180.png
3,FERPlus_5181.png
3,FERPlus_5182.png
3,FERPlus_5183.png
3,FERPlus_5184.png
3,FERPlus_5185.png
3,FERPlus_5186.png
3,FERPlus_5187.png
3,FERPlus_5188.png
3,FERPlus_5189.png
3,FERPlus_5190.png
3,FERPlus_5191.png
3,FERPlus_5192.png
3,FERPlus_5193.png
3,FERPlus_5194.png
3,FERPlus_5195.png
3,FERPlus_5196.png
3,FERPlus_5197.png
3,FERPlus_5198.png
3,FERPlus_5199.png
3,FERPlus_5200.png
3,FERPlus_5201.png
3,FERPlus_5202.png
3,FERPlus_5203.png
3,FERPlus_5204.png
3,FERPlus_5205.png
3,FERPlus_5206.png
3,FERPlus_5207.png
3,FERPlus_5208.png
3,FERPlus_5209.png
3,FERPlus_5210.png
3,FERPlus_5211.png
3,FERPlus_5212.png
3,FERPlus_5213.png
3,FERPlus_5214.png
3,FERPlus_5215.png
3,FERPlus_5216.png
3,FERPlus_5217.png
3,FERPlus_5218.png
3,FERPlus_5219.png
3,FERPlus_5220.png
3,FERPlus_5221.png
3,FERPlus_5222.png
3,FERPlus_5223.png
3,FERPlus_5224.png
3,FERPlus_5225.png
3,FERPlus_5226.png
3,FERPlus_5227.png
3,FERPlus_5228.png
3,FERPlus_5229.png
3,FERPlus_5230.png
3,FERPlus_5231.png
3,FERPlus_5232.png
3,FERPlus_5233.png
3,FERPlus_5234.png
3,FERPlus_5235.png
3,FERPlus_5236.png
3,FERPlus_5237.png
3,FERPlus_5238.png
3,FERPlus_5239.png
3,FERPlus_5240.png
3,FERPlus_5241.png
3,FERPlus_5242.png
3,FERPlus_5243.png
3,FERPlus_5244.png
3,FERPlus_5245.png
3,FERPlus_5246.png
3,FERPlus_5247.png
3,FERPlus_5248.png
3,FERPlus_5249.png
3,FERPlus_5250.png
3,FERPlus_5251.png
3,FERPlus_5252.png
3,FERPlus_5253.png
3,FERPlus_5254.png
3,FERPlus_5255.png
3,FERPlus_5256.png
3,FERPlus_5257.png
3,FERPlus_5258.png
3,FERPlus_5259.png
3,FERPlus_5260.png
3,FERPlus_5261.png
3,FERPlus_5262.png
3,FERPlus_5263.png
3,FERPlus_5264.png
3,FERPlus_5265.png
3,FERPlus_5266.png
3,FERPlus_5267.png
3,FERPlus_5268.png
3,FERPlus_5269.png
3,FERPlus_5270.png
3,FERPlus_5271.png
3,FERPlus_5272.png
3,FERPlus_5273.png
3,FERPlus_5274.png
3,FERPlus_5275.png
3,FERPlus_5276.png
3,FERPlus_5277.png
3,FERPlus_5278.png
3,FERPlus_5279.png
3,FERPlus_5280.png
3,FERPlus_5281.png
3,FERPlus_5282.png
3,FERPlus_5283.png
3,FERPlus_5284.png
3,FERPlus_5285.png
3,FERPlus_5286.png
3,FERPlus_5287.png
3,FERPlus_5288.png
3,FERPlus_5289.png
3,FERPlus_5290.png
3,FERPlus_5291.png
3,FERPlus_5292.png
3,FERPlus_5293.png
3,FERPlus_5294.png
3,FERPlus_5295.png
3,FERPlus_5296.png
3,FERPlus_5297.png
3,FERPlus_5298.png
3,FERPlus_5299.png
3,FERPlus_5300.png
3,FERPlus_5301.png
3,FERPlus_5302.png
3,FERPlus_5303.png
3,FERPlus_5304.png
3,FERPlus_5305.png
3,FERPlus_5306.png
3,FERPlus_5307.png
3,FERPlus_5308.png
3,FERPlus_5309.png
3,FERPlus_5310.png
3,FERPlus_5311.png
3,FERPlus_5312.png
3,FERPlus_5313.png
3,FERPlus_5314.png
3,FERPlus_5315.png
3,FERPlus_5316.png
3,FERPlus_5317.png
3,FERPlus_5318.png
3,FERPlus_5319.png
3,FERPlus_5320.png
3,FERPlus_5321.png
3,FERPlus_5322.png
3,FERPlus_5323.png
3,FERPlus_5324.png
3,FERPlus_5325.png
3,FERPlus_5326.png
3,FERPlus_5327.png
3,FERPlus_5328.png
3,FERPlus_5329.png
3,FERPlus_5330.png
3,FERPlus_5331.png
3,FERPlus_5332.png
3,FERPlus_5333.png
3,FERPlus_5334.png
3,FERPlus_5335.png
3,FERPlus_5336.png
3,FERPlus_5337.png
3,FERPlus_5338.png
3,FERPlus_5339.png
3,FERPlus_5340.png
3,FERPlus_5341.png
3,FERPlus_5342.png
3,FERPlus_5343.png
3,FERPlus_5344.png
3,FERPlus_5345.png
3,FERPlus_5346.png
3,FERPlus_5347.png
3,FERPlus_5348.png
3,FERPlus_5349.png
3,FERPlus_5350.png
3,FERPlus_5351.png
3,FERPlus_5352.png
3,FERPlus_5353.png
3,FERPlus_5354.png
3,FERPlus_5355.png
3,FERPlus_5356.png
3,FERPlus_5357.png
3,FERPlus_5358.png
3,FERPlus_5359.png
3,FERPlus_5360.png
3,FERPlus_5361.png
3,FERPlus_5362.png
3,FERPlus_5363.png
3,FERPlus_5364.png
3,FERPlus_5365.png
3,FERPlus_5366.png
3,FERPlus_5367.png
3,FERPlus_5368.png
3,FERPlus_5369.png
3,FERPlus_5370.png
3,FERPlus_5371.png
3,FERPlus_5372.png
3,FERPlus_5373.png
3,FERPlus_5374.png
3,FERPlus_5375.png
3,FERPlus_5376.png
3,FERPlus_5377.png
3,FERPlus_5378.png
3,FERPlus_5379.png
3,FERPlus_5380.png
3,FERPlus_5381.png
3,FERPlus_5382.png
3,FERPlus_5383.png
3,FERPlus_5384.png
3,FERPlus_5385.png
3,FERPlus_5386.png
3,FERPlus_5387.png
3,FERPlus_5388.png
3,FERPlus_5389.png
3,FERPlus_5390.png
3,FERPlus_5391.png
3,FERPlus_5392.png
3,FERPlus_5393.png
3,FERPlus_5394.png
3,FERPlus_5395.png
3,FERPlus_5396.png
3,FERPlus_5397.png
3,FERPlus_5398.png
3,FERPlus_5399.png
3,FERPlus_5400.png
3,FERPlus_5401.png
3,FERPlus_5402.png
3,FERPlus_5403.png
3,FERPlus_5404.png
3,FERPlus_5405.png
3,FERPlus_5406.png
3,FERPlus_5407.png
3,FERPlus_5408.png
3,FERPlus_5409.png
3,FERPlus_5410.png
3,FERPlus_5411.png
3,FERPlus_5412.png
3,FERPlus_5413.png
3,FERPlus_5414.png
3,FERPlus_5415.png
3,FERPlus_5416.png
3,FERPlus_5417.png
3,FERPlus_5418.png
3,FERPlus_5419.png
3,FERPlus_5420.png
3,FERPlus_5421.png
3,FERPlus_5422.png
3,FERPlus_5423.png
3,FERPlus_5424.png
3,FERPlus_5425.png
3,FERPlus_5426.png
3,FERPlus_5427.png
3,FERPlus_5428.png
3,FERPlus_5429.png
3,FERPlus_5430.png
3,FERPlus_5431.png
3,FERPlus_5432.png
3,FERPlus_5433.png
3,FERPlus_5434.png
3,FERPlus_5435.png
3,FERPlus_5436.png
3,FERPlus_5437.png
3,FERPlus_5438.png
3,FERPlus_5439.png
3,FERPlus_5440.png
3,FERPlus_5441.png
3,FERPlus_5442.png
3,FERPlus_5443.png
3,FERPlus_5444.png
3,FERPlus_5445.png
3,FERPlus_5446.png
3,FERPlus_5447.png
3,FERPlus_5448.png
3,FERPlus_5449.png
3,FERPlus_5450.png
3,FERPlus_5451.png
3,FERPlus_5452.png
3,FERPlus_5453.png
3,FERPlus_5454.png
3,FERPlus_5455.png
3,FERPlus_5456.png
3,FERPlus_5457.png
3,FERPlus_5458.png
3,FERPlus_5459.png
3,FERPlus_5460.png
3,FERPlus_5461.png
3,FERPlus_5462.png
3,FERPlus_5463.png
3,FERPlus_5464.png
3,FERPlus_5465.png
3,FERPlus_5466.png
3,FERPlus_5467.png
3,FERPlus_5468.png
3,FERPlus_5469.png
3,FERPlus_5470.png
3,FERPlus_5471.png
3,FERPlus_5472.png
3,FERPlus_5473.png
3,FERPlus_5474.png
3,FERPlus_5475.png
3,FERPlus_5476.png
3,FERPlus_5477.png
3,FERPlus_5478.png
3,FERPlus_5479.png
3,FERPlus_5480.png
3,FERPlus_5481.png
3,FERPlus_5482.png
3,FERPlus_5483.png
3,FERPlus_5484.png
3,FERPlus_5485.png
3,FERPlus_5486.png
3,FERPlus_5487.png
3,FERPlus_5488.png
3,FERPlus_5489.png
3,FERPlus_5490.png
3,FERPlus_5491.png
3,FERPlus_5492.png
3,FERPlus_5493.png
3,FERPlus_5494.png
3,FERPlus_5495.png
3,FERPlus_5496.png
3,FERPlus_5497.png
3,FERPlus_5498.png
3,FERPlus_5499.png
3,FERPlus_5500.png
3,FERPlus_5501.png
3,FERPlus_5502.png
3,FERPlus_5503.png
3,FERPlus_5504.png
3,FERPlus_5505.png
3,FERPlus_5506.png
3,FERPlus_5507.png
3,FERPlus_5508.png
3,FERPlus_5509.png
3,FERPlus_5510.png
3,FERPlus_5511.png
3,FERPlus_5512.png
3,FERPlus_5513.png
3,FERPlus_5514.png
3,FERPlus_5515.png
3,FERPlus_5516.png
3,FERPlus_5517.png
3,FERPlus_5518.png
3,FERPlus_5519.png
3,FERPlus_5520.png
3,FERPlus_5521.png
3,FERPlus_5522.png
3,FERPlus_5523.png
3,FERPlus_5524.png
3,FERPlus_5525.png
3,FERPlus_5526.png
3,FERPlus_5527.png
3,FERPlus_5528.png
3,FERPlus_5529.png
3,FERPlus_5530.png
3,FERPlus_5531.png
3,FERPlus_5532.png
3,FERPlus_5533.png
3,FERPlus_5534.png
3,FERPlus_5535.png
3,FERPlus_5536.png
3,FERPlus_5537.png
3,FERPlus_5538.png
3,FERPlus_5539.png
3,FERPlus_5540.png
3,FERPlus_5541.png
3,FERPlus_5542.png
3,FERPlus_5543.png
3,FERPlus_5544.png
3,FERPlus_5545.png
3,FERPlus_5546.png
3,FERPlus_5547.png
3,FERPlus_5548.png
3,FERPlus_5549.png
3,FERPlus_5550.png
3,FERPlus_5551.png
3,FERPlus_5552.png
3,FERPlus_5553.png
3,FERPlus_5554.png
3,FERPlus_5555.png
3,FERPlus_5556.png
3,FERPlus_5557.png
3,FERPlus_5558.png
3,FERPlus_5559.png
3,FERPlus_5560.png
3,FERPlus_5561.png
3,FERPlus_5562.png
3,FERPlus_5563.png
3,FERPlus_5564.png
3,FERPlus_5565.png
3,FERPlus_5566.png
3,FERPlus_5567.png
3,FERPlus_5568.png
3,FERPlus_5569.png
3,FERPlus_5570.png
3,FERPlus_5571.png
3,FERPlus_5572.png
3,FERPlus_5573.png
3,FERPlus_5574.png
3,FERPlus_5575.png
3,FERPlus_5576.png
3,FERPlus_5577.png
3,FERPlus_5578.png
3,FERPlus_5579.png
3,FERPlus_5580.png
3,FERPlus_5581.png
3,FERPlus_5582.png
3,FERPlus_5583.png
3,FERPlus_5584.png
3,FERPlus_5585.png
3,FERPlus_5586.png
3,FERPlus_5587.png
3,FERPlus_5588.png
3,FERPlus_5589.png
3,FERPlus_5590.png
3,FERPlus_5591.png
3,FERPlus_5592.png
3,FERPlus_5593.png
3,FERPlus_5594.png
3,FERPlus_5595.png
3,FERPlus_5596.png
3,FERPlus_5597.png
3,FERPlus_5598.png
3,FERPlus_5599.png
3,FERPlus_5600.png
3,FERPlus_5601.png
3,FERPlus_5602.png
3,FERPlus_5603.png
3,FERPlus_5604.png
3,FERPlus_5605.png
3,FERPlus_5606.png
3,FERPlus_5607.png
3,FERPlus_5608.png
3,FERPlus_5609.png
3,FERPlus_5610.png
3,FERPlus_5611.png
3,FERPlus_5612.png
3,FERPlus_5613.png
3,FERPlus_5614.png
3,FERPlus_5615.png
3,FERPlus_5616.png
3,FERPlus_5617.png
3,FERPlus_5618.png
3,FERPlus_5619.png
3,FERPlus_5620.png
3,FERPlus_5621.png
3,FERPlus_5622.png
3,FERPlus_5623.png
3,FERPlus_5624.png
3,FERPlus_5625.png
3,FERPlus_5626.png
3,FERPlus_5627.png
3,FERPlus_5628.png
3,FERPlus_5629.png
3,FERPlus_5630.png
3,FERPlus_5631.png
3,FERPlus_5632.png
3,FERPlus_5633.png
3,FERPlus_5634.png
3,FERPlus_5635.png
3,FERPlus_5636.png
3,FERPlus_5637.png
3,FERPlus_5638.png
3,FERPlus_5639.png
3,FERPlus_5640.png
3,FERPlus_5641.png
3,FERPlus_5642.png
3,FERPlus_5643.png
3,FERPlus_5644.png
3,FERPlus_5645.png
3,FERPlus_5646.png
3,FERPlus_5647.png
3,FERPlus_5648.png
3,FERPlus_5649.png
3,FERPlus_5650.png
3,FERPlus_5651.png
3,FERPlus_5652.png
3,FERPlus_5653.png
3,FERPlus_5654.png
3,FERPlus_5655.png
3,FERPlus_5656.png
3,FERPlus_5657.png
3,FERPlus_5658.png
3,FERPlus_5659.png
3,FERPlus_5660.png
3,FERPlus_5661.png
3,FERPlus_5662.png
3,FERPlus_5663.png
3,FERPlus_5664.png
3,FERPlus_5665.png
3,FERPlus_5666.png
3,FERPlus_5667.png
3,FERPlus_5668.png
3,FERPlus_5669.png
3,FERPlus_5670.png
3,FERPlus_5671.png
3,FERPlus_5672.png
3,FERPlus_5673.png
3,FERPlus_5674.png
3,FERPlus_5675.png
3,FERPlus_5676.png
3,FERPlus_5677.png
3,FERPlus_5678.png
3,FERPlus_5679.png
3,FERPlus_5680.png
3,FERPlus_5681.png
3,FERPlus_5682.png
3,FERPlus_5683.png
3,FERPlus_5684.png
3,FERPlus_5685.png
3,FERPlus_5686.png
3,FERPlus_5687.png
3,FERPlus_5688.png
3,FERPlus_5689.png
3,FERPlus_5690.png
3,FERPlus_5691.png
3,FERPlus_5692.png
3,FERPlus_5693.png
3,FERPlus_5694.png
3,FERPlus_5695.png
3,FERPlus_5696.png
3,FERPlus_5697.png
3,FERPlus_5698.png
3,FERPlus_5699.png
3,FERPlus_5700.png
3,FERPlus_5701.png
3,FERPlus_5702.png
3,FERPlus_5703.png
3,FERPlus_5704.png
3,FERPlus_5705.png
3,FERPlus_5706.png
3,FERPlus_5707.png
3,FERPlus_5708.png
3,FERPlus_5709.png
3,FERPlus_5710.png
3,FERPlus_5711.png
3,FERPlus_5712.png
3,FERPlus_5713.png
3,FERPlus_5714.png
3,FERPlus_5715.png
3,FERPlus_5716.png
3,FERPlus_5717.png
3,FERPlus_5718.png
3,FERPlus_5719.png
3,FERPlus_5720.png
3,FERPlus_5721.png
3,FERPlus_5722.png
3,FERPlus_5723.png
3,FERPlus_5724.png
3,FERPlus_5725.png
3,FERPlus_5726.png
3,FERPlus_5727.png
3,FERPlus_5728.png
3,FERPlus_5729.png
3,FERPlus_5730.png
3,FERPlus_5731.png
3,FERPlus_5732.png
3,FERPlus_5733.png
3,FERPlus_5734.png
3,FERPlus_5735.png
3,FERPlus_5736.png
3,FERPlus_5737.png
3,FERPlus_5738.png
3,FERPlus_5739.png
3,FERPlus_5740.png
3,FERPlus_5741.png
3,FERPlus_5742.png
3,FERPlus_5743.png
3,FERPlus_5744.png
3,FERPlus_5745.png
3,FERPlus_5746.png
3,FERPlus_5747.png
3,FERPlus_5748.png
3,FERPlus_5749.png
3,FERPlus_5750.png
3,FERPlus_5751.png
3,FERPlus_5752.png
3,FERPlus_5753.png
3,FERPlus_5754.png
3,FERPlus_5755.png
3,FERPlus_5756.png
3,FERPlus_5757.png
3,FERPlus_5758.png
3,FERPlus_5759.png
3,FERPlus_5760.png
3,FERPlus_5761.png
3,FERPlus_5762.png
3,FERPlus_5763.png
3,FERPlus_5764.png
3,FERPlus_5765.png
3,FERPlus_5766.png
3,FERPlus_5767.png
3,FERPlus_5768.png
3,FERPlus_5769.png
3,FERPlus_5770.png
3,FERPlus_5771.png
3,FERPlus_5772.png
3,FERPlus_5773.png
3,FERPlus_5774.png
3,FERPlus_5775.png
3,FERPlus_5776.png
3,FERPlus_5777.png
3,FERPlus_5778.png
3,FERPlus_5779.png
3,FERPlus_5780.png
3,FERPlus_5781.png
3,FERPlus_5782.png
3,FERPlus_5783.png
3,FERPlus_5784.png
3,FERPlus_5785.png
3,FERPlus_5786.png
3,FERPlus_5787.png
3,FERPlus_5788.png
3,FERPlus_5789.png
3,FERPlus_5790.png
3,FERPlus_5791.png
3,FERPlus_5792.png
3,FERPlus_5793.png
3,FERPlus_5794.png
3,FERPlus_5795.png
3,FERPlus_5796.png
3,FERPlus_5797.png
3,FERPlus_5798.png
3,FERPlus_5799.png
3,FERPlus_5800.png
3,FERPlus_5801.png
3,FERPlus_5802.png
3,FERPlus_5803.png
3,FERPlus_5804.png
3,FERPlus_5805.png
3,FERPlus_5806.png
3,FERPlus_5807.png
3,FERPlus_5808.png
3,FERPlus_5809.png
3,FERPlus_5810.png
3,FERPlus_5811.png
3,FERPlus_5812.png
3,FERPlus_5813.png
3,FERPlus_5814.png
3,FERPlus_5815.png
3,FERPlus_5816.png
3,FERPlus_5817.png
3,FERPlus_5818.png
3,FERPlus_5819.png
3,FERPlus_5820.png
3,FERPlus_5821.png
3,FERPlus_5822.png
3,FERPlus_5823.png
3,FERPlus_5824.png
3,FERPlus_5825.png
3,FERPlus_5826.png
3,FERPlus_5827.png
3,FERPlus_5828.png
3,FERPlus_5829.png
3,FERPlus_5830.png
3,FERPlus_5831.png
3,FERPlus_5832.png
3,FERPlus_5833.png
3,FERPlus_5834.png
3,FERPlus_5835.png
3,FERPlus_5836.png
3,FERPlus_5837.png
3,FERPlus_5838.png
3,FERPlus_5839.png
3,FERPlus_5840.png
3,FERPlus_5841.png
3,FERPlus_5842.png
3,FERPlus_5843.png
3,FERPlus_5844.png
3,FERPlus_5845.png
3,FERPlus_5846.png
3,FERPlus_5847.png
3,FERPlus_5848.png
3,FERPlus_5849.png
3,FERPlus_5850.png
3,FERPlus_5851.png
3,FERPlus_5852.png
3,FERPlus_5853.png
3,FERPlus_5854.png
3,FERPlus_5855.png
3,FERPlus_5856.png
3,FERPlus_5857.png
3,FERPlus_5858.png
3,FERPlus_5859.png
3,FERPlus_5860.png
3,FERPlus_5861.png
3,FERPlus_5862.png
3,FERPlus_5863.png
3,FERPlus_5864.png
3,FERPlus_5865.png
3,FERPlus_5866.png
3,FERPlus_5867.png
3,FERPlus_5868.png
3,FERPlus_5869.png
3,FERPlus_5870.png
3,FERPlus_5871.png
3,FERPlus_5872.png
3,FERPlus_5873.png
3,FERPlus_5874.png
3,FERPlus_5875.png
3,FERPlus_5876.png
3,FERPlus_5877.png
3,FERPlus_5878.png
3,FERPlus_5879.png
3,FERPlus_5880.png
3,FERPlus_5881.png
3,FERPlus_5882.png
3,FERPlus_5883.png
3,FERPlus_5884.png
3,FERPlus_5885.png
3,FERPlus_5886.png
3,FERPlus_5887.png
3,FERPlus_5888.png
3,FERPlus_5889.png
3,FERPlus_5890.png
3,FERPlus_5891.png
3,FERPlus_5892.png
3,FERPlus_5893.png
3,FERPlus_5894.png
3,FERPlus_5895.png
3,FERPlus_5896.png
3,FERPlus_5897.png
3,FERPlus_5898.png
3,FERPlus_5899.png
3,FERPlus_5900.png
3,FERPlus_5901.png
3,FERPlus_5902.png
3,FERPlus_5903.png
3,FERPlus_5904.png
3,FERPlus_5905.png
3,FERPlus_5906.png
3,FERPlus_5907.png
3,FERPlus_5908.png
3,FERPlus_5909.png
3,FERPlus_5910.png
3,FERPlus_5911.png
3,FERPlus_5912.png
3,FERPlus_5913.png
3,FERPlus_5914.png
3,FERPlus_5915.png
3,FERPlus_5916.png
3,FERPlus_5917.png
3,FERPlus_5918.png
3,FERPlus_5919.png
3,FERPlus_5920.png
3,FERPlus_5921.png
3,FERPlus_5922.png
3,FERPlus_5923.png
3,FERPlus_5924.png
3,FERPlus_5925.png
3,FERPlus_5926.png
3,FERPlus_5927.png
3,FERPlus_5928.png
3,FERPlus_5929.png
3,FERPlus_5930.png
3,FERPlus_5931.png
3,FERPlus_5932.png
3,FERPlus_5933.png
3,FERPlus_5934.png
3,FERPlus_5935.png
3,FERPlus_5936.png
3,FERPlus_5937.png
3,FERPlus_5938.png
3,FERPlus_5939.png
3,FERPlus_5940.png
3,FERPlus_5941.png
3,FERPlus_5942.png
3,FERPlus_5943.png
3,FERPlus_5944.png
3,FERPlus_5945.png
3,FERPlus_5946.png
3,FERPlus_5947.png
3,FERPlus_5948.png
3,FERPlus_5949.png
3,FERPlus_5950.png
3,FERPlus_5951.png
3,FERPlus_5952.png
3,FERPlus_5953.png
3,FERPlus_5954.png
3,FERPlus_5955.png
3,FERPlus_5956.png
3,FERPlus_5957.png
3,FERPlus_5958.png
3,FERPlus_5959.png
3,FERPlus_5960.png
3,FERPlus_5961.png
3,FERPlus_5962.png
3,FERPlus_5963.png
3,FERPlus_5964.png
3,FERPlus_5965.png
3,FERPlus_5966.png
3,FERPlus_5967.png
3,FERPlus_5968.png
3,FERPlus_5969.png
3,FERPlus_5970.png
3,FERPlus_5971.png
3,FERPlus_5972.png
3,FERPlus_5973.png
3,FERPlus_5974.png
3,FERPlus_5975.png
3,FERPlus_5976.png
3,FERPlus_5977.png
3,FERPlus_5978.png
3,FERPlus_5979.png
3,FERPlus_5980.png
3,FERPlus_5981.png
3,FERPlus_5982.png
3,FERPlus_5983.png
3,FERPlus_5984.png
3,FERPlus_5985.png
3,FERPlus_5986.png
3,FERPlus_5987.png
3,FERPlus_5988.png
3,FERPlus_5989.png
3,FERPlus_5990.png
3,FERPlus_5991.png
3,FERPlus_5992.png
3,FERPlus_5993.png
3,FERPlus_5994.png
3,FERPlus_5995.png
3,FERPlus_5996.png
3,FERPlus_5997.png
3,FERPlus_5998.png
3,FERPlus_5999.png
3,FERPlus_6000.png
3,FERPlus_6001.png
3,FERPlus_6002.png
3,FERPlus_6003.png
3,FERPlus_6004.png
3,FERPlus_6005.png
3,FERPlus_6006.png
3,FERPlus_6007.png
3,FERPlus_6008.png
3,FERPlus_6009.png
3,FERPlus_6010.png
3,FERPlus_6011.png
3,FERPlus_6012.png
3,FERPlus_6013.png
3,FERPlus_6014.png
3,FERPlus_6015.png
3,FERPlus_6016.png
3,FERPlus_6017.png
3,FERPlus_6018.png
3,FERPlus_6019.png
3,FERPlus_6020.png
3,FERPlus_6021.png
3,FERPlus_6022.png
3,FERPlus_6023.png
3,FERPlus_6024.png
3,FERPlus_6025.png
3,FERPlus_6026.png
3,FERPlus_6027.png
3,FERPlus_6028.png
3,FERPlus_6029.png
3,FERPlus_6030.png
3,FERPlus_6031.png
3,FERPlus_6032.png
3,FERPlus_6033.png
3,FERPlus_6034.png
3,FERPlus_6035.png
3,FERPlus_6036.png
3,FERPlus_6037.png
3,FERPlus_6038.png
3,FERPlus_6039.png
3,FERPlus_6040.png
3,FERPlus_6041.png
3,FERPlus_6042.png
3,FERPlus_6043.png
3,FERPlus_6044.png
3,FERPlus_6045.png
3,FERPlus_6046.png
3,FERPlus_6047.png
3,FERPlus_6048.png
3,FERPlus_6049.png
3,FERPlus_6050.png
3,FERPlus_6051.png
3,FERPlus_6052.png
3,FERPlus_6053.png
3,FERPlus_6054.png
3,FERPlus_6055.png
3,FERPlus_6056.png
3,FERPlus_6057.png
3,FERPlus_6058.png
3,FERPlus_6059.png
3,FERPlus_6060.png
3,FERPlus_6061.png
3,FERPlus_6062.png
3,FERPlus_6063.png
3,FERPlus_6064.png
3,FERPlus_6065.png
3,FERPlus_6066.png
3,FERPlus_6067.png
3,FERPlus_6068.png
3,FERPlus_6069.png
3,FERPlus_6070.png
3,FERPlus_6071.png
3,FERPlus_6072.png
3,FERPlus_6073.png
3,FERPlus_6074.png
3,FERPlus_6075.png
3,FERPlus_6076.png
3,FERPlus_6077.png
3,FERPlus_6078.png
3,FERPlus_6079.png
3,FERPlus_6080.png
3,FERPlus_6081.png
3,FERPlus_6082.png
3,FERPlus_6083.png
3,FERPlus_6084.png
3,FERPlus_6085.png
3,FERPlus_6086.png
3,FERPlus_6087.png
3,FERPlus_6088.png
3,FERPlus_6089.png
3,FERPlus_6090.png
3,FERPlus_6091.png
3,FERPlus_6092.png
3,FERPlus_6093.png
3,FERPlus_6094.png
3,FERPlus_6095.png
3,FERPlus_6096.png
3,FERPlus_6097.png
3,FERPlus_6098.png
3,FERPlus_6099.png
3,FERPlus_6100.png
3,FERPlus_6101.png
3,FERPlus_6102.png
3,FERPlus_6103.png
3,FERPlus_6104.png
3,FERPlus_6105.png
3,FERPlus_6106.png
3,FERPlus_6107.png
3,FERPlus_6108.png
3,FERPlus_6109.png
3,FERPlus_6110.png
3,FERPlus_6111.png
3,FERPlus_6112.png
3,FERPlus_6113.png
3,FERPlus_6114.png
3,FERPlus_6115.png
3,FERPlus_6116.png
3,FERPlus_6117.png
3,FERPlus_6118.png
3,FERPlus_6119.png
3,FERPlus_6120.png
3,FERPlus_6121.png
3,FERPlus_6122.png
3,FERPlus_6123.png
3,FERPlus_6124.png
3,FERPlus_6125.png
3,FERPlus_6126.png
3,FERPlus_6127.png
3,FERPlus_6128.png
3,FERPlus_6129.png
3,FERPlus_6130.png
3,FERPlus_6131.png
3,FERPlus_6132.png
3,FERPlus_6133.png
3,FERPlus_6134.png
3,FERPlus_6135.png
3,FERPlus_6136.png
3,FERPlus_6137.png
3,FERPlus_6138.png
3,FERPlus_6139.png
3,FERPlus_6140.png
3,FERPlus_6141.png
3,FERPlus_6142.png
3,FERPlus_6143.png
3,FERPlus_6144.png
3,FERPlus_6145.png
3,FERPlus_6146.png
3,FERPlus_6147.png
3,FERPlus_6148.png
3,FERPlus_6149.png
3,FERPlus_6150.png
3,FERPlus_6151.png
3,FERPlus_6152.png
3,FERPlus_6153.png
3,FERPlus_6154.png
3,FERPlus_6155.png
3,FERPlus_6156.png
3,FERPlus_6157.png
3,FERPlus_6158.png
3,FERPlus_6159.png
3,FERPlus_6160.png
3,FERPlus_6161.png
3,FERPlus_6162.png
3,FERPlus_6163.png
3,FERPlus_6164.png
3,FERPlus_6165.png
3,FERPlus_6166.png
3,FERPlus_6167.png
3,FERPlus_6168.png
3,FERPlus_6169.png
3,FERPlus_6170.png
3,FERPlus_6171.png
3,FERPlus_6172.png
3,FERPlus_6173.png
3,FERPlus_6174.png
3,FERPlus_6175.png
3,FERPlus_6176.png
3,FERPlus_6177.png
3,FERPlus_6178.png
3,FERPlus_6179.png
3,FERPlus_6180.png
3,FERPlus_6181.png
3,FERPlus_6182.png
3,FERPlus_6183.png
3,FERPlus_6184.png
3,FERPlus_6185.png
3,FERPlus_6186.png
3,FERPlus_6187.png
3,FERPlus_6188.png
3,FERPlus_6189.png
3,FERPlus_6190.png
3,FERPlus_6191.png
3,FERPlus_6192.png
3,FERPlus_6193.png
3,FERPlus_6194.png
3,FERPlus_6195.png
3,FERPlus_6196.png
3,FERPlus_6197.png
3,FERPlus_6198.png
3,FERPlus_6199.png
3,FERPlus_6200.png
3,FERPlus_6201.png
3,FERPlus_6202.png
3,FERPlus_6203.png
3,FERPlus_6204.png
3,FERPlus_6205.png
3,FERPlus_6206.png
3,FERPlus_6207.png
3,FERPlus_6208.png
3,FERPlus_6209.png
3,FERPlus_6210.png
3,FERPlus_6211.png
3,FERPlus_6212.png
3,FERPlus_6213.png
3,FERPlus_6214.png
3,FERPlus_6215.png
3,FERPlus_6216.png
3,FERPlus_6217.png
3,FERPlus_6218.png
3,FERPlus_6219.png
3,FERPlus_6220.png
3,FERPlus_6221.png
3,FERPlus_6222.png
3,FERPlus_6223.png
3,FERPlus_6224.png
3,FERPlus_6225.png
3,FERPlus_6226.png
3,FERPlus_6227.png
3,FERPlus_6228.png
3,FERPlus_6229.png
3,FERPlus_6230.png
3,FERPlus_6231.png
3,FERPlus_6232.png
3,FERPlus_6233.png
3,FERPlus_6234.png
3,FERPlus_6235.png
3,FERPlus_6236.png
3,FERPlus_6237.png
3,FERPlus_6238.png
3,FERPlus_6239.png
3,FERPlus_6240.png
3,FERPlus_6241.png
3,FERPlus_6242.png
3,FERPlus_6243.png
3,FERPlus_6244.png
3,FERPlus_6245.png
3,FERPlus_6246.png
3,FERPlus_6247.png
3,FERPlus_6248.png
3,FERPlus_6249.png
3,FERPlus_6250.png
3,FERPlus_6251.png
3,FERPlus_6252.png
3,FERPlus_6253.png
3,FERPlus_6254.png
3,FERPlus_6255.png
3,FERPlus_6256.png
3,FERPlus_6257.png
3,FERPlus_6258.png
3,FERPlus_6259.png
3,FERPlus_6260.png
3,FERPlus_6261.png
3,FERPlus_6262.png
3,FERPlus_6263.png
3,FERPlus_6264.png
3,FERPlus_6265.png
3,FERPlus_6266.png
3,FERPlus_6267.png
3,FERPlus_6268.png
3,FERPlus_6269.png
3,FERPlus_6270.png
3,FERPlus_6271.png
3,FERPlus_6272.png
3,FERPlus_6273.png
3,FERPlus_6274.png
3,FERPlus_6275.png
3,FERPlus_6276.png
3,FERPlus_6277.png
3,FERPlus_6278.png
3,FERPlus_6279.png
3,FERPlus_6280.png
3,FERPlus_6281.png
3,FERPlus_6282.png
3,FERPlus_6283.png
3,FERPlus_6284.png
3,FERPlus_6285.png
3,FERPlus_6286.png
3,FERPlus_6287.png
3,FERPlus_6288.png
3,FERPlus_6289.png
3,FERPlus_6290.png
3,FERPlus_6291.png
3,FERPlus_6292.png
3,FERPlus_6293.png
3,FERPlus_6294.png
3,FERPlus_6295.png
3,FERPlus_6296.png
3,FERPlus_6297.png
3,FERPlus_6298.png
3,FERPlus_6299.png
3,FERPlus_6300.png
3,FERPlus_6301.png
3,FERPlus_6302.png
3,FERPlus_6303.png
3,FERPlus_6304.png
3,FERPlus_6305.png
3,FERPlus_6306.png
3,FERPlus_6307.png
3,FERPlus_6308.png
3,FERPlus_6309.png
3,FERPlus_6310.png
3,FERPlus_6311.png
3,FERPlus_6312.png
3,FERPlus_6313.png
3,FERPlus_6314.png
3,FERPlus_6315.png
3,FERPlus_6316.png
3,FERPlus_6317.png
3,FERPlus_6318.png
3,FERPlus_6319.png
3,FERPlus_6320.png
3,FERPlus_6321.png
3,FERPlus_6322.png
3,FERPlus_6323.png
3,FERPlus_6324.png
3,FERPlus_6325.png
3,FERPlus_6326.png
3,FERPlus_6327.png
3,FERPlus_6328.png
3,FERPlus_6329.png
3,FERPlus_6330.png
3,FERPlus_6331.png
3,FERPlus_6332.png
3,FERPlus_6333.png
3,FERPlus_6334.png
3,FERPlus_6335.png
3,FERPlus_6336.png
3,FERPlus_6337.png
3,FERPlus_6338.png
3,FERPlus_6339.png
3,FERPlus_6340.png
3,FERPlus_6341.png
3,FERPlus_6342.png
3,FERPlus_6343.png
3,FERPlus_6344.png
3,FERPlus_6345.png
3,FERPlus_6346.png
3,FERPlus_6347.png
3,FERPlus_6348.png
3,FERPlus_6349.png
3,FERPlus_6350.png
3,FERPlus_6351.png
3,FERPlus_6352.png
3,FERPlus_6353.png
3,FERPlus_6354.png
3,FERPlus_6355.png
3,FERPlus_6356.png
3,FERPlus_6357.png
3,FERPlus_6358.png
3,FERPlus_6359.png
3,FERPlus_6360.png
3,FERPlus_6361.png
3,FERPlus_6362.png
3,FERPlus_6363.png
3,FERPlus_6364.png
3,FERPlus_6365.png
3,FERPlus_6366.png
3,FERPlus_6367.png
3,FERPlus_6368.png
3,FERPlus_6369.png
3,FERPlus_6370.png
3,FERPlus_6371.png
3,FERPlus_6372.png
3,FERPlus_6373.png
3,FERPlus_6374.png
3,FERPlus_6375.png
3,FERPlus_6376.png
3,FERPlus_6377.png
3,FERPlus_6378.png
3,FERPlus_6379.png
3,FERPlus_6380.png
3,FERPlus_6381.png
3,FERPlus_6382.png
3,FERPlus_6383.png
3,FERPlus_6384.png
3,FERPlus_6385.png
3,FERPlus_6386.png
3,FERPlus_6387.png
3,FERPlus_6388.png
3,FERPlus_6389.png
3,FERPlus_6390.png
3,FERPlus_6391.png
3,FERPlus_6392.png
3,FERPlus_6393.png
3,FERPlus_6394.png
3,FERPlus_6395.png
3,FERPlus_6396.png
3,FERPlus_6397.png
3,FERPlus_6398.png
3,FERPlus_6399.png
3,FERPlus_6400.png
3,FERPlus_6401.png
3,FERPlus_6402.png
3,FERPlus_6403.png
3,FERPlus_6404.png
3,FERPlus_6405.png
3,FERPlus_6406.png
3,FERPlus_6407.png
3,FERPlus_6408.png
3,FERPlus_6409.png
3,FERPlus_6410.png
3,FERPlus_6411.png
3,FERPlus_6412.png
3,FERPlus_6413.png
3,FERPlus_6414.png
3,FERPlus_6415.png
3,FERPlus_6416.png
3,FERPlus_6417.png
3,FERPlus_6418.png
3,FERPlus_6419.png
3,FERPlus_6420.png
3,FERPlus_6421.png
3,FERPlus_6422.png
3,FERPlus_6423.png
3,FERPlus_6424.png
3,FERPlus_6425.png
3,FERPlus_6426.png
3,FERPlus_6427.png
3,FERPlus_6428.png
3,FERPlus_6429.png
3,FERPlus_6430.png
3,FERPlus_6431.png
3,FERPlus_6432.png
3,FERPlus_6433.png
3,FERPlus_6434.png
3,FERPlus_6435.png
3,FERPlus_6436.png
3,FERPlus_6437.png
3,FERPlus_6438.png
3,FERPlus_6439.png
3,FERPlus_6440.png
3,FERPlus_6441.png
3,FERPlus_6442.png
3,FERPlus_6443.png
3,FERPlus_6444.png
3,FERPlus_6445.png
3,FERPlus_6446.png
3,FERPlus_6447.png
3,FERPlus_6448.png
3,FERPlus_6449.png
3,FERPlus_6450.png
3,FERPlus_6451.png
3,FERPlus_6452.png
3,FERPlus_6453.png
3,FERPlus_6454.png
3,FERPlus_6455.png
3,FERPlus_6456.png
3,FERPlus_6457.png
3,FERPlus_6458.png
3,FERPlus_6459.png
3,FERPlus_6460.png
3,FERPlus_6461.png
3,FERPlus_6462.png
3,FERPlus_6463.png
3,FERPlus_6464.png
3,FERPlus_6465.png
3,FERPlus_6466.png
3,FERPlus_6467.png
3,FERPlus_6468.png
3,FERPlus_6469.png
3,FERPlus_6470.png
3,FERPlus_6471.png
3,FERPlus_6472.png
3,FERPlus_6473.png
3,FERPlus_6474.png
3,FERPlus_6475.png
3,FERPlus_6476.png
3,FERPlus_6477.png
3,FERPlus_6478.png
3,FERPlus_6479.png
3,FERPlus_6480.png
3,FERPlus_6481.png
3,FERPlus_6482.png
3,FERPlus_6483.png
3,FERPlus_6484.png
3,FERPlus_6485.png
3,FERPlus_6486.png
3,FERPlus_6487.png
3,FERPlus_6488.png
3,FERPlus_6489.png
3,FERPlus_6490.png
3,FERPlus_6491.png
3,FERPlus_6492.png
3,FERPlus_6493.png
3,FERPlus_6494.png
3,FERPlus_6495.png
3,FERPlus_6496.png
3,FERPlus_6497.png
3,FERPlus_6498.png
3,FERPlus_6499.png
3,FERPlus_6500.png
3,FERPlus_6501.png
3,FERPlus_6502.png
3,FERPlus_6503.png
3,FERPlus_6504.png
3,FERPlus_6505.png
3,FERPlus_6506.png
3,FERPlus_6507.png
3,FERPlus_6508.png
3,FERPlus_6509.png
3,FERPlus_6510.png
3,FERPlus_6511.png
3,FERPlus_6512.png
3,FERPlus_6513.png
3,FERPlus_6514.png
3,FERPlus_6515.png
3,FERPlus_6516.png
3,FERPlus_6517.png
3,FERPlus_6518.png
3,FERPlus_6519.png
3,FERPlus_6520.png
3,FERPlus_6521.png
3,FERPlus_6522.png
3,FERPlus_6523.png
3,FERPlus_6524.png
3,FERPlus_6525.png
3,FERPlus_6526.png
3,FERPlus_6527.png
3,FERPlus_6528.png
3,FERPlus_6529.png
3,FERPlus_6530.png
3,FERPlus_6531.png
3,FERPlus_6532.png
3,FERPlus_6533.png
3,FERPlus_6534.png
3,FERPlus_6535.png
3,FERPlus_6536.png
3,FERPlus_6537.png
3,FERPlus_6538.png
3,FERPlus_6539.png
3,FERPlus_6540.png
3,FERPlus_6541.png
3,FERPlus_6542.png
3,FERPlus_6543.png
3,FERPlus_6544.png
3,FERPlus_6545.png
3,FERPlus_6546.png
3,FERPlus_6547.png
3,FERPlus_6548.png
3,FERPlus_6549.png
3,FERPlus_6550.png
3,FERPlus_6551.png
3,FERPlus_6552.png
3,FERPlus_6553.png
3,FERPlus_6554.png
3,FERPlus_6555.png
3,FERPlus_6556.png
3,FERPlus_6557.png
3,FERPlus_6558.png
3,FERPlus_6559.png
3,FERPlus_6560.png
3,FERPlus_6561.png
3,FERPlus_6562.png
3,FERPlus_6563.png
3,FERPlus_6564.png
3,FERPlus_6565.png
3,FERPlus_6566.png
3,FERPlus_6567.png
3,FERPlus_6568.png
3,FERPlus_6569.png
3,FERPlus_6570.png
3,FERPlus_6571.png
3,FERPlus_6572.png
3,FERPlus_6573.png
3,FERPlus_6574.png
3,FERPlus_6575.png
3,FERPlus_6576.png
3,FERPlus_6577.png
3,FERPlus_6578.png
3,FERPlus_6579.png
3,FERPlus_6580.png
3,FERPlus_6581.png
3,FERPlus_6582.png
3,FERPlus_6583.png
3,FERPlus_6584.png
3,FERPlus_6585.png
3,FERPlus_6586.png
3,FERPlus_6587.png
3,FERPlus_6588.png
3,FERPlus_6589.png
3,FERPlus_6590.png
3,FERPlus_6591.png
3,FERPlus_6592.png
3,FERPlus_6593.png
3,FERPlus_6594.png
3,FERPlus_6595.png
3,FERPlus_6596.png
3,FERPlus_6597.png
3,FERPlus_6598.png
3,FERPlus_6599.png
3,FERPlus_6600.png
3,FERPlus_6601.png
3,FERPlus_6602.png
3,FERPlus_6603.png
3,FERPlus_6604.png
3,FERPlus_6605.png
3,FERPlus_6606.png
3,FERPlus_6607.png
3,FERPlus_6608.png
3,FERPlus_6609.png
3,FERPlus_6610.png
3,FERPlus_6611.png
3,FERPlus_6612.png
3,FERPlus_6613.png
3,FERPlus_6614.png
3,FERPlus_6615.png
3,FERPlus_6616.png
3,FERPlus_6617.png
3,FERPlus_6618.png
3,FERPlus_6619.png
3,FERPlus_6620.png
3,FERPlus_6621.png
3,FERPlus_6622.png
3,FERPlus_6623.png
3,FERPlus_6624.png
3,FERPlus_6625.png
3,FERPlus_6626.png
3,FERPlus_6627.png
3,FERPlus_6628.png
3,FERPlus_6629.png
3,FERPlus_6630.png
3,FERPlus_6631.png
3,FERPlus_6632.png
3,FERPlus_6633.png
3,FERPlus_6634.png
3,FERPlus_6635.png
3,FERPlus_6636.png
3,FERPlus_6637.png
3,FERPlus_6638.png
3,FERPlus_6639.png
3,FERPlus_6640.png
3,FERPlus_6641.png
3,FERPlus_6642.png
3,FERPlus_6643.png
3,FERPlus_6644.png
3,FERPlus_6645.png
3,FERPlus_6646.png
3,FERPlus_6647.png
3,FERPlus_6648.png
3,FERPlus_6649.png
3,FERPlus_6650.png
3,FERPlus_6651.png
3,FERPlus_6652.png
3,FERPlus_6653.png
3,FERPlus_6654.png
3,FERPlus_6655.png
3,FERPlus_6656.png
3,FERPlus_6657.png
3,FERPlus_6658.png
3,FERPlus_6659.png
3,FERPlus_6660.png
3,FERPlus_6661.png
3,FERPlus_6662.png
3,FERPlus_6663.png
3,FERPlus_6664.png
3,FERPlus_6665.png
3,FERPlus_6666.png
3,FERPlus_6667.png
3,FERPlus_6668.png
3,FERPlus_6669.png
3,FERPlus_6670.png
3,FERPlus_6671.png
3,FERPlus_6672.png
3,FERPlus_6673.png
3,FERPlus_6674.png
3,FERPlus_6675.png
3,FERPlus_6676.png
3,FERPlus_6677.png
3,FERPlus_6678.png
3,FERPlus_6679.png
3,FERPlus_6680.png
3,FERPlus_6681.png
3,FERPlus_6682.png
3,FERPlus_6683.png
3,FERPlus_6684.png
3,FERPlus_6685.png
3,FERPlus_6686.png
3,FERPlus_6687.png
3,FERPlus_6688.png
3,FERPlus_6689.png
3,FERPlus_6690.png
3,FERPlus_6691.png
3,FERPlus_6692.png
3,FERPlus_6693.png
3,FERPlus_6694.png
3,FERPlus_6695.png
3,FERPlus_6696.png
3,FERPlus_6697.png
3,FERPlus_6698.png
3,FERPlus_6699.png
3,FERPlus_6700.png
3,FERPlus_6701.png
3,FERPlus_6702.png
3,FERPlus_6703.png
3,FERPlus_6704.png
3,FERPlus_6705.png
3,FERPlus_6706.png
3,FERPlus_6707.png
3,FERPlus_6708.png
3,FERPlus_6709.png
3,FERPlus_6710.png
3,FERPlus_6711.png
3,FERPlus_6712.png
3,FERPlus_6713.png
3,FERPlus_6714.png
3,FERPlus_6715.png
3,FERPlus_6716.png
3,FERPlus_6717.png
3,FERPlus_6718.png
3,FERPlus_6719.png
3,FERPlus_6720.png
3,FERPlus_6721.png
3,FERPlus_6722.png
3,FERPlus_6723.png
3,FERPlus_6724.png
3,FERPlus_6725.png
3,FERPlus_6726.png
3,FERPlus_6727.png
3,FERPlus_6728.png
3,FERPlus_6729.png
3,FERPlus_6730.png
3,FERPlus_6731.png
3,FERPlus_6732.png
3,FERPlus_6733.png
3,FERPlus_6734.png
3,FERPlus_6735.png
3,FERPlus_6736.png
3,FERPlus_6737.png
3,FERPlus_6738.png
3,FERPlus_6739.png
3,FERPlus_6740.png
3,FERPlus_6741.png
3,FERPlus_6742.png
3,FERPlus_6743.png
3,FERPlus_6744.png
3,FERPlus_6745.png
3,FERPlus_6746.png
3,FERPlus_6747.png
3,FERPlus_6748.png
3,FERPlus_6749.png
3,FERPlus_6750.png
3,FERPlus_6751.png
3,FERPlus_6752.png
3,FERPlus_6753.png
3,FERPlus_6754.png
3,FERPlus_6755.png
3,FERPlus_6756.png
3,FERPlus_6757.png
3,FERPlus_6758.png
3,FERPlus_6759.png
3,FERPlus_6760.png
3,FERPlus_6761.png
3,FERPlus_6762.png
3,FERPlus_6763.png
3,FERPlus_6764.png
3,FERPlus_6765.png
3,FERPlus_6766.png
3,FERPlus_6767.png
3,FERPlus_6768.png
3,FERPlus_6769.png
3,FERPlus_6770.png
3,FERPlus_6771.png
3,FERPlus_6772.png
3,FERPlus_6773.png
3,FERPlus_6774.png
3,FERPlus_6775.png
3,FERPlus_6776.png
3,FERPlus_6777.png
3,FERPlus_6778.png
3,FERPlus_6779.png
3,FERPlus_6780.png
3,FERPlus_6781.png
3,FERPlus_6782.png
3,FERPlus_6783.png
3,FERPlus_6784.png
3,FERPlus_6785.png
3,FERPlus_6786.png
3,FERPlus_6787.png
3,FERPlus_6788.png
3,FERPlus_6789.png
3,FERPlus_6790.png
3,FERPlus_6791.png
3,FERPlus_6792.png
3,FERPlus_6793.png
3,FERPlus_6794.png
3,FERPlus_6795.png
3,FERPlus_6796.png
3,FERPlus_6797.png
3,FERPlus_6798.png
3,FERPlus_6799.png
3,FERPlus_6800.png
3,FERPlus_6801.png
3,FERPlus_6802.png
3,FERPlus_6803.png
3,FERPlus_6804.png
3,FERPlus_6805.png
3,FERPlus_6806.png
3,FERPlus_6807.png
3,FERPlus_6808.png
3,FERPlus_6809.png
3,FERPlus_6810.png
3,FERPlus_6811.png
3,FERPlus_6812.png
3,FERPlus_6813.png
3,FERPlus_6814.png
3,FERPlus_6815.png
3,FERPlus_6816.png
3,FERPlus_6817.png
3,FERPlus_6818.png
3,FERPlus_6819.png
3,FERPlus_6820.png
3,FERPlus_6821.png
3,FERPlus_6822.png
3,FERPlus_6823.png
3,FERPlus_6824.png
3,FERPlus_6825.png
3,FERPlus_6826.png
3,FERPlus_6827.png
3,FERPlus_6828.png
3,FERPlus_6829.png
3,FERPlus_6830.png
3,FERPlus_6831.png
3,FERPlus_6832.png
3,FERPlus_6833.png
3,FERPlus_6834.png
3,FERPlus_6835.png
3,FERPlus_6836.png
3,FERPlus_6837.png
3,FERPlus_6838.png
3,FERPlus_6839.png
3,FERPlus_6840.png
3,FERPlus_6841.png
3,FERPlus_6842.png
3,FERPlus_6843.png
3,FERPlus_6844.png
3,FERPlus_6845.png
3,FERPlus_6846.png
3,FERPlus_6847.png
3,FERPlus_6848.png
3,FERPlus_6849.png
3,FERPlus_6850.png
3,FERPlus_6851.png
3,FERPlus_6852.png
3,FERPlus_6853.png
3,FERPlus_6854.png
3,FERPlus_6855.png
3,FERPlus_6856.png
3,FERPlus_6857.png
3,FERPlus_6858.png
3,FERPlus_6859.png
3,FERPlus_6860.png
3,FERPlus_6861.png
3,FERPlus_6862.png
3,FERPlus_6863.png
3,FERPlus_6864.png
3,FERPlus_6865.png
3,FERPlus_6866.png
3,FERPlus_6867.png
3,FERPlus_6868.png
3,FERPlus_6869.png
3,FERPlus_6870.png
3,FERPlus_6871.png
3,FERPlus_6872.png
3,FERPlus_6873.png
3,FERPlus_6874.png
3,FERPlus_6875.png
3,FERPlus_6876.png
3,FERPlus_6877.png
3,FERPlus_6878.png
3,FERPlus_6879.png
3,FERPlus_6880.png
3,FERPlus_6881.png
3,FERPlus_6882.png
3,FERPlus_6883.png
3,FERPlus_6884.png
3,FERPlus_6885.png
3,FERPlus_6886.png
3,FERPlus_6887.png
3,FERPlus_6888.png
3,FERPlus_6889.png
3,FERPlus_6890.png
3,FERPlus_6891.png
3,FERPlus_6892.png
3,FERPlus_6893.png
3,FERPlus_6894.png
3,FERPlus_6895.png
3,FERPlus_6896.png
3,FERPlus_6897.png
3,FERPlus_6898.png
3,FERPlus_6899.png
3,FERPlus_6900.png
3,FERPlus_6901.png
3,FERPlus_6902.png
3,FERPlus_6903.png
3,FERPlus_6904.png
3,FERPlus_6905.png
3,FERPlus_6906.png
3,FERPlus_6907.png
3,FERPlus_6908.png
3,FERPlus_6909.png
3,FERPlus_6910.png
3,FERPlus_6911.png
3,FERPlus_6912.png
3,FERPlus_6913.png
3,FERPlus_6914.png
3,FERPlus_6915.png
3,FERPlus_6916.png
3,FERPlus_6917.png
3,FERPlus_6918.png
3,FERPlus_6919.png
3,FERPlus_6920.png
3,FERPlus_6921.png
3,FERPlus_6922.png
3,FERPlus_6923.png
3,FERPlus_6924.png
3,FERPlus_6925.png
3,FERPlus_6926.png
3,FERPlus_6927.png
3,FERPlus_6928.png
3,FERPlus_6929.png
3,FERPlus_6930.png
3,FERPlus_6931.png
3,FERPlus_6932.png
3,FERPlus_6933.png
3,FERPlus_6934.png
3,FERPlus_6935.png
3,FERPlus_6936.png
3,FERPlus_6937.png
3,FERPlus_6938.png
3,FERPlus_6939.png
3,FERPlus_6940.png
3,FERPlus_6941.png
3,FERPlus_6942.png
3,FERPlus_6943.png
3,FERPlus_6944.png
3,FERPlus_6945.png
3,FERPlus_6946.png
3,FERPlus_6947.png
3,FERPlus_6948.png
3,FERPlus_6949.png
3,FERPlus_6950.png
3,FERPlus_6951.png
3,FERPlus_6952.png
3,FERPlus_6953.png
3,FERPlus_6954.png
3,FERPlus_6955.png
3,FERPlus_6956.png
3,FERPlus_6957.png
3,FERPlus_6958.png
3,FERPlus_6959.png
3,FERPlus_6960.png
3,FERPlus_6961.png
3,FERPlus_6962.png
3,FERPlus_6963.png
3,FERPlus_6964.png
3,FERPlus_6965.png
3,FERPlus_6966.png
3,FERPlus_6967.png
3,FERPlus_6968.png
3,FERPlus_6969.png
3,FERPlus_6970.png
3,FERPlus_6971.png
3,FERPlus_6972.png
3,FERPlus_6973.png
3,FERPlus_6974.png
3,FERPlus_6975.png
3,FERPlus_6976.png
3,FERPlus_6977.png
3,FERPlus_6978.png
3,FERPlus_6979.png
3,FERPlus_6980.png
3,FERPlus_6981.png
3,FERPlus_6982.png
3,FERPlus_6983.png
3,FERPlus_6984.png
3,FERPlus_6985.png
3,FERPlus_6986.png
3,FERPlus_6987.png
3,FERPlus_6988.png
3,FERPlus_6989.png
3,FERPlus_6990.png
3,FERPlus_6991.png
3,FERPlus_6992.png
3,FERPlus_6993.png
3,FERPlus_6994.png
3,FERPlus_6995.png
3,FERPlus_6996.png
3,FERPlus_6997.png
3,FERPlus_6998.png
3,FERPlus_6999.png
3,FERPlus_7000.png
3,FERPlus_7001.png
3,FERPlus_7002.png
3,FERPlus_7003.png
3,FERPlus_7004.png
3,FERPlus_7005.png
3,FERPlus_7006.png
3,FERPlus_7007.png
3,FERPlus_7008.png
3,FERPlus_7009.png
3,FERPlus_7010.png
3,FERPlus_7011.png
3,FERPlus_7012.png
3,FERPlus_7013.png
3,FERPlus_7014.png
3,FERPlus_7015.png
3,FERPlus_7016.png
3,FERPlus_7017.png
3,FERPlus_7018.png
3,FERPlus_7019.png
3,FERPlus_7020.png
3,FERPlus_7021.png
3,FERPlus_7022.png
3,FERPlus_7023.png
3,FERPlus_7024.png
3,FERPlus_7025.png
3,FERPlus_7026.png
3,FERPlus_7027.png
3,FERPlus_7028.png
3,FERPlus_7029.png
3,FERPlus_7030.png
3,FERPlus_7031.png
3,FERPlus_7032.png
3,FERPlus_7033.png
3,FERPlus_7034.png
3,FERPlus_7035.png
3,FERPlus_7036.png
3,FERPlus_7037.png
3,FERPlus_7038.png
3,FERPlus_7039.png
3,FERPlus_7040.png
3,FERPlus_7041.png
3,FERPlus_7042.png
3,FERPlus_7043.png
3,FERPlus_7044.png
3,FERPlus_7045.png
3,FERPlus_7046.png
3,FERPlus_7047.png
3,FERPlus_7048.png
3,FERPlus_7049.png
3,FERPlus_7050.png
3,FERPlus_7051.png
3,FERPlus_7052.png
3,FERPlus_7053.png
3,FERPlus_7054.png
3,FERPlus_7055.png
3,FERPlus_7056.png
3,FERPlus_7057.png
3,FERPlus_7058.png
3,FERPlus_7059.png
3,FERPlus_7060.png
3,FERPlus_7061.png
3,FERPlus_7062.png
3,FERPlus_7063.png
3,FERPlus_7064.png
3,FERPlus_7065.png
3,FERPlus_7066.png
3,FERPlus_7067.png
3,FERPlus_7068.png
3,FERPlus_7069.png
3,FERPlus_7070.png
3,FERPlus_7071.png
3,FERPlus_7072.png
3,FERPlus_7073.png
3,FERPlus_7074.png
3,FERPlus_7075.png
3,FERPlus_7076.png
3,FERPlus_7077.png
3,FERPlus_7078.png
3,FERPlus_7079.png
3,FERPlus_7080.png
3,FERPlus_7081.png
3,FERPlus_7082.png
3,FERPlus_7083.png
3,FERPlus_7084.png
3,FERPlus_7085.png
3,FERPlus_7086.png
3,FERPlus_7087.png
3,FERPlus_7088.png
3,FERPlus_7089.png
3,FERPlus_7090.png
3,FERPlus_7091.png
3,FERPlus_7092.png
3,FERPlus_7093.png
3,FERPlus_7094.png
3,FERPlus_7095.png
3,FERPlus_7096.png
3,FERPlus_7097.png
3,FERPlus_7098.png
3,FERPlus_7099.png
3,FERPlus_7100.png
3,FERPlus_7101.png
3,FERPlus_7102.png
3,FERPlus_7103.png
3,FERPlus_7104.png
3,FERPlus_7105.png
3,FERPlus_7106.png
3,FERPlus_7107.png
3,FERPlus_7108.png
3,FERPlus_7109.png
3,FERPlus_7110.png
3,FERPlus_7111.png
3,FERPlus_7112.png
3,FERPlus_7113.png
3,FERPlus_7114.png
3,FERPlus_7115.png
3,FERPlus_7116.png
3,FERPlus_7117.png
3,FERPlus_7118.png
3,FERPlus_7119.png
3,FERPlus_7120.png
3,FERPlus_7121.png
3,FERPlus_7122.png
3,FERPlus_7123.png
3,FERPlus_7124.png
3,FERPlus_7125.png
3,FERPlus_7126.png
3,FERPlus_7127.png
3,FERPlus_7128.png
3,FERPlus_7129.png
3,FERPlus_7130.png
3,FERPlus_7131.png
3,FERPlus_7132.png
3,FERPlus_7133.png
3,FERPlus_7134.png
3,FERPlus_7135.png
3,FERPlus_7136.png
3,FERPlus_7137.png
3,FERPlus_7138.png
3,FERPlus_7139.png
3,FERPlus_7140.png
3,FERPlus_7141.png
3,FERPlus_7142.png
3,FERPlus_7143.png
3,FERPlus_7144.png
3,FERPlus_7145.png
3,FERPlus_7146.png
3,FERPlus_7147.png
3,FERPlus_7148.png
3,FERPlus_7149.png
3,FERPlus_7150.png
3,FERPlus_7151.png
3,FERPlus_7152.png
3,FERPlus_7153.png
3,FERPlus_7154.png
3,FERPlus_7155.png
3,FERPlus_7156.png
3,FERPlus_7157.png
3,FERPlus_7158.png
3,FERPlus_7159.png
3,FERPlus_7160.png
3,FERPlus_7161.png
3,FERPlus_7162.png
3,FERPlus_7163.png
3,FERPlus_7164.png
3,FERPlus_7165.png
3,FERPlus_7166.png
3,FERPlus_7167.png
3,FERPlus_7168.png
3,FERPlus_7169.png
3,FERPlus_7170.png
3,FERPlus_7171.png
3,FERPlus_7172.png
3,FERPlus_7173.png
3,FERPlus_7174.png
3,FERPlus_7175.png
3,FERPlus_7176.png
3,FERPlus_7177.png
3,FERPlus_7178.png
3,FERPlus_7179.png
3,FERPlus_7180.png
3,FERPlus_7181.png
3,FERPlus_7182.png
3,FERPlus_7183.png
3,FERPlus_7184.png
3,FERPlus_7185.png
3,FERPlus_7186.png
3,FERPlus_7187.png
3,FERPlus_7188.png
3,FERPlus_7189.png
3,FERPlus_7190.png
3,FERPlus_7191.png
3,FERPlus_7192.png
3,FERPlus_7193.png
3,FERPlus_7194.png
3,FERPlus_7195.png
3,FERPlus_7196.png
3,FERPlus_7197.png
3,FERPlus_7198.png
3,FERPlus_7199.png
3,FERPlus_7200.png
3,FERPlus_7201.png
3,FERPlus_7202.png
3,FERPlus_7203.png
3,FERPlus_7204.png
3,FERPlus_7205.png
3,FERPlus_7206.png
3,FERPlus_7207.png
3,FERPlus_7208.png
3,FERPlus_7209.png
3,FERPlus_7210.png
3,FERPlus_7211.png
3,FERPlus_7212.png
3,FERPlus_7213.png
3,FERPlus_7214.png
3,FERPlus_7215.png
3,FERPlus_7216.png
3,FERPlus_7217.png
3,FERPlus_7218.png
3,FERPlus_7219.png
3,FERPlus_7220.png
3,FERPlus_7221.png
3,FERPlus_7222.png
3,FERPlus_7223.png
3,FERPlus_7224.png
3,FERPlus_7225.png
3,FERPlus_7226.png
3,FERPlus_7227.png
3,FERPlus_7228.png
3,FERPlus_7229.png
3,FERPlus_7230.png
3,FERPlus_7231.png
3,FERPlus_7232.png
3,FERPlus_7233.png
3,FERPlus_7234.png
3,FERPlus_7235.png
3,FERPlus_7236.png
3,FERPlus_7237.png
3,FERPlus_7238.png
3,FERPlus_7239.png
3,FERPlus_7240.png
3,FERPlus_7241.png
3,FERPlus_7242.png
3,FERPlus_7243.png
3,FERPlus_7244.png
3,FERPlus_7245.png
3,FERPlus_7246.png
3,FERPlus_7247.png
3,FERPlus_7248.png
3,FERPlus_7249.png
3,FERPlus_7250.png
3,FERPlus_7251.png
3,FERPlus_7252.png
3,FERPlus_7253.png
3,FERPlus_7254.png
3,FERPlus_7255.png
3,FERPlus_7256.png
3,FERPlus_7257.png
3,FERPlus_7258.png
3,FERPlus_7259.png
3,FERPlus_7260.png
3,FERPlus_7261.png
3,FERPlus_7262.png
3,FERPlus_7263.png
3,FERPlus_7264.png
3,FERPlus_7265.png
3,FERPlus_7266.png
3,FERPlus_7267.png
3,FERPlus_7268.png
3,FERPlus_7269.png
3,FERPlus_7270.png
3,FERPlus_7271.png
3,FERPlus_7272.png
3,FERPlus_7273.png
3,FERPlus_7274.png
3,FERPlus_7275.png
3,FERPlus_7276.png
3,FERPlus_7277.png
3,FERPlus_7278.png
3,FERPlus_7279.png
3,FERPlus_7280.png
3,FERPlus_7281.png
3,FERPlus_7282.png
3,FERPlus_7283.png
3,FERPlus_7284.png
3,FERPlus_7285.png
3,FERPlus_7286.png
3,FERPlus_7287.png
3,FERPlus_7288.png
3,FERPlus_7289.png
3,FERPlus_7290.png
3,FERPlus_7291.png
3,FERPlus_7292.png
3,FERPlus_7293.png
3,FERPlus_7294.png
3,FERPlus_7295.png
3,FERPlus_7296.png
3,FERPlus_7297.png
3,FERPlus_7298.png
3,FERPlus_7299.png
3,FERPlus_7300.png
3,FERPlus_7301.png
3,FERPlus_7302.png
3,FERPlus_7303.png
3,FERPlus_7304.png
3,FERPlus_7305.png
3,FERPlus_7306.png
3,FERPlus_7307.png
3,FERPlus_7308.png
3,FERPlus_7309.png
3,FERPlus_7310.png
3,FERPlus_7311.png
3,FERPlus_7312.png
3,FERPlus_7313.png
3,FERPlus_7314.png
3,FERPlus_7315.png
3,FERPlus_7316.png
3,FERPlus_7317.png
3,FERPlus_7318.png
3,FERPlus_7319.png
3,FERPlus_7320.png
3,FERPlus_7321.png
3,FERPlus_7322.png
3,FERPlus_7323.png
3,FERPlus_7324.png
3,FERPlus_7325.png
3,FERPlus_7326.png
3,FERPlus_7327.png
3,FERPlus_7328.png
3,FERPlus_7329.png
3,FERPlus_7330.png
3,FERPlus_7331.png
3,FERPlus_7332.png
3,FERPlus_7333.png
3,FERPlus_7334.png
3,FERPlus_7335.png
3,FERPlus_7336.png
3,FERPlus_7337.png
3,FERPlus_7338.png
3,FERPlus_7339.png
3,FERPlus_7340.png
3,FERPlus_7341.png
3,FERPlus_7342.png
3,FERPlus_7343.png
3,FERPlus_7344.png
3,FERPlus_7345.png
3,FERPlus_7346.png
3,FERPlus_7347.png
3,FERPlus_7348.png
3,FERPlus_7349.png
3,FERPlus_7350.png
3,FERPlus_7351.png
3,FERPlus_7352.png
3,FERPlus_7353.png
3,FERPlus_7354.png
3,FERPlus_7355.png
3,FERPlus_7356.png
3,FERPlus_7357.png
3,FERPlus_7358.png
3,FERPlus_7359.png
3,FERPlus_7360.png
3,FERPlus_7361.png
3,FERPlus_7362.png
3,FERPlus_7363.png
3,FERPlus_7364.png
3,FERPlus_7365.png
3,FERPlus_7366.png
3,FERPlus_7367.png
3,FERPlus_7368.png
3,FERPlus_7369.png
3,FERPlus_7370.png
3,FERPlus_7371.png
3,FERPlus_7372.png
3,FERPlus_7373.png
3,FERPlus_7374.png
3,FERPlus_7375.png
3,FERPlus_7376.png
3,FERPlus_7377.png
3,FERPlus_7378.png
3,FERPlus_7379.png
3,FERPlus_7380.png
3,FERPlus_7381.png
3,FERPlus_7382.png
3,FERPlus_7383.png
3,FERPlus_7384.png
3,FERPlus_7385.png
3,FERPlus_7386.png
3,FERPlus_7387.png
3,FERPlus_7388.png
3,FERPlus_7389.png
3,FERPlus_7390.png
3,FERPlus_7391.png
3,FERPlus_7392.png
3,FERPlus_7393.png
3,FERPlus_7394.png
3,FERPlus_7395.png
3,FERPlus_7396.png
3,FERPlus_7397.png
3,FERPlus_7398.png
3,FERPlus_7399.png
3,FERPlus_7400.png
3,FERPlus_7401.png
3,FERPlus_7402.png
3,FERPlus_7403.png
3,FERPlus_7404.png
3,FERPlus_7405.png
3,FERPlus_7406.png
3,FERPlus_7407.png
3,FERPlus_7408.png
3,FERPlus_7409.png
3,FERPlus_7410.png
3,FERPlus_7411.png
3,FERPlus_7412.png
3,FERPlus_7413.png
3,FERPlus_7414.png
3,FERPlus_7415.png
3,FERPlus_7416.png
3,FERPlus_7417.png
3,FERPlus_7418.png
3,FERPlus_7419.png
3,FERPlus_7420.png
3,FERPlus_7421.png
3,FERPlus_7422.png
3,FERPlus_7423.png
3,FERPlus_7424.png
3,FERPlus_7425.png
3,FERPlus_7426.png
3,FERPlus_7427.png
3,FERPlus_7428.png
3,FERPlus_7429.png
3,FERPlus_7430.png
3,FERPlus_7431.png
3,FERPlus_7432.png
3,FERPlus_7433.png
3,FERPlus_7434.png
3,FERPlus_7435.png
3,FERPlus_7436.png
3,FERPlus_7437.png
3,FERPlus_7438.png
3,FERPlus_7439.png
3,FERPlus_7440.png
3,FERPlus_7441.png
3,FERPlus_7442.png
3,FERPlus_7443.png
3,FERPlus_7444.png
3,FERPlus_7445.png
3,FERPlus_7446.png
3,FERPlus_7447.png
3,FERPlus_7448.png
3,FERPlus_7449.png
3,FERPlus_7450.png
3,FERPlus_7451.png
3,FERPlus_7452.png
3,FERPlus_7453.png
3,FERPlus_7454.png
3,FERPlus_7455.png
3,FERPlus_7456.png
3,FERPlus_7457.png
3,FERPlus_7458.png
3,FERPlus_7459.png
3,FERPlus_7460.png
3,FERPlus_7461.png
3,FERPlus_7462.png
3,FERPlus_7463.png
3,FERPlus_7464.png
3,FERPlus_7465.png
3,FERPlus_7466.png
3,FERPlus_7467.png
3,FERPlus_7468.png
3,FERPlus_7469.png
3,FERPlus_7470.png
3,FERPlus_7471.png
3,FERPlus_7472.png
3,FERPlus_7473.png
3,FERPlus_7474.png
3,FERPlus_7475.png
3,FERPlus_7476.png
3,FERPlus_7477.png
3,FERPlus_7478.png
3,FERPlus_7479.png
3,FERPlus_7480.png
3,FERPlus_7481.png
3,FERPlus_7482.png
3,FERPlus_7483.png
3,FERPlus_7484.png
3,FERPlus_7485.png
3,FERPlus_7486.png
3,FERPlus_7487.png
3,FERPlus_7488.png
3,FERPlus_7489.png
3,FERPlus_7490.png
3,FERPlus_7491.png
3,FERPlus_7492.png
3,FERPlus_7493.png
3,FERPlus_7494.png
3,FERPlus_7495.png
3,FERPlus_7496.png
3,FERPlus_7497.png
3,FERPlus_7498.png
3,FERPlus_7499.png
3,FERPlus_7500.png
3,FERPlus_7501.png
3,FERPlus_7502.png
3,FERPlus_7503.png
3,FERPlus_7504.png
3,FERPlus_7505.png
3,FERPlus_7506.png
3,FERPlus_7507.png
3,FERPlus_7508.png
3,FERPlus_7509.png
3,FERPlus_7510.png
3,FERPlus_7511.png
3,FERPlus_7512.png
3,FERPlus_7513.png
3,FERPlus_7514.png
3,FERPlus_7515.png
3,FERPlus_7516.png
3,FERPlus_7517.png
3,FERPlus_7518.png
3,FERPlus_7519.png
3,FERPlus_7520.png
3,FERPlus_7521.png
3,FERPlus_7522.png
3,FERPlus_7523.png
3,FERPlus_7524.png
3,FERPlus_7525.png
3,FERPlus_7526.png
3,FERPlus_7527.png
3,FERPlus_7528.png
3,FERPlus_7529.png
3,FERPlus_7530.png
3,FERPlus_7531.png
3,FERPlus_7532.png
3,FERPlus_7533.png
3,FERPlus_7534.png
3,FERPlus_7535.png
3,FERPlus_7536.png
3,FERPlus_7537.png
3,FERPlus_7538.png
3,FERPlus_7539.png
3,FERPlus_7540.png
3,FERPlus_7541.png
3,FERPlus_7542.png
3,FERPlus_7543.png
3,FERPlus_7544.png
3,FERPlus_7545.png
3,FERPlus_7546.png
3,FERPlus_7547.png
3,FERPlus_7548.png
3,FERPlus_7549.png
3,FERPlus_7550.png
3,FERPlus_7551.png
3,FERPlus_7552.png
3,FERPlus_7553.png
3,FERPlus_7554.png
3,FERPlus_7555.png
3,FERPlus_7556.png
3,FERPlus_7557.png
3,FERPlus_7558.png
3,FERPlus_7559.png
3,FERPlus_7560.png
3,FERPlus_7561.png
3,FERPlus_7562.png
3,FERPlus_7563.png
3,FERPlus_7564.png
3,FERPlus_7565.png
3,FERPlus_7566.png
3,FERPlus_7567.png
3,FERPlus_7568.png
3,FERPlus_7569.png
3,FERPlus_7570.png
3,FERPlus_7571.png
3,FERPlus_7572.png
3,FERPlus_7573.png
3,FERPlus_7574.png
3,FERPlus_7575.png
3,FERPlus_7576.png
3,FERPlus_7577.png
3,FERPlus_7578.png
3,FERPlus_7579.png
3,FERPlus_7580.png
3,FERPlus_7581.png
3,FERPlus_7582.png
3,FERPlus_7583.png
3,FERPlus_7584.png
3,FERPlus_7585.png
3,FERPlus_7586.png
3,FERPlus_7587.png
3,FERPlus_7588.png
3,FERPlus_7589.png
3,FERPlus_7590.png
3,FERPlus_7591.png
3,FERPlus_7592.png
3,FERPlus_7593.png
3,FERPlus_7594.png
3,FERPlus_7595.png
3,FERPlus_7596.png
3,FERPlus_7597.png
3,FERPlus_7598.png
3,FERPlus_7599.png
3,FERPlus_7600.png
3,FERPlus_7601.png
3,FERPlus_7602.png
3,FERPlus_7603.png
3,FERPlus_7604.png
3,FERPlus_7605.png
3,FERPlus_7606.png
3,FERPlus_7607.png
3,FERPlus_7608.png
3,FERPlus_7609.png
3,FERPlus_7610.png
3,FERPlus_7611.png
3,FERPlus_7612.png
3,FERPlus_7613.png
3,FERPlus_7614.png
3,FERPlus_7615.png
3,FERPlus_7616.png
3,FERPlus_7617.png
3,FERPlus_7618.png
3,FERPlus_7619.png
3,FERPlus_7620.png
3,FERPlus_7621.png
3,FERPlus_7622.png
3,FERPlus_7623.png
3,FERPlus_7624.png
3,FERPlus_7625.png
3,FERPlus_7626.png
3,FERPlus_7627.png
3,FERPlus_7628.png
3,FERPlus_7629.png
3,FERPlus_7630.png
3,FERPlus_7631.png
3,FERPlus_7632.png
3,FERPlus_7633.png
3,FERPlus_7634.png
3,FERPlus_7635.png
3,FERPlus_7636.png
3,FERPlus_7637.png
3,FERPlus_7638.png
3,FERPlus_7639.png
3,FERPlus_7640.png
3,FERPlus_7641.png
3,FERPlus_7642.png
3,FERPlus_7643.png
3,FERPlus_7644.png
3,FERPlus_7645.png
3,FERPlus_7646.png
3,FERPlus_7647.png
3,FERPlus_7648.png
3,FERPlus_7649.png
3,FERPlus_7650.png
3,FERPlus_7651.png
3,FERPlus_7652.png
3,FERPlus_7653.png
3,FERPlus_7654.png
3,FERPlus_7655.png
3,FERPlus_7656.png
3,FERPlus_7657.png
3,FERPlus_7658.png
3,FERPlus_7659.png
3,FERPlus_7660.png
3,FERPlus_7661.png
3,FERPlus_7662.png
3,FERPlus_7663.png
3,FERPlus_7664.png
3,FERPlus_7665.png
3,FERPlus_7666.png
3,FERPlus_7667.png
3,FERPlus_7668.png
3,FERPlus_7669.png
3,FERPlus_7670.png
3,FERPlus_7671.png
3,FERPlus_7672.png
3,FERPlus_7673.png
3,FERPlus_7674.png
3,FERPlus_7675.png
3,FERPlus_7676.png
3,FERPlus_7677.png
3,FERPlus_7678.png
3,FERPlus_7679.png
3,FERPlus_7680.png
3,FERPlus_7681.png
3,FERPlus_7682.png
3,FERPlus_7683.png
3,FERPlus_7684.png
3,FERPlus_7685.png
3,FERPlus_7686.png
3,FERPlus_7687.png
3,FERPlus_7688.png
3,FERPlus_7689.png
3,FERPlus_7690.png
3,FERPlus_7691.png
3,FERPlus_7692.png
3,FERPlus_7693.png
3,FERPlus_7694.png
3,FERPlus_7695.png
3,FERPlus_7696.png
3,FERPlus_7697.png
3,FERPlus_7698.png
3,FERPlus_7699.png
3,FERPlus_7700.png
3,FERPlus_7701.png
3,FERPlus_7702.png
3,FERPlus_7703.png
3,FERPlus_7704.png
3,FERPlus_7705.png
3,FERPlus_7706.png
3,FERPlus_7707.png
3,FERPlus_7708.png
3,FERPlus_7709.png
3,FERPlus_7710.png
3,FERPlus_7711.png
3,FERPlus_7712.png
3,FERPlus_7713.png
3,FERPlus_7714.png
3,FERPlus_7715.png
3,FERPlus_7716.png
3,FERPlus_7717.png
3,FERPlus_7718.png
3,FERPlus_7719.png
3,FERPlus_7720.png
3,FERPlus_7721.png
3,FERPlus_7722.png
3,FERPlus_7723.png
3,FERPlus_7724.png
3,FERPlus_7725.png
3,FERPlus_7726.png
3,FERPlus_7727.png
3,FERPlus_7728.png
3,FERPlus_7729.png
3,FERPlus_7730.png
3,FERPlus_7731.png
3,FERPlus_7732.png
3,FERPlus_7733.png
3,FERPlus_7734.png
3,FERPlus_7735.png
3,FERPlus_7736.png
3,FERPlus_7737.png
3,FERPlus_7738.png
3,FERPlus_7739.png
3,FERPlus_7740.png
3,FERPlus_7741.png
3,FERPlus_7742.png
3,FERPlus_7743.png
3,FERPlus_7744.png
3,FERPlus_7745.png
3,FERPlus_7746.png
3,FERPlus_7747.png
3,FERPlus_7748.png
3,FERPlus_7749.png
3,FERPlus_7750.png
3,FERPlus_7751.png
3,FERPlus_7752.png
3,FERPlus_7753.png
3,FERPlus_7754.png
3,FERPlus_7755.png
3,FERPlus_7756.png
3,FERPlus_7757.png
3,FERPlus_7758.png
3,FERPlus_7759.png
3,FERPlus_7760.png
3,FERPlus_7761.png
3,FERPlus_7762.png
3,FERPlus_7763.png
3,FERPlus_7764.png
3,FERPlus_7765.png
3,FERPlus_7766.png
3,FERPlus_7767.png
3,FERPlus_7768.png
3,FERPlus_7769.png
3,FERPlus_7770.png
3,FERPlus_7771.png
3,FERPlus_7772.png
3,FERPlus_7773.png
3,FERPlus_7774.png
3,FERPlus_7775.png
3,FERPlus_7776.png
3,FERPlus_7777.png
3,FERPlus_7778.png
3,FERPlus_7779.png
3,FERPlus_7780.png
3,FERPlus_7781.png
3,FERPlus_7782.png
3,FERPlus_7783.png
3,FERPlus_7784.png
3,FERPlus_7785.png
3,FERPlus_7786.png
3,FERPlus_7787.png
3,FERPlus_7788.png
3,FERPlus_7789.png
3,FERPlus_7790.png
3,FERPlus_7791.png
3,FERPlus_7792.png
3,FERPlus_7793.png
3,FERPlus_7794.png
3,FERPlus_7795.png
3,FERPlus_7796.png
3,FERPlus_7797.png
3,FERPlus_7798.png
3,FERPlus_7799.png
3,FERPlus_7800.png
3,FERPlus_7801.png
3,FERPlus_7802.png
3,FERPlus_7803.png
3,FERPlus_7804.png
3,FERPlus_7805.png
3,FERPlus_7806.png
3,FERPlus_7807.png
3,FERPlus_7808.png
3,FERPlus_7809.png
3,FERPlus_7810.png
3,FERPlus_7811.png
3,FERPlus_7812.png
3,FERPlus_7813.png
3,FERPlus_7814.png
3,FERPlus_7815.png
3,FERPlus_7816.png
3,FERPlus_7817.png
3,FERPlus_7818.png
3,FERPlus_7819.png
3,FERPlus_7820.png
3,FERPlus_7821.png
3,FERPlus_7822.png
3,FERPlus_7823.png
3,FERPlus_7824.png
3,FERPlus_7825.png
3,FERPlus_7826.png
3,FERPlus_7827.png
3,FERPlus_7828.png
3,FERPlus_7829.png
3,FERPlus_7830.png
3,FERPlus_7831.png
3,FERPlus_7832.png
3,FERPlus_7833.png
3,FERPlus_7834.png
3,FERPlus_7835.png
3,FERPlus_7836.png
3,FERPlus_7837.png
3,FERPlus_7838.png
3,FERPlus_7839.png
3,FERPlus_7840.png
3,FERPlus_7841.png
3,FERPlus_7842.png
3,FERPlus_7843.png
3,FERPlus_7844.png
3,FERPlus_7845.png
3,FERPlus_7846.png
3,FERPlus_7847.png
3,FERPlus_7848.png
3,FERPlus_7849.png
3,FERPlus_7850.png
3,FERPlus_7851.png
3,FERPlus_7852.png
3,FERPlus_7853.png
3,FERPlus_7854.png
3,FERPlus_7855.png
3,FERPlus_7856.png
3,FERPlus_7857.png
3,FERPlus_7858.png
3,FERPlus_7859.png
3,FERPlus_7860.png
3,FERPlus_7861.png
3,FERPlus_7862.png
3,FERPlus_7863.png
3,FERPlus_7864.png
3,FERPlus_7865.png
3,FERPlus_7866.png
3,FERPlus_7867.png
3,FERPlus_7868.png
3,FERPlus_7869.png
3,FERPlus_7870.png
3,FERPlus_7871.png
3,FERPlus_7872.png
3,FERPlus_7873.png
3,FERPlus_7874.png
3,FERPlus_7875.png
3,FERPlus_7876.png
3,FERPlus_7877.png
3,FERPlus_7878.png
3,FERPlus_7879.png
3,FERPlus_7880.png
3,FERPlus_7881.png
3,FERPlus_7882.png
3,FERPlus_7883.png
3,FERPlus_7884.png
3,FERPlus_7885.png
3,FERPlus_7886.png
3,FERPlus_7887.png
3,FERPlus_7888.png
3,FERPlus_7889.png
3,FERPlus_7890.png
3,FERPlus_7891.png
3,FERPlus_7892.png
3,FERPlus_7893.png
3,FERPlus_7894.png
3,FERPlus_7895.png
3,FERPlus_7896.png
3,FERPlus_7897.png
3,FERPlus_7898.png
3,FERPlus_7899.png
3,FERPlus_7900.png
3,FERPlus_7901.png
3,FERPlus_7902.png
3,FERPlus_7903.png
3,FERPlus_7904.png
3,FERPlus_7905.png
3,FERPlus_7906.png
3,FERPlus_7907.png
3,FERPlus_7908.png
3,FERPlus_7909.png
3,FERPlus_7910.png
3,FERPlus_7911.png
3,FERPlus_7912.png
3,FERPlus_7913.png
3,FERPlus_7914.png
3,FERPlus_7915.png
3,FERPlus_7916.png
3,FERPlus_7917.png
3,FERPlus_7918.png
3,FERPlus_7919.png
3,FERPlus_7920.png
3,FERPlus_7921.png
3,FERPlus_7922.png
3,FERPlus_7923.png
3,FERPlus_7924.png
3,FERPlus_7925.png
3,FERPlus_7926.png
3,FERPlus_7927.png
3,FERPlus_7928.png
3,FERPlus_7929.png
3,FERPlus_7930.png
3,FERPlus_7931.png
3,FERPlus_7932.png
3,FERPlus_7933.png
3,FERPlus_7934.png
3,FERPlus_7935.png
3,FERPlus_7936.png
3,FERPlus_7937.png
3,FERPlus_7938.png
3,FERPlus_7939.png
3,FERPlus_7940.png
3,FERPlus_7941.png
3,FERPlus_7942.png
3,FERPlus_7943.png
3,FERPlus_7944.png
3,FERPlus_7945.png
3,FERPlus_7946.png
3,FERPlus_7947.png
3,FERPlus_7948.png
3,FERPlus_7949.png
3,FERPlus_7950.png
3,FERPlus_7951.png
3,FERPlus_7952.png
3,FERPlus_7953.png
3,FERPlus_7954.png
3,FERPlus_7955.png
3,FERPlus_7956.png
3,FERPlus_7957.png
3,FERPlus_7958.png
3,FERPlus_7959.png
3,FERPlus_7960.png
3,FERPlus_7961.png
3,FERPlus_7962.png
3,FERPlus_7963.png
3,FERPlus_7964.png
3,FERPlus_7965.png
3,FERPlus_7966.png
3,FERPlus_7967.png
3,FERPlus_7968.png
3,FERPlus_7969.png
3,FERPlus_7970.png
3,FERPlus_7971.png
3,FERPlus_7972.png
3,FERPlus_7973.png
3,FERPlus_7974.png
3,FERPlus_7975.png
3,FERPlus_7976.png
3,FERPlus_7977.png
3,FERPlus_7978.png
3,FERPlus_7979.png
3,FERPlus_7980.png
3,FERPlus_7981.png
3,FERPlus_7982.png
3,FERPlus_7983.png
3,FERPlus_7984.png
3,FERPlus_7985.png
3,FERPlus_7986.png
3,FERPlus_7987.png
3,FERPlus_7988.png
3,FERPlus_7989.png
3,FERPlus_7990.png
3,FERPlus_7991.png
3,FERPlus_7992.png
3,FERPlus_7993.png
3,FERPlus_7994.png
3,FERPlus_7995.png
3,FERPlus_7996.png
3,FERPlus_7997.png
3,FERPlus_7998.png
3,FERPlus_7999.png
3,FERPlus_8000.png
3,FERPlus_8001.png
3,FERPlus_8002.png
3,FERPlus_8003.png
3,FERPlus_8004.png
3,FERPlus_8005.png
3,FERPlus_8006.png
3,FERPlus_8007.png
3,FERPlus_8008.png
3,FERPlus_8009.png
3,FERPlus_8010.png
3,FERPlus_8011.png
3,FERPlus_8012.png
3,FERPlus_8013.png
3,FERPlus_8014.png
3,FERPlus_8015.png
3,FERPlus_8016.png
3,FERPlus_8017.png
3,FERPlus_8018.png
3,FERPlus_8019.png
3,FERPlus_8020.png
3,FERPlus_8021.png
3,FERPlus_8022.png
3,FERPlus_8023.png
3,FERPlus_8024.png
3,FERPlus_8025.png
3,FERPlus_8026.png
3,FERPlus_8027.png
3,FERPlus_8028.png
3,FERPlus_8029.png
3,FERPlus_8030.png
3,FERPlus_8031.png
3,FERPlus_8032.png
3,FERPlus_8033.png
3,FERPlus_8034.png
3,FERPlus_8035.png
3,FERPlus_8036.png
3,FERPlus_8037.png
3,FERPlus_8038.png
3,FERPlus_8039.png
3,FERPlus_8040.png
3,FERPlus_8041.png
3,FERPlus_8042.png
3,FERPlus_8043.png
3,FERPlus_8044.png
3,FERPlus_8045.png
3,FERPlus_8046.png
3,FERPlus_8047.png
3,FERPlus_8048.png
3,FERPlus_8049.png
3,FERPlus_8050.png
3,FERPlus_8051.png
3,FERPlus_8052.png
3,FERPlus_8053.png
3,FERPlus_8054.png
3,FERPlus_8055.png
3,FERPlus_8056.png
3,FERPlus_8057.png
3,FERPlus_8058.png
3,FERPlus_8059.png
3,FERPlus_8060.png
3,FERPlus_8061.png
3,FERPlus_8062.png
3,FERPlus_8063.png
3,FERPlus_8064.png
3,FERPlus_8065.png
3,FERPlus_8066.png
3,FERPlus_8067.png
3,FERPlus_8068.png
3,FERPlus_8069.png
3,FERPlus_8070.png
3,FERPlus_8071.png
3,FERPlus_8072.png
3,FERPlus_8073.png
3,FERPlus_8074.png
3,FERPlus_8075.png
3,FERPlus_8076.png
3,FERPlus_8077.png
3,FERPlus_8078.png
3,FERPlus_8079.png
3,FERPlus_8080.png
3,FERPlus_8081.png
3,FERPlus_8082.png
3,FERPlus_8083.png
3,FERPlus_8084.png
3,FERPlus_8085.png
3,FERPlus_8086.png
3,FERPlus_8087.png
3,FERPlus_8088.png
3,FERPlus_8089.png
3,FERPlus_8090.png
3,FERPlus_8091.png
3,FERPlus_8092.png
3,FERPlus_8093.png
3,FERPlus_8094.png
3,FERPlus_8095.png
3,FERPlus_8096.png
3,FERPlus_8097.png
3,FERPlus_8098.png
3,FERPlus_8099.png
3,FERPlus_8100.png
3,FERPlus_8101.png
3,FERPlus_8102.png
3,FERPlus_8103.png
3,FERPlus_8104.png
3,FERPlus_8105.png
3,FERPlus_8106.png
3,FERPlus_8107.png
3,FERPlus_8108.png
3,FERPlus_8109.png
3,FERPlus_8110.png
3,FERPlus_8111.png
3,FERPlus_8112.png
3,FERPlus_8113.png
3,FERPlus_8114.png
3,FERPlus_8115.png
3,FERPlus_8116.png
3,FERPlus_8117.png
3,FERPlus_8118.png
3,FERPlus_8119.png
3,FERPlus_8120.png
3,FERPlus_8121.png
3,FERPlus_8122.png
3,FERPlus_8123.png
3,FERPlus_8124.png
3,FERPlus_8125.png
3,FERPlus_8126.png
3,FERPlus_8127.png
3,FERPlus_8128.png
3,FERPlus_8129.png
3,FERPlus_8130.png
3,FERPlus_8131.png
3,FERPlus_8132.png
3,FERPlus_8133.png
3,FERPlus_8134.png
3,FERPlus_8135.png
3,FERPlus_8136.png
3,FERPlus_8137.png
3,FERPlus_8138.png
3,FERPlus_8139.png
3,FERPlus_8140.png
3,FERPlus_8141.png
3,FERPlus_8142.png
3,FERPlus_8143.png
3,FERPlus_8144.png
3,FERPlus_8145.png
3,FERPlus_8146.png
3,FERPlus_8147.png
3,FERPlus_8148.png
3,FERPlus_8149.png
3,FERPlus_8150.png
3,FERPlus_8151.png
3,FERPlus_8152.png
3,FERPlus_8153.png
3,FERPlus_8154.png
3,FERPlus_8155.png
3,FERPlus_8156.png
3,FERPlus_8157.png
3,FERPlus_8158.png
3,FERPlus_8159.png
3,FERPlus_8160.png
3,FERPlus_8161.png
3,FERPlus_8162.png
3,FERPlus_8163.png
3,FERPlus_8164.png
3,FERPlus_8165.png
3,FERPlus_8166.png
3,FERPlus_8167.png
3,FERPlus_8168.png
3,FERPlus_8169.png
3,FERPlus_8170.png
3,FERPlus_8171.png
3,FERPlus_8172.png
3,FERPlus_8173.png
3,FERPlus_8174.png
3,FERPlus_8175.png
3,FERPlus_8176.png
3,FERPlus_8177.png
3,FERPlus_8178.png
3,FERPlus_8179.png
3,FERPlus_8180.png
3,FERPlus_8181.png
3,FERPlus_8182.png
3,FERPlus_8183.png
3,FERPlus_8184.png
3,FERPlus_8185.png
3,FERPlus_8186.png
3,FERPlus_8187.png
3,FERPlus_8188.png
3,FERPlus_8189.png
3,FERPlus_8190.png
3,FERPlus_8191.png
3,FERPlus_8192.png
3,FERPlus_8193.png
3,FERPlus_8194.png
3,FERPlus_8195.png
3,FERPlus_8196.png
3,FERPlus_8197.png
3,FERPlus_8198.png
3,FERPlus_8199.png
3,FERPlus_8200.png
3,FERPlus_8201.png
3,FERPlus_8202.png
3,FERPlus_8203.png
3,FERPlus_8204.png
3,FERPlus_8205.png
3,FERPlus_8206.png
3,FERPlus_8207.png
3,FERPlus_8208.png
3,FERPlus_8209.png
3,FERPlus_8210.png
3,FERPlus_8211.png
3,FERPlus_8212.png
3,FERPlus_8213.png
3,FERPlus_8214.png
3,FERPlus_8215.png
3,FERPlus_8216.png
3,FERPlus_8217.png
3,FERPlus_8218.png
3,FERPlus_8219.png
3,FERPlus_8220.png
3,FERPlus_8221.png
3,FERPlus_8222.png
3,FERPlus_8223.png
3,FERPlus_8224.png
3,FERPlus_8225.png
3,FERPlus_8226.png
3,FERPlus_8227.png
3,FERPlus_8228.png
3,FERPlus_8229.png
3,FERPlus_8230.png
3,FERPlus_8231.png
3,FERPlus_8232.png
3,FERPlus_8233.png
3,FERPlus_8234.png
3,FERPlus_8235.png
3,FERPlus_8236.png
3,FERPlus_8237.png
3,FERPlus_8238.png
3,FERPlus_8239.png
3,FERPlus_8240.png
3,FERPlus_8241.png
3,FERPlus_8242.png
3,FERPlus_8243.png
3,FERPlus_8244.png
3,FERPlus_8245.png
3,FERPlus_8246.png
3,FERPlus_8247.png
3,FERPlus_8248.png
3,FERPlus_8249.png
3,FERPlus_8250.png
3,FERPlus_8251.png
3,FERPlus_8252.png
3,FERPlus_8253.png
3,FERPlus_8254.png
3,FERPlus_8255.png
3,FERPlus_8256.png
3,FERPlus_8257.png
3,FERPlus_8258.png
3,FERPlus_8259.png
3,FERPlus_8260.png
3,FERPlus_8261.png
3,FERPlus_8262.png
3,FERPlus_8263.png
3,FERPlus_8264.png
3,FERPlus_8265.png
3,FERPlus_8266.png
3,FERPlus_8267.png
3,FERPlus_8268.png
3,FERPlus_8269.png
3,FERPlus_8270.png
3,FERPlus_8271.png
3,FERPlus_8272.png
3,FERPlus_8273.png
3,FERPlus_8274.png
3,FERPlus_8275.png
3,FERPlus_8276.png
3,FERPlus_8277.png
3,FERPlus_8278.png
3,FERPlus_8279.png
3,FERPlus_8280.png
3,FERPlus_8281.png
3,FERPlus_8282.png
3,FERPlus_8283.png
3,FERPlus_8284.png
3,FERPlus_8285.png
3,FERPlus_8286.png
3,FERPlus_8287.png
3,FERPlus_8288.png
3,FERPlus_8289.png
3,FERPlus_8290.png
3,FERPlus_8291.png
3,FERPlus_8292.png
3,FERPlus_8293.png
3,FERPlus_8294.png
3,FERPlus_8295.png
3,FERPlus_8296.png
3,FERPlus_8297.png
3,FERPlus_8298.png
3,FERPlus_8299.png
3,FERPlus_8300.png
3,FERPlus_8301.png
3,FERPlus_8302.png
3,FERPlus_8303.png
3,FERPlus_8304.png
3,FERPlus_8305.png
3,FERPlus_8306.png
3,FERPlus_8307.png
3,FERPlus_8308.png
3,FERPlus_8309.png
3,FERPlus_8310.png
3,FERPlus_8311.png
3,FERPlus_8312.png
3,FERPlus_8313.png
3,FERPlus_8314.png
3,FERPlus_8315.png
3,FERPlus_8316.png
3,FERPlus_8317.png
3,FERPlus_8318.png
3,FERPlus_8319.png
3,FERPlus_8320.png
3,FERPlus_8321.png
3,FERPlus_8322.png
3,FERPlus_8323.png
3,FERPlus_8324.png
3,FERPlus_8325.png
3,FERPlus_8326.png
3,FERPlus_8327.png
3,FERPlus_8328.png
3,FERPlus_8329.png
3,FERPlus_8330.png
3,FERPlus_8331.png
3,FERPlus_8332.png
3,FERPlus_8333.png
3,FERPlus_8334.png
3,FERPlus_8335.png
3,FERPlus_8336.png
3,FERPlus_8337.png
3,FERPlus_8338.png
3,FERPlus_8339.png
3,FERPlus_8340.png
3,FERPlus_8341.png
3,FERPlus_8342.png
3,FERPlus_8343.png
3,FERPlus_8344.png
3,FERPlus_8345.png
3,FERPlus_8346.png
3,FERPlus_8347.png
3,FERPlus_8348.png
3,FERPlus_8349.png
3,FERPlus_8350.png
3,FERPlus_8351.png
3,FERPlus_8352.png
3,FERPlus_8353.png
3,FERPlus_8354.png
3,FERPlus_8355.png
3,FERPlus_8356.png
3,FERPlus_8357.png
3,FERPlus_8358.png
3,FERPlus_8359.png
3,FERPlus_8360.png
3,FERPlus_8361.png
3,FERPlus_8362.png
3,FERPlus_8363.png
3,FERPlus_8364.png
3,FERPlus_8365.png
3,FERPlus_8366.png
3,FERPlus_8367.png
3,FERPlus_8368.png
3,FERPlus_8369.png
3,FERPlus_8370.png
3,FERPlus_8371.png
3,FERPlus_8372.png
3,FERPlus_8373.png
3,FERPlus_8374.png
3,FERPlus_8375.png
3,FERPlus_8376.png
3,FERPlus_8377.png
3,FERPlus_8378.png
3,FERPlus_8379.png
3,FERPlus_8380.png
3,FERPlus_8381.png
3,FERPlus_8382.png
3,FERPlus_8383.png
3,FERPlus_8384.png
3,FERPlus_8385.png
3,FERPlus_8386.png
3,FERPlus_8387.png
3,FERPlus_8388.png
3,FERPlus_8389.png
3,FERPlus_8390.png
3,FERPlus_8391.png
3,FERPlus_8392.png
3,FERPlus_8393.png
3,FERPlus_8394.png
3,FERPlus_8395.png
3,FERPlus_8396.png
3,FERPlus_8397.png
3,FERPlus_8398.png
3,FERPlus_8399.png
3,FERPlus_8400.png
3,FERPlus_8401.png
3,FERPlus_8402.png
3,FERPlus_8403.png
3,FERPlus_8404.png
3,FERPlus_8405.png
3,FERPlus_8406.png
3,FERPlus_8407.png
3,FERPlus_8408.png
3,FERPlus_8409.png
3,FERPlus_8410.png
3,FERPlus_8411.png
3,FERPlus_8412.png
3,FERPlus_8413.png
3,FERPlus_8414.png
3,FERPlus_8415.png
3,FERPlus_8416.png
3,FERPlus_8417.png
3,FERPlus_8418.png
3,FERPlus_8419.png
3,FERPlus_8420.png
3,FERPlus_8421.png
3,FERPlus_8422.png
3,FERPlus_8423.png
3,FERPlus_8424.png
3,FERPlus_8425.png
3,FERPlus_8426.png
3,FERPlus_8427.png
3,FERPlus_8428.png
3,FERPlus_8429.png
3,FERPlus_8430.png
3,FERPlus_8431.png
3,FERPlus_8432.png
3,FERPlus_8433.png
3,FERPlus_8434.png
3,FERPlus_8435.png
3,FERPlus_8436.png
3,FERPlus_8437.png
3,FERPlus_8438.png
3,FERPlus_8439.png
3,FERPlus_8440.png
3,FERPlus_8441.png
3,FERPlus_8442.png
3,FERPlus_8443.png
3,FERPlus_8444.png
3,FERPlus_8445.png
3,FERPlus_8446.png
3,FERPlus_8447.png
3,FERPlus_8448.png
3,FERPlus_8449.png
3,FERPlus_8450.png
3,FERPlus_8451.png
3,FERPlus_8452.png
3,FERPlus_8453.png
3,FERPlus_8454.png
3,FERPlus_8455.png
3,FERPlus_8456.png
3,FERPlus_8457.png
3,FERPlus_8458.png
3,FERPlus_8459.png
3,FERPlus_8460.png
3,FERPlus_8461.png
3,FERPlus_8462.png
3,FERPlus_8463.png
3,FERPlus_8464.png
3,FERPlus_8465.png
3,FERPlus_8466.png
3,FERPlus_8467.png
3,FERPlus_8468.png
3,FERPlus_8469.png
3,FERPlus_8470.png
3,FERPlus_8471.png
3,FERPlus_8472.png
3,FERPlus_8473.png
3,FERPlus_8474.png
3,FERPlus_8475.png
3,FERPlus_8476.png
3,FERPlus_8477.png
3,FERPlus_8478.png
3,FERPlus_8479.png
3,FERPlus_8480.png
3,FERPlus_8481.png
3,FERPlus_8482.png
3,FERPlus_8483.png
3,FERPlus_8484.png
3,FERPlus_8485.png
3,FERPlus_8486.png
3,FERPlus_8487.png
3,FERPlus_8488.png
3,FERPlus_8489.png
3,FERPlus_8490.png
3,FERPlus_8491.png
3,FERPlus_8492.png
3,FERPlus_8493.png
3,FERPlus_8494.png
3,FERPlus_8495.png
3,FERPlus_8496.png
3,FERPlus_8497.png
3,FERPlus_8498.png
3,FERPlus_8499.png
3,FERPlus_8500.png
3,FERPlus_8501.png
3,FERPlus_8502.png
3,FERPlus_8503.png
3,FERPlus_8504.png
3,FERPlus_8505.png
3,FERPlus_8506.png
3,FERPlus_8507.png
3,FERPlus_8508.png
3,FERPlus_8509.png
3,FERPlus_8510.png
3,FERPlus_8511.png
3,FERPlus_8512.png
3,FERPlus_8513.png
3,FERPlus_8514.png
3,FERPlus_8515.png
3,FERPlus_8516.png
3,FERPlus_8517.png
3,FERPlus_8518.png
3,FERPlus_8519.png
3,FERPlus_8520.png
3,FERPlus_8521.png
3,FERPlus_8522.png
3,FERPlus_8523.png
3,FERPlus_8524.png
3,FERPlus_8525.png
3,FERPlus_8526.png
3,FERPlus_8527.png
3,FERPlus_8528.png
3,FERPlus_8529.png
3,FERPlus_8530.png
3,FERPlus_8531.png
3,FERPlus_8532.png
3,FERPlus_8533.png
3,FERPlus_8534.png
3,FERPlus_8535.png
3,FERPlus_8536.png
3,FERPlus_8537.png
3,FERPlus_8538.png
3,FERPlus_8539.png
3,FERPlus_8540.png
3,FERPlus_8541.png
3,FERPlus_8542.png
3,FERPlus_8543.png
3,FERPlus_8544.png
3,FERPlus_8545.png
3,FERPlus_8546.png
3,FERPlus_8547.png
3,FERPlus_8548.png
3,FERPlus_8549.png
3,FERPlus_8550.png
3,FERPlus_8551.png
3,FERPlus_8552.png
3,FERPlus_8553.png
3,FERPlus_8554.png
3,FERPlus_8555.png
3,FERPlus_8556.png
3,FERPlus_8557.png
3,FERPlus_8558.png
3,FERPlus_8559.png
3,FERPlus_8560.png
3,FERPlus_8561.png
3,FERPlus_8562.png
3,FERPlus_8563.png
3,FERPlus_8564.png
3,FERPlus_8565.png
3,FERPlus_8566.png
3,FERPlus_8567.png
3,FERPlus_8568.png
3,FERPlus_8569.png
3,FERPlus_8570.png
3,FERPlus_8571.png
3,FERPlus_8572.png
3,FERPlus_8573.png
3,FERPlus_8574.png
3,FERPlus_8575.png
3,FERPlus_8576.png
3,FERPlus_8577.png
3,FERPlus_8578.png
3,FERPlus_8579.png
3,FERPlus_8580.png
3,FERPlus_8581.png
3,FERPlus_8582.png
3,FERPlus_8583.png
3,FERPlus_8584.png
3,FERPlus_8585.png
3,FERPlus_8586.png
3,FERPlus_8587.png
3,FERPlus_8588.png
3,FERPlus_8589.png
3,FERPlus_8590.png
3,FERPlus_8591.png
3,FERPlus_8592.png
3,FERPlus_8593.png
3,FERPlus_8594.png
3,FERPlus_8595.png
3,FERPlus_8596.png
3,FERPlus_8597.png
3,FERPlus_8598.png
3,FERPlus_8599.png
3,FERPlus_8600.png
3,FERPlus_8601.png
3,FERPlus_8602.png
3,FERPlus_8603.png
3,FERPlus_8604.png
3,FERPlus_8605.png
3,FERPlus_8606.png
3,FERPlus_8607.png
3,FERPlus_8608.png
3,FERPlus_8609.png
3,FERPlus_8610.png
3,FERPlus_8611.png
3,FERPlus_8612.png
3,FERPlus_8613.png
3,FERPlus_8614.png
3,FERPlus_8615.png
3,FERPlus_8616.png
3,FERPlus_8617.png
3,FERPlus_8618.png
3,FERPlus_8619.png
3,FERPlus_8620.png
3,FERPlus_8621.png
3,FERPlus_8622.png
3,FERPlus_8623.png
3,FERPlus_8624.png
3,FERPlus_8625.png
3,FERPlus_8626.png
3,FERPlus_8627.png
3,FERPlus_8628.png
3,FERPlus_8629.png
3,FERPlus_8630.png
3,FERPlus_8631.png
3,FERPlus_8632.png
3,FERPlus_8633.png
3,FERPlus_8634.png
3,FERPlus_8635.png
3,FERPlus_8636.png
3,FERPlus_8637.png
3,FERPlus_8638.png
3,FERPlus_8639.png
3,FERPlus_8640.png
3,FERPlus_8641.png
3,FERPlus_8642.png
3,FERPlus_8643.png
3,FERPlus_8644.png
3,FERPlus_8645.png
3,FERPlus_8646.png
3,FERPlus_8647.png
3,FERPlus_8648.png
3,FERPlus_8649.png
3,FERPlus_8650.png
3,FERPlus_8651.png
3,FERPlus_8652.png
3,FERPlus_8653.png
3,FERPlus_8654.png
3,FERPlus_8655.png
3,FERPlus_8656.png
3,FERPlus_8657.png
3,FERPlus_8658.png
3,FERPlus_8659.png
3,FERPlus_8660.png
3,FERPlus_8661.png
3,FERPlus_8662.png
3,FERPlus_8663.png
3,FERPlus_8664.png
3,FERPlus_8665.png
3,FERPlus_8666.png
3,FERPlus_8667.png
3,FERPlus_8668.png
3,FERPlus_8669.png
3,FERPlus_8670.png
3,FERPlus_8671.png
3,FERPlus_8672.png
3,FERPlus_8673.png
3,FERPlus_8674.png
3,FERPlus_8675.png
3,FERPlus_8676.png
3,FERPlus_8677.png
3,FERPlus_8678.png
3,FERPlus_8679.png
3,FERPlus_8680.png
3,FERPlus_8681.png
3,FERPlus_8682.png
3,FERPlus_8683.png
3,FERPlus_8684.png
3,FERPlus_8685.png
3,FERPlus_8686.png
3,FERPlus_8687.png
3,FERPlus_8688.png
3,FERPlus_8689.png
3,FERPlus_8690.png
3,FERPlus_8691.png
3,FERPlus_8692.png
3,FERPlus_8693.png
3,FERPlus_8694.png
3,FERPlus_8695.png
3,FERPlus_8696.png
3,FERPlus_8697.png
3,FERPlus_8698.png
3,FERPlus_8699.png
3,FERPlus_8700.png
3,FERPlus_8701.png
3,FERPlus_8702.png
3,FERPlus_8703.png
3,FERPlus_8704.png
3,FERPlus_8705.png
3,FERPlus_8706.png
3,FERPlus_8707.png
3,FERPlus_8708.png
3,FERPlus_8709.png
3,FERPlus_8710.png
3,FERPlus_8711.png
3,FERPlus_8712.png
3,FERPlus_8713.png
3,FERPlus_8714.png
3,FERPlus_8715.png
3,FERPlus_8716.png
3,FERPlus_8717.png
3,FERPlus_8718.png
3,FERPlus_8719.png
3,FERPlus_8720.png
3,FERPlus_8721.png
3,FERPlus_8722.png
3,FERPlus_8723.png
3,FERPlus_8724.png
3,FERPlus_8725.png
3,FERPlus_8726.png
3,FERPlus_8727.png
3,FERPlus_8728.png
3,FERPlus_8729.png
3,FERPlus_8730.png
3,FERPlus_8731.png
3,FERPlus_8732.png
3,FERPlus_8733.png
3,FERPlus_8734.png
3,FERPlus_8735.png
3,FERPlus_8736.png
3,FERPlus_8737.png
3,FERPlus_8738.png
3,FERPlus_8739.png
3,FERPlus_8740.png
3,FERPlus_8741.png
3,FERPlus_8742.png
3,FERPlus_8743.png
3,FERPlus_8744.png
3,FERPlus_8745.png
3,FERPlus_8746.png
3,FERPlus_8747.png
3,FERPlus_8748.png
3,FERPlus_8749.png
3,FERPlus_8750.png
3,FERPlus_8751.png
3,FERPlus_8752.png
3,FERPlus_8753.png
3,FERPlus_8754.png
3,FERPlus_8755.png
3,FERPlus_8756.png
3,FERPlus_8757.png
3,FERPlus_8758.png
3,FERPlus_8759.png
3,FERPlus_8760.png
3,FERPlus_8761.png
3,FERPlus_8762.png
3,FERPlus_8763.png
3,FERPlus_8764.png
3,FERPlus_8765.png
3,FERPlus_8766.png
3,FERPlus_8767.png
3,FERPlus_8768.png
3,FERPlus_8769.png
3,FERPlus_8770.png
3,FERPlus_8771.png
3,FERPlus_8772.png
3,FERPlus_8773.png
3,FERPlus_8774.png
3,FERPlus_8775.png
3,FERPlus_8776.png
3,FERPlus_8777.png
3,FERPlus_8778.png
3,FERPlus_8779.png
3,FERPlus_8780.png
3,FERPlus_8781.png
3,FERPlus_8782.png
3,FERPlus_8783.png
3,FERPlus_8784.png
3,FERPlus_8785.png
3,FERPlus_8786.png
3,FERPlus_8787.png
3,FERPlus_8788.png
3,FERPlus_8789.png
3,FERPlus_8790.png
3,FERPlus_8791.png
3,FERPlus_8792.png
3,FERPlus_8793.png
3,FERPlus_8794.png
3,FERPlus_8795.png
3,FERPlus_8796.png
3,FERPlus_8797.png
3,FERPlus_8798.png
3,FERPlus_8799.png
3,FERPlus_8800.png
3,FERPlus_8801.png
3,FERPlus_8802.png
3,FERPlus_8803.png
3,FERPlus_8804.png
3,FERPlus_8805.png
3,FERPlus_8806.png
3,FERPlus_8807.png
3,FERPlus_8808.png
3,FERPlus_8809.png
3,FERPlus_8810.png
3,FERPlus_8811.png
3,FERPlus_8812.png
3,FERPlus_8813.png
3,FERPlus_8814.png
3,FERPlus_8815.png
3,FERPlus_8816.png
3,FERPlus_8817.png
3,FERPlus_8818.png
3,FERPlus_8819.png
3,FERPlus_8820.png
3,FERPlus_8821.png
3,FERPlus_8822.png
3,FERPlus_8823.png
3,FERPlus_8824.png
3,FERPlus_8825.png
3,FERPlus_8826.png
3,FERPlus_8827.png
3,FERPlus_8828.png
3,FERPlus_8829.png
3,FERPlus_8830.png
3,FERPlus_8831.png
3,FERPlus_8832.png
3,FERPlus_8833.png
3,FERPlus_8834.png
3,FERPlus_8835.png
3,FERPlus_8836.png
3,FERPlus_8837.png
3,FERPlus_8838.png
3,FERPlus_8839.png
3,FERPlus_8840.png
3,FERPlus_8841.png
3,FERPlus_8842.png
3,FERPlus_8843.png
3,FERPlus_8844.png
3,FERPlus_8845.png
3,FERPlus_8846.png
3,FERPlus_8847.png
3,FERPlus_8848.png
3,FERPlus_8849.png
3,FERPlus_8850.png
3,FERPlus_8851.png
3,FERPlus_8852.png
3,FERPlus_8853.png
3,FERPlus_8854.png
3,FERPlus_8855.png
3,FERPlus_8856.png
3,FERPlus_8857.png
3,FERPlus_8858.png
3,FERPlus_8859.png
3,FERPlus_8860.png
3,FERPlus_8861.png
3,FERPlus_8862.png
3,FERPlus_8863.png
3,FERPlus_8864.png
3,FERPlus_8865.png
3,FERPlus_8866.png
3,FERPlus_8867.png
3,FERPlus_8868.png
3,FERPlus_8869.png
3,FERPlus_8870.png
3,FERPlus_8871.png
3,FERPlus_8872.png
3,FERPlus_8873.png
3,FERPlus_8874.png
3,FERPlus_8875.png
3,FERPlus_8876.png
3,FERPlus_8877.png
3,FERPlus_8878.png
3,FERPlus_8879.png
3,FERPlus_8880.png
3,FERPlus_8881.png
3,FERPlus_8882.png
3,FERPlus_8883.png
3,FERPlus_8884.png
3,FERPlus_8885.png
3,FERPlus_8886.png
3,FERPlus_8887.png
3,FERPlus_8888.png
3,FERPlus_8889.png
3,FERPlus_8890.png
3,FERPlus_8891.png
3,FERPlus_8892.png
3,FERPlus_8893.png
3,FERPlus_8894.png
3,FERPlus_8895.png
3,FERPlus_8896.png
3,FERPlus_8897.png
3,FERPlus_8898.png
3,FERPlus_8899.png
3,FERPlus_8900.png
3,FERPlus_8901.png
3,FERPlus_8902.png
3,FERPlus_8903.png
3,FERPlus_8904.png
3,FERPlus_8905.png
3,FERPlus_8906.png
3,FERPlus_8907.png
3,FERPlus_8908.png
3,FERPlus_8909.png
3,FERPlus_8910.png
3,FERPlus_8911.png
3,FERPlus_8912.png
3,FERPlus_8913.png
3,FERPlus_8914.png
3,FERPlus_8915.png
3,FERPlus_8916.png
3,FERPlus_8917.png
3,FERPlus_8918.png
3,FERPlus_8919.png
3,FERPlus_8920.png
3,FERPlus_8921.png
3,FERPlus_8922.png
3,FERPlus_8923.png
3,FERPlus_8924.png
3,FERPlus_8925.png
3,FERPlus_8926.png
3,FERPlus_8927.png
3,FERPlus_8928.png
3,FERPlus_8929.png
3,FERPlus_8930.png
3,FERPlus_8931.png
3,FERPlus_8932.png
3,FERPlus_8933.png
3,FERPlus_8934.png
3,FERPlus_8935.png
3,FERPlus_8936.png
3,FERPlus_8937.png
3,FERPlus_8938.png
3,FERPlus_8939.png
3,FERPlus_8940.png
3,FERPlus_8941.png
3,FERPlus_8942.png
3,FERPlus_8943.png
3,FERPlus_8944.png
3,FERPlus_8945.png
3,FERPlus_8946.png
3,FERPlus_8947.png
3,FERPlus_8948.png
3,FERPlus_8949.png
3,FERPlus_8950.png
3,FERPlus_8951.png
3,FERPlus_8952.png
3,FERPlus_8953.png
3,FERPlus_8954.png
3,FERPlus_8955.png
3,FERPlus_8956.png
3,FERPlus_8957.png
3,FERPlus_8958.png
3,FERPlus_8959.png
3,FERPlus_8960.png
3,FERPlus_8961.png
3,FERPlus_8962.png
3,FERPlus_8963.png
3,FERPlus_8964.png
3,FERPlus_8965.png
3,FERPlus_8966.png
3,FERPlus_8967.png
3,FERPlus_8968.png
3,FERPlus_8969.png
3,FERPlus_8970.png
3,FERPlus_8971.png
3,FERPlus_8972.png
3,FERPlus_8973.png
3,FERPlus_8974.png
3,FERPlus_8975.png
3,FERPlus_8976.png
3,FERPlus_8977.png
3,FERPlus_8978.png
3,FERPlus_8979.png
3,FERPlus_8980.png
3,FERPlus_8981.png
3,FERPlus_8982.png
3,FERPlus_8983.png
3,FERPlus_8984.png
3,FERPlus_8985.png
3,FERPlus_8986.png
3,FERPlus_8987.png
3,FERPlus_8988.png
3,FERPlus_8989.png
3,FERPlus_8990.png
3,FERPlus_8991.png
3,FERPlus_8992.png
3,FERPlus_8993.png
3,FERPlus_8994.png
3,FERPlus_8995.png
3,FERPlus_8996.png
3,FERPlus_8997.png
3,FERPlus_8998.png
3,FERPlus_8999.png
3,FERPlus_9000.png
3,FERPlus_9001.png
3,FERPlus_9002.png
3,FERPlus_9003.png
3,FERPlus_9004.png
3,FERPlus_9005.png
3,FERPlus_9006.png
3,FERPlus_9007.png
3,FERPlus_9008.png
3,FERPlus_9009.png
3,FERPlus_9010.png
3,FERPlus_9011.png
3,FERPlus_9012.png
3,FERPlus_9013.png
3,FERPlus_9014.png
3,FERPlus_9015.png
3,FERPlus_9016.png
3,FERPlus_9017.png
3,FERPlus_9018.png
3,FERPlus_9019.png
3,FERPlus_9020.png
3,FERPlus_9021.png
3,FERPlus_9022.png
3,FERPlus_9023.png
3,FERPlus_9024.png
3,FERPlus_9025.png
3,FERPlus_9026.png
3,FERPlus_9027.png
3,FERPlus_9028.png
3,FERPlus_9029.png
3,FERPlus_9030.png
3,FERPlus_9031.png
3,FERPlus_9032.png
3,FERPlus_9033.png
3,FERPlus_9034.png
3,FERPlus_9035.png
3,FERPlus_9036.png
3,FERPlus_9037.png
3,FERPlus_9038.png
3,FERPlus_9039.png
3,FERPlus_9040.png
3,FERPlus_9041.png
3,FERPlus_9042.png
3,FERPlus_9043.png
3,FERPlus_9044.png
3,FERPlus_9045.png
3,FERPlus_9046.png
3,FERPlus_9047.png
3,FERPlus_9048.png
3,FERPlus_9049.png
3,FERPlus_9050.png
3,FERPlus_9051.png
3,FERPlus_9052.png
3,FERPlus_9053.png
3,FERPlus_9054.png
3,FERPlus_9055.png
3,FERPlus_9056.png
3,FERPlus_9057.png
3,FERPlus_9058.png
3,FERPlus_9059.png
3,FERPlus_9060.png
3,FERPlus_9061.png
3,FERPlus_9062.png
3,FERPlus_9063.png
3,FERPlus_9064.png
3,FERPlus_9065.png
3,FERPlus_9066.png
3,FERPlus_9067.png
3,FERPlus_9068.png
3,FERPlus_9069.png
3,FERPlus_9070.png
3,FERPlus_9071.png
3,FERPlus_9072.png
3,FERPlus_9073.png
3,FERPlus_9074.png
3,FERPlus_9075.png
3,FERPlus_9076.png
3,FERPlus_9077.png
3,FERPlus_9078.png
3,FERPlus_9079.png
3,FERPlus_9080.png
3,FERPlus_9081.png
3,FERPlus_9082.png
3,FERPlus_9083.png
3,FERPlus_9084.png
3,FERPlus_9085.png
3,FERPlus_9086.png
3,FERPlus_9087.png
3,FERPlus_9088.png
3,FERPlus_9089.png
3,FERPlus_9090.png
3,FERPlus_9091.png
3,FERPlus_9092.png
3,FERPlus_9093.png
3,FERPlus_9094.png
3,FERPlus_9095.png
3,FERPlus_9096.png
3,FERPlus_9097.png
3,FERPlus_9098.png
3,FERPlus_9099.png
3,FERPlus_9100.png
3,FERPlus_9101.png
3,FERPlus_9102.png
3,FERPlus_9103.png
3,FERPlus_9104.png
3,FERPlus_9105.png
3,FERPlus_9106.png
3,FERPlus_9107.png
3,FERPlus_9108.png
3,FERPlus_9109.png
3,FERPlus_9110.png
3,FERPlus_9111.png
3,FERPlus_9112.png
3,FERPlus_9113.png
3,FERPlus_9114.png
3,FERPlus_9115.png
3,FERPlus_9116.png
3,FERPlus_9117.png
3,FERPlus_9118.png
3,FERPlus_9119.png
3,FERPlus_9120.png
3,FERPlus_9121.png
3,FERPlus_9122.png
3,FERPlus_9123.png
3,FERPlus_9124.png
3,FERPlus_9125.png
3,FERPlus_9126.png
3,FERPlus_9127.png
3,FERPlus_9128.png
3,FERPlus_9129.png
3,FERPlus_9130.png
3,FERPlus_9131.png
3,FERPlus_9132.png
3,FERPlus_9133.png
3,FERPlus_9134.png
3,FERPlus_9135.png
3,FERPlus_9136.png
3,FERPlus_9137.png
3,FERPlus_9138.png
3,FERPlus_9139.png
3,FERPlus_9140.png
3,FERPlus_9141.png
3,FERPlus_9142.png
3,FERPlus_9143.png
3,FERPlus_9144.png
3,FERPlus_9145.png
3,FERPlus_9146.png
3,FERPlus_9147.png
3,FERPlus_9148.png
3,FERPlus_9149.png
3,FERPlus_9150.png
3,FERPlus_9151.png
3,FERPlus_9152.png
3,FERPlus_9153.png
3,FERPlus_9154.png
3,FERPlus_9155.png
3,FERPlus_9156.png
3,FERPlus_9157.png
3,FERPlus_9158.png
3,FERPlus_9159.png
3,FERPlus_9160.png
3,FERPlus_9161.png
3,FERPlus_9162.png
3,FERPlus_9163.png
3,FERPlus_9164.png
3,FERPlus_9165.png
3,FERPlus_9166.png
3,FERPlus_9167.png
3,FERPlus_9168.png
3,FERPlus_9169.png
3,FERPlus_9170.png
3,FERPlus_9171.png
3,FERPlus_9172.png
3,FERPlus_9173.png
3,FERPlus_9174.png
3,FERPlus_9175.png
3,FERPlus_9176.png
3,FERPlus_9177.png
3,FERPlus_9178.png
3,FERPlus_9179.png
3,FERPlus_9180.png
3,FERPlus_9181.png
3,FERPlus_9182.png
3,FERPlus_9183.png
3,FERPlus_9184.png
3,FERPlus_9185.png
3,FERPlus_9186.png
3,FERPlus_9187.png
3,FERPlus_9188.png
3,FERPlus_9189.png
3,FERPlus_9190.png
3,FERPlus_9191.png
3,FERPlus_9192.png
3,FERPlus_9193.png
3,FERPlus_9194.png
3,FERPlus_9195.png
3,FERPlus_9196.png
3,FERPlus_9197.png
3,FERPlus_9198.png
3,FERPlus_9199.png
3,FERPlus_9200.png
3,FERPlus_9201.png
3,FERPlus_9202.png
3,FERPlus_9203.png
3,FERPlus_9204.png
3,FERPlus_9205.png
3,FERPlus_9206.png
3,FERPlus_9207.png
3,FERPlus_9208.png
3,FERPlus_9209.png
3,FERPlus_9210.png
3,FERPlus_9211.png
3,FERPlus_9212.png
3,FERPlus_9213.png
3,FERPlus_9214.png
3,FERPlus_9215.png
3,FERPlus_9216.png
3,FERPlus_9217.png
3,FERPlus_9218.png
3,FERPlus_9219.png
3,FERPlus_9220.png
3,FERPlus_9221.png
3,FERPlus_9222.png
3,FERPlus_9223.png
3,FERPlus_9224.png
3,FERPlus_9225.png
3,FERPlus_9226.png
3,FERPlus_9227.png
3,FERPlus_9228.png
3,FERPlus_9229.png
3,FERPlus_9230.png
3,FERPlus_9231.png
3,FERPlus_9232.png
3,FERPlus_9233.png
3,FERPlus_9234.png
3,FERPlus_9235.png
3,FERPlus_9236.png
3,FERPlus_9237.png
3,FERPlus_9238.png
3,FERPlus_9239.png
3,FERPlus_9240.png
3,FERPlus_9241.png
3,FERPlus_9242.png
3,FERPlus_9243.png
3,FERPlus_9244.png
3,FERPlus_9245.png
3,FERPlus_9246.png
3,FERPlus_9247.png
3,FERPlus_9248.png
3,FERPlus_9249.png
3,FERPlus_9250.png
3,FERPlus_9251.png
3,FERPlus_9252.png
3,FERPlus_9253.png
3,FERPlus_9254.png
3,FERPlus_9255.png
3,FERPlus_9256.png
3,FERPlus_9257.png
3,FERPlus_9258.png
3,FERPlus_9259.png
3,FERPlus_9260.png
3,FERPlus_9261.png
3,FERPlus_9262.png
3,FERPlus_9263.png
3,FERPlus_9264.png
3,FERPlus_9265.png
3,FERPlus_9266.png
3,FERPlus_9267.png
3,FERPlus_9268.png
3,FERPlus_9269.png
3,FERPlus_9270.png
3,FERPlus_9271.png
3,FERPlus_9272.png
3,FERPlus_9273.png
3,FERPlus_9274.png
3,FERPlus_9275.png
3,FERPlus_9276.png
3,FERPlus_9277.png
3,FERPlus_9278.png
3,FERPlus_9279.png
3,FERPlus_9280.png
3,FERPlus_9281.png
3,FERPlus_9282.png
3,FERPlus_9283.png
3,FERPlus_9284.png
3,FERPlus_9285.png
3,FERPlus_9286.png
3,FERPlus_9287.png
3,FERPlus_9288.png
3,FERPlus_9289.png
3,FERPlus_9290.png
3,FERPlus_9291.png
3,FERPlus_9292.png
3,FERPlus_9293.png
3,FERPlus_9294.png
3,FERPlus_9295.png
3,FERPlus_9296.png
3,FERPlus_9297.png
3,FERPlus_9298.png
3,FERPlus_9299.png
3,FERPlus_9300.png
3,FERPlus_9301.png
3,FERPlus_9302.png
3,FERPlus_9303.png
3,FERPlus_9304.png
3,FERPlus_9305.png
3,FERPlus_9306.png
3,FERPlus_9307.png
3,FERPlus_9308.png
3,FERPlus_9309.png
3,FERPlus_9310.png
3,FERPlus_9311.png
3,FERPlus_9312.png
3,FERPlus_9313.png
3,FERPlus_9314.png
3,FERPlus_9315.png
3,FERPlus_9316.png
3,FERPlus_9317.png
3,FERPlus_9318.png
3,FERPlus_9319.png
3,FERPlus_9320.png
3,FERPlus_9321.png
3,FERPlus_9322.png
3,FERPlus_9323.png
3,FERPlus_9324.png
3,FERPlus_9325.png
3,FERPlus_9326.png
3,FERPlus_9327.png
3,FERPlus_9328.png
3,FERPlus_9329.png
3,FERPlus_9330.png
3,FERPlus_9331.png
3,FERPlus_9332.png
3,FERPlus_9333.png
3,FERPlus_9334.png
3,FERPlus_9335.png
3,FERPlus_9336.png
3,FERPlus_9337.png
3,FERPlus_9338.png
3,FERPlus_9339.png
3,FERPlus_9340.png
3,FERPlus_9341.png
3,FERPlus_9342.png
3,FERPlus_9343.png
3,FERPlus_9344.png
3,FERPlus_9345.png
3,FERPlus_9346.png
3,FERPlus_9347.png
3,FERPlus_9348.png
3,FERPlus_9349.png
3,FERPlus_9350.png
3,FERPlus_9351.png
3,FERPlus_9352.png
3,FERPlus_9353.png
3,FERPlus_9354.png
3,FERPlus_9355.png
3,FERPlus_9356.png
3,FERPlus_9357.png
3,FERPlus_9358.png
3,FERPlus_9359.png
3,FERPlus_9360.png
3,FERPlus_9361.png
3,FERPlus_9362.png
3,FERPlus_9363.png
3,FERPlus_9364.png
3,FERPlus_9365.png
3,FERPlus_9366.png
3,FERPlus_9367.png
3,FERPlus_9368.png
3,FERPlus_9369.png
3,FERPlus_9370.png
3,FERPlus_9371.png
3,FERPlus_9372.png
3,FERPlus_9373.png
3,FERPlus_9374.png
3,FERPlus_9375.png
3,FERPlus_9376.png
3,FERPlus_9377.png
3,FERPlus_9378.png
3,FERPlus_9379.png
3,FERPlus_9380.png
3,FERPlus_9381.png
3,FERPlus_9382.png
3,FERPlus_9383.png
3,FERPlus_9384.png
3,FERPlus_9385.png
3,FERPlus_9386.png
3,FERPlus_9387.png
3,FERPlus_9388.png
3,FERPlus_9389.png
3,FERPlus_9390.png
3,FERPlus_9391.png
3,FERPlus_9392.png
3,FERPlus_9393.png
3,FERPlus_9394.png
3,FERPlus_9395.png
3,FERPlus_9396.png
3,FERPlus_9397.png
3,FERPlus_9398.png
3,FERPlus_9399.png
3,FERPlus_9400.png
3,FERPlus_9401.png
3,FERPlus_9402.png
3,FERPlus_9403.png
3,FERPlus_9404.png
3,FERPlus_9405.png
3,FERPlus_9406.png
3,FERPlus_9407.png
3,FERPlus_9408.png
3,FERPlus_9409.png
3,FERPlus_9410.png
3,FERPlus_9411.png
3,FERPlus_9412.png
3,FERPlus_9413.png
3,FERPlus_9414.png
3,FERPlus_9415.png
3,FERPlus_9416.png
3,FERPlus_9417.png
3,FERPlus_9418.png
3,FERPlus_9419.png
3,FERPlus_9420.png
3,FERPlus_9421.png
3,FERPlus_9422.png
3,FERPlus_9423.png
3,FERPlus_9424.png
3,FERPlus_9425.png
3,FERPlus_9426.png
3,FERPlus_9427.png
3,FERPlus_9428.png
3,FERPlus_9429.png
3,FERPlus_9430.png
3,FERPlus_9431.png
3,FERPlus_9432.png
3,FERPlus_9433.png
3,FERPlus_9434.png
3,FERPlus_9435.png
3,FERPlus_9436.png
3,FERPlus_9437.png
3,FERPlus_9438.png
3,FERPlus_9439.png
3,FERPlus_9440.png
3,FERPlus_9441.png
3,FERPlus_9442.png
3,FERPlus_9443.png
3,FERPlus_9444.png
3,FERPlus_9445.png
3,FERPlus_9446.png
3,FERPlus_9447.png
3,FERPlus_9448.png
3,FERPlus_9449.png
3,FERPlus_9450.png
3,FERPlus_9451.png
3,FERPlus_9452.png
3,FERPlus_9453.png
3,FERPlus_9454.png
3,FERPlus_9455.png
3,FERPlus_9456.png
3,FERPlus_9457.png
3,FERPlus_9458.png
3,FERPlus_9459.png
3,FERPlus_9460.png
3,FERPlus_9461.png
3,FERPlus_9462.png
3,FERPlus_9463.png
3,FERPlus_9464.png
3,FERPlus_9465.png
3,FERPlus_9466.png
3,FERPlus_9467.png
3,FERPlus_9468.png
3,FERPlus_9469.png
3,FERPlus_9470.png
3,FERPlus_9471.png
3,FERPlus_9472.png
3,FERPlus_9473.png
3,FERPlus_9474.png
3,FERPlus_9475.png
3,FERPlus_9476.png
3,FERPlus_9477.png
3,FERPlus_9478.png
3,FERPlus_9479.png
3,FERPlus_9480.png
3,FERPlus_9481.png
3,FERPlus_9482.png
3,FERPlus_9483.png
3,FERPlus_9484.png
3,FERPlus_9485.png
3,FERPlus_9486.png
3,FERPlus_9487.png
3,FERPlus_9488.png
3,FERPlus_9489.png
3,FERPlus_9490.png
3,FERPlus_9491.png
3,FERPlus_9492.png
3,FERPlus_9493.png
3,FERPlus_9494.png
3,FERPlus_9495.png
3,FERPlus_9496.png
3,FERPlus_9497.png
3,FERPlus_9498.png
3,FERPlus_9499.png
3,FERPlus_9500.png
3,FERPlus_9501.png
3,FERPlus_9502.png
3,FERPlus_9503.png
3,FERPlus_9504.png
3,FERPlus_9505.png
3,FERPlus_9506.png
3,FERPlus_9507.png
3,FERPlus_9508.png
3,FERPlus_9509.png
3,FERPlus_9510.png
3,FERPlus_9511.png
3,FERPlus_9512.png
3,FERPlus_9513.png
3,FERPlus_9514.png
3,FERPlus_9515.png
3,FERPlus_9516.png
3,FERPlus_9517.png
3,FERPlus_9518.png
3,FERPlus_9519.png
3,FERPlus_9520.png
3,FERPlus_9521.png
3,FERPlus_9522.png
3,FERPlus_9523.png
3,FERPlus_9524.png
3,FERPlus_9525.png
3,FERPlus_9526.png
3,FERPlus_9527.png
3,FERPlus_9528.png
3,FERPlus_9529.png
3,FERPlus_9530.png
3,FERPlus_9531.png
3,FERPlus_9532.png
3,FERPlus_9533.png
3,FERPlus_9534.png
3,FERPlus_9535.png
3,FERPlus_9536.png
3,FERPlus_9537.png
3,FERPlus_9538.png
3,FERPlus_9539.png
3,FERPlus_9540.png
3,FERPlus_9541.png
3,FERPlus_9542.png
3,FERPlus_9543.png
3,FERPlus_9544.png
3,FERPlus_9545.png
3,FERPlus_9546.png
3,FERPlus_9547.png
3,FERPlus_9548.png
3,FERPlus_9549.png
3,FERPlus_9550.png
3,FERPlus_9551.png
3,FERPlus_9552.png
3,FERPlus_9553.png
3,FERPlus_9554.png
3,FERPlus_9555.png
3,FERPlus_9556.png
3,FERPlus_9557.png
3,FERPlus_9558.png
3,FERPlus_9559.png
3,FERPlus_9560.png
3,FERPlus_9561.png
3,FERPlus_9562.png
3,FERPlus_9563.png
3,FERPlus_9564.png
3,FERPlus_9565.png
3,FERPlus_9566.png
3,FERPlus_9567.png
3,FERPlus_9568.png
3,FERPlus_9569.png
3,FERPlus_9570.png
3,FERPlus_9571.png
3,FERPlus_9572.png
3,FERPlus_9573.png
3,FERPlus_9574.png
3,FERPlus_9575.png
3,FERPlus_9576.png
3,FERPlus_9577.png
3,FERPlus_9578.png
3,FERPlus_9579.png
3,FERPlus_9580.png
3,FERPlus_9581.png
3,FERPlus_9582.png
3,FERPlus_9583.png
3,FERPlus_9584.png
3,FERPlus_9585.png
3,FERPlus_9586.png
3,FERPlus_9587.png
3,FERPlus_9588.png
3,FERPlus_9589.png
3,FERPlus_9590.png
3,FERPlus_9591.png
3,FERPlus_9592.png
3,FERPlus_9593.png
3,FERPlus_9594.png
3,FERPlus_9595.png
3,FERPlus_9596.png
3,FERPlus_9597.png
3,FERPlus_9598.png
3,FERPlus_9599.png
3,FERPlus_9600.png
3,FERPlus_9601.png
3,FERPlus_9602.png
3,FERPlus_9603.png
3,FERPlus_9604.png
3,FERPlus_9605.png
3,FERPlus_9606.png
3,FERPlus_9607.png
3,FERPlus_9608.png
3,FERPlus_9609.png
3,FERPlus_9610.png
3,FERPlus_9611.png
3,FERPlus_9612.png
3,FERPlus_9613.png
3,FERPlus_9614.png
3,FERPlus_9615.png
3,FERPlus_9616.png
3,FERPlus_9617.png
3,FERPlus_9618.png
3,FERPlus_9619.png
3,FERPlus_9620.png
3,FERPlus_9621.png
3,FERPlus_9622.png
3,FERPlus_9623.png
3,FERPlus_9624.png
3,FERPlus_9625.png
3,FERPlus_9626.png
3,FERPlus_9627.png
3,FERPlus_9628.png
3,FERPlus_9629.png
3,FERPlus_9630.png
3,FERPlus_9631.png
3,FERPlus_9632.png
3,FERPlus_9633.png
3,FERPlus_9634.png
3,FERPlus_9635.png
3,FERPlus_9636.png
3,FERPlus_9637.png
3,FERPlus_9638.png
3,FERPlus_9639.png
3,FERPlus_9640.png
3,FERPlus_9641.png
3,FERPlus_9642.png
3,FERPlus_9643.png
3,FERPlus_9644.png
3,FERPlus_9645.png
3,FERPlus_9646.png
3,FERPlus_9647.png
3,FERPlus_9648.png
3,FERPlus_9649.png
3,FERPlus_9650.png
3,FERPlus_9651.png
3,FERPlus_9652.png
3,FERPlus_9653.png
3,FERPlus_9654.png
3,FERPlus_9655.png
3,FERPlus_9656.png
3,FERPlus_9657.png
3,FERPlus_9658.png
3,FERPlus_9659.png
3,FERPlus_9660.png
3,FERPlus_9661.png
3,FERPlus_9662.png
3,FERPlus_9663.png
3,FERPlus_9664.png
3,FERPlus_9665.png
3,FERPlus_9666.png
3,FERPlus_9667.png
3,FERPlus_9668.png
3,FERPlus_9669.png
3,FERPlus_9670.png
3,FERPlus_9671.png
3,FERPlus_9672.png
3,FERPlus_9673.png
3,FERPlus_9674.png
3,FERPlus_9675.png
3,FERPlus_9676.png
3,FERPlus_9677.png
3,FERPlus_9678.png
3,FERPlus_9679.png
3,FERPlus_9680.png
3,FERPlus_9681.png
3,FERPlus_9682.png
3,FERPlus_9683.png
3,FERPlus_9684.png
3,FERPlus_9685.png
3,FERPlus_9686.png
3,FERPlus_9687.png
3,FERPlus_9688.png
3,FERPlus_9689.png
3,FERPlus_9690.png
3,FERPlus_9691.png
3,FERPlus_9692.png
3,FERPlus_9693.png
3,FERPlus_9694.png
3,FERPlus_9695.png
3,FERPlus_9696.png
3,FERPlus_9697.png
3,FERPlus_9698.png
3,FERPlus_9699.png
3,FERPlus_9700.png
3,FERPlus_9701.png
3,FERPlus_9702.png
3,FERPlus_9703.png
3,FERPlus_9704.png
3,FERPlus_9705.png
3,FERPlus_9706.png
3,FERPlus_9707.png
3,FERPlus_9708.png
3,FERPlus_9709.png
3,FERPlus_9710.png
3,FERPlus_9711.png
3,FERPlus_9712.png
3,FERPlus_9713.png
3,FERPlus_9714.png
3,FERPlus_9715.png
3,FERPlus_9716.png
3,FERPlus_9717.png
3,FERPlus_9718.png
3,FERPlus_9719.png
3,FERPlus_9720.png
3,FERPlus_9721.png
3,FERPlus_9722.png
3,FERPlus_9723.png
3,FERPlus_9724.png
3,FERPlus_9725.png
3,FERPlus_9726.png
3,FERPlus_9727.png
3,FERPlus_9728.png
3,FERPlus_9729.png
3,FERPlus_9730.png
3,FERPlus_9731.png
3,FERPlus_9732.png
3,FERPlus_9733.png
3,FERPlus_9734.png
3,FERPlus_9735.png
3,FERPlus_9736.png
3,FERPlus_9737.png
3,FERPlus_9738.png
3,FERPlus_9739.png
3,FERPlus_9740.png
3,FERPlus_9741.png
3,FERPlus_9742.png
3,FERPlus_9743.png
3,FERPlus_9744.png
3,FERPlus_9745.png
3,FERPlus_9746.png
3,FERPlus_9747.png
3,FERPlus_9748.png
3,FERPlus_9749.png
3,FERPlus_9750.png
3,FERPlus_9751.png
3,FERPlus_9752.png
3,FERPlus_9753.png
3,FERPlus_9754.png
3,FERPlus_9755.png
3,FERPlus_9756.png
3,FERPlus_9757.png
3,FERPlus_9758.png
3,FERPlus_9759.png
3,FERPlus_9760.png
3,FERPlus_9761.png
3,FERPlus_9762.png
3,FERPlus_9763.png
3,FERPlus_9764.png
3,FERPlus_9765.png
3,FERPlus_9766.png
3,FERPlus_9767.png
3,FERPlus_9768.png
3,FERPlus_9769.png
3,FERPlus_9770.png
3,FERPlus_9771.png
3,FERPlus_9772.png
3,FERPlus_9773.png
3,FERPlus_9774.png
3,FERPlus_9775.png
3,FERPlus_9776.png
3,FERPlus_9777.png
3,FERPlus_9778.png
3,FERPlus_9779.png
3,FERPlus_9780.png
3,FERPlus_9781.png
3,FERPlus_9782.png
3,FERPlus_9783.png
3,FERPlus_9784.png
3,FERPlus_9785.png
3,FERPlus_9786.png
3,FERPlus_9787.png
3,FERPlus_9788.png
3,FERPlus_9789.png
3,FERPlus_9790.png
3,FERPlus_9791.png
3,FERPlus_9792.png
3,FERPlus_9793.png
3,FERPlus_9794.png
3,FERPlus_9795.png
3,FERPlus_9796.png
3,FERPlus_9797.png
3,FERPlus_9798.png
3,FERPlus_9799.png
3,FERPlus_9800.png
3,FERPlus_9801.png
3,FERPlus_9802.png
3,FERPlus_9803.png
3,FERPlus_9804.png
3,FERPlus_9805.png
3,FERPlus_9806.png
3,FERPlus_9807.png
3,FERPlus_9808.png
3,FERPlus_9809.png
3,FERPlus_9810.png
3,FERPlus_9811.png
3,FERPlus_9812.png
3,FERPlus_9813.png
3,FERPlus_9814.png
3,FERPlus_9815.png
3,FERPlus_9816.png
3,FERPlus_9817.png
3,FERPlus_9818.png
3,FERPlus_9819.png
3,FERPlus_9820.png
3,FERPlus_9821.png
3,FERPlus_9822.png
3,FERPlus_9823.png
3,FERPlus_9824.png
3,FERPlus_9825.png
3,FERPlus_9826.png
3,FERPlus_9827.png
5,FERPlus_0.png
5,FERPlus_1.png
5,FERPlus_2.png
5,FERPlus_3.png
5,FERPlus_4.png
5,FERPlus_5.png
5,FERPlus_6.png
5,FERPlus_7.png
5,FERPlus_8.png
5,FERPlus_9.png
5,FERPlus_10.png
5,FERPlus_11.png
5,FERPlus_12.png
5,FERPlus_13.png
5,FERPlus_14.png
5,FERPlus_15.png
5,FERPlus_16.png
5,FERPlus_17.png
5,FERPlus_18.png
5,FERPlus_19.png
5,FERPlus_20.png
5,FERPlus_21.png
5,FERPlus_22.png
5,FERPlus_23.png
5,FERPlus_24.png
5,FERPlus_25.png
5,FERPlus_26.png
5,FERPlus_27.png
5,FERPlus_28.png
5,FERPlus_29.png
5,FERPlus_30.png
5,FERPlus_31.png
5,FERPlus_32.png
5,FERPlus_33.png
5,FERPlus_34.png
5,FERPlus_35.png
5,FERPlus_36.png
5,FERPlus_37.png
5,FERPlus_38.png
5,FERPlus_39.png
5,FERPlus_40.png
5,FERPlus_41.png
5,FERPlus_42.png
5,FERPlus_43.png
5,FERPlus_44.png
5,FERPlus_45.png
5,FERPlus_46.png
5,FERPlus_47.png
5,FERPlus_48.png
5,FERPlus_49.png
5,FERPlus_50.png
5,FERPlus_51.png
5,FERPlus_52.png
5,FERPlus_53.png
5,FERPlus_54.png
5,FERPlus_55.png
5,FERPlus_56.png
5,FERPlus_57.png
5,FERPlus_58.png
5,FERPlus_59.png
5,FERPlus_60.png
5,FERPlus_61.png
5,FERPlus_62.png
5,FERPlus_63.png
5,FERPlus_64.png
5,FERPlus_65.png
5,FERPlus_66.png
5,FERPlus_67.png
5,FERPlus_68.png
5,FERPlus_69.png
5,FERPlus_70.png
5,FERPlus_71.png
5,FERPlus_72.png
5,FERPlus_73.png
5,FERPlus_74.png
5,FERPlus_75.png
5,FERPlus_76.png
5,FERPlus_77.png
5,FERPlus_78.png
5,FERPlus_79.png
5,FERPlus_80.png
5,FERPlus_81.png
5,FERPlus_82.png
5,FERPlus_83.png
5,FERPlus_84.png
5,FERPlus_85.png
5,FERPlus_86.png
5,FERPlus_87.png
5,FERPlus_88.png
5,FERPlus_89.png
5,FERPlus_90.png
5,FERPlus_91.png
5,FERPlus_92.png
5,FERPlus_93.png
5,FERPlus_94.png
5,FERPlus_95.png
5,FERPlus_96.png
5,FERPlus_97.png
5,FERPlus_98.png
5,FERPlus_99.png
5,FERPlus_100.png
5,FERPlus_101.png
5,FERPlus_102.png
5,FERPlus_103.png
5,FERPlus_104.png
5,FERPlus_105.png
5,FERPlus_106.png
5,FERPlus_107.png
5,FERPlus_108.png
5,FERPlus_109.png
5,FERPlus_110.png
5,FERPlus_111.png
5,FERPlus_112.png
5,FERPlus_113.png
5,FERPlus_114.png
5,FERPlus_115.png
5,FERPlus_116.png
5,FERPlus_117.png
5,FERPlus_118.png
5,FERPlus_119.png
5,FERPlus_120.png
5,FERPlus_121.png
5,FERPlus_122.png
5,FERPlus_123.png
5,FERPlus_124.png
5,FERPlus_125.png
5,FERPlus_126.png
5,FERPlus_127.png
5,FERPlus_128.png
5,FERPlus_129.png
5,FERPlus_130.png
5,FERPlus_131.png
5,FERPlus_132.png
5,FERPlus_133.png
5,FERPlus_134.png
5,FERPlus_135.png
5,FERPlus_136.png
5,FERPlus_137.png
5,FERPlus_138.png
5,FERPlus_139.png
5,FERPlus_140.png
5,FERPlus_141.png
5,FERPlus_142.png
5,FERPlus_143.png
5,FERPlus_144.png
5,FERPlus_145.png
5,FERPlus_146.png
5,FERPlus_147.png
5,FERPlus_148.png
5,FERPlus_149.png
5,FERPlus_150.png
5,FERPlus_151.png
5,FERPlus_152.png
5,FERPlus_153.png
5,FERPlus_154.png
5,FERPlus_155.png
5,FERPlus_156.png
5,FERPlus_157.png
5,FERPlus_158.png
5,FERPlus_159.png
5,FERPlus_160.png
5,FERPlus_161.png
5,FERPlus_162.png
5,FERPlus_163.png
5,FERPlus_164.png
5,FERPlus_165.png
5,FERPlus_166.png
5,FERPlus_167.png
5,FERPlus_168.png
5,FERPlus_169.png
5,FERPlus_170.png
5,FERPlus_171.png
5,FERPlus_172.png
5,FERPlus_173.png
5,FERPlus_174.png
5,FERPlus_175.png
5,FERPlus_176.png
5,FERPlus_177.png
5,FERPlus_178.png
5,FERPlus_179.png
5,FERPlus_180.png
5,FERPlus_181.png
5,FERPlus_182.png
5,FERPlus_183.png
5,FERPlus_184.png
5,FERPlus_185.png
5,FERPlus_186.png
5,FERPlus_187.png
5,FERPlus_188.png
5,FERPlus_189.png
5,FERPlus_190.png
5,FERPlus_191.png
5,FERPlus_192.png
5,FERPlus_193.png
5,FERPlus_194.png
5,FERPlus_195.png
5,FERPlus_196.png
5,FERPlus_197.png
5,FERPlus_198.png
5,FERPlus_199.png
5,FERPlus_200.png
5,FERPlus_201.png
5,FERPlus_202.png
5,FERPlus_203.png
5,FERPlus_204.png
5,FERPlus_205.png
5,FERPlus_206.png
5,FERPlus_207.png
5,FERPlus_208.png
5,FERPlus_209.png
5,FERPlus_210.png
5,FERPlus_211.png
5,FERPlus_212.png
5,FERPlus_213.png
5,FERPlus_214.png
5,FERPlus_215.png
5,FERPlus_216.png
5,FERPlus_217.png
5,FERPlus_218.png
5,FERPlus_219.png
5,FERPlus_220.png
5,FERPlus_221.png
5,FERPlus_222.png
5,FERPlus_223.png
5,FERPlus_224.png
5,FERPlus_225.png
5,FERPlus_226.png
5,FERPlus_227.png
5,FERPlus_228.png
5,FERPlus_229.png
5,FERPlus_230.png
5,FERPlus_231.png
5,FERPlus_232.png
5,FERPlus_233.png
5,FERPlus_234.png
5,FERPlus_235.png
5,FERPlus_236.png
5,FERPlus_237.png
5,FERPlus_238.png
5,FERPlus_239.png
5,FERPlus_240.png
5,FERPlus_241.png
5,FERPlus_242.png
5,FERPlus_243.png
5,FERPlus_244.png
5,FERPlus_245.png
5,FERPlus_246.png
5,FERPlus_247.png
5,FERPlus_248.png
5,FERPlus_249.png
5,FERPlus_250.png
5,FERPlus_251.png
5,FERPlus_252.png
5,FERPlus_253.png
5,FERPlus_254.png
5,FERPlus_255.png
5,FERPlus_256.png
5,FERPlus_257.png
5,FERPlus_258.png
5,FERPlus_259.png
5,FERPlus_260.png
5,FERPlus_261.png
5,FERPlus_262.png
5,FERPlus_263.png
5,FERPlus_264.png
5,FERPlus_265.png
5,FERPlus_266.png
5,FERPlus_267.png
5,FERPlus_268.png
5,FERPlus_269.png
5,FERPlus_270.png
5,FERPlus_271.png
5,FERPlus_272.png
5,FERPlus_273.png
5,FERPlus_274.png
5,FERPlus_275.png
5,FERPlus_276.png
5,FERPlus_277.png
5,FERPlus_278.png
5,FERPlus_279.png
5,FERPlus_280.png
5,FERPlus_281.png
5,FERPlus_282.png
5,FERPlus_283.png
5,FERPlus_284.png
5,FERPlus_285.png
5,FERPlus_286.png
5,FERPlus_287.png
5,FERPlus_288.png
5,FERPlus_289.png
5,FERPlus_290.png
5,FERPlus_291.png
5,FERPlus_292.png
5,FERPlus_293.png
5,FERPlus_294.png
5,FERPlus_295.png
5,FERPlus_296.png
5,FERPlus_297.png
5,FERPlus_298.png
5,FERPlus_299.png
5,FERPlus_300.png
5,FERPlus_301.png
5,FERPlus_302.png
5,FERPlus_303.png
5,FERPlus_304.png
5,FERPlus_305.png
5,FERPlus_306.png
5,FERPlus_307.png
5,FERPlus_308.png
5,FERPlus_309.png
5,FERPlus_310.png
5,FERPlus_311.png
5,FERPlus_312.png
5,FERPlus_313.png
5,FERPlus_314.png
5,FERPlus_315.png
5,FERPlus_316.png
5,FERPlus_317.png
5,FERPlus_318.png
5,FERPlus_319.png
5,FERPlus_320.png
5,FERPlus_321.png
5,FERPlus_322.png
5,FERPlus_323.png
5,FERPlus_324.png
5,FERPlus_325.png
5,FERPlus_326.png
5,FERPlus_327.png
5,FERPlus_328.png
5,FERPlus_329.png
5,FERPlus_330.png
5,FERPlus_331.png
5,FERPlus_332.png
5,FERPlus_333.png
5,FERPlus_334.png
5,FERPlus_335.png
5,FERPlus_336.png
5,FERPlus_337.png
5,FERPlus_338.png
5,FERPlus_339.png
5,FERPlus_340.png
5,FERPlus_341.png
5,FERPlus_342.png
5,FERPlus_343.png
5,FERPlus_344.png
5,FERPlus_345.png
5,FERPlus_346.png
5,FERPlus_347.png
5,FERPlus_348.png
5,FERPlus_349.png
5,FERPlus_350.png
5,FERPlus_351.png
5,FERPlus_352.png
5,FERPlus_353.png
5,FERPlus_354.png
5,FERPlus_355.png
5,FERPlus_356.png
5,FERPlus_357.png
5,FERPlus_358.png
5,FERPlus_359.png
5,FERPlus_360.png
5,FERPlus_361.png
5,FERPlus_362.png
5,FERPlus_363.png
5,FERPlus_364.png
5,FERPlus_365.png
5,FERPlus_366.png
5,FERPlus_367.png
5,FERPlus_368.png
5,FERPlus_369.png
5,FERPlus_370.png
5,FERPlus_371.png
5,FERPlus_372.png
5,FERPlus_373.png
5,FERPlus_374.png
5,FERPlus_375.png
5,FERPlus_376.png
5,FERPlus_377.png
5,FERPlus_378.png
5,FERPlus_379.png
5,FERPlus_380.png
5,FERPlus_381.png
5,FERPlus_382.png
5,FERPlus_383.png
5,FERPlus_384.png
5,FERPlus_385.png
5,FERPlus_386.png
5,FERPlus_387.png
5,FERPlus_388.png
5,FERPlus_389.png
5,FERPlus_390.png
5,FERPlus_391.png
5,FERPlus_392.png
5,FERPlus_393.png
5,FERPlus_394.png
5,FERPlus_395.png
5,FERPlus_396.png
5,FERPlus_397.png
5,FERPlus_398.png
5,FERPlus_399.png
5,FERPlus_400.png
5,FERPlus_401.png
5,FERPlus_402.png
5,FERPlus_403.png
5,FERPlus_404.png
5,FERPlus_405.png
5,FERPlus_406.png
5,FERPlus_407.png
5,FERPlus_408.png
5,FERPlus_409.png
5,FERPlus_410.png
5,FERPlus_411.png
5,FERPlus_412.png
5,FERPlus_413.png
5,FERPlus_414.png
5,FERPlus_415.png
5,FERPlus_416.png
5,FERPlus_417.png
5,FERPlus_418.png
5,FERPlus_419.png
5,FERPlus_420.png
5,FERPlus_421.png
5,FERPlus_422.png
5,FERPlus_423.png
5,FERPlus_424.png
5,FERPlus_425.png
5,FERPlus_426.png
5,FERPlus_427.png
5,FERPlus_428.png
5,FERPlus_429.png
5,FERPlus_430.png
5,FERPlus_431.png
5,FERPlus_432.png
5,FERPlus_433.png
5,FERPlus_434.png
5,FERPlus_435.png
5,FERPlus_436.png
5,FERPlus_437.png
5,FERPlus_438.png
5,FERPlus_439.png
5,FERPlus_440.png
5,FERPlus_441.png
5,FERPlus_442.png
5,FERPlus_443.png
5,FERPlus_444.png
5,FERPlus_445.png
5,FERPlus_446.png
5,FERPlus_447.png
5,FERPlus_448.png
5,FERPlus_449.png
5,FERPlus_450.png
5,FERPlus_451.png
5,FERPlus_452.png
5,FERPlus_453.png
5,FERPlus_454.png
5,FERPlus_455.png
5,FERPlus_456.png
5,FERPlus_457.png
5,FERPlus_458.png
5,FERPlus_459.png
5,FERPlus_460.png
5,FERPlus_461.png
5,FERPlus_462.png
5,FERPlus_463.png
5,FERPlus_464.png
5,FERPlus_465.png
5,FERPlus_466.png
5,FERPlus_467.png
5,FERPlus_468.png
5,FERPlus_469.png
5,FERPlus_470.png
5,FERPlus_471.png
5,FERPlus_472.png
5,FERPlus_473.png
5,FERPlus_474.png
5,FERPlus_475.png
5,FERPlus_476.png
5,FERPlus_477.png
5,FERPlus_478.png
5,FERPlus_479.png
5,FERPlus_480.png
5,FERPlus_481.png
5,FERPlus_482.png
5,FERPlus_483.png
5,FERPlus_484.png
5,FERPlus_485.png
5,FERPlus_486.png
5,FERPlus_487.png
5,FERPlus_488.png
5,FERPlus_489.png
5,FERPlus_490.png
5,FERPlus_491.png
5,FERPlus_492.png
5,FERPlus_493.png
5,FERPlus_494.png
5,FERPlus_495.png
5,FERPlus_496.png
5,FERPlus_497.png
5,FERPlus_498.png
5,FERPlus_499.png
5,FERPlus_500.png
5,FERPlus_501.png
5,FERPlus_502.png
5,FERPlus_503.png
5,FERPlus_504.png
5,FERPlus_505.png
5,FERPlus_506.png
5,FERPlus_507.png
5,FERPlus_508.png
5,FERPlus_509.png
5,FERPlus_510.png
5,FERPlus_511.png
5,FERPlus_512.png
5,FERPlus_513.png
5,FERPlus_514.png
5,FERPlus_515.png
5,FERPlus_516.png
5,FERPlus_517.png
5,FERPlus_518.png
5,FERPlus_519.png
5,FERPlus_520.png
5,FERPlus_521.png
5,FERPlus_522.png
5,FERPlus_523.png
5,FERPlus_524.png
5,FERPlus_525.png
5,FERPlus_526.png
5,FERPlus_527.png
5,FERPlus_528.png
5,FERPlus_529.png
5,FERPlus_530.png
5,FERPlus_531.png
5,FERPlus_532.png
5,FERPlus_533.png
5,FERPlus_534.png
5,FERPlus_535.png
5,FERPlus_536.png
5,FERPlus_537.png
5,FERPlus_538.png
5,FERPlus_539.png
5,FERPlus_540.png
5,FERPlus_541.png
5,FERPlus_542.png
5,FERPlus_543.png
5,FERPlus_544.png
5,FERPlus_545.png
5,FERPlus_546.png
5,FERPlus_547.png
5,FERPlus_548.png
5,FERPlus_549.png
5,FERPlus_550.png
5,FERPlus_551.png
5,FERPlus_552.png
5,FERPlus_553.png
5,FERPlus_554.png
5,FERPlus_555.png
5,FERPlus_556.png
5,FERPlus_557.png
5,FERPlus_558.png
5,FERPlus_559.png
5,FERPlus_560.png
5,FERPlus_561.png
5,FERPlus_562.png
5,FERPlus_563.png
5,FERPlus_564.png
5,FERPlus_565.png
5,FERPlus_566.png
5,FERPlus_567.png
5,FERPlus_568.png
5,FERPlus_569.png
5,FERPlus_570.png
5,FERPlus_571.png
5,FERPlus_572.png
5,FERPlus_573.png
5,FERPlus_574.png
5,FERPlus_575.png
5,FERPlus_576.png
5,FERPlus_577.png
5,FERPlus_578.png
5,FERPlus_579.png
5,FERPlus_580.png
5,FERPlus_581.png
5,FERPlus_582.png
5,FERPlus_583.png
5,FERPlus_584.png
5,FERPlus_585.png
5,FERPlus_586.png
5,FERPlus_587.png
5,FERPlus_588.png
5,FERPlus_589.png
5,FERPlus_590.png
5,FERPlus_591.png
5,FERPlus_592.png
5,FERPlus_593.png
5,FERPlus_594.png
5,FERPlus_595.png
5,FERPlus_596.png
5,FERPlus_597.png
5,FERPlus_598.png
5,FERPlus_599.png
5,FERPlus_600.png
5,FERPlus_601.png
5,FERPlus_602.png
5,FERPlus_603.png
5,FERPlus_604.png
5,FERPlus_605.png
5,FERPlus_606.png
5,FERPlus_607.png
5,FERPlus_608.png
5,FERPlus_609.png
5,FERPlus_610.png
5,FERPlus_611.png
5,FERPlus_612.png
5,FERPlus_613.png
5,FERPlus_614.png
5,FERPlus_615.png
5,FERPlus_616.png
5,FERPlus_617.png
5,FERPlus_618.png
5,FERPlus_619.png
5,FERPlus_620.png
5,FERPlus_621.png
5,FERPlus_622.png
5,FERPlus_623.png
5,FERPlus_624.png
5,FERPlus_625.png
5,FERPlus_626.png
5,FERPlus_627.png
5,FERPlus_628.png
5,FERPlus_629.png
5,FERPlus_630.png
5,FERPlus_631.png
5,FERPlus_632.png
5,FERPlus_633.png
5,FERPlus_634.png
5,FERPlus_635.png
5,FERPlus_636.png
5,FERPlus_637.png
5,FERPlus_638.png
5,FERPlus_639.png
5,FERPlus_640.png
5,FERPlus_641.png
5,FERPlus_642.png
5,FERPlus_643.png
5,FERPlus_644.png
5,FERPlus_645.png
5,FERPlus_646.png
5,FERPlus_647.png
5,FERPlus_648.png
5,FERPlus_649.png
5,FERPlus_650.png
5,FERPlus_651.png
5,FERPlus_652.png
5,FERPlus_653.png
5,FERPlus_654.png
5,FERPlus_655.png
5,FERPlus_656.png
5,FERPlus_657.png
5,FERPlus_658.png
5,FERPlus_659.png
5,FERPlus_660.png
5,FERPlus_661.png
5,FERPlus_662.png
5,FERPlus_663.png
5,FERPlus_664.png
5,FERPlus_665.png
5,FERPlus_666.png
5,FERPlus_667.png
5,FERPlus_668.png
5,FERPlus_669.png
5,FERPlus_670.png
5,FERPlus_671.png
5,FERPlus_672.png
5,FERPlus_673.png
5,FERPlus_674.png
5,FERPlus_675.png
5,FERPlus_676.png
5,FERPlus_677.png
5,FERPlus_678.png
5,FERPlus_679.png
5,FERPlus_680.png
5,FERPlus_681.png
5,FERPlus_682.png
5,FERPlus_683.png
5,FERPlus_684.png
5,FERPlus_685.png
5,FERPlus_686.png
5,FERPlus_687.png
5,FERPlus_688.png
5,FERPlus_689.png
5,FERPlus_690.png
5,FERPlus_691.png
5,FERPlus_692.png
5,FERPlus_693.png
5,FERPlus_694.png
5,FERPlus_695.png
5,FERPlus_696.png
5,FERPlus_697.png
5,FERPlus_698.png
5,FERPlus_699.png
5,FERPlus_700.png
5,FERPlus_701.png
5,FERPlus_702.png
5,FERPlus_703.png
5,FERPlus_704.png
5,FERPlus_705.png
5,FERPlus_706.png
5,FERPlus_707.png
5,FERPlus_708.png
5,FERPlus_709.png
5,FERPlus_710.png
5,FERPlus_711.png
5,FERPlus_712.png
5,FERPlus_713.png
5,FERPlus_714.png
5,FERPlus_715.png
5,FERPlus_716.png
5,FERPlus_717.png
5,FERPlus_718.png
5,FERPlus_719.png
5,FERPlus_720.png
5,FERPlus_721.png
5,FERPlus_722.png
5,FERPlus_723.png
5,FERPlus_724.png
5,FERPlus_725.png
5,FERPlus_726.png
5,FERPlus_727.png
5,FERPlus_728.png
5,FERPlus_729.png
5,FERPlus_730.png
5,FERPlus_731.png
5,FERPlus_732.png
5,FERPlus_733.png
5,FERPlus_734.png
5,FERPlus_735.png
5,FERPlus_736.png
5,FERPlus_737.png
5,FERPlus_738.png
5,FERPlus_739.png
5,FERPlus_740.png
5,FERPlus_741.png
5,FERPlus_742.png
5,FERPlus_743.png
5,FERPlus_744.png
5,FERPlus_745.png
5,FERPlus_746.png
5,FERPlus_747.png
5,FERPlus_748.png
5,FERPlus_749.png
5,FERPlus_750.png
5,FERPlus_751.png
5,FERPlus_752.png
5,FERPlus_753.png
5,FERPlus_754.png
5,FERPlus_755.png
5,FERPlus_756.png
5,FERPlus_757.png
5,FERPlus_758.png
5,FERPlus_759.png
5,FERPlus_760.png
5,FERPlus_761.png
5,FERPlus_762.png
5,FERPlus_763.png
5,FERPlus_764.png
5,FERPlus_765.png
5,FERPlus_766.png
5,FERPlus_767.png
5,FERPlus_768.png
5,FERPlus_769.png
5,FERPlus_770.png
5,FERPlus_771.png
5,FERPlus_772.png
5,FERPlus_773.png
5,FERPlus_774.png
5,FERPlus_775.png
5,FERPlus_776.png
5,FERPlus_777.png
5,FERPlus_778.png
5,FERPlus_779.png
5,FERPlus_780.png
5,FERPlus_781.png
5,FERPlus_782.png
5,FERPlus_783.png
5,FERPlus_784.png
5,FERPlus_785.png
5,FERPlus_786.png
5,FERPlus_787.png
5,FERPlus_788.png
5,FERPlus_789.png
5,FERPlus_790.png
5,FERPlus_791.png
5,FERPlus_792.png
5,FERPlus_793.png
5,FERPlus_794.png
5,FERPlus_795.png
5,FERPlus_796.png
5,FERPlus_797.png
5,FERPlus_798.png
5,FERPlus_799.png
5,FERPlus_800.png
5,FERPlus_801.png
5,FERPlus_802.png
5,FERPlus_803.png
5,FERPlus_804.png
5,FERPlus_805.png
5,FERPlus_806.png
5,FERPlus_807.png
5,FERPlus_808.png
5,FERPlus_809.png
5,FERPlus_810.png
5,FERPlus_811.png
5,FERPlus_812.png
5,FERPlus_813.png
5,FERPlus_814.png
5,FERPlus_815.png
5,FERPlus_816.png
5,FERPlus_817.png
5,FERPlus_818.png
5,FERPlus_819.png
5,FERPlus_820.png
5,FERPlus_821.png
5,FERPlus_822.png
5,FERPlus_823.png
5,FERPlus_824.png
5,FERPlus_825.png
5,FERPlus_826.png
5,FERPlus_827.png
5,FERPlus_828.png
5,FERPlus_829.png
5,FERPlus_830.png
5,FERPlus_831.png
5,FERPlus_832.png
5,FERPlus_833.png
5,FERPlus_834.png
5,FERPlus_835.png
5,FERPlus_836.png
5,FERPlus_837.png
5,FERPlus_838.png
5,FERPlus_839.png
5,FERPlus_840.png
5,FERPlus_841.png
5,FERPlus_842.png
5,FERPlus_843.png
5,FERPlus_844.png
5,FERPlus_845.png
5,FERPlus_846.png
5,FERPlus_847.png
5,FERPlus_848.png
5,FERPlus_849.png
5,FERPlus_850.png
5,FERPlus_851.png
5,FERPlus_852.png
5,FERPlus_853.png
5,FERPlus_854.png
5,FERPlus_855.png
5,FERPlus_856.png
5,FERPlus_857.png
5,FERPlus_858.png
5,FERPlus_859.png
5,FERPlus_860.png
5,FERPlus_861.png
5,FERPlus_862.png
5,FERPlus_863.png
5,FERPlus_864.png
5,FERPlus_865.png
5,FERPlus_866.png
5,FERPlus_867.png
5,FERPlus_868.png
5,FERPlus_869.png
5,FERPlus_870.png
5,FERPlus_871.png
5,FERPlus_872.png
5,FERPlus_873.png
5,FERPlus_874.png
5,FERPlus_875.png
5,FERPlus_876.png
5,FERPlus_877.png
5,FERPlus_878.png
5,FERPlus_879.png
5,FERPlus_880.png
5,FERPlus_881.png
5,FERPlus_882.png
5,FERPlus_883.png
5,FERPlus_884.png
5,FERPlus_885.png
5,FERPlus_886.png
5,FERPlus_887.png
5,FERPlus_888.png
5,FERPlus_889.png
5,FERPlus_890.png
5,FERPlus_891.png
5,FERPlus_892.png
5,FERPlus_893.png
5,FERPlus_894.png
5,FERPlus_895.png
5,FERPlus_896.png
5,FERPlus_897.png
5,FERPlus_898.png
5,FERPlus_899.png
5,FERPlus_900.png
5,FERPlus_901.png
5,FERPlus_902.png
5,FERPlus_903.png
5,FERPlus_904.png
5,FERPlus_905.png
5,FERPlus_906.png
5,FERPlus_907.png
5,FERPlus_908.png
5,FERPlus_909.png
5,FERPlus_910.png
5,FERPlus_911.png
5,FERPlus_912.png
5,FERPlus_913.png
5,FERPlus_914.png
5,FERPlus_915.png
5,FERPlus_916.png
5,FERPlus_917.png
5,FERPlus_918.png
5,FERPlus_919.png
5,FERPlus_920.png
5,FERPlus_921.png
5,FERPlus_922.png
5,FERPlus_923.png
5,FERPlus_924.png
5,FERPlus_925.png
5,FERPlus_926.png
5,FERPlus_927.png
5,FERPlus_928.png
5,FERPlus_929.png
5,FERPlus_930.png
5,FERPlus_931.png
5,FERPlus_932.png
5,FERPlus_933.png
5,FERPlus_934.png
5,FERPlus_935.png
5,FERPlus_936.png
5,FERPlus_937.png
5,FERPlus_938.png
5,FERPlus_939.png
5,FERPlus_940.png
5,FERPlus_941.png
5,FERPlus_942.png
5,FERPlus_943.png
5,FERPlus_944.png
5,FERPlus_945.png
5,FERPlus_946.png
5,FERPlus_947.png
5,FERPlus_948.png
5,FERPlus_949.png
5,FERPlus_950.png
5,FERPlus_951.png
5,FERPlus_952.png
5,FERPlus_953.png
5,FERPlus_954.png
5,FERPlus_955.png
5,FERPlus_956.png
5,FERPlus_957.png
5,FERPlus_958.png
5,FERPlus_959.png
5,FERPlus_960.png
5,FERPlus_961.png
5,FERPlus_962.png
5,FERPlus_963.png
5,FERPlus_964.png
5,FERPlus_965.png
5,FERPlus_966.png
5,FERPlus_967.png
5,FERPlus_968.png
5,FERPlus_969.png
5,FERPlus_970.png
5,FERPlus_971.png
5,FERPlus_972.png
5,FERPlus_973.png
5,FERPlus_974.png
5,FERPlus_975.png
5,FERPlus_976.png
5,FERPlus_977.png
5,FERPlus_978.png
5,FERPlus_979.png
5,FERPlus_980.png
5,FERPlus_981.png
5,FERPlus_982.png
5,FERPlus_983.png
5,FERPlus_984.png
5,FERPlus_985.png
5,FERPlus_986.png
5,FERPlus_987.png
5,FERPlus_988.png
5,FERPlus_989.png
5,FERPlus_990.png
5,FERPlus_991.png
5,FERPlus_992.png
5,FERPlus_993.png
5,FERPlus_994.png
5,FERPlus_995.png
5,FERPlus_996.png
5,FERPlus_997.png
5,FERPlus_998.png
5,FERPlus_999.png
5,FERPlus_1000.png
5,FERPlus_1001.png
5,FERPlus_1002.png
5,FERPlus_1003.png
5,FERPlus_1004.png
5,FERPlus_1005.png
5,FERPlus_1006.png
5,FERPlus_1007.png
5,FERPlus_1008.png
5,FERPlus_1009.png
5,FERPlus_1010.png
5,FERPlus_1011.png
5,FERPlus_1012.png
5,FERPlus_1013.png
5,FERPlus_1014.png
5,FERPlus_1015.png
5,FERPlus_1016.png
5,FERPlus_1017.png
5,FERPlus_1018.png
5,FERPlus_1019.png
5,FERPlus_1020.png
5,FERPlus_1021.png
5,FERPlus_1022.png
5,FERPlus_1023.png
5,FERPlus_1024.png
5,FERPlus_1025.png
5,FERPlus_1026.png
5,FERPlus_1027.png
5,FERPlus_1028.png
5,FERPlus_1029.png
5,FERPlus_1030.png
5,FERPlus_1031.png
5,FERPlus_1032.png
5,FERPlus_1033.png
5,FERPlus_1034.png
5,FERPlus_1035.png
5,FERPlus_1036.png
5,FERPlus_1037.png
5,FERPlus_1038.png
5,FERPlus_1039.png
5,FERPlus_1040.png
5,FERPlus_1041.png
5,FERPlus_1042.png
5,FERPlus_1043.png
5,FERPlus_1044.png
5,FERPlus_1045.png
5,FERPlus_1046.png
5,FERPlus_1047.png
5,FERPlus_1048.png
5,FERPlus_1049.png
5,FERPlus_1050.png
5,FERPlus_1051.png
5,FERPlus_1052.png
5,FERPlus_1053.png
5,FERPlus_1054.png
5,FERPlus_1055.png
5,FERPlus_1056.png
5,FERPlus_1057.png
5,FERPlus_1058.png
5,FERPlus_1059.png
5,FERPlus_1060.png
5,FERPlus_1061.png
5,FERPlus_1062.png
5,FERPlus_1063.png
5,FERPlus_1064.png
5,FERPlus_1065.png
5,FERPlus_1066.png
5,FERPlus_1067.png
5,FERPlus_1068.png
5,FERPlus_1069.png
5,FERPlus_1070.png
5,FERPlus_1071.png
5,FERPlus_1072.png
5,FERPlus_1073.png
5,FERPlus_1074.png
5,FERPlus_1075.png
5,FERPlus_1076.png
5,FERPlus_1077.png
5,FERPlus_1078.png
5,FERPlus_1079.png
5,FERPlus_1080.png
5,FERPlus_1081.png
5,FERPlus_1082.png
5,FERPlus_1083.png
5,FERPlus_1084.png
5,FERPlus_1085.png
5,FERPlus_1086.png
5,FERPlus_1087.png
5,FERPlus_1088.png
5,FERPlus_1089.png
5,FERPlus_1090.png
5,FERPlus_1091.png
5,FERPlus_1092.png
5,FERPlus_1093.png
5,FERPlus_1094.png
5,FERPlus_1095.png
5,FERPlus_1096.png
5,FERPlus_1097.png
5,FERPlus_1098.png
5,FERPlus_1099.png
5,FERPlus_1100.png
5,FERPlus_1101.png
5,FERPlus_1102.png
5,FERPlus_1103.png
5,FERPlus_1104.png
5,FERPlus_1105.png
5,FERPlus_1106.png
5,FERPlus_1107.png
5,FERPlus_1108.png
5,FERPlus_1109.png
5,FERPlus_1110.png
5,FERPlus_1111.png
5,FERPlus_1112.png
5,FERPlus_1113.png
5,FERPlus_1114.png
5,FERPlus_1115.png
5,FERPlus_1116.png
5,FERPlus_1117.png
5,FERPlus_1118.png
5,FERPlus_1119.png
5,FERPlus_1120.png
5,FERPlus_1121.png
5,FERPlus_1122.png
5,FERPlus_1123.png
5,FERPlus_1124.png
5,FERPlus_1125.png
5,FERPlus_1126.png
5,FERPlus_1127.png
5,FERPlus_1128.png
5,FERPlus_1129.png
5,FERPlus_1130.png
5,FERPlus_1131.png
5,FERPlus_1132.png
5,FERPlus_1133.png
5,FERPlus_1134.png
5,FERPlus_1135.png
5,FERPlus_1136.png
5,FERPlus_1137.png
5,FERPlus_1138.png
5,FERPlus_1139.png
5,FERPlus_1140.png
5,FERPlus_1141.png
5,FERPlus_1142.png
5,FERPlus_1143.png
5,FERPlus_1144.png
5,FERPlus_1145.png
5,FERPlus_1146.png
5,FERPlus_1147.png
5,FERPlus_1148.png
5,FERPlus_1149.png
5,FERPlus_1150.png
5,FERPlus_1151.png
5,FERPlus_1152.png
5,FERPlus_1153.png
5,FERPlus_1154.png
5,FERPlus_1155.png
5,FERPlus_1156.png
5,FERPlus_1157.png
5,FERPlus_1158.png
5,FERPlus_1159.png
5,FERPlus_1160.png
5,FERPlus_1161.png
5,FERPlus_1162.png
5,FERPlus_1163.png
5,FERPlus_1164.png
5,FERPlus_1165.png
5,FERPlus_1166.png
5,FERPlus_1167.png
5,FERPlus_1168.png
5,FERPlus_1169.png
5,FERPlus_1170.png
5,FERPlus_1171.png
5,FERPlus_1172.png
5,FERPlus_1173.png
5,FERPlus_1174.png
5,FERPlus_1175.png
5,FERPlus_1176.png
5,FERPlus_1177.png
5,FERPlus_1178.png
5,FERPlus_1179.png
5,FERPlus_1180.png
5,FERPlus_1181.png
5,FERPlus_1182.png
5,FERPlus_1183.png
5,FERPlus_1184.png
5,FERPlus_1185.png
5,FERPlus_1186.png
5,FERPlus_1187.png
5,FERPlus_1188.png
5,FERPlus_1189.png
5,FERPlus_1190.png
5,FERPlus_1191.png
5,FERPlus_1192.png
5,FERPlus_1193.png
5,FERPlus_1194.png
5,FERPlus_1195.png
5,FERPlus_1196.png
5,FERPlus_1197.png
5,FERPlus_1198.png
5,FERPlus_1199.png
5,FERPlus_1200.png
5,FERPlus_1201.png
5,FERPlus_1202.png
5,FERPlus_1203.png
5,FERPlus_1204.png
5,FERPlus_1205.png
5,FERPlus_1206.png
5,FERPlus_1207.png
5,FERPlus_1208.png
5,FERPlus_1209.png
5,FERPlus_1210.png
5,FERPlus_1211.png
5,FERPlus_1212.png
5,FERPlus_1213.png
5,FERPlus_1214.png
5,FERPlus_1215.png
5,FERPlus_1216.png
5,FERPlus_1217.png
5,FERPlus_1218.png
5,FERPlus_1219.png
5,FERPlus_1220.png
5,FERPlus_1221.png
5,FERPlus_1222.png
5,FERPlus_1223.png
5,FERPlus_1224.png
5,FERPlus_1225.png
5,FERPlus_1226.png
5,FERPlus_1227.png
5,FERPlus_1228.png
5,FERPlus_1229.png
5,FERPlus_1230.png
5,FERPlus_1231.png
5,FERPlus_1232.png
5,FERPlus_1233.png
5,FERPlus_1234.png
5,FERPlus_1235.png
5,FERPlus_1236.png
5,FERPlus_1237.png
5,FERPlus_1238.png
5,FERPlus_1239.png
5,FERPlus_1240.png
5,FERPlus_1241.png
5,FERPlus_1242.png
5,FERPlus_1243.png
5,FERPlus_1244.png
5,FERPlus_1245.png
5,FERPlus_1246.png
5,FERPlus_1247.png
5,FERPlus_1248.png
5,FERPlus_1249.png
5,FERPlus_1250.png
5,FERPlus_1251.png
5,FERPlus_1252.png
5,FERPlus_1253.png
5,FERPlus_1254.png
5,FERPlus_1255.png
5,FERPlus_1256.png
5,FERPlus_1257.png
5,FERPlus_1258.png
5,FERPlus_1259.png
5,FERPlus_1260.png
5,FERPlus_1261.png
5,FERPlus_1262.png
5,FERPlus_1263.png
5,FERPlus_1264.png
5,FERPlus_1265.png
5,FERPlus_1266.png
5,FERPlus_1267.png
5,FERPlus_1268.png
5,FERPlus_1269.png
5,FERPlus_1270.png
5,FERPlus_1271.png
5,FERPlus_1272.png
5,FERPlus_1273.png
5,FERPlus_1274.png
5,FERPlus_1275.png
5,FERPlus_1276.png
5,FERPlus_1277.png
5,FERPlus_1278.png
5,FERPlus_1279.png
5,FERPlus_1280.png
5,FERPlus_1281.png
5,FERPlus_1282.png
5,FERPlus_1283.png
5,FERPlus_1284.png
5,FERPlus_1285.png
5,FERPlus_1286.png
5,FERPlus_1287.png
5,FERPlus_1288.png
5,FERPlus_1289.png
5,FERPlus_1290.png
5,FERPlus_1291.png
5,FERPlus_1292.png
5,FERPlus_1293.png
5,FERPlus_1294.png
5,FERPlus_1295.png
5,FERPlus_1296.png
5,FERPlus_1297.png
5,FERPlus_1298.png
5,FERPlus_1299.png
5,FERPlus_1300.png
5,FERPlus_1301.png
5,FERPlus_1302.png
5,FERPlus_1303.png
5,FERPlus_1304.png
5,FERPlus_1305.png
5,FERPlus_1306.png
5,FERPlus_1307.png
5,FERPlus_1308.png
5,FERPlus_1309.png
5,FERPlus_1310.png
5,FERPlus_1311.png
5,FERPlus_1312.png
5,FERPlus_1313.png
5,FERPlus_1314.png
5,FERPlus_1315.png
5,FERPlus_1316.png
5,FERPlus_1317.png
5,FERPlus_1318.png
5,FERPlus_1319.png
5,FERPlus_1320.png
5,FERPlus_1321.png
5,FERPlus_1322.png
5,FERPlus_1323.png
5,FERPlus_1324.png
5,FERPlus_1325.png
5,FERPlus_1326.png
5,FERPlus_1327.png
5,FERPlus_1328.png
5,FERPlus_1329.png
5,FERPlus_1330.png
5,FERPlus_1331.png
5,FERPlus_1332.png
5,FERPlus_1333.png
5,FERPlus_1334.png
5,FERPlus_1335.png
5,FERPlus_1336.png
5,FERPlus_1337.png
5,FERPlus_1338.png
5,FERPlus_1339.png
5,FERPlus_1340.png
5,FERPlus_1341.png
5,FERPlus_1342.png
5,FERPlus_1343.png
5,FERPlus_1344.png
5,FERPlus_1345.png
5,FERPlus_1346.png
5,FERPlus_1347.png
5,FERPlus_1348.png
5,FERPlus_1349.png
5,FERPlus_1350.png
5,FERPlus_1351.png
5,FERPlus_1352.png
5,FERPlus_1353.png
5,FERPlus_1354.png
5,FERPlus_1355.png
5,FERPlus_1356.png
5,FERPlus_1357.png
5,FERPlus_1358.png
5,FERPlus_1359.png
5,FERPlus_1360.png
5,FERPlus_1361.png
5,FERPlus_1362.png
5,FERPlus_1363.png
5,FERPlus_1364.png
5,FERPlus_1365.png
5,FERPlus_1366.png
5,FERPlus_1367.png
5,FERPlus_1368.png
5,FERPlus_1369.png
5,FERPlus_1370.png
5,FERPlus_1371.png
5,FERPlus_1372.png
5,FERPlus_1373.png
5,FERPlus_1374.png
5,FERPlus_1375.png
5,FERPlus_1376.png
5,FERPlus_1377.png
5,FERPlus_1378.png
5,FERPlus_1379.png
5,FERPlus_1380.png
5,FERPlus_1381.png
5,FERPlus_1382.png
5,FERPlus_1383.png
5,FERPlus_1384.png
5,FERPlus_1385.png
5,FERPlus_1386.png
5,FERPlus_1387.png
5,FERPlus_1388.png
5,FERPlus_1389.png
5,FERPlus_1390.png
5,FERPlus_1391.png
5,FERPlus_1392.png
5,FERPlus_1393.png
5,FERPlus_1394.png
5,FERPlus_1395.png
5,FERPlus_1396.png
5,FERPlus_1397.png
5,FERPlus_1398.png
5,FERPlus_1399.png
5,FERPlus_1400.png
5,FERPlus_1401.png
5,FERPlus_1402.png
5,FERPlus_1403.png
5,FERPlus_1404.png
5,FERPlus_1405.png
5,FERPlus_1406.png
5,FERPlus_1407.png
5,FERPlus_1408.png
5,FERPlus_1409.png
5,FERPlus_1410.png
5,FERPlus_1411.png
5,FERPlus_1412.png
5,FERPlus_1413.png
5,FERPlus_1414.png
5,FERPlus_1415.png
5,FERPlus_1416.png
5,FERPlus_1417.png
5,FERPlus_1418.png
5,FERPlus_1419.png
5,FERPlus_1420.png
5,FERPlus_1421.png
5,FERPlus_1422.png
5,FERPlus_1423.png
5,FERPlus_1424.png
5,FERPlus_1425.png
5,FERPlus_1426.png
5,FERPlus_1427.png
5,FERPlus_1428.png
5,FERPlus_1429.png
5,FERPlus_1430.png
5,FERPlus_1431.png
5,FERPlus_1432.png
5,FERPlus_1433.png
5,FERPlus_1434.png
5,FERPlus_1435.png
5,FERPlus_1436.png
5,FERPlus_1437.png
5,FERPlus_1438.png
5,FERPlus_1439.png
5,FERPlus_1440.png
5,FERPlus_1441.png
5,FERPlus_1442.png
5,FERPlus_1443.png
5,FERPlus_1444.png
5,FERPlus_1445.png
5,FERPlus_1446.png
5,FERPlus_1447.png
5,FERPlus_1448.png
5,FERPlus_1449.png
5,FERPlus_1450.png
5,FERPlus_1451.png
5,FERPlus_1452.png
5,FERPlus_1453.png
5,FERPlus_1454.png
5,FERPlus_1455.png
5,FERPlus_1456.png
5,FERPlus_1457.png
5,FERPlus_1458.png
5,FERPlus_1459.png
5,FERPlus_1460.png
5,FERPlus_1461.png
5,FERPlus_1462.png
5,FERPlus_1463.png
5,FERPlus_1464.png
5,FERPlus_1465.png
5,FERPlus_1466.png
5,FERPlus_1467.png
5,FERPlus_1468.png
5,FERPlus_1469.png
5,FERPlus_1470.png
5,FERPlus_1471.png
5,FERPlus_1472.png
5,FERPlus_1473.png
5,FERPlus_1474.png
5,FERPlus_1475.png
5,FERPlus_1476.png
5,FERPlus_1477.png
5,FERPlus_1478.png
5,FERPlus_1479.png
5,FERPlus_1480.png
5,FERPlus_1481.png
5,FERPlus_1482.png
5,FERPlus_1483.png
5,FERPlus_1484.png
5,FERPlus_1485.png
5,FERPlus_1486.png
5,FERPlus_1487.png
5,FERPlus_1488.png
5,FERPlus_1489.png
5,FERPlus_1490.png
5,FERPlus_1491.png
5,FERPlus_1492.png
5,FERPlus_1493.png
5,FERPlus_1494.png
5,FERPlus_1495.png
5,FERPlus_1496.png
5,FERPlus_1497.png
5,FERPlus_1498.png
5,FERPlus_1499.png
5,FERPlus_1500.png
5,FERPlus_1501.png
5,FERPlus_1502.png
5,FERPlus_1503.png
5,FERPlus_1504.png
5,FERPlus_1505.png
5,FERPlus_1506.png
5,FERPlus_1507.png
5,FERPlus_1508.png
5,FERPlus_1509.png
5,FERPlus_1510.png
5,FERPlus_1511.png
5,FERPlus_1512.png
5,FERPlus_1513.png
5,FERPlus_1514.png
5,FERPlus_1515.png
5,FERPlus_1516.png
5,FERPlus_1517.png
5,FERPlus_1518.png
5,FERPlus_1519.png
5,FERPlus_1520.png
5,FERPlus_1521.png
5,FERPlus_1522.png
5,FERPlus_1523.png
5,FERPlus_1524.png
5,FERPlus_1525.png
5,FERPlus_1526.png
5,FERPlus_1527.png
5,FERPlus_1528.png
5,FERPlus_1529.png
5,FERPlus_1530.png
5,FERPlus_1531.png
5,FERPlus_1532.png
5,FERPlus_1533.png
5,FERPlus_1534.png
5,FERPlus_1535.png
5,FERPlus_1536.png
5,FERPlus_1537.png
5,FERPlus_1538.png
5,FERPlus_1539.png
5,FERPlus_1540.png
5,FERPlus_1541.png
5,FERPlus_1542.png
5,FERPlus_1543.png
5,FERPlus_1544.png
5,FERPlus_1545.png
5,FERPlus_1546.png
5,FERPlus_1547.png
5,FERPlus_1548.png
5,FERPlus_1549.png
5,FERPlus_1550.png
5,FERPlus_1551.png
5,FERPlus_1552.png
5,FERPlus_1553.png
5,FERPlus_1554.png
5,FERPlus_1555.png
5,FERPlus_1556.png
5,FERPlus_1557.png
5,FERPlus_1558.png
5,FERPlus_1559.png
5,FERPlus_1560.png
5,FERPlus_1561.png
5,FERPlus_1562.png
5,FERPlus_1563.png
5,FERPlus_1564.png
5,FERPlus_1565.png
5,FERPlus_1566.png
5,FERPlus_1567.png
5,FERPlus_1568.png
5,FERPlus_1569.png
5,FERPlus_1570.png
5,FERPlus_1571.png
5,FERPlus_1572.png
5,FERPlus_1573.png
5,FERPlus_1574.png
5,FERPlus_1575.png
5,FERPlus_1576.png
5,FERPlus_1577.png
5,FERPlus_1578.png
5,FERPlus_1579.png
5,FERPlus_1580.png
5,FERPlus_1581.png
5,FERPlus_1582.png
5,FERPlus_1583.png
5,FERPlus_1584.png
5,FERPlus_1585.png
5,FERPlus_1586.png
5,FERPlus_1587.png
5,FERPlus_1588.png
5,FERPlus_1589.png
5,FERPlus_1590.png
5,FERPlus_1591.png
5,FERPlus_1592.png
5,FERPlus_1593.png
5,FERPlus_1594.png
5,FERPlus_1595.png
5,FERPlus_1596.png
5,FERPlus_1597.png
5,FERPlus_1598.png
5,FERPlus_1599.png
5,FERPlus_1600.png
5,FERPlus_1601.png
5,FERPlus_1602.png
5,FERPlus_1603.png
5,FERPlus_1604.png
5,FERPlus_1605.png
5,FERPlus_1606.png
5,FERPlus_1607.png
5,FERPlus_1608.png
5,FERPlus_1609.png
5,FERPlus_1610.png
5,FERPlus_1611.png
5,FERPlus_1612.png
5,FERPlus_1613.png
5,FERPlus_1614.png
5,FERPlus_1615.png
5,FERPlus_1616.png
5,FERPlus_1617.png
5,FERPlus_1618.png
5,FERPlus_1619.png
5,FERPlus_1620.png
5,FERPlus_1621.png
5,FERPlus_1622.png
5,FERPlus_1623.png
5,FERPlus_1624.png
5,FERPlus_1625.png
5,FERPlus_1626.png
5,FERPlus_1627.png
5,FERPlus_1628.png
5,FERPlus_1629.png
5,FERPlus_1630.png
5,FERPlus_1631.png
5,FERPlus_1632.png
5,FERPlus_1633.png
5,FERPlus_1634.png
5,FERPlus_1635.png
5,FERPlus_1636.png
5,FERPlus_1637.png
5,FERPlus_1638.png
5,FERPlus_1639.png
5,FERPlus_1640.png
5,FERPlus_1641.png
5,FERPlus_1642.png
5,FERPlus_1643.png
5,FERPlus_1644.png
5,FERPlus_1645.png
5,FERPlus_1646.png
5,FERPlus_1647.png
5,FERPlus_1648.png
5,FERPlus_1649.png
5,FERPlus_1650.png
5,FERPlus_1651.png
5,FERPlus_1652.png
5,FERPlus_1653.png
5,FERPlus_1654.png
5,FERPlus_1655.png
5,FERPlus_1656.png
5,FERPlus_1657.png
5,FERPlus_1658.png
5,FERPlus_1659.png
5,FERPlus_1660.png
5,FERPlus_1661.png
5,FERPlus_1662.png
5,FERPlus_1663.png
5,FERPlus_1664.png
5,FERPlus_1665.png
5,FERPlus_1666.png
5,FERPlus_1667.png
5,FERPlus_1668.png
5,FERPlus_1669.png
5,FERPlus_1670.png
5,FERPlus_1671.png
5,FERPlus_1672.png
5,FERPlus_1673.png
5,FERPlus_1674.png
5,FERPlus_1675.png
5,FERPlus_1676.png
5,FERPlus_1677.png
5,FERPlus_1678.png
5,FERPlus_1679.png
5,FERPlus_1680.png
5,FERPlus_1681.png
5,FERPlus_1682.png
5,FERPlus_1683.png
5,FERPlus_1684.png
5,FERPlus_1685.png
5,FERPlus_1686.png
5,FERPlus_1687.png
5,FERPlus_1688.png
5,FERPlus_1689.png
5,FERPlus_1690.png
5,FERPlus_1691.png
5,FERPlus_1692.png
5,FERPlus_1693.png
5,FERPlus_1694.png
5,FERPlus_1695.png
5,FERPlus_1696.png
5,FERPlus_1697.png
5,FERPlus_1698.png
5,FERPlus_1699.png
5,FERPlus_1700.png
5,FERPlus_1701.png
5,FERPlus_1702.png
5,FERPlus_1703.png
5,FERPlus_1704.png
5,FERPlus_1705.png
5,FERPlus_1706.png
5,FERPlus_1707.png
5,FERPlus_1708.png
5,FERPlus_1709.png
5,FERPlus_1710.png
5,FERPlus_1711.png
5,FERPlus_1712.png
5,FERPlus_1713.png
5,FERPlus_1714.png
5,FERPlus_1715.png
5,FERPlus_1716.png
5,FERPlus_1717.png
5,FERPlus_1718.png
5,FERPlus_1719.png
5,FERPlus_1720.png
5,FERPlus_1721.png
5,FERPlus_1722.png
5,FERPlus_1723.png
5,FERPlus_1724.png
5,FERPlus_1725.png
5,FERPlus_1726.png
5,FERPlus_1727.png
5,FERPlus_1728.png
5,FERPlus_1729.png
5,FERPlus_1730.png
5,FERPlus_1731.png
5,FERPlus_1732.png
5,FERPlus_1733.png
5,FERPlus_1734.png
5,FERPlus_1735.png
5,FERPlus_1736.png
5,FERPlus_1737.png
5,FERPlus_1738.png
5,FERPlus_1739.png
5,FERPlus_1740.png
5,FERPlus_1741.png
5,FERPlus_1742.png
5,FERPlus_1743.png
5,FERPlus_1744.png
5,FERPlus_1745.png
5,FERPlus_1746.png
5,FERPlus_1747.png
5,FERPlus_1748.png
5,FERPlus_1749.png
5,FERPlus_1750.png
5,FERPlus_1751.png
5,FERPlus_1752.png
5,FERPlus_1753.png
5,FERPlus_1754.png
5,FERPlus_1755.png
5,FERPlus_1756.png
5,FERPlus_1757.png
5,FERPlus_1758.png
5,FERPlus_1759.png
5,FERPlus_1760.png
5,FERPlus_1761.png
5,FERPlus_1762.png
5,FERPlus_1763.png
5,FERPlus_1764.png
5,FERPlus_1765.png
5,FERPlus_1766.png
5,FERPlus_1767.png
5,FERPlus_1768.png
5,FERPlus_1769.png
5,FERPlus_1770.png
5,FERPlus_1771.png
5,FERPlus_1772.png
5,FERPlus_1773.png
5,FERPlus_1774.png
5,FERPlus_1775.png
5,FERPlus_1776.png
5,FERPlus_1777.png
5,FERPlus_1778.png
5,FERPlus_1779.png
5,FERPlus_1780.png
5,FERPlus_1781.png
5,FERPlus_1782.png
5,FERPlus_1783.png
5,FERPlus_1784.png
5,FERPlus_1785.png
5,FERPlus_1786.png
5,FERPlus_1787.png
5,FERPlus_1788.png
5,FERPlus_1789.png
5,FERPlus_1790.png
5,FERPlus_1791.png
5,FERPlus_1792.png
5,FERPlus_1793.png
5,FERPlus_1794.png
5,FERPlus_1795.png
5,FERPlus_1796.png
5,FERPlus_1797.png
5,FERPlus_1798.png
5,FERPlus_1799.png
5,FERPlus_1800.png
5,FERPlus_1801.png
5,FERPlus_1802.png
5,FERPlus_1803.png
5,FERPlus_1804.png
5,FERPlus_1805.png
5,FERPlus_1806.png
5,FERPlus_1807.png
5,FERPlus_1808.png
5,FERPlus_1809.png
5,FERPlus_1810.png
5,FERPlus_1811.png
5,FERPlus_1812.png
5,FERPlus_1813.png
5,FERPlus_1814.png
5,FERPlus_1815.png
5,FERPlus_1816.png
5,FERPlus_1817.png
5,FERPlus_1818.png
5,FERPlus_1819.png
5,FERPlus_1820.png
5,FERPlus_1821.png
5,FERPlus_1822.png
5,FERPlus_1823.png
5,FERPlus_1824.png
5,FERPlus_1825.png
5,FERPlus_1826.png
5,FERPlus_1827.png
5,FERPlus_1828.png
5,FERPlus_1829.png
5,FERPlus_1830.png
5,FERPlus_1831.png
5,FERPlus_1832.png
5,FERPlus_1833.png
5,FERPlus_1834.png
5,FERPlus_1835.png
5,FERPlus_1836.png
5,FERPlus_1837.png
5,FERPlus_1838.png
5,FERPlus_1839.png
5,FERPlus_1840.png
5,FERPlus_1841.png
5,FERPlus_1842.png
5,FERPlus_1843.png
5,FERPlus_1844.png
5,FERPlus_1845.png
5,FERPlus_1846.png
5,FERPlus_1847.png
5,FERPlus_1848.png
5,FERPlus_1849.png
5,FERPlus_1850.png
5,FERPlus_1851.png
5,FERPlus_1852.png
5,FERPlus_1853.png
5,FERPlus_1854.png
5,FERPlus_1855.png
5,FERPlus_1856.png
5,FERPlus_1857.png
5,FERPlus_1858.png
5,FERPlus_1859.png
5,FERPlus_1860.png
5,FERPlus_1861.png
5,FERPlus_1862.png
5,FERPlus_1863.png
5,FERPlus_1864.png
5,FERPlus_1865.png
5,FERPlus_1866.png
5,FERPlus_1867.png
5,FERPlus_1868.png
5,FERPlus_1869.png
5,FERPlus_1870.png
5,FERPlus_1871.png
5,FERPlus_1872.png
5,FERPlus_1873.png
5,FERPlus_1874.png
5,FERPlus_1875.png
5,FERPlus_1876.png
5,FERPlus_1877.png
5,FERPlus_1878.png
5,FERPlus_1879.png
5,FERPlus_1880.png
5,FERPlus_1881.png
5,FERPlus_1882.png
5,FERPlus_1883.png
5,FERPlus_1884.png
5,FERPlus_1885.png
5,FERPlus_1886.png
5,FERPlus_1887.png
5,FERPlus_1888.png
5,FERPlus_1889.png
5,FERPlus_1890.png
5,FERPlus_1891.png
5,FERPlus_1892.png
5,FERPlus_1893.png
5,FERPlus_1894.png
5,FERPlus_1895.png
5,FERPlus_1896.png
5,FERPlus_1897.png
5,FERPlus_1898.png
5,FERPlus_1899.png
5,FERPlus_1900.png
5,FERPlus_1901.png
5,FERPlus_1902.png
5,FERPlus_1903.png
5,FERPlus_1904.png
5,FERPlus_1905.png
5,FERPlus_1906.png
5,FERPlus_1907.png
5,FERPlus_1908.png
5,FERPlus_1909.png
5,FERPlus_1910.png
5,FERPlus_1911.png
5,FERPlus_1912.png
5,FERPlus_1913.png
5,FERPlus_1914.png
5,FERPlus_1915.png
5,FERPlus_1916.png
5,FERPlus_1917.png
5,FERPlus_1918.png
5,FERPlus_1919.png
5,FERPlus_1920.png
5,FERPlus_1921.png
5,FERPlus_1922.png
5,FERPlus_1923.png
5,FERPlus_1924.png
5,FERPlus_1925.png
5,FERPlus_1926.png
5,FERPlus_1927.png
5,FERPlus_1928.png
5,FERPlus_1929.png
5,FERPlus_1930.png
5,FERPlus_1931.png
5,FERPlus_1932.png
5,FERPlus_1933.png
5,FERPlus_1934.png
5,FERPlus_1935.png
5,FERPlus_1936.png
5,FERPlus_1937.png
5,FERPlus_1938.png
5,FERPlus_1939.png
5,FERPlus_1940.png
5,FERPlus_1941.png
5,FERPlus_1942.png
5,FERPlus_1943.png
5,FERPlus_1944.png
5,FERPlus_1945.png
5,FERPlus_1946.png
5,FERPlus_1947.png
5,FERPlus_1948.png
5,FERPlus_1949.png
5,FERPlus_1950.png
5,FERPlus_1951.png
5,FERPlus_1952.png
5,FERPlus_1953.png
5,FERPlus_1954.png
5,FERPlus_1955.png
5,FERPlus_1956.png
5,FERPlus_1957.png
5,FERPlus_1958.png
5,FERPlus_1959.png
5,FERPlus_1960.png
5,FERPlus_1961.png
5,FERPlus_1962.png
5,FERPlus_1963.png
5,FERPlus_1964.png
5,FERPlus_1965.png
5,FERPlus_1966.png
5,FERPlus_1967.png
5,FERPlus_1968.png
5,FERPlus_1969.png
5,FERPlus_1970.png
5,FERPlus_1971.png
5,FERPlus_1972.png
5,FERPlus_1973.png
5,FERPlus_1974.png
5,FERPlus_1975.png
5,FERPlus_1976.png
5,FERPlus_1977.png
5,FERPlus_1978.png
5,FERPlus_1979.png
5,FERPlus_1980.png
5,FERPlus_1981.png
5,FERPlus_1982.png
5,FERPlus_1983.png
5,FERPlus_1984.png
5,FERPlus_1985.png
5,FERPlus_1986.png
5,FERPlus_1987.png
5,FERPlus_1988.png
5,FERPlus_1989.png
5,FERPlus_1990.png
5,FERPlus_1991.png
5,FERPlus_1992.png
5,FERPlus_1993.png
5,FERPlus_1994.png
5,FERPlus_1995.png
5,FERPlus_1996.png
5,FERPlus_1997.png
5,FERPlus_1998.png
5,FERPlus_1999.png
5,FERPlus_2000.png
5,FERPlus_2001.png
5,FERPlus_2002.png
5,FERPlus_2003.png
5,FERPlus_2004.png
5,FERPlus_2005.png
5,FERPlus_2006.png
5,FERPlus_2007.png
5,FERPlus_2008.png
5,FERPlus_2009.png
5,FERPlus_2010.png
5,FERPlus_2011.png
5,FERPlus_2012.png
5,FERPlus_2013.png
5,FERPlus_2014.png
5,FERPlus_2015.png
5,FERPlus_2016.png
5,FERPlus_2017.png
5,FERPlus_2018.png
5,FERPlus_2019.png
5,FERPlus_2020.png
5,FERPlus_2021.png
5,FERPlus_2022.png
5,FERPlus_2023.png
5,FERPlus_2024.png
5,FERPlus_2025.png
5,FERPlus_2026.png
5,FERPlus_2027.png
5,FERPlus_2028.png
5,FERPlus_2029.png
5,FERPlus_2030.png
5,FERPlus_2031.png
5,FERPlus_2032.png
5,FERPlus_2033.png
5,FERPlus_2034.png
5,FERPlus_2035.png
5,FERPlus_2036.png
5,FERPlus_2037.png
5,FERPlus_2038.png
5,FERPlus_2039.png
5,FERPlus_2040.png
5,FERPlus_2041.png
5,FERPlus_2042.png
5,FERPlus_2043.png
5,FERPlus_2044.png
5,FERPlus_2045.png
5,FERPlus_2046.png
5,FERPlus_2047.png
5,FERPlus_2048.png
5,FERPlus_2049.png
5,FERPlus_2050.png
5,FERPlus_2051.png
5,FERPlus_2052.png
5,FERPlus_2053.png
5,FERPlus_2054.png
5,FERPlus_2055.png
5,FERPlus_2056.png
5,FERPlus_2057.png
5,FERPlus_2058.png
5,FERPlus_2059.png
5,FERPlus_2060.png
5,FERPlus_2061.png
5,FERPlus_2062.png
5,FERPlus_2063.png
5,FERPlus_2064.png
5,FERPlus_2065.png
5,FERPlus_2066.png
5,FERPlus_2067.png
5,FERPlus_2068.png
5,FERPlus_2069.png
5,FERPlus_2070.png
5,FERPlus_2071.png
5,FERPlus_2072.png
5,FERPlus_2073.png
5,FERPlus_2074.png
5,FERPlus_2075.png
5,FERPlus_2076.png
5,FERPlus_2077.png
5,FERPlus_2078.png
5,FERPlus_2079.png
5,FERPlus_2080.png
5,FERPlus_2081.png
5,FERPlus_2082.png
5,FERPlus_2083.png
5,FERPlus_2084.png
5,FERPlus_2085.png
5,FERPlus_2086.png
5,FERPlus_2087.png
5,FERPlus_2088.png
5,FERPlus_2089.png
5,FERPlus_2090.png
5,FERPlus_2091.png
5,FERPlus_2092.png
5,FERPlus_2093.png
5,FERPlus_2094.png
5,FERPlus_2095.png
5,FERPlus_2096.png
5,FERPlus_2097.png
5,FERPlus_2098.png
5,FERPlus_2099.png
5,FERPlus_2100.png
5,FERPlus_2101.png
5,FERPlus_2102.png
5,FERPlus_2103.png
5,FERPlus_2104.png
5,FERPlus_2105.png
5,FERPlus_2106.png
5,FERPlus_2107.png
5,FERPlus_2108.png
5,FERPlus_2109.png
5,FERPlus_2110.png
5,FERPlus_2111.png
5,FERPlus_2112.png
5,FERPlus_2113.png
5,FERPlus_2114.png
5,FERPlus_2115.png
5,FERPlus_2116.png
5,FERPlus_2117.png
5,FERPlus_2118.png
5,FERPlus_2119.png
5,FERPlus_2120.png
5,FERPlus_2121.png
5,FERPlus_2122.png
5,FERPlus_2123.png
5,FERPlus_2124.png
5,FERPlus_2125.png
5,FERPlus_2126.png
5,FERPlus_2127.png
5,FERPlus_2128.png
5,FERPlus_2129.png
5,FERPlus_2130.png
5,FERPlus_2131.png
5,FERPlus_2132.png
5,FERPlus_2133.png
5,FERPlus_2134.png
5,FERPlus_2135.png
5,FERPlus_2136.png
5,FERPlus_2137.png
5,FERPlus_2138.png
5,FERPlus_2139.png
5,FERPlus_2140.png
5,FERPlus_2141.png
5,FERPlus_2142.png
5,FERPlus_2143.png
5,FERPlus_2144.png
5,FERPlus_2145.png
5,FERPlus_2146.png
5,FERPlus_2147.png
5,FERPlus_2148.png
5,FERPlus_2149.png
5,FERPlus_2150.png
5,FERPlus_2151.png
5,FERPlus_2152.png
5,FERPlus_2153.png
5,FERPlus_2154.png
5,FERPlus_2155.png
5,FERPlus_2156.png
5,FERPlus_2157.png
5,FERPlus_2158.png
5,FERPlus_2159.png
5,FERPlus_2160.png
5,FERPlus_2161.png
5,FERPlus_2162.png
5,FERPlus_2163.png
5,FERPlus_2164.png
5,FERPlus_2165.png
5,FERPlus_2166.png
5,FERPlus_2167.png
5,FERPlus_2168.png
5,FERPlus_2169.png
5,FERPlus_2170.png
5,FERPlus_2171.png
5,FERPlus_2172.png
5,FERPlus_2173.png
5,FERPlus_2174.png
5,FERPlus_2175.png
5,FERPlus_2176.png
5,FERPlus_2177.png
5,FERPlus_2178.png
5,FERPlus_2179.png
5,FERPlus_2180.png
5,FERPlus_2181.png
5,FERPlus_2182.png
5,FERPlus_2183.png
5,FERPlus_2184.png
5,FERPlus_2185.png
5,FERPlus_2186.png
5,FERPlus_2187.png
5,FERPlus_2188.png
5,FERPlus_2189.png
5,FERPlus_2190.png
5,FERPlus_2191.png
5,FERPlus_2192.png
5,FERPlus_2193.png
5,FERPlus_2194.png
5,FERPlus_2195.png
5,FERPlus_2196.png
5,FERPlus_2197.png
5,FERPlus_2198.png
5,FERPlus_2199.png
5,FERPlus_2200.png
5,FERPlus_2201.png
5,FERPlus_2202.png
5,FERPlus_2203.png
5,FERPlus_2204.png
5,FERPlus_2205.png
5,FERPlus_2206.png
5,FERPlus_2207.png
5,FERPlus_2208.png
5,FERPlus_2209.png
5,FERPlus_2210.png
5,FERPlus_2211.png
5,FERPlus_2212.png
5,FERPlus_2213.png
5,FERPlus_2214.png
5,FERPlus_2215.png
5,FERPlus_2216.png
5,FERPlus_2217.png
5,FERPlus_2218.png
5,FERPlus_2219.png
5,FERPlus_2220.png
5,FERPlus_2221.png
5,FERPlus_2222.png
5,FERPlus_2223.png
5,FERPlus_2224.png
5,FERPlus_2225.png
5,FERPlus_2226.png
5,FERPlus_2227.png
5,FERPlus_2228.png
5,FERPlus_2229.png
5,FERPlus_2230.png
5,FERPlus_2231.png
5,FERPlus_2232.png
5,FERPlus_2233.png
5,FERPlus_2234.png
5,FERPlus_2235.png
5,FERPlus_2236.png
5,FERPlus_2237.png
5,FERPlus_2238.png
5,FERPlus_2239.png
5,FERPlus_2240.png
5,FERPlus_2241.png
5,FERPlus_2242.png
5,FERPlus_2243.png
5,FERPlus_2244.png
5,FERPlus_2245.png
5,FERPlus_2246.png
5,FERPlus_2247.png
5,FERPlus_2248.png
5,FERPlus_2249.png
5,FERPlus_2250.png
5,FERPlus_2251.png
5,FERPlus_2252.png
5,FERPlus_2253.png
5,FERPlus_2254.png
5,FERPlus_2255.png
5,FERPlus_2256.png
5,FERPlus_2257.png
5,FERPlus_2258.png
5,FERPlus_2259.png
5,FERPlus_2260.png
5,FERPlus_2261.png
5,FERPlus_2262.png
5,FERPlus_2263.png
5,FERPlus_2264.png
5,FERPlus_2265.png
5,FERPlus_2266.png
5,FERPlus_2267.png
5,FERPlus_2268.png
5,FERPlus_2269.png
5,FERPlus_2270.png
5,FERPlus_2271.png
5,FERPlus_2272.png
5,FERPlus_2273.png
5,FERPlus_2274.png
5,FERPlus_2275.png
5,FERPlus_2276.png
5,FERPlus_2277.png
5,FERPlus_2278.png
5,FERPlus_2279.png
5,FERPlus_2280.png
5,FERPlus_2281.png
5,FERPlus_2282.png
5,FERPlus_2283.png
5,FERPlus_2284.png
5,FERPlus_2285.png
5,FERPlus_2286.png
5,FERPlus_2287.png
5,FERPlus_2288.png
5,FERPlus_2289.png
5,FERPlus_2290.png
5,FERPlus_2291.png
5,FERPlus_2292.png
5,FERPlus_2293.png
5,FERPlus_2294.png
5,FERPlus_2295.png
5,FERPlus_2296.png
5,FERPlus_2297.png
5,FERPlus_2298.png
5,FERPlus_2299.png
5,FERPlus_2300.png
5,FERPlus_2301.png
5,FERPlus_2302.png
5,FERPlus_2303.png
5,FERPlus_2304.png
5,FERPlus_2305.png
5,FERPlus_2306.png
5,FERPlus_2307.png
5,FERPlus_2308.png
5,FERPlus_2309.png
5,FERPlus_2310.png
5,FERPlus_2311.png
5,FERPlus_2312.png
5,FERPlus_2313.png
5,FERPlus_2314.png
5,FERPlus_2315.png
5,FERPlus_2316.png
5,FERPlus_2317.png
5,FERPlus_2318.png
5,FERPlus_2319.png
5,FERPlus_2320.png
5,FERPlus_2321.png
5,FERPlus_2322.png
5,FERPlus_2323.png
5,FERPlus_2324.png
5,FERPlus_2325.png
5,FERPlus_2326.png
5,FERPlus_2327.png
5,FERPlus_2328.png
5,FERPlus_2329.png
5,FERPlus_2330.png
5,FERPlus_2331.png
5,FERPlus_2332.png
5,FERPlus_2333.png
5,FERPlus_2334.png
5,FERPlus_2335.png
5,FERPlus_2336.png
5,FERPlus_2337.png
5,FERPlus_2338.png
5,FERPlus_2339.png
5,FERPlus_2340.png
5,FERPlus_2341.png
5,FERPlus_2342.png
5,FERPlus_2343.png
5,FERPlus_2344.png
5,FERPlus_2345.png
5,FERPlus_2346.png
5,FERPlus_2347.png
5,FERPlus_2348.png
5,FERPlus_2349.png
5,FERPlus_2350.png
5,FERPlus_2351.png
5,FERPlus_2352.png
5,FERPlus_2353.png
5,FERPlus_2354.png
5,FERPlus_2355.png
5,FERPlus_2356.png
5,FERPlus_2357.png
5,FERPlus_2358.png
5,FERPlus_2359.png
5,FERPlus_2360.png
5,FERPlus_2361.png
5,FERPlus_2362.png
5,FERPlus_2363.png
5,FERPlus_2364.png
5,FERPlus_2365.png
5,FERPlus_2366.png
5,FERPlus_2367.png
5,FERPlus_2368.png
5,FERPlus_2369.png
5,FERPlus_2370.png
5,FERPlus_2371.png
5,FERPlus_2372.png
5,FERPlus_2373.png
5,FERPlus_2374.png
5,FERPlus_2375.png
5,FERPlus_2376.png
5,FERPlus_2377.png
5,FERPlus_2378.png
5,FERPlus_2379.png
5,FERPlus_2380.png
5,FERPlus_2381.png
5,FERPlus_2382.png
5,FERPlus_2383.png
5,FERPlus_2384.png
5,FERPlus_2385.png
5,FERPlus_2386.png
5,FERPlus_2387.png
5,FERPlus_2388.png
5,FERPlus_2389.png
5,FERPlus_2390.png
5,FERPlus_2391.png
5,FERPlus_2392.png
5,FERPlus_2393.png
5,FERPlus_2394.png
5,FERPlus_2395.png
5,FERPlus_2396.png
5,FERPlus_2397.png
5,FERPlus_2398.png
5,FERPlus_2399.png
5,FERPlus_2400.png
5,FERPlus_2401.png
5,FERPlus_2402.png
5,FERPlus_2403.png
5,FERPlus_2404.png
5,FERPlus_2405.png
5,FERPlus_2406.png
5,FERPlus_2407.png
5,FERPlus_2408.png
5,FERPlus_2409.png
5,FERPlus_2410.png
5,FERPlus_2411.png
5,FERPlus_2412.png
5,FERPlus_2413.png
5,FERPlus_2414.png
5,FERPlus_2415.png
5,FERPlus_2416.png
5,FERPlus_2417.png
5,FERPlus_2418.png
5,FERPlus_2419.png
5,FERPlus_2420.png
5,FERPlus_2421.png
5,FERPlus_2422.png
5,FERPlus_2423.png
5,FERPlus_2424.png
5,FERPlus_2425.png
5,FERPlus_2426.png
5,FERPlus_2427.png
5,FERPlus_2428.png
5,FERPlus_2429.png
5,FERPlus_2430.png
5,FERPlus_2431.png
5,FERPlus_2432.png
5,FERPlus_2433.png
5,FERPlus_2434.png
5,FERPlus_2435.png
5,FERPlus_2436.png
5,FERPlus_2437.png
5,FERPlus_2438.png
5,FERPlus_2439.png
5,FERPlus_2440.png
5,FERPlus_2441.png
5,FERPlus_2442.png
5,FERPlus_2443.png
5,FERPlus_2444.png
5,FERPlus_2445.png
5,FERPlus_2446.png
5,FERPlus_2447.png
5,FERPlus_2448.png
5,FERPlus_2449.png
5,FERPlus_2450.png
5,FERPlus_2451.png
5,FERPlus_2452.png
5,FERPlus_2453.png
5,FERPlus_2454.png
5,FERPlus_2455.png
5,FERPlus_2456.png
5,FERPlus_2457.png
5,FERPlus_2458.png
5,FERPlus_2459.png
5,FERPlus_2460.png
5,FERPlus_2461.png
5,FERPlus_2462.png
5,FERPlus_2463.png
5,FERPlus_2464.png
5,FERPlus_2465.png
5,FERPlus_2466.png
5,FERPlus_2467.png
5,FERPlus_2468.png
5,FERPlus_2469.png
5,FERPlus_2470.png
5,FERPlus_2471.png
5,FERPlus_2472.png
5,FERPlus_2473.png
5,FERPlus_2474.png
5,FERPlus_2475.png
5,FERPlus_2476.png
5,FERPlus_2477.png
5,FERPlus_2478.png
5,FERPlus_2479.png
5,FERPlus_2480.png
5,FERPlus_2481.png
5,FERPlus_2482.png
5,FERPlus_2483.png
5,FERPlus_2484.png
5,FERPlus_2485.png
5,FERPlus_2486.png
5,FERPlus_2487.png
5,FERPlus_2488.png
5,FERPlus_2489.png
5,FERPlus_2490.png
5,FERPlus_2491.png
5,FERPlus_2492.png
5,FERPlus_2493.png
5,FERPlus_2494.png
5,FERPlus_2495.png
5,FERPlus_2496.png
5,FERPlus_2497.png
5,FERPlus_2498.png
5,FERPlus_2499.png
5,FERPlus_2500.png
5,FERPlus_2501.png
5,FERPlus_2502.png
5,FERPlus_2503.png
5,FERPlus_2504.png
5,FERPlus_2505.png
5,FERPlus_2506.png
5,FERPlus_2507.png
5,FERPlus_2508.png
5,FERPlus_2509.png
5,FERPlus_2510.png
5,FERPlus_2511.png
5,FERPlus_2512.png
5,FERPlus_2513.png
5,FERPlus_2514.png
5,FERPlus_2515.png
5,FERPlus_2516.png
5,FERPlus_2517.png
5,FERPlus_2518.png
5,FERPlus_2519.png
5,FERPlus_2520.png
5,FERPlus_2521.png
5,FERPlus_2522.png
5,FERPlus_2523.png
5,FERPlus_2524.png
5,FERPlus_2525.png
5,FERPlus_2526.png
5,FERPlus_2527.png
5,FERPlus_2528.png
5,FERPlus_2529.png
5,FERPlus_2530.png
5,FERPlus_2531.png
5,FERPlus_2532.png
5,FERPlus_2533.png
5,FERPlus_2534.png
5,FERPlus_2535.png
5,FERPlus_2536.png
5,FERPlus_2537.png
5,FERPlus_2538.png
5,FERPlus_2539.png
5,FERPlus_2540.png
5,FERPlus_2541.png
5,FERPlus_2542.png
5,FERPlus_2543.png
5,FERPlus_2544.png
5,FERPlus_2545.png
5,FERPlus_2546.png
5,FERPlus_2547.png
5,FERPlus_2548.png
5,FERPlus_2549.png
5,FERPlus_2550.png
5,FERPlus_2551.png
5,FERPlus_2552.png
5,FERPlus_2553.png
5,FERPlus_2554.png
5,FERPlus_2555.png
5,FERPlus_2556.png
5,FERPlus_2557.png
5,FERPlus_2558.png
5,FERPlus_2559.png
5,FERPlus_2560.png
5,FERPlus_2561.png
5,FERPlus_2562.png
5,FERPlus_2563.png
5,FERPlus_2564.png
5,FERPlus_2565.png
5,FERPlus_2566.png
5,FERPlus_2567.png
5,FERPlus_2568.png
5,FERPlus_2569.png
5,FERPlus_2570.png
5,FERPlus_2571.png
5,FERPlus_2572.png
5,FERPlus_2573.png
5,FERPlus_2574.png
5,FERPlus_2575.png
5,FERPlus_2576.png
5,FERPlus_2577.png
5,FERPlus_2578.png
5,FERPlus_2579.png
5,FERPlus_2580.png
5,FERPlus_2581.png
5,FERPlus_2582.png
5,FERPlus_2583.png
5,FERPlus_2584.png
5,FERPlus_2585.png
5,FERPlus_2586.png
5,FERPlus_2587.png
5,FERPlus_2588.png
5,FERPlus_2589.png
5,FERPlus_2590.png
5,FERPlus_2591.png
5,FERPlus_2592.png
5,FERPlus_2593.png
5,FERPlus_2594.png
5,FERPlus_2595.png
5,FERPlus_2596.png
5,FERPlus_2597.png
5,FERPlus_2598.png
5,FERPlus_2599.png
5,FERPlus_2600.png
5,FERPlus_2601.png
5,FERPlus_2602.png
5,FERPlus_2603.png
5,FERPlus_2604.png
5,FERPlus_2605.png
5,FERPlus_2606.png
5,FERPlus_2607.png
5,FERPlus_2608.png
5,FERPlus_2609.png
5,FERPlus_2610.png
5,FERPlus_2611.png
5,FERPlus_2612.png
5,FERPlus_2613.png
5,FERPlus_2614.png
5,FERPlus_2615.png
5,FERPlus_2616.png
5,FERPlus_2617.png
5,FERPlus_2618.png
5,FERPlus_2619.png
5,FERPlus_2620.png
5,FERPlus_2621.png
5,FERPlus_2622.png
5,FERPlus_2623.png
5,FERPlus_2624.png
5,FERPlus_2625.png
5,FERPlus_2626.png
5,FERPlus_2627.png
5,FERPlus_2628.png
5,FERPlus_2629.png
5,FERPlus_2630.png
5,FERPlus_2631.png
5,FERPlus_2632.png
5,FERPlus_2633.png
5,FERPlus_2634.png
5,FERPlus_2635.png
5,FERPlus_2636.png
5,FERPlus_2637.png
5,FERPlus_2638.png
5,FERPlus_2639.png
5,FERPlus_2640.png
5,FERPlus_2641.png
5,FERPlus_2642.png
5,FERPlus_2643.png
5,FERPlus_2644.png
5,FERPlus_2645.png
5,FERPlus_2646.png
5,FERPlus_2647.png
5,FERPlus_2648.png
5,FERPlus_2649.png
5,FERPlus_2650.png
5,FERPlus_2651.png
5,FERPlus_2652.png
5,FERPlus_2653.png
5,FERPlus_2654.png
5,FERPlus_2655.png
5,FERPlus_2656.png
5,FERPlus_2657.png
5,FERPlus_2658.png
5,FERPlus_2659.png
5,FERPlus_2660.png
5,FERPlus_2661.png
5,FERPlus_2662.png
5,FERPlus_2663.png
5,FERPlus_2664.png
5,FERPlus_2665.png
5,FERPlus_2666.png
5,FERPlus_2667.png
5,FERPlus_2668.png
5,FERPlus_2669.png
5,FERPlus_2670.png
5,FERPlus_2671.png
5,FERPlus_2672.png
5,FERPlus_2673.png
5,FERPlus_2674.png
5,FERPlus_2675.png
5,FERPlus_2676.png
5,FERPlus_2677.png
5,FERPlus_2678.png
5,FERPlus_2679.png
5,FERPlus_2680.png
5,FERPlus_2681.png
5,FERPlus_2682.png
5,FERPlus_2683.png
5,FERPlus_2684.png
5,FERPlus_2685.png
5,FERPlus_2686.png
5,FERPlus_2687.png
5,FERPlus_2688.png
5,FERPlus_2689.png
5,FERPlus_2690.png
5,FERPlus_2691.png
5,FERPlus_2692.png
5,FERPlus_2693.png
5,FERPlus_2694.png
5,FERPlus_2695.png
5,FERPlus_2696.png
5,FERPlus_2697.png
5,FERPlus_2698.png
5,FERPlus_2699.png
5,FERPlus_2700.png
5,FERPlus_2701.png
5,FERPlus_2702.png
5,FERPlus_2703.png
5,FERPlus_2704.png
5,FERPlus_2705.png
5,FERPlus_2706.png
5,FERPlus_2707.png
5,FERPlus_2708.png
5,FERPlus_2709.png
5,FERPlus_2710.png
5,FERPlus_2711.png
5,FERPlus_2712.png
5,FERPlus_2713.png
5,FERPlus_2714.png
5,FERPlus_2715.png
5,FERPlus_2716.png
5,FERPlus_2717.png
5,FERPlus_2718.png
5,FERPlus_2719.png
5,FERPlus_2720.png
5,FERPlus_2721.png
5,FERPlus_2722.png
5,FERPlus_2723.png
5,FERPlus_2724.png
5,FERPlus_2725.png
5,FERPlus_2726.png
5,FERPlus_2727.png
5,FERPlus_2728.png
5,FERPlus_2729.png
5,FERPlus_2730.png
5,FERPlus_2731.png
5,FERPlus_2732.png
5,FERPlus_2733.png
5,FERPlus_2734.png
5,FERPlus_2735.png
5,FERPlus_2736.png
5,FERPlus_2737.png
5,FERPlus_2738.png
5,FERPlus_2739.png
5,FERPlus_2740.png
5,FERPlus_2741.png
5,FERPlus_2742.png
5,FERPlus_2743.png
5,FERPlus_2744.png
5,FERPlus_2745.png
5,FERPlus_2746.png
5,FERPlus_2747.png
5,FERPlus_2748.png
5,FERPlus_2749.png
5,FERPlus_2750.png
5,FERPlus_2751.png
5,FERPlus_2752.png
5,FERPlus_2753.png
5,FERPlus_2754.png
5,FERPlus_2755.png
5,FERPlus_2756.png
5,FERPlus_2757.png
5,FERPlus_2758.png
5,FERPlus_2759.png
5,FERPlus_2760.png
5,FERPlus_2761.png
5,FERPlus_2762.png
5,FERPlus_2763.png
5,FERPlus_2764.png
5,FERPlus_2765.png
5,FERPlus_2766.png
5,FERPlus_2767.png
5,FERPlus_2768.png
5,FERPlus_2769.png
5,FERPlus_2770.png
5,FERPlus_2771.png
5,FERPlus_2772.png
5,FERPlus_2773.png
5,FERPlus_2774.png
5,FERPlus_2775.png
5,FERPlus_2776.png
5,FERPlus_2777.png
5,FERPlus_2778.png
5,FERPlus_2779.png
5,FERPlus_2780.png
5,FERPlus_2781.png
5,FERPlus_2782.png
5,FERPlus_2783.png
5,FERPlus_2784.png
5,FERPlus_2785.png
5,FERPlus_2786.png
5,FERPlus_2787.png
5,FERPlus_2788.png
5,FERPlus_2789.png
5,FERPlus_2790.png
5,FERPlus_2791.png
5,FERPlus_2792.png
5,FERPlus_2793.png
5,FERPlus_2794.png
5,FERPlus_2795.png
5,FERPlus_2796.png
5,FERPlus_2797.png
5,FERPlus_2798.png
5,FERPlus_2799.png
5,FERPlus_2800.png
5,FERPlus_2801.png
5,FERPlus_2802.png
5,FERPlus_2803.png
5,FERPlus_2804.png
5,FERPlus_2805.png
5,FERPlus_2806.png
5,FERPlus_2807.png
5,FERPlus_2808.png
5,FERPlus_2809.png
5,FERPlus_2810.png
5,FERPlus_2811.png
5,FERPlus_2812.png
5,FERPlus_2813.png
5,FERPlus_2814.png
5,FERPlus_2815.png
5,FERPlus_2816.png
5,FERPlus_2817.png
5,FERPlus_2818.png
5,FERPlus_2819.png
5,FERPlus_2820.png
5,FERPlus_2821.png
5,FERPlus_2822.png
5,FERPlus_2823.png
5,FERPlus_2824.png
5,FERPlus_2825.png
5,FERPlus_2826.png
5,FERPlus_2827.png
5,FERPlus_2828.png
5,FERPlus_2829.png
5,FERPlus_2830.png
5,FERPlus_2831.png
5,FERPlus_2832.png
5,FERPlus_2833.png
5,FERPlus_2834.png
5,FERPlus_2835.png
5,FERPlus_2836.png
5,FERPlus_2837.png
5,FERPlus_2838.png
5,FERPlus_2839.png
5,FERPlus_2840.png
5,FERPlus_2841.png
5,FERPlus_2842.png
5,FERPlus_2843.png
5,FERPlus_2844.png
5,FERPlus_2845.png
5,FERPlus_2846.png
5,FERPlus_2847.png
5,FERPlus_2848.png
5,FERPlus_2849.png
5,FERPlus_2850.png
5,FERPlus_2851.png
5,FERPlus_2852.png
5,FERPlus_2853.png
5,FERPlus_2854.png
5,FERPlus_2855.png
5,FERPlus_2856.png
5,FERPlus_2857.png
5,FERPlus_2858.png
5,FERPlus_2859.png
5,FERPlus_2860.png
5,FERPlus_2861.png
5,FERPlus_2862.png
5,FERPlus_2863.png
5,FERPlus_2864.png
5,FERPlus_2865.png
5,FERPlus_2866.png
5,FERPlus_2867.png
5,FERPlus_2868.png
5,FERPlus_2869.png
5,FERPlus_2870.png
5,FERPlus_2871.png
5,FERPlus_2872.png
5,FERPlus_2873.png
5,FERPlus_2874.png
5,FERPlus_2875.png
5,FERPlus_2876.png
5,FERPlus_2877.png
5,FERPlus_2878.png
5,FERPlus_2879.png
5,FERPlus_2880.png
5,FERPlus_2881.png
5,FERPlus_2882.png
5,FERPlus_2883.png
5,FERPlus_2884.png
5,FERPlus_2885.png
5,FERPlus_2886.png
5,FERPlus_2887.png
5,FERPlus_2888.png
5,FERPlus_2889.png
5,FERPlus_2890.png
5,FERPlus_2891.png
5,FERPlus_2892.png
5,FERPlus_2893.png
5,FERPlus_2894.png
5,FERPlus_2895.png
5,FERPlus_2896.png
5,FERPlus_2897.png
5,FERPlus_2898.png
5,FERPlus_2899.png
5,FERPlus_2900.png
5,FERPlus_2901.png
5,FERPlus_2902.png
5,FERPlus_2903.png
5,FERPlus_2904.png
5,FERPlus_2905.png
5,FERPlus_2906.png
5,FERPlus_2907.png
5,FERPlus_2908.png
5,FERPlus_2909.png
5,FERPlus_2910.png
5,FERPlus_2911.png
5,FERPlus_2912.png
5,FERPlus_2913.png
5,FERPlus_2914.png
5,FERPlus_2915.png
5,FERPlus_2916.png
5,FERPlus_2917.png
5,FERPlus_2918.png
5,FERPlus_2919.png
5,FERPlus_2920.png
5,FERPlus_2921.png
5,FERPlus_2922.png
5,FERPlus_2923.png
5,FERPlus_2924.png
5,FERPlus_2925.png
5,FERPlus_2926.png
5,FERPlus_2927.png
5,FERPlus_2928.png
5,FERPlus_2929.png
5,FERPlus_2930.png
5,FERPlus_2931.png
5,FERPlus_2932.png
5,FERPlus_2933.png
5,FERPlus_2934.png
5,FERPlus_2935.png
5,FERPlus_2936.png
5,FERPlus_2937.png
5,FERPlus_2938.png
5,FERPlus_2939.png
5,FERPlus_2940.png
5,FERPlus_2941.png
5,FERPlus_2942.png
5,FERPlus_2943.png
5,FERPlus_2944.png
5,FERPlus_2945.png
5,FERPlus_2946.png
5,FERPlus_2947.png
5,FERPlus_2948.png
5,FERPlus_2949.png
5,FERPlus_2950.png
5,FERPlus_2951.png
5,FERPlus_2952.png
5,FERPlus_2953.png
5,FERPlus_2954.png
5,FERPlus_2955.png
5,FERPlus_2956.png
5,FERPlus_2957.png
5,FERPlus_2958.png
5,FERPlus_2959.png
5,FERPlus_2960.png
5,FERPlus_2961.png
5,FERPlus_2962.png
5,FERPlus_2963.png
5,FERPlus_2964.png
5,FERPlus_2965.png
5,FERPlus_2966.png
5,FERPlus_2967.png
5,FERPlus_2968.png
5,FERPlus_2969.png
5,FERPlus_2970.png
5,FERPlus_2971.png
5,FERPlus_2972.png
5,FERPlus_2973.png
5,FERPlus_2974.png
5,FERPlus_2975.png
5,FERPlus_2976.png
5,FERPlus_2977.png
5,FERPlus_2978.png
5,FERPlus_2979.png
5,FERPlus_2980.png
5,FERPlus_2981.png
5,FERPlus_2982.png
5,FERPlus_2983.png
5,FERPlus_2984.png
5,FERPlus_2985.png
5,FERPlus_2986.png
5,FERPlus_2987.png
5,FERPlus_2988.png
5,FERPlus_2989.png
5,FERPlus_2990.png
5,FERPlus_2991.png
5,FERPlus_2992.png
5,FERPlus_2993.png
5,FERPlus_2994.png
5,FERPlus_2995.png
5,FERPlus_2996.png
5,FERPlus_2997.png
5,FERPlus_2998.png
5,FERPlus_2999.png
5,FERPlus_3000.png
5,FERPlus_3001.png
5,FERPlus_3002.png
5,FERPlus_3003.png
5,FERPlus_3004.png
5,FERPlus_3005.png
5,FERPlus_3006.png
5,FERPlus_3007.png
5,FERPlus_3008.png
5,FERPlus_3009.png
5,FERPlus_3010.png
5,FERPlus_3011.png
5,FERPlus_3012.png
5,FERPlus_3013.png
5,FERPlus_3014.png
5,FERPlus_3015.png
5,FERPlus_3016.png
5,FERPlus_3017.png
5,FERPlus_3018.png
5,FERPlus_3019.png
5,FERPlus_3020.png
5,FERPlus_3021.png
5,FERPlus_3022.png
5,FERPlus_3023.png
5,FERPlus_3024.png
5,FERPlus_3025.png
5,FERPlus_3026.png
5,FERPlus_3027.png
5,FERPlus_3028.png
5,FERPlus_3029.png
5,FERPlus_3030.png
5,FERPlus_3031.png
5,FERPlus_3032.png
5,FERPlus_3033.png
5,FERPlus_3034.png
5,FERPlus_3035.png
5,FERPlus_3036.png
5,FERPlus_3037.png
5,FERPlus_3038.png
5,FERPlus_3039.png
5,FERPlus_3040.png
5,FERPlus_3041.png
5,FERPlus_3042.png
5,FERPlus_3043.png
5,FERPlus_3044.png
5,FERPlus_3045.png
5,FERPlus_3046.png
5,FERPlus_3047.png
5,FERPlus_3048.png
5,FERPlus_3049.png
5,FERPlus_3050.png
5,FERPlus_3051.png
5,FERPlus_3052.png
5,FERPlus_3053.png
5,FERPlus_3054.png
5,FERPlus_3055.png
5,FERPlus_3056.png
5,FERPlus_3057.png
5,FERPlus_3058.png
5,FERPlus_3059.png
5,FERPlus_3060.png
5,FERPlus_3061.png
5,FERPlus_3062.png
5,FERPlus_3063.png
5,FERPlus_3064.png
5,FERPlus_3065.png
5,FERPlus_3066.png
5,FERPlus_3067.png
5,FERPlus_3068.png
5,FERPlus_3069.png
5,FERPlus_3070.png
5,FERPlus_3071.png
5,FERPlus_3072.png
5,FERPlus_3073.png
5,FERPlus_3074.png
5,FERPlus_3075.png
5,FERPlus_3076.png
5,FERPlus_3077.png
5,FERPlus_3078.png
5,FERPlus_3079.png
5,FERPlus_3080.png
5,FERPlus_3081.png
5,FERPlus_3082.png
5,FERPlus_3083.png
5,FERPlus_3084.png
5,FERPlus_3085.png
5,FERPlus_3086.png
5,FERPlus_3087.png
5,FERPlus_3088.png
5,FERPlus_3089.png
5,FERPlus_3090.png
5,FERPlus_3091.png
5,FERPlus_3092.png
5,FERPlus_3093.png
5,FERPlus_3094.png
5,FERPlus_3095.png
5,FERPlus_3096.png
5,FERPlus_3097.png
5,FERPlus_3098.png
5,FERPlus_3099.png
5,FERPlus_3100.png
5,FERPlus_3101.png
5,FERPlus_3102.png
5,FERPlus_3103.png
5,FERPlus_3104.png
5,FERPlus_3105.png
5,FERPlus_3106.png
5,FERPlus_3107.png
5,FERPlus_3108.png
5,FERPlus_3109.png
5,FERPlus_3110.png
5,FERPlus_3111.png
5,FERPlus_3112.png
5,FERPlus_3113.png
5,FERPlus_3114.png
5,FERPlus_3115.png
5,FERPlus_3116.png
5,FERPlus_3117.png
5,FERPlus_3118.png
5,FERPlus_3119.png
5,FERPlus_3120.png
5,FERPlus_3121.png
5,FERPlus_3122.png
5,FERPlus_3123.png
5,FERPlus_3124.png
5,FERPlus_3125.png
5,FERPlus_3126.png
5,FERPlus_3127.png
5,FERPlus_3128.png
5,FERPlus_3129.png
5,FERPlus_3130.png
5,FERPlus_3131.png
5,FERPlus_3132.png
5,FERPlus_3133.png
5,FERPlus_3134.png
5,FERPlus_3135.png
5,FERPlus_3136.png
5,FERPlus_3137.png
5,FERPlus_3138.png
5,FERPlus_3139.png
5,FERPlus_3140.png
5,FERPlus_3141.png
5,FERPlus_3142.png
5,FERPlus_3143.png
5,FERPlus_3144.png
5,FERPlus_3145.png
5,FERPlus_3146.png
5,FERPlus_3147.png
5,FERPlus_3148.png
5,FERPlus_3149.png
5,FERPlus_3150.png
5,FERPlus_3151.png
5,FERPlus_3152.png
5,FERPlus_3153.png
5,FERPlus_3154.png
5,FERPlus_3155.png
5,FERPlus_3156.png
5,FERPlus_3157.png
5,FERPlus_3158.png
5,FERPlus_3159.png
5,FERPlus_3160.png
5,FERPlus_3161.png
5,FERPlus_3162.png
5,FERPlus_3163.png
5,FERPlus_3164.png
5,FERPlus_3165.png
5,FERPlus_3166.png
5,FERPlus_3167.png
5,FERPlus_3168.png
5,FERPlus_3169.png
5,FERPlus_3170.png
5,FERPlus_3171.png
5,FERPlus_3172.png
5,FERPlus_3173.png
5,FERPlus_3174.png
5,FERPlus_3175.png
5,FERPlus_3176.png
5,FERPlus_3177.png
5,FERPlus_3178.png
5,FERPlus_3179.png
5,FERPlus_3180.png
5,FERPlus_3181.png
5,FERPlus_3182.png
5,FERPlus_3183.png
5,FERPlus_3184.png
5,FERPlus_3185.png
5,FERPlus_3186.png
5,FERPlus_3187.png
5,FERPlus_3188.png
5,FERPlus_3189.png
5,FERPlus_3190.png
5,FERPlus_3191.png
5,FERPlus_3192.png
5,FERPlus_3193.png
5,FERPlus_3194.png
5,FERPlus_3195.png
5,FERPlus_3196.png
5,FERPlus_3197.png
5,FERPlus_3198.png
5,FERPlus_3199.png
5,FERPlus_3200.png
5,FERPlus_3201.png
5,FERPlus_3202.png
5,FERPlus_3203.png
5,FERPlus_3204.png
5,FERPlus_3205.png
5,FERPlus_3206.png
5,FERPlus_3207.png
5,FERPlus_3208.png
5,FERPlus_3209.png
5,FERPlus_3210.png
5,FERPlus_3211.png
5,FERPlus_3212.png
5,FERPlus_3213.png
5,FERPlus_3214.png
5,FERPlus_3215.png
5,FERPlus_3216.png
5,FERPlus_3217.png
5,FERPlus_3218.png
5,FERPlus_3219.png
5,FERPlus_3220.png
5,FERPlus_3221.png
5,FERPlus_3222.png
5,FERPlus_3223.png
5,FERPlus_3224.png
5,FERPlus_3225.png
5,FERPlus_3226.png
5,FERPlus_3227.png
5,FERPlus_3228.png
5,FERPlus_3229.png
5,FERPlus_3230.png
5,FERPlus_3231.png
5,FERPlus_3232.png
5,FERPlus_3233.png
5,FERPlus_3234.png
5,FERPlus_3235.png
5,FERPlus_3236.png
5,FERPlus_3237.png
5,FERPlus_3238.png
5,FERPlus_3239.png
5,FERPlus_3240.png
5,FERPlus_3241.png
5,FERPlus_3242.png
5,FERPlus_3243.png
5,FERPlus_3244.png
5,FERPlus_3245.png
5,FERPlus_3246.png
5,FERPlus_3247.png
5,FERPlus_3248.png
5,FERPlus_3249.png
5,FERPlus_3250.png
5,FERPlus_3251.png
5,FERPlus_3252.png
5,FERPlus_3253.png
5,FERPlus_3254.png
5,FERPlus_3255.png
5,FERPlus_3256.png
5,FERPlus_3257.png
5,FERPlus_3258.png
5,FERPlus_3259.png
5,FERPlus_3260.png
5,FERPlus_3261.png
5,FERPlus_3262.png
5,FERPlus_3263.png
5,FERPlus_3264.png
5,FERPlus_3265.png
5,FERPlus_3266.png
5,FERPlus_3267.png
5,FERPlus_3268.png
5,FERPlus_3269.png
5,FERPlus_3270.png
5,FERPlus_3271.png
5,FERPlus_3272.png
5,FERPlus_3273.png
5,FERPlus_3274.png
5,FERPlus_3275.png
5,FERPlus_3276.png
5,FERPlus_3277.png
5,FERPlus_3278.png
5,FERPlus_3279.png
5,FERPlus_3280.png
5,FERPlus_3281.png
5,FERPlus_3282.png
5,FERPlus_3283.png
5,FERPlus_3284.png
5,FERPlus_3285.png
5,FERPlus_3286.png
5,FERPlus_3287.png
5,FERPlus_3288.png
5,FERPlus_3289.png
5,FERPlus_3290.png
5,FERPlus_3291.png
5,FERPlus_3292.png
5,FERPlus_3293.png
5,FERPlus_3294.png
5,FERPlus_3295.png
5,FERPlus_3296.png
5,FERPlus_3297.png
5,FERPlus_3298.png
5,FERPlus_3299.png
5,FERPlus_3300.png
5,FERPlus_3301.png
5,FERPlus_3302.png
5,FERPlus_3303.png
5,FERPlus_3304.png
5,FERPlus_3305.png
5,FERPlus_3306.png
5,FERPlus_3307.png
5,FERPlus_3308.png
5,FERPlus_3309.png
5,FERPlus_3310.png
5,FERPlus_3311.png
5,FERPlus_3312.png
5,FERPlus_3313.png
5,FERPlus_3314.png
5,FERPlus_3315.png
5,FERPlus_3316.png
5,FERPlus_3317.png
5,FERPlus_3318.png
5,FERPlus_3319.png
5,FERPlus_3320.png
5,FERPlus_3321.png
5,FERPlus_3322.png
5,FERPlus_3323.png
5,FERPlus_3324.png
5,FERPlus_3325.png
5,FERPlus_3326.png
5,FERPlus_3327.png
5,FERPlus_3328.png
5,FERPlus_3329.png
5,FERPlus_3330.png
5,FERPlus_3331.png
5,FERPlus_3332.png
5,FERPlus_3333.png
5,FERPlus_3334.png
5,FERPlus_3335.png
5,FERPlus_3336.png
5,FERPlus_3337.png
5,FERPlus_3338.png
5,FERPlus_3339.png
5,FERPlus_3340.png
5,FERPlus_3341.png
5,FERPlus_3342.png
5,FERPlus_3343.png
5,FERPlus_3344.png
5,FERPlus_3345.png
5,FERPlus_3346.png
5,FERPlus_3347.png
5,FERPlus_3348.png
5,FERPlus_3349.png
5,FERPlus_3350.png
5,FERPlus_3351.png
5,FERPlus_3352.png
5,FERPlus_3353.png
5,FERPlus_3354.png
5,FERPlus_3355.png
5,FERPlus_3356.png
5,FERPlus_3357.png
5,FERPlus_3358.png
5,FERPlus_3359.png
5,FERPlus_3360.png
5,FERPlus_3361.png
5,FERPlus_3362.png
5,FERPlus_3363.png
5,FERPlus_3364.png
5,FERPlus_3365.png
5,FERPlus_3366.png
5,FERPlus_3367.png
5,FERPlus_3368.png
5,FERPlus_3369.png
5,FERPlus_3370.png
5,FERPlus_3371.png
5,FERPlus_3372.png
5,FERPlus_3373.png
5,FERPlus_3374.png
5,FERPlus_3375.png
5,FERPlus_3376.png
5,FERPlus_3377.png
5,FERPlus_3378.png
5,FERPlus_3379.png
5,FERPlus_3380.png
5,FERPlus_3381.png
5,FERPlus_3382.png
5,FERPlus_3383.png
5,FERPlus_3384.png
5,FERPlus_3385.png
5,FERPlus_3386.png
5,FERPlus_3387.png
5,FERPlus_3388.png
5,FERPlus_3389.png
5,FERPlus_3390.png
5,FERPlus_3391.png
5,FERPlus_3392.png
5,FERPlus_3393.png
5,FERPlus_3394.png
5,FERPlus_3395.png
5,FERPlus_3396.png
5,FERPlus_3397.png
5,FERPlus_3398.png
5,FERPlus_3399.png
5,FERPlus_3400.png
5,FERPlus_3401.png
5,FERPlus_3402.png
5,FERPlus_3403.png
5,FERPlus_3404.png
5,FERPlus_3405.png
5,FERPlus_3406.png
5,FERPlus_3407.png
5,FERPlus_3408.png
5,FERPlus_3409.png
5,FERPlus_3410.png
5,FERPlus_3411.png
5,FERPlus_3412.png
5,FERPlus_3413.png
5,FERPlus_3414.png
5,FERPlus_3415.png
5,FERPlus_3416.png
5,FERPlus_3417.png
5,FERPlus_3418.png
5,FERPlus_3419.png
5,FERPlus_3420.png
5,FERPlus_3421.png
5,FERPlus_3422.png
5,FERPlus_3423.png
5,FERPlus_3424.png
5,FERPlus_3425.png
5,FERPlus_3426.png
5,FERPlus_3427.png
5,FERPlus_3428.png
5,FERPlus_3429.png
5,FERPlus_3430.png
5,FERPlus_3431.png
5,FERPlus_3432.png
5,FERPlus_3433.png
5,FERPlus_3434.png
5,FERPlus_3435.png
5,FERPlus_3436.png
5,FERPlus_3437.png
5,FERPlus_3438.png
5,FERPlus_3439.png
5,FERPlus_3440.png
5,FERPlus_3441.png
5,FERPlus_3442.png
5,FERPlus_3443.png
5,FERPlus_3444.png
5,FERPlus_3445.png
5,FERPlus_3446.png
5,FERPlus_3447.png
5,FERPlus_3448.png
5,FERPlus_3449.png
5,FERPlus_3450.png
5,FERPlus_3451.png
5,FERPlus_3452.png
5,FERPlus_3453.png
5,FERPlus_3454.png
5,FERPlus_3455.png
5,FERPlus_3456.png
5,FERPlus_3457.png
5,FERPlus_3458.png
5,FERPlus_3459.png
5,FERPlus_3460.png
5,FERPlus_3461.png
5,FERPlus_3462.png
5,FERPlus_3463.png
5,FERPlus_3464.png
5,FERPlus_3465.png
5,FERPlus_3466.png
5,FERPlus_3467.png
5,FERPlus_3468.png
5,FERPlus_3469.png
5,FERPlus_3470.png
5,FERPlus_3471.png
5,FERPlus_3472.png
5,FERPlus_3473.png
5,FERPlus_3474.png
5,FERPlus_3475.png
5,FERPlus_3476.png
5,FERPlus_3477.png
5,FERPlus_3478.png
5,FERPlus_3479.png
5,FERPlus_3480.png
5,FERPlus_3481.png
5,FERPlus_3482.png
5,FERPlus_3483.png
5,FERPlus_3484.png
5,FERPlus_3485.png
5,FERPlus_3486.png
5,FERPlus_3487.png
5,FERPlus_3488.png
5,FERPlus_3489.png
5,FERPlus_3490.png
5,FERPlus_3491.png
5,FERPlus_3492.png
5,FERPlus_3493.png
5,FERPlus_3494.png
5,FERPlus_3495.png
5,FERPlus_3496.png
5,FERPlus_3497.png
5,FERPlus_3498.png
5,FERPlus_3499.png
5,FERPlus_3500.png
5,FERPlus_3501.png
5,FERPlus_3502.png
5,FERPlus_3503.png
5,FERPlus_3504.png
5,FERPlus_3505.png
5,FERPlus_3506.png
5,FERPlus_3507.png
5,FERPlus_3508.png
5,FERPlus_3509.png
5,FERPlus_3510.png
5,FERPlus_3511.png
5,FERPlus_3512.png
5,FERPlus_3513.png
5,FERPlus_3514.png
5,FERPlus_3515.png
5,FERPlus_3516.png
5,FERPlus_3517.png
5,FERPlus_3518.png
5,FERPlus_3519.png
5,FERPlus_3520.png
5,FERPlus_3521.png
5,FERPlus_3522.png
5,FERPlus_3523.png
5,FERPlus_3524.png
5,FERPlus_3525.png
5,FERPlus_3526.png
5,FERPlus_3527.png
5,FERPlus_3528.png
5,FERPlus_3529.png
5,FERPlus_3530.png
5,FERPlus_3531.png
5,FERPlus_3532.png
5,FERPlus_3533.png
5,FERPlus_3534.png
5,FERPlus_3535.png
5,FERPlus_3536.png
5,FERPlus_3537.png
5,FERPlus_3538.png
5,FERPlus_3539.png
5,FERPlus_3540.png
5,FERPlus_3541.png
5,FERPlus_3542.png
5,FERPlus_3543.png
5,FERPlus_3544.png
5,FERPlus_3545.png
5,FERPlus_3546.png
5,FERPlus_3547.png
5,FERPlus_3548.png
5,FERPlus_3549.png
5,FERPlus_3550.png
5,FERPlus_3551.png
5,FERPlus_3552.png
5,FERPlus_3553.png
5,FERPlus_3554.png
5,FERPlus_3555.png
5,FERPlus_3556.png
5,FERPlus_3557.png
5,FERPlus_3558.png
5,FERPlus_3559.png
5,FERPlus_3560.png
5,FERPlus_3561.png
5,FERPlus_3562.png
5,FERPlus_3563.png
5,FERPlus_3564.png
5,FERPlus_3565.png
5,FERPlus_3566.png
5,FERPlus_3567.png
5,FERPlus_3568.png
5,FERPlus_3569.png
5,FERPlus_3570.png
5,FERPlus_3571.png
5,FERPlus_3572.png
5,FERPlus_3573.png
5,FERPlus_3574.png
5,FERPlus_3575.png
5,FERPlus_3576.png
5,FERPlus_3577.png
5,FERPlus_3578.png
5,FERPlus_3579.png
5,FERPlus_3580.png
5,FERPlus_3581.png
5,FERPlus_3582.png
5,FERPlus_3583.png
5,FERPlus_3584.png
5,FERPlus_3585.png
5,FERPlus_3586.png
5,FERPlus_3587.png
5,FERPlus_3588.png
5,FERPlus_3589.png
5,FERPlus_3590.png
5,FERPlus_3591.png
5,FERPlus_3592.png
5,FERPlus_3593.png
5,FERPlus_3594.png
5,FERPlus_3595.png
5,FERPlus_3596.png
5,FERPlus_3597.png
5,FERPlus_3598.png
5,FERPlus_3599.png
5,FERPlus_3600.png
5,FERPlus_3601.png
5,FERPlus_3602.png
5,FERPlus_3603.png
5,FERPlus_3604.png
5,FERPlus_3605.png
5,FERPlus_3606.png
5,FERPlus_3607.png
5,FERPlus_3608.png
5,FERPlus_3609.png
5,FERPlus_3610.png
5,FERPlus_3611.png
5,FERPlus_3612.png
5,FERPlus_3613.png
5,FERPlus_3614.png
5,FERPlus_3615.png
5,FERPlus_3616.png
5,FERPlus_3617.png
5,FERPlus_3618.png
5,FERPlus_3619.png
5,FERPlus_3620.png
5,FERPlus_3621.png
5,FERPlus_3622.png
5,FERPlus_3623.png
5,FERPlus_3624.png
5,FERPlus_3625.png
5,FERPlus_3626.png
5,FERPlus_3627.png
5,FERPlus_3628.png
5,FERPlus_3629.png
5,FERPlus_3630.png
5,FERPlus_3631.png
5,FERPlus_3632.png
5,FERPlus_3633.png
5,FERPlus_3634.png
5,FERPlus_3635.png
5,FERPlus_3636.png
5,FERPlus_3637.png
5,FERPlus_3638.png
5,FERPlus_3639.png
5,FERPlus_3640.png
5,FERPlus_3641.png
5,FERPlus_3642.png
5,FERPlus_3643.png
5,FERPlus_3644.png
5,FERPlus_3645.png
5,FERPlus_3646.png
5,FERPlus_3647.png
5,FERPlus_3648.png
5,FERPlus_3649.png
5,FERPlus_3650.png
5,FERPlus_3651.png
5,FERPlus_3652.png
5,FERPlus_3653.png
5,FERPlus_3654.png
5,FERPlus_3655.png
5,FERPlus_3656.png
5,FERPlus_3657.png
5,FERPlus_3658.png
5,FERPlus_3659.png
5,FERPlus_3660.png
5,FERPlus_3661.png
5,FERPlus_3662.png
5,FERPlus_3663.png
5,FERPlus_3664.png
5,FERPlus_3665.png
5,FERPlus_3666.png
5,FERPlus_3667.png
5,FERPlus_3668.png
5,FERPlus_3669.png
5,FERPlus_3670.png
5,FERPlus_3671.png
5,FERPlus_3672.png
5,FERPlus_3673.png
5,FERPlus_3674.png
5,FERPlus_3675.png
5,FERPlus_3676.png
5,FERPlus_3677.png
5,FERPlus_3678.png
5,FERPlus_3679.png
5,FERPlus_3680.png
5,FERPlus_3681.png
5,FERPlus_3682.png
5,FERPlus_3683.png
5,FERPlus_3684.png
5,FERPlus_3685.png
5,FERPlus_3686.png
5,FERPlus_3687.png
5,FERPlus_3688.png
5,FERPlus_3689.png
5,FERPlus_3690.png
5,FERPlus_3691.png
5,FERPlus_3692.png
5,FERPlus_3693.png
5,FERPlus_3694.png
5,FERPlus_3695.png
5,FERPlus_3696.png
5,FERPlus_3697.png
5,FERPlus_3698.png
5,FERPlus_3699.png
5,FERPlus_3700.png
5,FERPlus_3701.png
5,FERPlus_3702.png
5,FERPlus_3703.png
5,FERPlus_3704.png
5,FERPlus_3705.png
5,FERPlus_3706.png
5,FERPlus_3707.png
5,FERPlus_3708.png
5,FERPlus_3709.png
5,FERPlus_3710.png
5,FERPlus_3711.png
5,FERPlus_3712.png
5,FERPlus_3713.png
5,FERPlus_3714.png
5,FERPlus_3715.png
5,FERPlus_3716.png
5,FERPlus_3717.png
5,FERPlus_3718.png
5,FERPlus_3719.png
5,FERPlus_3720.png
5,FERPlus_3721.png
5,FERPlus_3722.png
5,FERPlus_3723.png
5,FERPlus_3724.png
5,FERPlus_3725.png
5,FERPlus_3726.png
5,FERPlus_3727.png
5,FERPlus_3728.png
5,FERPlus_3729.png
5,FERPlus_3730.png
5,FERPlus_3731.png
5,FERPlus_3732.png
5,FERPlus_3733.png
5,FERPlus_3734.png
5,FERPlus_3735.png
5,FERPlus_3736.png
5,FERPlus_3737.png
5,FERPlus_3738.png
5,FERPlus_3739.png
5,FERPlus_3740.png
5,FERPlus_3741.png
5,FERPlus_3742.png
5,FERPlus_3743.png
5,FERPlus_3744.png
5,FERPlus_3745.png
5,FERPlus_3746.png
5,FERPlus_3747.png
5,FERPlus_3748.png
5,FERPlus_3749.png
5,FERPlus_3750.png
5,FERPlus_3751.png
5,FERPlus_3752.png
5,FERPlus_3753.png
5,FERPlus_3754.png
5,FERPlus_3755.png
5,FERPlus_3756.png
5,FERPlus_3757.png
5,FERPlus_3758.png
5,FERPlus_3759.png
5,FERPlus_3760.png
5,FERPlus_3761.png
5,FERPlus_3762.png
5,FERPlus_3763.png
5,FERPlus_3764.png
5,FERPlus_3765.png
5,FERPlus_3766.png
5,FERPlus_3767.png
5,FERPlus_3768.png
5,FERPlus_3769.png
5,FERPlus_3770.png
5,FERPlus_3771.png
5,FERPlus_3772.png
5,FERPlus_3773.png
5,FERPlus_3774.png
5,FERPlus_3775.png
5,FERPlus_3776.png
5,FERPlus_3777.png
5,FERPlus_3778.png
5,FERPlus_3779.png
5,FERPlus_3780.png
5,FERPlus_3781.png
5,FERPlus_3782.png
5,FERPlus_3783.png
5,FERPlus_3784.png
5,FERPlus_3785.png
5,FERPlus_3786.png
5,FERPlus_3787.png
5,FERPlus_3788.png
5,FERPlus_3789.png
5,FERPlus_3790.png
5,FERPlus_3791.png
5,FERPlus_3792.png
5,FERPlus_3793.png
5,FERPlus_3794.png
5,FERPlus_3795.png
5,FERPlus_3796.png
5,FERPlus_3797.png
5,FERPlus_3798.png
5,FERPlus_3799.png
5,FERPlus_3800.png
5,FERPlus_3801.png
5,FERPlus_3802.png
5,FERPlus_3803.png
5,FERPlus_3804.png
5,FERPlus_3805.png
5,FERPlus_3806.png
5,FERPlus_3807.png
5,FERPlus_3808.png
5,FERPlus_3809.png
5,FERPlus_3810.png
5,FERPlus_3811.png
5,FERPlus_3812.png
5,FERPlus_3813.png
5,FERPlus_3814.png
5,FERPlus_3815.png
5,FERPlus_3816.png
5,FERPlus_3817.png
5,FERPlus_3818.png
5,FERPlus_3819.png
5,FERPlus_3820.png
5,FERPlus_3821.png
5,FERPlus_3822.png
5,FERPlus_3823.png
5,FERPlus_3824.png
5,FERPlus_3825.png
5,FERPlus_3826.png
5,FERPlus_3827.png
5,FERPlus_3828.png
5,FERPlus_3829.png
5,FERPlus_3830.png
5,FERPlus_3831.png
5,FERPlus_3832.png
5,FERPlus_3833.png
5,FERPlus_3834.png
5,FERPlus_3835.png
5,FERPlus_3836.png
5,FERPlus_3837.png
5,FERPlus_3838.png
5,FERPlus_3839.png
5,FERPlus_3840.png
5,FERPlus_3841.png
5,FERPlus_3842.png
5,FERPlus_3843.png
5,FERPlus_3844.png
5,FERPlus_3845.png
5,FERPlus_3846.png
5,FERPlus_3847.png
5,FERPlus_3848.png
5,FERPlus_3849.png
5,FERPlus_3850.png
5,FERPlus_3851.png
5,FERPlus_3852.png
5,FERPlus_3853.png
5,FERPlus_3854.png
5,FERPlus_3855.png
5,FERPlus_3856.png
5,FERPlus_3857.png
5,FERPlus_3858.png
5,FERPlus_3859.png
5,FERPlus_3860.png
5,FERPlus_3861.png
5,FERPlus_3862.png
5,FERPlus_3863.png
5,FERPlus_3864.png
5,FERPlus_3865.png
5,FERPlus_3866.png
5,FERPlus_3867.png
5,FERPlus_3868.png
5,FERPlus_3869.png
5,FERPlus_3870.png
5,FERPlus_3871.png
5,FERPlus_3872.png
5,FERPlus_3873.png
5,FERPlus_3874.png
5,FERPlus_3875.png
5,FERPlus_3876.png
5,FERPlus_3877.png
5,FERPlus_3878.png
5,FERPlus_3879.png
5,FERPlus_3880.png
5,FERPlus_3881.png
5,FERPlus_3882.png
5,FERPlus_3883.png
5,FERPlus_3884.png
5,FERPlus_3885.png
5,FERPlus_3886.png
5,FERPlus_3887.png
5,FERPlus_3888.png
5,FERPlus_3889.png
5,FERPlus_3890.png
5,FERPlus_3891.png
5,FERPlus_3892.png
5,FERPlus_3893.png
5,FERPlus_3894.png
5,FERPlus_3895.png
5,FERPlus_3896.png
5,FERPlus_3897.png
5,FERPlus_3898.png
5,FERPlus_3899.png
5,FERPlus_3900.png
5,FERPlus_3901.png
5,FERPlus_3902.png
5,FERPlus_3903.png
5,FERPlus_3904.png
5,FERPlus_3905.png
5,FERPlus_3906.png
5,FERPlus_3907.png
5,FERPlus_3908.png
5,FERPlus_3909.png
5,FERPlus_3910.png
5,FERPlus_3911.png
5,FERPlus_3912.png
5,FERPlus_3913.png
5,FERPlus_3914.png
5,FERPlus_3915.png
5,FERPlus_3916.png
5,FERPlus_3917.png
5,FERPlus_3918.png
5,FERPlus_3919.png
5,FERPlus_3920.png
5,FERPlus_3921.png
5,FERPlus_3922.png
5,FERPlus_3923.png
5,FERPlus_3924.png
5,FERPlus_3925.png
5,FERPlus_3926.png
5,FERPlus_3927.png
5,FERPlus_3928.png
5,FERPlus_3929.png
5,FERPlus_3930.png
5,FERPlus_3931.png
5,FERPlus_3932.png
5,FERPlus_3933.png
5,FERPlus_3934.png
5,FERPlus_3935.png
5,FERPlus_3936.png
5,FERPlus_3937.png
5,FERPlus_3938.png
5,FERPlus_3939.png
5,FERPlus_3940.png
5,FERPlus_3941.png
5,FERPlus_3942.png
5,FERPlus_3943.png
5,FERPlus_3944.png
5,FERPlus_3945.png
5,FERPlus_3946.png
5,FERPlus_3947.png
5,FERPlus_3948.png
5,FERPlus_3949.png
5,FERPlus_3950.png
5,FERPlus_3951.png
5,FERPlus_3952.png
5,FERPlus_3953.png
5,FERPlus_3954.png
5,FERPlus_3955.png
5,FERPlus_3956.png
5,FERPlus_3957.png
5,FERPlus_3958.png
5,FERPlus_3959.png
5,FERPlus_3960.png
5,FERPlus_3961.png
5,FERPlus_3962.png
5,FERPlus_3963.png
5,FERPlus_3964.png
5,FERPlus_3965.png
5,FERPlus_3966.png
5,FERPlus_3967.png
5,FERPlus_3968.png
5,FERPlus_3969.png
5,FERPlus_3970.png
5,FERPlus_3971.png
5,FERPlus_3972.png
5,FERPlus_3973.png
5,FERPlus_3974.png
5,FERPlus_3975.png
5,FERPlus_3976.png
5,FERPlus_3977.png
5,FERPlus_3978.png
5,FERPlus_3979.png
5,FERPlus_3980.png
5,FERPlus_3981.png
5,FERPlus_3982.png
5,FERPlus_3983.png
5,FERPlus_3984.png
5,FERPlus_3985.png
5,FERPlus_3986.png
5,FERPlus_3987.png
5,FERPlus_3988.png
5,FERPlus_3989.png
5,FERPlus_3990.png
5,FERPlus_3991.png
5,FERPlus_3992.png
5,FERPlus_3993.png
5,FERPlus_3994.png
5,FERPlus_3995.png
5,FERPlus_3996.png
5,FERPlus_3997.png
5,FERPlus_3998.png
5,FERPlus_3999.png
5,FERPlus_4000.png
5,FERPlus_4001.png
5,FERPlus_4002.png
5,FERPlus_4003.png
5,FERPlus_4004.png
5,FERPlus_4005.png
5,FERPlus_4006.png
5,FERPlus_4007.png
5,FERPlus_4008.png
5,FERPlus_4009.png
5,FERPlus_4010.png
5,FERPlus_4011.png
5,FERPlus_4012.png
5,FERPlus_4013.png
5,FERPlus_4014.png
5,FERPlus_4015.png
5,FERPlus_4016.png
5,FERPlus_4017.png
5,FERPlus_4018.png
5,FERPlus_4019.png
5,FERPlus_4020.png
5,FERPlus_4021.png
5,FERPlus_4022.png
5,FERPlus_4023.png
5,FERPlus_4024.png
5,FERPlus_4025.png
5,FERPlus_4026.png
5,FERPlus_4027.png
5,FERPlus_4028.png
5,FERPlus_4029.png
5,FERPlus_4030.png
5,FERPlus_4031.png
5,FERPlus_4032.png
5,FERPlus_4033.png
5,FERPlus_4034.png
5,FERPlus_4035.png
5,FERPlus_4036.png
5,FERPlus_4037.png
5,FERPlus_4038.png
5,FERPlus_4039.png
5,FERPlus_4040.png
5,FERPlus_4041.png
5,FERPlus_4042.png
5,FERPlus_4043.png
5,FERPlus_4044.png
5,FERPlus_4045.png
5,FERPlus_4046.png
5,FERPlus_4047.png
5,FERPlus_4048.png
5,FERPlus_4049.png
5,FERPlus_4050.png
5,FERPlus_4051.png
5,FERPlus_4052.png
5,FERPlus_4053.png
5,FERPlus_4054.png
5,FERPlus_4055.png
5,FERPlus_4056.png
5,FERPlus_4057.png
5,FERPlus_4058.png
5,FERPlus_4059.png
5,FERPlus_4060.png
5,FERPlus_4061.png
5,FERPlus_4062.png
5,FERPlus_4063.png
5,FERPlus_4064.png
5,FERPlus_4065.png
5,FERPlus_4066.png
5,FERPlus_4067.png
5,FERPlus_4068.png
5,FERPlus_4069.png
5,FERPlus_4070.png
5,FERPlus_4071.png
5,FERPlus_4072.png
5,FERPlus_4073.png
5,FERPlus_4074.png
5,FERPlus_4075.png
5,FERPlus_4076.png
5,FERPlus_4077.png
5,FERPlus_4078.png
5,FERPlus_4079.png
5,FERPlus_4080.png
5,FERPlus_4081.png
5,FERPlus_4082.png
5,FERPlus_4083.png
5,FERPlus_4084.png
5,FERPlus_4085.png
5,FERPlus_4086.png
5,FERPlus_4087.png
5,FERPlus_4088.png
5,FERPlus_4089.png
5,FERPlus_4090.png
5,FERPlus_4091.png
5,FERPlus_4092.png
5,FERPlus_4093.png
5,FERPlus_4094.png
5,FERPlus_4095.png
5,FERPlus_4096.png
5,FERPlus_4097.png
5,FERPlus_4098.png
5,FERPlus_4099.png
5,FERPlus_4100.png
5,FERPlus_4101.png
5,FERPlus_4102.png
5,FERPlus_4103.png
5,FERPlus_4104.png
5,FERPlus_4105.png
5,FERPlus_4106.png
5,FERPlus_4107.png
5,FERPlus_4108.png
5,FERPlus_4109.png
5,FERPlus_4110.png
5,FERPlus_4111.png
5,FERPlus_4112.png
5,FERPlus_4113.png
5,FERPlus_4114.png
5,FERPlus_4115.png
5,FERPlus_4116.png
5,FERPlus_4117.png
5,FERPlus_4118.png
5,FERPlus_4119.png
5,FERPlus_4120.png
5,FERPlus_4121.png
5,FERPlus_4122.png
5,FERPlus_4123.png
5,FERPlus_4124.png
5,FERPlus_4125.png
5,FERPlus_4126.png
5,FERPlus_4127.png
5,FERPlus_4128.png
5,FERPlus_4129.png
5,FERPlus_4130.png
5,FERPlus_4131.png
5,FERPlus_4132.png
5,FERPlus_4133.png
5,FERPlus_4134.png
5,FERPlus_4135.png
5,FERPlus_4136.png
5,FERPlus_4137.png
5,FERPlus_4138.png
5,FERPlus_4139.png
5,FERPlus_4140.png
5,FERPlus_4141.png
5,FERPlus_4142.png
5,FERPlus_4143.png
5,FERPlus_4144.png
5,FERPlus_4145.png
5,FERPlus_4146.png
5,FERPlus_4147.png
5,FERPlus_4148.png
5,FERPlus_4149.png
5,FERPlus_4150.png
5,FERPlus_4151.png
5,FERPlus_4152.png
5,FERPlus_4153.png
5,FERPlus_4154.png
5,FERPlus_4155.png
5,FERPlus_4156.png
5,FERPlus_4157.png
5,FERPlus_4158.png
5,FERPlus_4159.png
5,FERPlus_4160.png
5,FERPlus_4161.png
5,FERPlus_4162.png
5,FERPlus_4163.png
5,FERPlus_4164.png
5,FERPlus_4165.png
5,FERPlus_4166.png
5,FERPlus_4167.png
5,FERPlus_4168.png
5,FERPlus_4169.png
5,FERPlus_4170.png
5,FERPlus_4171.png
5,FERPlus_4172.png
5,FERPlus_4173.png
5,FERPlus_4174.png
5,FERPlus_4175.png
5,FERPlus_4176.png
5,FERPlus_4177.png
5,FERPlus_4178.png
5,FERPlus_4179.png
5,FERPlus_4180.png
5,FERPlus_4181.png
5,FERPlus_4182.png
5,FERPlus_4183.png
5,FERPlus_4184.png
5,FERPlus_4185.png
5,FERPlus_4186.png
5,FERPlus_4187.png
5,FERPlus_4188.png
5,FERPlus_4189.png
5,FERPlus_4190.png
5,FERPlus_4191.png
5,FERPlus_4192.png
5,FERPlus_4193.png
5,FERPlus_4194.png
5,FERPlus_4195.png
5,FERPlus_4196.png
5,FERPlus_4197.png
5,FERPlus_4198.png
5,FERPlus_4199.png
5,FERPlus_4200.png
5,FERPlus_4201.png
5,FERPlus_4202.png
5,FERPlus_4203.png
5,FERPlus_4204.png
5,FERPlus_4205.png
5,FERPlus_4206.png
5,FERPlus_4207.png
5,FERPlus_4208.png
5,FERPlus_4209.png
5,FERPlus_4210.png
5,FERPlus_4211.png
5,FERPlus_4212.png
5,FERPlus_4213.png
5,FERPlus_4214.png
5,FERPlus_4215.png
5,FERPlus_4216.png
5,FERPlus_4217.png
5,FERPlus_4218.png
5,FERPlus_4219.png
5,FERPlus_4220.png
5,FERPlus_4221.png
5,FERPlus_4222.png
5,FERPlus_4223.png
5,FERPlus_4224.png
5,FERPlus_4225.png
5,FERPlus_4226.png
5,FERPlus_4227.png
5,FERPlus_4228.png
5,FERPlus_4229.png
5,FERPlus_4230.png
5,FERPlus_4231.png
5,FERPlus_4232.png
5,FERPlus_4233.png
5,FERPlus_4234.png
5,FERPlus_4235.png
5,FERPlus_4236.png
5,FERPlus_4237.png
5,FERPlus_4238.png
5,FERPlus_4239.png
5,FERPlus_4240.png
5,FERPlus_4241.png
5,FERPlus_4242.png
5,FERPlus_4243.png
5,FERPlus_4244.png
5,FERPlus_4245.png
5,FERPlus_4246.png
5,FERPlus_4247.png
5,FERPlus_4248.png
5,FERPlus_4249.png
5,FERPlus_4250.png
5,FERPlus_4251.png
5,FERPlus_4252.png
5,FERPlus_4253.png
5,FERPlus_4254.png
5,FERPlus_4255.png
5,FERPlus_4256.png
5,FERPlus_4257.png
5,FERPlus_4258.png
5,FERPlus_4259.png
5,FERPlus_4260.png
5,FERPlus_4261.png
5,FERPlus_4262.png
5,FERPlus_4263.png
5,FERPlus_4264.png
5,FERPlus_4265.png
5,FERPlus_4266.png
5,FERPlus_4267.png
5,FERPlus_4268.png
5,FERPlus_4269.png
5,FERPlus_4270.png
5,FERPlus_4271.png
5,FERPlus_4272.png
5,FERPlus_4273.png
5,FERPlus_4274.png
5,FERPlus_4275.png
5,FERPlus_4276.png
5,FERPlus_4277.png
5,FERPlus_4278.png
5,FERPlus_4279.png
5,FERPlus_4280.png
5,FERPlus_4281.png
5,FERPlus_4282.png
5,FERPlus_4283.png
5,FERPlus_4284.png
5,FERPlus_4285.png
5,FERPlus_4286.png
5,FERPlus_4287.png
5,FERPlus_4288.png
5,FERPlus_4289.png
5,FERPlus_4290.png
5,FERPlus_4291.png
5,FERPlus_4292.png
5,FERPlus_4293.png
5,FERPlus_4294.png
5,FERPlus_4295.png
5,FERPlus_4296.png
5,FERPlus_4297.png
5,FERPlus_4298.png
5,FERPlus_4299.png
5,FERPlus_4300.png
5,FERPlus_4301.png
5,FERPlus_4302.png
5,FERPlus_4303.png
5,FERPlus_4304.png
5,FERPlus_4305.png
5,FERPlus_4306.png
5,FERPlus_4307.png
5,FERPlus_4308.png
5,FERPlus_4309.png
5,FERPlus_4310.png
5,FERPlus_4311.png
5,FERPlus_4312.png
5,FERPlus_4313.png
5,FERPlus_4314.png
5,FERPlus_4315.png
5,FERPlus_4316.png
5,FERPlus_4317.png
5,FERPlus_4318.png
5,FERPlus_4319.png
5,FERPlus_4320.png
5,FERPlus_4321.png
5,FERPlus_4322.png
5,FERPlus_4323.png
5,FERPlus_4324.png
5,FERPlus_4325.png
5,FERPlus_4326.png
5,FERPlus_4327.png
5,FERPlus_4328.png
5,FERPlus_4329.png
5,FERPlus_4330.png
5,FERPlus_4331.png
5,FERPlus_4332.png
5,FERPlus_4333.png
5,FERPlus_4334.png
5,FERPlus_4335.png
5,FERPlus_4336.png
5,FERPlus_4337.png
5,FERPlus_4338.png
5,FERPlus_4339.png
5,FERPlus_4340.png
5,FERPlus_4341.png
5,FERPlus_4342.png
5,FERPlus_4343.png
5,FERPlus_4344.png
5,FERPlus_4345.png
5,FERPlus_4346.png
5,FERPlus_4347.png
5,FERPlus_4348.png
5,FERPlus_4349.png
5,FERPlus_4350.png
5,FERPlus_4351.png
5,FERPlus_4352.png
5,FERPlus_4353.png
5,FERPlus_4354.png
5,FERPlus_4355.png
5,FERPlus_4356.png
5,FERPlus_4357.png
5,FERPlus_4358.png
5,FERPlus_4359.png
5,FERPlus_4360.png
5,FERPlus_4361.png
5,FERPlus_4362.png
5,FERPlus_4363.png
5,FERPlus_4364.png
5,FERPlus_4365.png
5,FERPlus_4366.png
5,FERPlus_4367.png
5,FERPlus_4368.png
5,FERPlus_4369.png
5,FERPlus_4370.png
5,FERPlus_4371.png
5,FERPlus_4372.png
5,FERPlus_4373.png
5,FERPlus_4374.png
5,FERPlus_4375.png
5,FERPlus_4376.png
5,FERPlus_4377.png
5,FERPlus_4378.png
5,FERPlus_4379.png
5,FERPlus_4380.png
5,FERPlus_4381.png
5,FERPlus_4382.png
5,FERPlus_4383.png
5,FERPlus_4384.png
5,FERPlus_4385.png
5,FERPlus_4386.png
5,FERPlus_4387.png
5,FERPlus_4388.png
5,FERPlus_4389.png
5,FERPlus_4390.png
5,FERPlus_4391.png
5,FERPlus_4392.png
5,FERPlus_4393.png
5,FERPlus_4394.png
5,FERPlus_4395.png
5,FERPlus_4396.png
5,FERPlus_4397.png
5,FERPlus_4398.png
5,FERPlus_4399.png
5,FERPlus_4400.png
5,FERPlus_4401.png
5,FERPlus_4402.png
5,FERPlus_4403.png
5,FERPlus_4404.png
5,FERPlus_4405.png
5,FERPlus_4406.png
5,FERPlus_4407.png
5,FERPlus_4408.png
5,FERPlus_4409.png
5,FERPlus_4410.png
5,FERPlus_4411.png
5,FERPlus_4412.png
5,FERPlus_4413.png
5,FERPlus_4414.png
5,FERPlus_4415.png
5,FERPlus_4416.png
5,FERPlus_4417.png
5,FERPlus_4418.png
5,FERPlus_4419.png
5,FERPlus_4420.png
5,FERPlus_4421.png
5,FERPlus_4422.png
5,FERPlus_4423.png
5,FERPlus_4424.png
5,FERPlus_4425.png
5,FERPlus_4426.png
5,FERPlus_4427.png
5,FERPlus_4428.png
5,FERPlus_4429.png
5,FERPlus_4430.png
5,FERPlus_4431.png
5,FERPlus_4432.png
5,FERPlus_4433.png
5,FERPlus_4434.png
5,FERPlus_4435.png
5,FERPlus_4436.png
5,FERPlus_4437.png
5,FERPlus_4438.png
5,FERPlus_4439.png
5,FERPlus_4440.png
5,FERPlus_4441.png
5,FERPlus_4442.png
5,FERPlus_4443.png
5,FERPlus_4444.png
5,FERPlus_4445.png
5,FERPlus_4446.png
5,FERPlus_4447.png
5,FERPlus_4448.png
5,FERPlus_4449.png
5,FERPlus_4450.png
5,FERPlus_4451.png
5,FERPlus_4452.png
5,FERPlus_4453.png
5,FERPlus_4454.png
5,FERPlus_4455.png
5,FERPlus_4456.png
5,FERPlus_4457.png
5,FERPlus_4458.png
5,FERPlus_4459.png
5,FERPlus_4460.png
5,FERPlus_4461.png
5,FERPlus_4462.png
5,FERPlus_4463.png
5,FERPlus_4464.png
5,FERPlus_4465.png
5,FERPlus_4466.png
5,FERPlus_4467.png
5,FERPlus_4468.png
5,FERPlus_4469.png
5,FERPlus_4470.png
5,FERPlus_4471.png
5,FERPlus_4472.png
5,FERPlus_4473.png
5,FERPlus_4474.png
5,FERPlus_4475.png
5,FERPlus_4476.png
5,FERPlus_4477.png
5,FERPlus_4478.png
5,FERPlus_4479.png
5,FERPlus_4480.png
5,FERPlus_4481.png
5,FERPlus_4482.png
5,FERPlus_4483.png
5,FERPlus_4484.png
5,FERPlus_4485.png
5,FERPlus_4486.png
5,FERPlus_4487.png
5,FERPlus_4488.png
5,FERPlus_4489.png
5,FERPlus_4490.png
5,FERPlus_4491.png
5,FERPlus_4492.png
5,FERPlus_4493.png
5,FERPlus_4494.png
5,FERPlus_4495.png
5,FERPlus_4496.png
5,FERPlus_4497.png
5,FERPlus_4498.png
5,FERPlus_4499.png
5,FERPlus_4500.png
5,FERPlus_4501.png
5,FERPlus_4502.png
5,FERPlus_4503.png
5,FERPlus_4504.png
5,FERPlus_4505.png
5,FERPlus_4506.png
5,FERPlus_4507.png
5,FERPlus_4508.png
5,FERPlus_4509.png
5,FERPlus_4510.png
5,FERPlus_4511.png
5,FERPlus_4512.png
5,FERPlus_4513.png
5,FERPlus_4514.png
5,FERPlus_4515.png
5,FERPlus_4516.png
5,FERPlus_4517.png
5,FERPlus_4518.png
5,FERPlus_4519.png
5,FERPlus_4520.png
5,FERPlus_4521.png
5,FERPlus_4522.png
5,FERPlus_4523.png
5,FERPlus_4524.png
5,FERPlus_4525.png
5,FERPlus_4526.png
5,FERPlus_4527.png
5,FERPlus_4528.png
5,FERPlus_4529.png
5,FERPlus_4530.png
5,FERPlus_4531.png
5,FERPlus_4532.png
5,FERPlus_4533.png
5,FERPlus_4534.png
5,FERPlus_4535.png
5,FERPlus_4536.png
5,FERPlus_4537.png
5,FERPlus_4538.png
5,FERPlus_4539.png
5,FERPlus_4540.png
5,FERPlus_4541.png
5,FERPlus_4542.png
5,FERPlus_4543.png
5,FERPlus_4544.png
5,FERPlus_4545.png
5,FERPlus_4546.png
5,FERPlus_4547.png
5,FERPlus_4548.png
5,FERPlus_4549.png
5,FERPlus_4550.png
5,FERPlus_4551.png
5,FERPlus_4552.png
5,FERPlus_4553.png
5,FERPlus_4554.png
5,FERPlus_4555.png
5,FERPlus_4556.png
5,FERPlus_4557.png
5,FERPlus_4558.png
5,FERPlus_4559.png
5,FERPlus_4560.png
5,FERPlus_4561.png
5,FERPlus_4562.png
5,FERPlus_4563.png
5,FERPlus_4564.png
5,FERPlus_4565.png
5,FERPlus_4566.png
5,FERPlus_4567.png
5,FERPlus_4568.png
5,FERPlus_4569.png
5,FERPlus_4570.png
5,FERPlus_4571.png
5,FERPlus_4572.png
5,FERPlus_4573.png
5,FERPlus_4574.png
5,FERPlus_4575.png
5,FERPlus_4576.png
5,FERPlus_4577.png
5,FERPlus_4578.png
5,FERPlus_4579.png
5,FERPlus_4580.png
5,FERPlus_4581.png
5,FERPlus_4582.png
5,FERPlus_4583.png
5,FERPlus_4584.png
5,FERPlus_4585.png
5,FERPlus_4586.png
5,FERPlus_4587.png
5,FERPlus_4588.png
5,FERPlus_4589.png
5,FERPlus_4590.png
5,FERPlus_4591.png
5,FERPlus_4592.png
5,FERPlus_4593.png
5,FERPlus_4594.png
5,FERPlus_4595.png
5,FERPlus_4596.png
5,FERPlus_4597.png
5,FERPlus_4598.png
5,FERPlus_4599.png
5,FERPlus_4600.png
5,FERPlus_4601.png
5,FERPlus_4602.png
5,FERPlus_4603.png
5,FERPlus_4604.png
5,FERPlus_4605.png
5,FERPlus_4606.png
5,FERPlus_4607.png
5,FERPlus_4608.png
5,FERPlus_4609.png
5,FERPlus_4610.png
5,FERPlus_4611.png
5,FERPlus_4612.png
5,FERPlus_4613.png
5,FERPlus_4614.png
5,FERPlus_4615.png
5,FERPlus_4616.png
5,FERPlus_4617.png
5,FERPlus_4618.png
5,FERPlus_4619.png
5,FERPlus_4620.png
5,FERPlus_4621.png
5,FERPlus_4622.png
5,FERPlus_4623.png
5,FERPlus_4624.png
5,FERPlus_4625.png
5,FERPlus_4626.png
5,FERPlus_4627.png
5,FERPlus_4628.png
5,FERPlus_4629.png
5,FERPlus_4630.png
5,FERPlus_4631.png
5,FERPlus_4632.png
5,FERPlus_4633.png
5,FERPlus_4634.png
5,FERPlus_4635.png
5,FERPlus_4636.png
5,FERPlus_4637.png
5,FERPlus_4638.png
5,FERPlus_4639.png
5,FERPlus_4640.png
5,FERPlus_4641.png
5,FERPlus_4642.png
5,FERPlus_4643.png
5,FERPlus_4644.png
5,FERPlus_4645.png
5,FERPlus_4646.png
5,FERPlus_4647.png
5,FERPlus_4648.png
5,FERPlus_4649.png
5,FERPlus_4650.png
5,FERPlus_4651.png
5,FERPlus_4652.png
5,FERPlus_4653.png
5,FERPlus_4654.png
5,FERPlus_4655.png
5,FERPlus_4656.png
5,FERPlus_4657.png
5,FERPlus_4658.png
5,FERPlus_4659.png
5,FERPlus_4660.png
5,FERPlus_4661.png
5,FERPlus_4662.png
5,FERPlus_4663.png
5,FERPlus_4664.png
5,FERPlus_4665.png
5,FERPlus_4666.png
5,FERPlus_4667.png
5,FERPlus_4668.png
5,FERPlus_4669.png
5,FERPlus_4670.png
5,FERPlus_4671.png
5,FERPlus_4672.png
5,FERPlus_4673.png
5,FERPlus_4674.png
5,FERPlus_4675.png
5,FERPlus_4676.png
5,FERPlus_4677.png
5,FERPlus_4678.png
5,FERPlus_4679.png
5,FERPlus_4680.png
5,FERPlus_4681.png
5,FERPlus_4682.png
5,FERPlus_4683.png
5,FERPlus_4684.png
5,FERPlus_4685.png
5,FERPlus_4686.png
5,FERPlus_4687.png
5,FERPlus_4688.png
5,FERPlus_4689.png
5,FERPlus_4690.png
5,FERPlus_4691.png
5,FERPlus_4692.png
5,FERPlus_4693.png
5,FERPlus_4694.png
5,FERPlus_4695.png
5,FERPlus_4696.png
5,FERPlus_4697.png
5,FERPlus_4698.png
5,FERPlus_4699.png
5,FERPlus_4700.png
5,FERPlus_4701.png
5,FERPlus_4702.png
5,FERPlus_4703.png
5,FERPlus_4704.png
5,FERPlus_4705.png
5,FERPlus_4706.png
5,FERPlus_4707.png
5,FERPlus_4708.png
5,FERPlus_4709.png
5,FERPlus_4710.png
5,FERPlus_4711.png
5,FERPlus_4712.png
5,FERPlus_4713.png
5,FERPlus_4714.png
5,FERPlus_4715.png
5,FERPlus_4716.png
5,FERPlus_4717.png
5,FERPlus_4718.png
5,FERPlus_4719.png
5,FERPlus_4720.png
5,FERPlus_4721.png
5,FERPlus_4722.png
5,FERPlus_4723.png
5,FERPlus_4724.png
5,FERPlus_4725.png
5,FERPlus_4726.png
5,FERPlus_4727.png
5,FERPlus_4728.png
5,FERPlus_4729.png
5,FERPlus_4730.png
5,FERPlus_4731.png
5,FERPlus_4732.png
5,FERPlus_4733.png
5,FERPlus_4734.png
5,FERPlus_4735.png
5,FERPlus_4736.png
5,FERPlus_4737.png
5,FERPlus_4738.png
5,FERPlus_4739.png
5,FERPlus_4740.png
5,FERPlus_4741.png
5,FERPlus_4742.png
5,FERPlus_4743.png
5,FERPlus_4744.png
5,FERPlus_4745.png
5,FERPlus_4746.png
5,FERPlus_4747.png
5,FERPlus_4748.png
5,FERPlus_4749.png
5,FERPlus_4750.png
5,FERPlus_4751.png
5,FERPlus_4752.png
5,FERPlus_4753.png
5,FERPlus_4754.png
5,FERPlus_4755.png
5,FERPlus_4756.png
5,FERPlus_4757.png
5,FERPlus_4758.png
5,FERPlus_4759.png
5,FERPlus_4760.png
5,FERPlus_4761.png
5,FERPlus_4762.png
5,FERPlus_4763.png
5,FERPlus_4764.png
5,FERPlus_4765.png
5,FERPlus_4766.png
5,FERPlus_4767.png
5,FERPlus_4768.png
5,FERPlus_4769.png
5,FERPlus_4770.png
5,FERPlus_4771.png
5,FERPlus_4772.png
5,FERPlus_4773.png
5,FERPlus_4774.png
5,FERPlus_4775.png
5,FERPlus_4776.png
5,FERPlus_4777.png
5,FERPlus_4778.png
5,FERPlus_4779.png
5,FERPlus_4780.png
5,FERPlus_4781.png
5,FERPlus_4782.png
5,FERPlus_4783.png
5,FERPlus_4784.png
5,FERPlus_4785.png
5,FERPlus_4786.png
5,FERPlus_4787.png
5,FERPlus_4788.png
5,FERPlus_4789.png
5,FERPlus_4790.png
5,FERPlus_4791.png
5,FERPlus_4792.png
5,FERPlus_4793.png
5,FERPlus_4794.png
5,FERPlus_4795.png
5,FERPlus_4796.png
5,FERPlus_4797.png
5,FERPlus_4798.png
5,FERPlus_4799.png
5,FERPlus_4800.png
5,FERPlus_4801.png
5,FERPlus_4802.png
5,FERPlus_4803.png
5,FERPlus_4804.png
5,FERPlus_4805.png
5,FERPlus_4806.png
5,FERPlus_4807.png
5,FERPlus_4808.png
5,FERPlus_4809.png
5,FERPlus_4810.png
5,FERPlus_4811.png
5,FERPlus_4812.png
5,FERPlus_4813.png
5,FERPlus_4814.png
5,FERPlus_4815.png
5,FERPlus_4816.png
5,FERPlus_4817.png
5,FERPlus_4818.png
5,FERPlus_4819.png
5,FERPlus_4820.png
5,FERPlus_4821.png
5,FERPlus_4822.png
5,FERPlus_4823.png
5,FERPlus_4824.png
5,FERPlus_4825.png
5,FERPlus_4826.png
5,FERPlus_4827.png
5,FERPlus_4828.png
5,FERPlus_4829.png
5,FERPlus_4830.png
5,FERPlus_4831.png
5,FERPlus_4832.png
5,FERPlus_4833.png
5,FERPlus_4834.png
5,FERPlus_4835.png
5,FERPlus_4836.png
5,FERPlus_4837.png
5,FERPlus_4838.png
5,FERPlus_4839.png
5,FERPlus_4840.png
5,FERPlus_4841.png
5,FERPlus_4842.png
5,FERPlus_4843.png
5,FERPlus_4844.png
5,FERPlus_4845.png
5,FERPlus_4846.png
5,FERPlus_4847.png
5,FERPlus_4848.png
5,FERPlus_4849.png
5,FERPlus_4850.png
5,FERPlus_4851.png
5,FERPlus_4852.png
5,FERPlus_4853.png
5,FERPlus_4854.png
5,FERPlus_4855.png
5,FERPlus_4856.png
5,FERPlus_4857.png
5,FERPlus_4858.png
5,FERPlus_4859.png
5,FERPlus_4860.png
5,FERPlus_4861.png
5,FERPlus_4862.png
5,FERPlus_4863.png
5,FERPlus_4864.png
5,FERPlus_4865.png
5,FERPlus_4866.png
5,FERPlus_4867.png
5,FERPlus_4868.png
5,FERPlus_4869.png
5,FERPlus_4870.png
5,FERPlus_4871.png
5,FERPlus_4872.png
5,FERPlus_4873.png
5,FERPlus_4874.png
5,FERPlus_4875.png
5,FERPlus_4876.png
5,FERPlus_4877.png
5,FERPlus_4878.png
5,FERPlus_4879.png
5,FERPlus_4880.png
5,FERPlus_4881.png
5,FERPlus_4882.png
5,FERPlus_4883.png
5,FERPlus_4884.png
5,FERPlus_4885.png
5,FERPlus_4886.png
5,FERPlus_4887.png
5,FERPlus_4888.png
5,FERPlus_4889.png
5,FERPlus_4890.png
5,FERPlus_4891.png
5,FERPlus_4892.png
5,FERPlus_4893.png
5,FERPlus_4894.png
5,FERPlus_4895.png
5,FERPlus_4896.png
5,FERPlus_4897.png
5,FERPlus_4898.png
5,FERPlus_4899.png
5,FERPlus_4900.png
5,FERPlus_4901.png
5,FERPlus_4902.png
5,FERPlus_4903.png
5,FERPlus_4904.png
5,FERPlus_4905.png
5,FERPlus_4906.png
5,FERPlus_4907.png
5,FERPlus_4908.png
5,FERPlus_4909.png
5,FERPlus_4910.png
5,FERPlus_4911.png
5,FERPlus_4912.png
5,FERPlus_4913.png
5,FERPlus_4914.png
5,FERPlus_4915.png
5,FERPlus_4916.png
5,FERPlus_4917.png
5,FERPlus_4918.png
5,FERPlus_4919.png
5,FERPlus_4920.png
5,FERPlus_4921.png
5,FERPlus_4922.png
5,FERPlus_4923.png
5,FERPlus_4924.png
5,FERPlus_4925.png
5,FERPlus_4926.png
5,FERPlus_4927.png
5,FERPlus_4928.png
5,FERPlus_4929.png
5,FERPlus_4930.png
5,FERPlus_4931.png
5,FERPlus_4932.png
5,FERPlus_4933.png
5,FERPlus_4934.png
5,FERPlus_4935.png
5,FERPlus_4936.png
5,FERPlus_4937.png
5,FERPlus_4938.png
5,FERPlus_4939.png
5,FERPlus_4940.png
5,FERPlus_4941.png
5,FERPlus_4942.png
5,FERPlus_4943.png
5,FERPlus_4944.png
5,FERPlus_4945.png
5,FERPlus_4946.png
5,FERPlus_4947.png
5,FERPlus_4948.png
5,FERPlus_4949.png
5,FERPlus_4950.png
5,FERPlus_4951.png
5,FERPlus_4952.png
5,FERPlus_4953.png
5,FERPlus_4954.png
5,FERPlus_4955.png
5,FERPlus_4956.png
5,FERPlus_4957.png
5,FERPlus_4958.png
5,FERPlus_4959.png
5,FERPlus_4960.png
5,FERPlus_4961.png
5,FERPlus_4962.png
5,FERPlus_4963.png
5,FERPlus_4964.png
5,FERPlus_4965.png
5,FERPlus_4966.png
5,FERPlus_4967.png
5,FERPlus_4968.png
5,FERPlus_4969.png
5,FERPlus_4970.png
5,FERPlus_4971.png
5,FERPlus_4972.png
5,FERPlus_4973.png
5,FERPlus_4974.png
5,FERPlus_4975.png
5,FERPlus_4976.png
5,FERPlus_4977.png
5,FERPlus_4978.png
5,FERPlus_4979.png
5,FERPlus_4980.png
5,FERPlus_4981.png
5,FERPlus_4982.png
5,FERPlus_4983.png
5,FERPlus_4984.png
5,FERPlus_4985.png
5,FERPlus_4986.png
5,FERPlus_4987.png
5,FERPlus_4988.png
5,FERPlus_4989.png
5,FERPlus_4990.png
5,FERPlus_4991.png
5,FERPlus_4992.png
5,FERPlus_4993.png
5,FERPlus_4994.png
5,FERPlus_4995.png
5,FERPlus_4996.png
5,FERPlus_4997.png
5,FERPlus_4998.png
5,FERPlus_4999.png
5,FERPlus_5000.png
5,FERPlus_5001.png
5,FERPlus_5002.png
5,FERPlus_5003.png
5,FERPlus_5004.png
5,FERPlus_5005.png
5,FERPlus_5006.png
5,FERPlus_5007.png
5,FERPlus_5008.png
5,FERPlus_5009.png
5,FERPlus_5010.png
5,FERPlus_5011.png
5,FERPlus_5012.png
5,FERPlus_5013.png
5,FERPlus_5014.png
5,FERPlus_5015.png
5,FERPlus_5016.png
5,FERPlus_5017.png
5,FERPlus_5018.png
5,FERPlus_5019.png
5,FERPlus_5020.png
5,FERPlus_5021.png
5,FERPlus_5022.png
5,FERPlus_5023.png
5,FERPlus_5024.png
5,FERPlus_5025.png
5,FERPlus_5026.png
5,FERPlus_5027.png
5,FERPlus_5028.png
5,FERPlus_5029.png
5,FERPlus_5030.png
5,FERPlus_5031.png
5,FERPlus_5032.png
5,FERPlus_5033.png
5,FERPlus_5034.png
5,FERPlus_5035.png
5,FERPlus_5036.png
5,FERPlus_5037.png
5,FERPlus_5038.png
5,FERPlus_5039.png
5,FERPlus_5040.png
5,FERPlus_5041.png
5,FERPlus_5042.png
5,FERPlus_5043.png
5,FERPlus_5044.png
5,FERPlus_5045.png
5,FERPlus_5046.png
5,FERPlus_5047.png
5,FERPlus_5048.png
5,FERPlus_5049.png
5,FERPlus_5050.png
5,FERPlus_5051.png
5,FERPlus_5052.png
5,FERPlus_5053.png
5,FERPlus_5054.png
5,FERPlus_5055.png
5,FERPlus_5056.png
5,FERPlus_5057.png
5,FERPlus_5058.png
5,FERPlus_5059.png
5,FERPlus_5060.png
5,FERPlus_5061.png
5,FERPlus_5062.png
5,FERPlus_5063.png
5,FERPlus_5064.png
5,FERPlus_5065.png
5,FERPlus_5066.png
5,FERPlus_5067.png
5,FERPlus_5068.png
5,FERPlus_5069.png
5,FERPlus_5070.png
5,FERPlus_5071.png
5,FERPlus_5072.png
5,FERPlus_5073.png
5,FERPlus_5074.png
5,FERPlus_5075.png
5,FERPlus_5076.png
5,FERPlus_5077.png
5,FERPlus_5078.png
5,FERPlus_5079.png
5,FERPlus_5080.png
5,FERPlus_5081.png
5,FERPlus_5082.png
5,FERPlus_5083.png
5,FERPlus_5084.png
5,FERPlus_5085.png
5,FERPlus_5086.png
5,FERPlus_5087.png
5,FERPlus_5088.png
5,FERPlus_5089.png
5,FERPlus_5090.png
5,FERPlus_5091.png
5,FERPlus_5092.png
5,FERPlus_5093.png
5,FERPlus_5094.png
5,FERPlus_5095.png
5,FERPlus_5096.png
5,FERPlus_5097.png
5,FERPlus_5098.png
5,FERPlus_5099.png
5,FERPlus_5100.png
5,FERPlus_5101.png
5,FERPlus_5102.png
5,FERPlus_5103.png
5,FERPlus_5104.png
5,FERPlus_5105.png
5,FERPlus_5106.png
5,FERPlus_5107.png
5,FERPlus_5108.png
5,FERPlus_5109.png
5,FERPlus_5110.png
5,FERPlus_5111.png
5,FERPlus_5112.png
5,FERPlus_5113.png
5,FERPlus_5114.png
5,FERPlus_5115.png
5,FERPlus_5116.png
5,FERPlus_5117.png
5,FERPlus_5118.png
5,FERPlus_5119.png
5,FERPlus_5120.png
5,FERPlus_5121.png
5,FERPlus_5122.png
5,FERPlus_5123.png
5,FERPlus_5124.png
5,FERPlus_5125.png
5,FERPlus_5126.png
5,FERPlus_5127.png
5,FERPlus_5128.png
5,FERPlus_5129.png
5,FERPlus_5130.png
5,FERPlus_5131.png
5,FERPlus_5132.png
5,FERPlus_5133.png
5,FERPlus_5134.png
5,FERPlus_5135.png
5,FERPlus_5136.png
5,FERPlus_5137.png
5,FERPlus_5138.png
5,FERPlus_5139.png
5,FERPlus_5140.png
5,FERPlus_5141.png
5,FERPlus_5142.png
5,FERPlus_5143.png
5,FERPlus_5144.png
5,FERPlus_5145.png
5,FERPlus_5146.png
5,FERPlus_5147.png
5,FERPlus_5148.png
5,FERPlus_5149.png
5,FERPlus_5150.png
5,FERPlus_5151.png
5,FERPlus_5152.png
5,FERPlus_5153.png
5,FERPlus_5154.png
5,FERPlus_5155.png
5,FERPlus_5156.png
5,FERPlus_5157.png
5,FERPlus_5158.png
5,FERPlus_5159.png
5,FERPlus_5160.png
5,FERPlus_5161.png
5,FERPlus_5162.png
5,FERPlus_5163.png
5,FERPlus_5164.png
5,FERPlus_5165.png
5,FERPlus_5166.png
5,FERPlus_5167.png
5,FERPlus_5168.png
5,FERPlus_5169.png
5,FERPlus_5170.png
5,FERPlus_5171.png
5,FERPlus_5172.png
5,FERPlus_5173.png
5,FERPlus_5174.png
5,FERPlus_5175.png
5,FERPlus_5176.png
5,FERPlus_5177.png
5,FERPlus_5178.png
5,FERPlus_5179.png
5,FERPlus_5180.png
5,FERPlus_5181.png
5,FERPlus_5182.png
5,FERPlus_5183.png
5,FERPlus_5184.png
5,FERPlus_5185.png
5,FERPlus_5186.png
5,FERPlus_5187.png
5,FERPlus_5188.png
5,FERPlus_5189.png
5,FERPlus_5190.png
5,FERPlus_5191.png
5,FERPlus_5192.png
5,FERPlus_5193.png
5,FERPlus_5194.png
5,FERPlus_5195.png
5,FERPlus_5196.png
5,FERPlus_5197.png
5,FERPlus_5198.png
5,FERPlus_5199.png
5,FERPlus_5200.png
5,FERPlus_5201.png
5,FERPlus_5202.png
5,FERPlus_5203.png
5,FERPlus_5204.png
5,FERPlus_5205.png
5,FERPlus_5206.png
5,FERPlus_5207.png
5,FERPlus_5208.png
5,FERPlus_5209.png
5,FERPlus_5210.png
5,FERPlus_5211.png
5,FERPlus_5212.png
5,FERPlus_5213.png
5,FERPlus_5214.png
5,FERPlus_5215.png
5,FERPlus_5216.png
5,FERPlus_5217.png
5,FERPlus_5218.png
5,FERPlus_5219.png
5,FERPlus_5220.png
5,FERPlus_5221.png
5,FERPlus_5222.png
5,FERPlus_5223.png
5,FERPlus_5224.png
5,FERPlus_5225.png
5,FERPlus_5226.png
5,FERPlus_5227.png
5,FERPlus_5228.png
5,FERPlus_5229.png
5,FERPlus_5230.png
5,FERPlus_5231.png
5,FERPlus_5232.png
5,FERPlus_5233.png
5,FERPlus_5234.png
5,FERPlus_5235.png
5,FERPlus_5236.png
5,FERPlus_5237.png
5,FERPlus_5238.png
5,FERPlus_5239.png
5,FERPlus_5240.png
5,FERPlus_5241.png
5,FERPlus_5242.png
5,FERPlus_5243.png
5,FERPlus_5244.png
5,FERPlus_5245.png
5,FERPlus_5246.png
5,FERPlus_5247.png
5,FERPlus_5248.png
5,FERPlus_5249.png
5,FERPlus_5250.png
5,FERPlus_5251.png
5,FERPlus_5252.png
5,FERPlus_5253.png
5,FERPlus_5254.png
5,FERPlus_5255.png
5,FERPlus_5256.png
5,FERPlus_5257.png
5,FERPlus_5258.png
5,FERPlus_5259.png
5,FERPlus_5260.png
5,FERPlus_5261.png
5,FERPlus_5262.png
5,FERPlus_5263.png
5,FERPlus_5264.png
5,FERPlus_5265.png
5,FERPlus_5266.png
5,FERPlus_5267.png
5,FERPlus_5268.png
5,FERPlus_5269.png
5,FERPlus_5270.png
5,FERPlus_5271.png
5,FERPlus_5272.png
5,FERPlus_5273.png
5,FERPlus_5274.png
5,FERPlus_5275.png
5,FERPlus_5276.png
5,FERPlus_5277.png
5,FERPlus_5278.png
5,FERPlus_5279.png
5,FERPlus_5280.png
5,FERPlus_5281.png
5,FERPlus_5282.png
5,FERPlus_5283.png
5,FERPlus_5284.png
5,FERPlus_5285.png
5,FERPlus_5286.png
5,FERPlus_5287.png
5,FERPlus_5288.png
5,FERPlus_5289.png
5,FERPlus_5290.png
5,FERPlus_5291.png
5,FERPlus_5292.png
5,FERPlus_5293.png
5,FERPlus_5294.png
5,FERPlus_5295.png
5,FERPlus_5296.png
5,FERPlus_5297.png
5,FERPlus_5298.png
5,FERPlus_5299.png
5,FERPlus_5300.png
5,FERPlus_5301.png
5,FERPlus_5302.png
5,FERPlus_5303.png
5,FERPlus_5304.png
5,FERPlus_5305.png
5,FERPlus_5306.png
5,FERPlus_5307.png
5,FERPlus_5308.png
5,FERPlus_5309.png
5,FERPlus_5310.png
5,FERPlus_5311.png
5,FERPlus_5312.png
5,FERPlus_5313.png
5,FERPlus_5314.png
5,FERPlus_5315.png
5,FERPlus_5316.png
5,FERPlus_5317.png
5,FERPlus_5318.png
5,FERPlus_5319.png
5,FERPlus_5320.png
5,FERPlus_5321.png
5,FERPlus_5322.png
5,FERPlus_5323.png
5,FERPlus_5324.png
5,FERPlus_5325.png
5,FERPlus_5326.png
5,FERPlus_5327.png
5,FERPlus_5328.png
5,FERPlus_5329.png
5,FERPlus_5330.png
5,FERPlus_5331.png
5,FERPlus_5332.png
5,FERPlus_5333.png
5,FERPlus_5334.png
5,FERPlus_5335.png
5,FERPlus_5336.png
5,FERPlus_5337.png
5,FERPlus_5338.png
5,FERPlus_5339.png
5,FERPlus_5340.png
5,FERPlus_5341.png
5,FERPlus_5342.png
5,FERPlus_5343.png
5,FERPlus_5344.png
5,FERPlus_5345.png
5,FERPlus_5346.png
5,FERPlus_5347.png
5,FERPlus_5348.png
5,FERPlus_5349.png
5,FERPlus_5350.png
5,FERPlus_5351.png
5,FERPlus_5352.png
5,FERPlus_5353.png
5,FERPlus_5354.png
5,FERPlus_5355.png
5,FERPlus_5356.png
5,FERPlus_5357.png
5,FERPlus_5358.png
5,FERPlus_5359.png
5,FERPlus_5360.png
5,FERPlus_5361.png
5,FERPlus_5362.png
5,FERPlus_5363.png
5,FERPlus_5364.png
5,FERPlus_5365.png
5,FERPlus_5366.png
5,FERPlus_5367.png
5,FERPlus_5368.png
5,FERPlus_5369.png
5,FERPlus_5370.png
5,FERPlus_5371.png
5,FERPlus_5372.png
5,FERPlus_5373.png
5,FERPlus_5374.png
5,FERPlus_5375.png
5,FERPlus_5376.png
5,FERPlus_5377.png
5,FERPlus_5378.png
5,FERPlus_5379.png
5,FERPlus_5380.png
5,FERPlus_5381.png
5,FERPlus_5382.png
5,FERPlus_5383.png
5,FERPlus_5384.png
5,FERPlus_5385.png
5,FERPlus_5386.png
5,FERPlus_5387.png
5,FERPlus_5388.png
5,FERPlus_5389.png
5,FERPlus_5390.png
5,FERPlus_5391.png
5,FERPlus_5392.png
5,FERPlus_5393.png
5,FERPlus_5394.png
5,FERPlus_5395.png
5,FERPlus_5396.png
5,FERPlus_5397.png
5,FERPlus_5398.png
5,FERPlus_5399.png
5,FERPlus_5400.png
5,FERPlus_5401.png
5,FERPlus_5402.png
5,FERPlus_5403.png
5,FERPlus_5404.png
5,FERPlus_5405.png
5,FERPlus_5406.png
5,FERPlus_5407.png
5,FERPlus_5408.png
5,FERPlus_5409.png
5,FERPlus_5410.png
5,FERPlus_5411.png
5,FERPlus_5412.png
5,FERPlus_5413.png
5,FERPlus_5414.png
5,FERPlus_5415.png
5,FERPlus_5416.png
5,FERPlus_5417.png
5,FERPlus_5418.png
5,FERPlus_5419.png
5,FERPlus_5420.png
5,FERPlus_5421.png
5,FERPlus_5422.png
5,FERPlus_5423.png
5,FERPlus_5424.png
5,FERPlus_5425.png
5,FERPlus_5426.png
5,FERPlus_5427.png
5,FERPlus_5428.png
5,FERPlus_5429.png
5,FERPlus_5430.png
5,FERPlus_5431.png
5,FERPlus_5432.png
5,FERPlus_5433.png
5,FERPlus_5434.png
5,FERPlus_5435.png
5,FERPlus_5436.png
5,FERPlus_5437.png
5,FERPlus_5438.png
5,FERPlus_5439.png
5,FERPlus_5440.png
5,FERPlus_5441.png
5,FERPlus_5442.png
5,FERPlus_5443.png
5,FERPlus_5444.png
5,FERPlus_5445.png
5,FERPlus_5446.png
5,FERPlus_5447.png
5,FERPlus_5448.png
5,FERPlus_5449.png
5,FERPlus_5450.png
5,FERPlus_5451.png
5,FERPlus_5452.png
5,FERPlus_5453.png
5,FERPlus_5454.png
5,FERPlus_5455.png
5,FERPlus_5456.png
5,FERPlus_5457.png
5,FERPlus_5458.png
5,FERPlus_5459.png
5,FERPlus_5460.png
5,FERPlus_5461.png
5,FERPlus_5462.png
5,FERPlus_5463.png
5,FERPlus_5464.png
5,FERPlus_5465.png
5,FERPlus_5466.png
5,FERPlus_5467.png
5,FERPlus_5468.png
5,FERPlus_5469.png
5,FERPlus_5470.png
5,FERPlus_5471.png
5,FERPlus_5472.png
5,FERPlus_5473.png
5,FERPlus_5474.png
5,FERPlus_5475.png
5,FERPlus_5476.png
5,FERPlus_5477.png
5,FERPlus_5478.png
5,FERPlus_5479.png
5,FERPlus_5480.png
5,FERPlus_5481.png
5,FERPlus_5482.png
5,FERPlus_5483.png
5,FERPlus_5484.png
5,FERPlus_5485.png
5,FERPlus_5486.png
5,FERPlus_5487.png
5,FERPlus_5488.png
5,FERPlus_5489.png
5,FERPlus_5490.png
5,FERPlus_5491.png
5,FERPlus_5492.png
5,FERPlus_5493.png
5,FERPlus_5494.png
5,FERPlus_5495.png
5,FERPlus_5496.png
5,FERPlus_5497.png
5,FERPlus_5498.png
5,FERPlus_5499.png
5,FERPlus_5500.png
5,FERPlus_5501.png
5,FERPlus_5502.png
5,FERPlus_5503.png
5,FERPlus_5504.png
5,FERPlus_5505.png
5,FERPlus_5506.png
5,FERPlus_5507.png
5,FERPlus_5508.png
5,FERPlus_5509.png
5,FERPlus_5510.png
5,FERPlus_5511.png
5,FERPlus_5512.png
5,FERPlus_5513.png
5,FERPlus_5514.png
5,FERPlus_5515.png
5,FERPlus_5516.png
5,FERPlus_5517.png
5,FERPlus_5518.png
5,FERPlus_5519.png
5,FERPlus_5520.png
5,FERPlus_5521.png
5,FERPlus_5522.png
5,FERPlus_5523.png
5,FERPlus_5524.png
5,FERPlus_5525.png
5,FERPlus_5526.png
5,FERPlus_5527.png
5,FERPlus_5528.png
5,FERPlus_5529.png
5,FERPlus_5530.png
5,FERPlus_5531.png
5,FERPlus_5532.png
5,FERPlus_5533.png
5,FERPlus_5534.png
5,FERPlus_5535.png
5,FERPlus_5536.png
5,FERPlus_5537.png
5,FERPlus_5538.png
5,FERPlus_5539.png
5,FERPlus_5540.png
5,FERPlus_5541.png
5,FERPlus_5542.png
5,FERPlus_5543.png
5,FERPlus_5544.png
5,FERPlus_5545.png
5,FERPlus_5546.png
5,FERPlus_5547.png
5,FERPlus_5548.png
5,FERPlus_5549.png
5,FERPlus_5550.png
5,FERPlus_5551.png
5,FERPlus_5552.png
5,FERPlus_5553.png
5,FERPlus_5554.png
5,FERPlus_5555.png
5,FERPlus_5556.png
5,FERPlus_5557.png
5,FERPlus_5558.png
5,FERPlus_5559.png
5,FERPlus_5560.png
5,FERPlus_5561.png
5,FERPlus_5562.png
5,FERPlus_5563.png
5,FERPlus_5564.png
5,FERPlus_5565.png
5,FERPlus_5566.png
5,FERPlus_5567.png
5,FERPlus_5568.png
5,FERPlus_5569.png
5,FERPlus_5570.png
5,FERPlus_5571.png
5,FERPlus_5572.png
5,FERPlus_5573.png
5,FERPlus_5574.png
5,FERPlus_5575.png
5,FERPlus_5576.png
5,FERPlus_5577.png
5,FERPlus_5578.png
5,FERPlus_5579.png
5,FERPlus_5580.png
5,FERPlus_5581.png
5,FERPlus_5582.png
5,FERPlus_5583.png
5,FERPlus_5584.png
5,FERPlus_5585.png
5,FERPlus_5586.png
5,FERPlus_5587.png
5,FERPlus_5588.png
5,FERPlus_5589.png
5,FERPlus_5590.png
5,FERPlus_5591.png
5,FERPlus_5592.png
5,FERPlus_5593.png
5,FERPlus_5594.png
5,FERPlus_5595.png
5,FERPlus_5596.png
5,FERPlus_5597.png
5,FERPlus_5598.png
5,FERPlus_5599.png
5,FERPlus_5600.png
5,FERPlus_5601.png
5,FERPlus_5602.png
5,FERPlus_5603.png
5,FERPlus_5604.png
5,FERPlus_5605.png
5,FERPlus_5606.png
5,FERPlus_5607.png
5,FERPlus_5608.png
5,FERPlus_5609.png
5,FERPlus_5610.png
5,FERPlus_5611.png
5,FERPlus_5612.png
5,FERPlus_5613.png
5,FERPlus_5614.png
5,FERPlus_5615.png
5,FERPlus_5616.png
5,FERPlus_5617.png
5,FERPlus_5618.png
5,FERPlus_5619.png
5,FERPlus_5620.png
5,FERPlus_5621.png
5,FERPlus_5622.png
5,FERPlus_5623.png
5,FERPlus_5624.png
5,FERPlus_5625.png
5,FERPlus_5626.png
5,FERPlus_5627.png
5,FERPlus_5628.png
5,FERPlus_5629.png
5,FERPlus_5630.png
5,FERPlus_5631.png
5,FERPlus_5632.png
5,FERPlus_5633.png
5,FERPlus_5634.png
5,FERPlus_5635.png
5,FERPlus_5636.png
5,FERPlus_5637.png
5,FERPlus_5638.png
5,FERPlus_5639.png
5,FERPlus_5640.png
5,FERPlus_5641.png
5,FERPlus_5642.png
5,FERPlus_5643.png
5,FERPlus_5644.png
5,FERPlus_5645.png
5,FERPlus_5646.png
5,FERPlus_5647.png
5,FERPlus_5648.png
5,FERPlus_5649.png
5,FERPlus_5650.png
5,FERPlus_5651.png
5,FERPlus_5652.png
5,FERPlus_5653.png
5,FERPlus_5654.png
5,FERPlus_5655.png
5,FERPlus_5656.png
5,FERPlus_5657.png
5,FERPlus_5658.png
5,FERPlus_5659.png
5,FERPlus_5660.png
5,FERPlus_5661.png
5,FERPlus_5662.png
5,FERPlus_5663.png
5,FERPlus_5664.png
5,FERPlus_5665.png
5,FERPlus_5666.png
5,FERPlus_5667.png
5,FERPlus_5668.png
5,FERPlus_5669.png
5,FERPlus_5670.png
5,FERPlus_5671.png
5,FERPlus_5672.png
5,FERPlus_5673.png
5,FERPlus_5674.png
5,FERPlus_5675.png
5,FERPlus_5676.png
5,FERPlus_5677.png
5,FERPlus_5678.png
5,FERPlus_5679.png
5,FERPlus_5680.png
5,FERPlus_5681.png
5,FERPlus_5682.png
5,FERPlus_5683.png
5,FERPlus_5684.png
5,FERPlus_5685.png
5,FERPlus_5686.png
5,FERPlus_5687.png
5,FERPlus_5688.png
5,FERPlus_5689.png
5,FERPlus_5690.png
5,FERPlus_5691.png
5,FERPlus_5692.png
5,FERPlus_5693.png
5,FERPlus_5694.png
5,FERPlus_5695.png
5,FERPlus_5696.png
5,FERPlus_5697.png
5,FERPlus_5698.png
5,FERPlus_5699.png
5,FERPlus_5700.png
5,FERPlus_5701.png
5,FERPlus_5702.png
5,FERPlus_5703.png
5,FERPlus_5704.png
5,FERPlus_5705.png
5,FERPlus_5706.png
5,FERPlus_5707.png
5,FERPlus_5708.png
5,FERPlus_5709.png
5,FERPlus_5710.png
5,FERPlus_5711.png
5,FERPlus_5712.png
5,FERPlus_5713.png
5,FERPlus_5714.png
5,FERPlus_5715.png
5,FERPlus_5716.png
5,FERPlus_5717.png
5,FERPlus_5718.png
5,FERPlus_5719.png
5,FERPlus_5720.png
5,FERPlus_5721.png
5,FERPlus_5722.png
5,FERPlus_5723.png
5,FERPlus_5724.png
5,FERPlus_5725.png
5,FERPlus_5726.png
5,FERPlus_5727.png
5,FERPlus_5728.png
5,FERPlus_5729.png
5,FERPlus_5730.png
5,FERPlus_5731.png
5,FERPlus_5732.png
5,FERPlus_5733.png
5,FERPlus_5734.png
5,FERPlus_5735.png
5,FERPlus_5736.png
5,FERPlus_5737.png
5,FERPlus_5738.png
5,FERPlus_5739.png
5,FERPlus_5740.png
5,FERPlus_5741.png
5,FERPlus_5742.png
5,FERPlus_5743.png
5,FERPlus_5744.png
5,FERPlus_5745.png
5,FERPlus_5746.png
5,FERPlus_5747.png
5,FERPlus_5748.png
5,FERPlus_5749.png
5,FERPlus_5750.png
5,FERPlus_5751.png
5,FERPlus_5752.png
5,FERPlus_5753.png
5,FERPlus_5754.png
5,FERPlus_5755.png
5,FERPlus_5756.png
5,FERPlus_5757.png
5,FERPlus_5758.png
5,FERPlus_5759.png
5,FERPlus_5760.png
5,FERPlus_5761.png
5,FERPlus_5762.png
5,FERPlus_5763.png
5,FERPlus_5764.png
5,FERPlus_5765.png
5,FERPlus_5766.png
5,FERPlus_5767.png
5,FERPlus_5768.png
5,FERPlus_5769.png
5,FERPlus_5770.png
5,FERPlus_5771.png
5,FERPlus_5772.png
5,FERPlus_5773.png
5,FERPlus_5774.png
5,FERPlus_5775.png
5,FERPlus_5776.png
5,FERPlus_5777.png
5,FERPlus_5778.png
5,FERPlus_5779.png
5,FERPlus_5780.png
5,FERPlus_5781.png
5,FERPlus_5782.png
5,FERPlus_5783.png
5,FERPlus_5784.png
5,FERPlus_5785.png
5,FERPlus_5786.png
5,FERPlus_5787.png
5,FERPlus_5788.png
5,FERPlus_5789.png
5,FERPlus_5790.png
5,FERPlus_5791.png
5,FERPlus_5792.png
5,FERPlus_5793.png
5,FERPlus_5794.png
5,FERPlus_5795.png
5,FERPlus_5796.png
5,FERPlus_5797.png
5,FERPlus_5798.png
5,FERPlus_5799.png
5,FERPlus_5800.png
5,FERPlus_5801.png
5,FERPlus_5802.png
5,FERPlus_5803.png
5,FERPlus_5804.png
5,FERPlus_5805.png
5,FERPlus_5806.png
5,FERPlus_5807.png
5,FERPlus_5808.png
5,FERPlus_5809.png
5,FERPlus_5810.png
5,FERPlus_5811.png
5,FERPlus_5812.png
5,FERPlus_5813.png
5,FERPlus_5814.png
5,FERPlus_5815.png
5,FERPlus_5816.png
5,FERPlus_5817.png
5,FERPlus_5818.png
5,FERPlus_5819.png
5,FERPlus_5820.png
5,FERPlus_5821.png
5,FERPlus_5822.png
5,FERPlus_5823.png
5,FERPlus_5824.png
5,FERPlus_5825.png
5,FERPlus_5826.png
5,FERPlus_5827.png
5,FERPlus_5828.png
5,FERPlus_5829.png
5,FERPlus_5830.png
5,FERPlus_5831.png
5,FERPlus_5832.png
5,FERPlus_5833.png
5,FERPlus_5834.png
5,FERPlus_5835.png
5,FERPlus_5836.png
5,FERPlus_5837.png
5,FERPlus_5838.png
5,FERPlus_5839.png
5,FERPlus_5840.png
5,FERPlus_5841.png
5,FERPlus_5842.png
5,FERPlus_5843.png
5,FERPlus_5844.png
5,FERPlus_5845.png
5,FERPlus_5846.png
5,FERPlus_5847.png
5,FERPlus_5848.png
5,FERPlus_5849.png
5,FERPlus_5850.png
5,FERPlus_5851.png
5,FERPlus_5852.png
5,FERPlus_5853.png
5,FERPlus_5854.png
5,FERPlus_5855.png
5,FERPlus_5856.png
5,FERPlus_5857.png
5,FERPlus_5858.png
5,FERPlus_5859.png
5,FERPlus_5860.png
5,FERPlus_5861.png
5,FERPlus_5862.png
5,FERPlus_5863.png
5,FERPlus_5864.png
5,FERPlus_5865.png
5,FERPlus_5866.png
5,FERPlus_5867.png
5,FERPlus_5868.png
5,FERPlus_5869.png
5,FERPlus_5870.png
5,FERPlus_5871.png
5,FERPlus_5872.png
5,FERPlus_5873.png
5,FERPlus_5874.png
5,FERPlus_5875.png
5,FERPlus_5876.png
5,FERPlus_5877.png
5,FERPlus_5878.png
5,FERPlus_5879.png
5,FERPlus_5880.png
5,FERPlus_5881.png
5,FERPlus_5882.png
5,FERPlus_5883.png
5,FERPlus_5884.png
5,FERPlus_5885.png
5,FERPlus_5886.png
5,FERPlus_5887.png
5,FERPlus_5888.png
5,FERPlus_5889.png
5,FERPlus_5890.png
5,FERPlus_5891.png
5,FERPlus_5892.png
5,FERPlus_5893.png
5,FERPlus_5894.png
5,FERPlus_5895.png
5,FERPlus_5896.png
5,FERPlus_5897.png
5,FERPlus_5898.png
5,FERPlus_5899.png
5,FERPlus_5900.png
5,FERPlus_5901.png
5,FERPlus_5902.png
5,FERPlus_5903.png
5,FERPlus_5904.png
5,FERPlus_5905.png
5,FERPlus_5906.png
5,FERPlus_5907.png
5,FERPlus_5908.png
5,FERPlus_5909.png
5,FERPlus_5910.png
5,FERPlus_5911.png
5,FERPlus_5912.png
5,FERPlus_5913.png
5,FERPlus_5914.png
5,FERPlus_5915.png
5,FERPlus_5916.png
5,FERPlus_5917.png
5,FERPlus_5918.png
5,FERPlus_5919.png
5,FERPlus_5920.png
5,FERPlus_5921.png
5,FERPlus_5922.png
5,FERPlus_5923.png
5,FERPlus_5924.png
5,FERPlus_5925.png
5,FERPlus_5926.png
5,FERPlus_5927.png
5,FERPlus_5928.png
5,FERPlus_5929.png
5,FERPlus_5930.png
5,FERPlus_5931.png
5,FERPlus_5932.png
5,FERPlus_5933.png
5,FERPlus_5934.png
5,FERPlus_5935.png
5,FERPlus_5936.png
5,FERPlus_5937.png
5,FERPlus_5938.png
5,FERPlus_5939.png
5,FERPlus_5940.png
5,FERPlus_5941.png
5,FERPlus_5942.png
5,FERPlus_5943.png
5,FERPlus_5944.png
5,FERPlus_5945.png
5,FERPlus_5946.png
5,FERPlus_5947.png
5,FERPlus_5948.png
5,FERPlus_5949.png
5,FERPlus_5950.png
5,FERPlus_5951.png
5,FERPlus_5952.png
5,FERPlus_5953.png
5,FERPlus_5954.png
5,FERPlus_5955.png
5,FERPlus_5956.png
5,FERPlus_5957.png
5,FERPlus_5958.png
5,FERPlus_5959.png
5,FERPlus_5960.png
5,FERPlus_5961.png
5,FERPlus_5962.png
5,FERPlus_5963.png
5,FERPlus_5964.png
5,FERPlus_5965.png
5,FERPlus_5966.png
5,FERPlus_5967.png
5,FERPlus_5968.png
5,FERPlus_5969.png
5,FERPlus_5970.png
5,FERPlus_5971.png
5,FERPlus_5972.png
5,FERPlus_5973.png
5,FERPlus_5974.png
5,FERPlus_5975.png
5,FERPlus_5976.png
5,FERPlus_5977.png
5,FERPlus_5978.png
5,FERPlus_5979.png
5,FERPlus_5980.png
5,FERPlus_5981.png
5,FERPlus_5982.png
5,FERPlus_5983.png
5,FERPlus_5984.png
5,FERPlus_5985.png
5,FERPlus_5986.png
5,FERPlus_5987.png
5,FERPlus_5988.png
5,FERPlus_5989.png
5,FERPlus_5990.png
5,FERPlus_5991.png
5,FERPlus_5992.png
5,FERPlus_5993.png
5,FERPlus_5994.png
5,FERPlus_5995.png
5,FERPlus_5996.png
5,FERPlus_5997.png
5,FERPlus_5998.png
5,FERPlus_5999.png
5,FERPlus_6000.png
5,FERPlus_6001.png
5,FERPlus_6002.png
5,FERPlus_6003.png
5,FERPlus_6004.png
5,FERPlus_6005.png
5,FERPlus_6006.png
5,FERPlus_6007.png
5,FERPlus_6008.png
5,FERPlus_6009.png
5,FERPlus_6010.png
5,FERPlus_6011.png
5,FERPlus_6012.png
5,FERPlus_6013.png
5,FERPlus_6014.png
5,FERPlus_6015.png
5,FERPlus_6016.png
5,FERPlus_6017.png
5,FERPlus_6018.png
5,FERPlus_6019.png
5,FERPlus_6020.png
5,FERPlus_6021.png
5,FERPlus_6022.png
5,FERPlus_6023.png
5,FERPlus_6024.png
5,FERPlus_6025.png
5,FERPlus_6026.png
5,FERPlus_6027.png
5,FERPlus_6028.png
5,FERPlus_6029.png
5,FERPlus_6030.png
5,FERPlus_6031.png
5,FERPlus_6032.png
5,FERPlus_6033.png
5,FERPlus_6034.png
5,FERPlus_6035.png
5,FERPlus_6036.png
5,FERPlus_6037.png
5,FERPlus_6038.png
5,FERPlus_6039.png
5,FERPlus_6040.png
5,FERPlus_6041.png
5,FERPlus_6042.png
5,FERPlus_6043.png
5,FERPlus_6044.png
5,FERPlus_6045.png
5,FERPlus_6046.png
5,FERPlus_6047.png
5,FERPlus_6048.png
5,FERPlus_6049.png
5,FERPlus_6050.png
5,FERPlus_6051.png
5,FERPlus_6052.png
5,FERPlus_6053.png
5,FERPlus_6054.png
5,FERPlus_6055.png
5,FERPlus_6056.png
5,FERPlus_6057.png
5,FERPlus_6058.png
5,FERPlus_6059.png
5,FERPlus_6060.png
5,FERPlus_6061.png
5,FERPlus_6062.png
5,FERPlus_6063.png
5,FERPlus_6064.png
5,FERPlus_6065.png
5,FERPlus_6066.png
5,FERPlus_6067.png
5,FERPlus_6068.png
5,FERPlus_6069.png
5,FERPlus_6070.png
5,FERPlus_6071.png
5,FERPlus_6072.png
5,FERPlus_6073.png
5,FERPlus_6074.png
5,FERPlus_6075.png
5,FERPlus_6076.png
5,FERPlus_6077.png
5,FERPlus_6078.png
5,FERPlus_6079.png
5,FERPlus_6080.png
5,FERPlus_6081.png
5,FERPlus_6082.png
5,FERPlus_6083.png
5,FERPlus_6084.png
5,FERPlus_6085.png
5,FERPlus_6086.png
5,FERPlus_6087.png
5,FERPlus_6088.png
5,FERPlus_6089.png
5,FERPlus_6090.png
5,FERPlus_6091.png
5,FERPlus_6092.png
5,FERPlus_6093.png
5,FERPlus_6094.png
5,FERPlus_6095.png
5,FERPlus_6096.png
5,FERPlus_6097.png
5,FERPlus_6098.png
5,FERPlus_6099.png
5,FERPlus_6100.png
5,FERPlus_6101.png
5,FERPlus_6102.png
5,FERPlus_6103.png
5,FERPlus_6104.png
5,FERPlus_6105.png
5,FERPlus_6106.png
5,FERPlus_6107.png
5,FERPlus_6108.png
5,FERPlus_6109.png
5,FERPlus_6110.png
5,FERPlus_6111.png
5,FERPlus_6112.png
5,FERPlus_6113.png
5,FERPlus_6114.png
5,FERPlus_6115.png
5,FERPlus_6116.png
5,FERPlus_6117.png
5,FERPlus_6118.png
5,FERPlus_6119.png
5,FERPlus_6120.png
5,FERPlus_6121.png
5,FERPlus_6122.png
5,FERPlus_6123.png
5,FERPlus_6124.png
5,FERPlus_6125.png
5,FERPlus_6126.png
5,FERPlus_6127.png
5,FERPlus_6128.png
5,FERPlus_6129.png
5,FERPlus_6130.png
5,FERPlus_6131.png
5,FERPlus_6132.png
5,FERPlus_6133.png
5,FERPlus_6134.png
5,FERPlus_6135.png
5,FERPlus_6136.png
5,FERPlus_6137.png
5,FERPlus_6138.png
5,FERPlus_6139.png
5,FERPlus_6140.png
5,FERPlus_6141.png
5,FERPlus_6142.png
5,FERPlus_6143.png
5,FERPlus_6144.png
5,FERPlus_6145.png
5,FERPlus_6146.png
5,FERPlus_6147.png
5,FERPlus_6148.png
5,FERPlus_6149.png
5,FERPlus_6150.png
5,FERPlus_6151.png
5,FERPlus_6152.png
5,FERPlus_6153.png
5,FERPlus_6154.png
5,FERPlus_6155.png
5,FERPlus_6156.png
5,FERPlus_6157.png
5,FERPlus_6158.png
5,FERPlus_6159.png
5,FERPlus_6160.png
5,FERPlus_6161.png
5,FERPlus_6162.png
5,FERPlus_6163.png
5,FERPlus_6164.png
5,FERPlus_6165.png
5,FERPlus_6166.png
5,FERPlus_6167.png
5,FERPlus_6168.png
5,FERPlus_6169.png
5,FERPlus_6170.png
5,FERPlus_6171.png
5,FERPlus_6172.png
5,FERPlus_6173.png
5,FERPlus_6174.png
5,FERPlus_6175.png
5,FERPlus_6176.png
5,FERPlus_6177.png
5,FERPlus_6178.png
5,FERPlus_6179.png
5,FERPlus_6180.png
5,FERPlus_6181.png
5,FERPlus_6182.png
5,FERPlus_6183.png
5,FERPlus_6184.png
5,FERPlus_6185.png
5,FERPlus_6186.png
5,FERPlus_6187.png
5,FERPlus_6188.png
5,FERPlus_6189.png
5,FERPlus_6190.png
5,FERPlus_6191.png
5,FERPlus_6192.png
5,FERPlus_6193.png
5,FERPlus_6194.png
5,FERPlus_6195.png
5,FERPlus_6196.png
5,FERPlus_6197.png
5,FERPlus_6198.png
5,FERPlus_6199.png
5,FERPlus_6200.png
5,FERPlus_6201.png
5,FERPlus_6202.png
5,FERPlus_6203.png
5,FERPlus_6204.png
5,FERPlus_6205.png
5,FERPlus_6206.png
5,FERPlus_6207.png
5,FERPlus_6208.png
5,FERPlus_6209.png
5,FERPlus_6210.png
5,FERPlus_6211.png
5,FERPlus_6212.png
5,FERPlus_6213.png
5,FERPlus_6214.png
5,FERPlus_6215.png
5,FERPlus_6216.png
5,FERPlus_6217.png
5,FERPlus_6218.png
5,FERPlus_6219.png
5,FERPlus_6220.png
5,FERPlus_6221.png
5,FERPlus_6222.png
5,FERPlus_6223.png
5,FERPlus_6224.png
5,FERPlus_6225.png
5,FERPlus_6226.png
5,FERPlus_6227.png
5,FERPlus_6228.png
5,FERPlus_6229.png
5,FERPlus_6230.png
5,FERPlus_6231.png
5,FERPlus_6232.png
5,FERPlus_6233.png
5,FERPlus_6234.png
5,FERPlus_6235.png
5,FERPlus_6236.png
5,FERPlus_6237.png
5,FERPlus_6238.png
5,FERPlus_6239.png
5,FERPlus_6240.png
5,FERPlus_6241.png
5,FERPlus_6242.png
5,FERPlus_6243.png
5,FERPlus_6244.png
5,FERPlus_6245.png
5,FERPlus_6246.png
5,FERPlus_6247.png
5,FERPlus_6248.png
5,FERPlus_6249.png
5,FERPlus_6250.png
5,FERPlus_6251.png
5,FERPlus_6252.png
5,FERPlus_6253.png
5,FERPlus_6254.png
5,FERPlus_6255.png
5,FERPlus_6256.png
5,FERPlus_6257.png
5,FERPlus_6258.png
5,FERPlus_6259.png
5,FERPlus_6260.png
5,FERPlus_6261.png
5,FERPlus_6262.png
5,FERPlus_6263.png
5,FERPlus_6264.png
5,FERPlus_6265.png
5,FERPlus_6266.png
5,FERPlus_6267.png
5,FERPlus_6268.png
5,FERPlus_6269.png
5,FERPlus_6270.png
5,FERPlus_6271.png
5,FERPlus_6272.png
5,FERPlus_6273.png
5,FERPlus_6274.png
5,FERPlus_6275.png
5,FERPlus_6276.png
5,FERPlus_6277.png
5,FERPlus_6278.png
5,FERPlus_6279.png
5,FERPlus_6280.png
5,FERPlus_6281.png
5,FERPlus_6282.png
5,FERPlus_6283.png
5,FERPlus_6284.png
5,FERPlus_6285.png
5,FERPlus_6286.png
5,FERPlus_6287.png
5,FERPlus_6288.png
5,FERPlus_6289.png
5,FERPlus_6290.png
5,FERPlus_6291.png
5,FERPlus_6292.png
5,FERPlus_6293.png
5,FERPlus_6294.png
5,FERPlus_6295.png
5,FERPlus_6296.png
5,FERPlus_6297.png
5,FERPlus_6298.png
5,FERPlus_6299.png
5,FERPlus_6300.png
5,FERPlus_6301.png
5,FERPlus_6302.png
5,FERPlus_6303.png
5,FERPlus_6304.png
5,FERPlus_6305.png
5,FERPlus_6306.png
5,FERPlus_6307.png
5,FERPlus_6308.png
5,FERPlus_6309.png
5,FERPlus_6310.png
5,FERPlus_6311.png
5,FERPlus_6312.png
5,FERPlus_6313.png
5,FERPlus_6314.png
5,FERPlus_6315.png
5,FERPlus_6316.png
5,FERPlus_6317.png
5,FERPlus_6318.png
5,FERPlus_6319.png
5,FERPlus_6320.png
5,FERPlus_6321.png
5,FERPlus_6322.png
5,FERPlus_6323.png
5,FERPlus_6324.png
5,FERPlus_6325.png
5,FERPlus_6326.png
5,FERPlus_6327.png
5,FERPlus_6328.png
5,FERPlus_6329.png
5,FERPlus_6330.png
5,FERPlus_6331.png
5,FERPlus_6332.png
5,FERPlus_6333.png
5,FERPlus_6334.png
5,FERPlus_6335.png
5,FERPlus_6336.png
5,FERPlus_6337.png
5,FERPlus_6338.png
5,FERPlus_6339.png
5,FERPlus_6340.png
5,FERPlus_6341.png
5,FERPlus_6342.png
5,FERPlus_6343.png
5,FERPlus_6344.png
5,FERPlus_6345.png
5,FERPlus_6346.png
5,FERPlus_6347.png
5,FERPlus_6348.png
5,FERPlus_6349.png
5,FERPlus_6350.png
5,FERPlus_6351.png
5,FERPlus_6352.png
5,FERPlus_6353.png
5,FERPlus_6354.png
5,FERPlus_6355.png
5,FERPlus_6356.png
5,FERPlus_6357.png
5,FERPlus_6358.png
5,FERPlus_6359.png
5,FERPlus_6360.png
5,FERPlus_6361.png
5,FERPlus_6362.png
5,FERPlus_6363.png
5,FERPlus_6364.png
5,FERPlus_6365.png
5,FERPlus_6366.png
5,FERPlus_6367.png
5,FERPlus_6368.png
5,FERPlus_6369.png
5,FERPlus_6370.png
5,FERPlus_6371.png
5,FERPlus_6372.png
5,FERPlus_6373.png
5,FERPlus_6374.png
5,FERPlus_6375.png
5,FERPlus_6376.png
5,FERPlus_6377.png
5,FERPlus_6378.png
5,FERPlus_6379.png
5,FERPlus_6380.png
5,FERPlus_6381.png
5,FERPlus_6382.png
5,FERPlus_6383.png
5,FERPlus_6384.png
5,FERPlus_6385.png
5,FERPlus_6386.png
5,FERPlus_6387.png
5,FERPlus_6388.png
5,FERPlus_6389.png
5,FERPlus_6390.png
5,FERPlus_6391.png
5,FERPlus_6392.png
5,FERPlus_6393.png
5,FERPlus_6394.png
5,FERPlus_6395.png
5,FERPlus_6396.png
5,FERPlus_6397.png
5,FERPlus_6398.png
5,FERPlus_6399.png
5,FERPlus_6400.png
5,FERPlus_6401.png
5,FERPlus_6402.png
5,FERPlus_6403.png
5,FERPlus_6404.png
5,FERPlus_6405.png
5,FERPlus_6406.png
5,FERPlus_6407.png
5,FERPlus_6408.png
5,FERPlus_6409.png
5,FERPlus_6410.png
5,FERPlus_6411.png
5,FERPlus_6412.png
5,FERPlus_6413.png
5,FERPlus_6414.png
5,FERPlus_6415.png
5,FERPlus_6416.png
5,FERPlus_6417.png
5,FERPlus_6418.png
5,FERPlus_6419.png
5,FERPlus_6420.png
5,FERPlus_6421.png
5,FERPlus_6422.png
5,FERPlus_6423.png
5,FERPlus_6424.png
5,FERPlus_6425.png
5,FERPlus_6426.png
5,FERPlus_6427.png
5,FERPlus_6428.png
5,FERPlus_6429.png
5,FERPlus_6430.png
5,FERPlus_6431.png
5,FERPlus_6432.png
5,FERPlus_6433.png
5,FERPlus_6434.png
5,FERPlus_6435.png
5,FERPlus_6436.png
5,FERPlus_6437.png
5,FERPlus_6438.png
5,FERPlus_6439.png
5,FERPlus_6440.png
5,FERPlus_6441.png
5,FERPlus_6442.png
5,FERPlus_6443.png
5,FERPlus_6444.png
5,FERPlus_6445.png
5,FERPlus_6446.png
5,FERPlus_6447.png
5,FERPlus_6448.png
5,FERPlus_6449.png
5,FERPlus_6450.png
5,FERPlus_6451.png
5,FERPlus_6452.png
5,FERPlus_6453.png
5,FERPlus_6454.png
5,FERPlus_6455.png
5,FERPlus_6456.png
5,FERPlus_6457.png
5,FERPlus_6458.png
5,FERPlus_6459.png
5,FERPlus_6460.png
5,FERPlus_6461.png
5,FERPlus_6462.png
5,FERPlus_6463.png
5,FERPlus_6464.png
5,FERPlus_6465.png
5,FERPlus_6466.png
5,FERPlus_6467.png
5,FERPlus_6468.png
5,FERPlus_6469.png
5,FERPlus_6470.png
5,FERPlus_6471.png
5,FERPlus_6472.png
5,FERPlus_6473.png
5,FERPlus_6474.png
5,FERPlus_6475.png
5,FERPlus_6476.png
5,FERPlus_6477.png
5,FERPlus_6478.png
5,FERPlus_6479.png
5,FERPlus_6480.png
5,FERPlus_6481.png
5,FERPlus_6482.png
5,FERPlus_6483.png
5,FERPlus_6484.png
5,FERPlus_6485.png
5,FERPlus_6486.png
5,FERPlus_6487.png
5,FERPlus_6488.png
5,FERPlus_6489.png
5,FERPlus_6490.png
5,FERPlus_6491.png
5,FERPlus_6492.png
5,FERPlus_6493.png
5,FERPlus_6494.png
5,FERPlus_6495.png
5,FERPlus_6496.png
5,FERPlus_6497.png
5,FERPlus_6498.png
5,FERPlus_6499.png
5,FERPlus_6500.png
5,FERPlus_6501.png
5,FERPlus_6502.png
5,FERPlus_6503.png
5,FERPlus_6504.png
5,FERPlus_6505.png
5,FERPlus_6506.png
5,FERPlus_6507.png
5,FERPlus_6508.png
5,FERPlus_6509.png
5,FERPlus_6510.png
5,FERPlus_6511.png
5,FERPlus_6512.png
5,FERPlus_6513.png
5,FERPlus_6514.png
5,FERPlus_6515.png
5,FERPlus_6516.png
5,FERPlus_6517.png
5,FERPlus_6518.png
5,FERPlus_6519.png
5,FERPlus_6520.png
5,FERPlus_6521.png
5,FERPlus_6522.png
5,FERPlus_6523.png
5,FERPlus_6524.png
5,FERPlus_6525.png
5,FERPlus_6526.png
5,FERPlus_6527.png
5,FERPlus_6528.png
5,FERPlus_6529.png
5,FERPlus_6530.png
5,FERPlus_6531.png
5,FERPlus_6532.png
5,FERPlus_6533.png
5,FERPlus_6534.png
5,FERPlus_6535.png
5,FERPlus_6536.png
5,FERPlus_6537.png
5,FERPlus_6538.png
5,FERPlus_6539.png
5,FERPlus_6540.png
5,FERPlus_6541.png
5,FERPlus_6542.png
5,FERPlus_6543.png
5,FERPlus_6544.png
5,FERPlus_6545.png
5,FERPlus_6546.png
5,FERPlus_6547.png
5,FERPlus_6548.png
5,FERPlus_6549.png
5,FERPlus_6550.png
5,FERPlus_6551.png
5,FERPlus_6552.png
5,FERPlus_6553.png
5,FERPlus_6554.png
5,FERPlus_6555.png
5,FERPlus_6556.png
5,FERPlus_6557.png
5,FERPlus_6558.png
5,FERPlus_6559.png
5,FERPlus_6560.png
5,FERPlus_6561.png
5,FERPlus_6562.png
5,FERPlus_6563.png
5,FERPlus_6564.png
5,FERPlus_6565.png
5,FERPlus_6566.png
5,FERPlus_6567.png
5,FERPlus_6568.png
5,FERPlus_6569.png
5,FERPlus_6570.png
5,FERPlus_6571.png
5,FERPlus_6572.png
5,FERPlus_6573.png
5,FERPlus_6574.png
5,FERPlus_6575.png
5,FERPlus_6576.png
5,FERPlus_6577.png
5,FERPlus_6578.png
5,FERPlus_6579.png
5,FERPlus_6580.png
5,FERPlus_6581.png
5,FERPlus_6582.png
5,FERPlus_6583.png
5,FERPlus_6584.png
5,FERPlus_6585.png
5,FERPlus_6586.png
5,FERPlus_6587.png
5,FERPlus_6588.png
5,FERPlus_6589.png
5,FERPlus_6590.png
5,FERPlus_6591.png
5,FERPlus_6592.png
5,FERPlus_6593.png
5,FERPlus_6594.png
5,FERPlus_6595.png
5,FERPlus_6596.png
5,FERPlus_6597.png
5,FERPlus_6598.png
5,FERPlus_6599.png
5,FERPlus_6600.png
5,FERPlus_6601.png
5,FERPlus_6602.png
5,FERPlus_6603.png
5,FERPlus_6604.png
5,FERPlus_6605.png
5,FERPlus_6606.png
5,FERPlus_6607.png
5,FERPlus_6608.png
5,FERPlus_6609.png
5,FERPlus_6610.png
5,FERPlus_6611.png
5,FERPlus_6612.png
5,FERPlus_6613.png
5,FERPlus_6614.png
5,FERPlus_6615.png
5,FERPlus_6616.png
5,FERPlus_6617.png
5,FERPlus_6618.png
5,FERPlus_6619.png
5,FERPlus_6620.png
5,FERPlus_6621.png
5,FERPlus_6622.png
5,FERPlus_6623.png
5,FERPlus_6624.png
5,FERPlus_6625.png
5,FERPlus_6626.png
5,FERPlus_6627.png
5,FERPlus_6628.png
5,FERPlus_6629.png
5,FERPlus_6630.png
5,FERPlus_6631.png
5,FERPlus_6632.png
5,FERPlus_6633.png
5,FERPlus_6634.png
5,FERPlus_6635.png
5,FERPlus_6636.png
5,FERPlus_6637.png
5,FERPlus_6638.png
5,FERPlus_6639.png
5,FERPlus_6640.png
5,FERPlus_6641.png
5,FERPlus_6642.png
5,FERPlus_6643.png
5,FERPlus_6644.png
5,FERPlus_6645.png
5,FERPlus_6646.png
5,FERPlus_6647.png
5,FERPlus_6648.png
5,FERPlus_6649.png
5,FERPlus_6650.png
5,FERPlus_6651.png
5,FERPlus_6652.png
5,FERPlus_6653.png
5,FERPlus_6654.png
5,FERPlus_6655.png
5,FERPlus_6656.png
5,FERPlus_6657.png
5,FERPlus_6658.png
5,FERPlus_6659.png
5,FERPlus_6660.png
5,FERPlus_6661.png
5,FERPlus_6662.png
5,FERPlus_6663.png
5,FERPlus_6664.png
5,FERPlus_6665.png
5,FERPlus_6666.png
5,FERPlus_6667.png
5,FERPlus_6668.png
5,FERPlus_6669.png
5,FERPlus_6670.png
5,FERPlus_6671.png
5,FERPlus_6672.png
5,FERPlus_6673.png
5,FERPlus_6674.png
5,FERPlus_6675.png
5,FERPlus_6676.png
5,FERPlus_6677.png
5,FERPlus_6678.png
5,FERPlus_6679.png
5,FERPlus_6680.png
5,FERPlus_6681.png
5,FERPlus_6682.png
5,FERPlus_6683.png
5,FERPlus_6684.png
5,FERPlus_6685.png
5,FERPlus_6686.png
5,FERPlus_6687.png
5,FERPlus_6688.png
5,FERPlus_6689.png
5,FERPlus_6690.png
5,FERPlus_6691.png
5,FERPlus_6692.png
5,FERPlus_6693.png
5,FERPlus_6694.png
5,FERPlus_6695.png
5,FERPlus_6696.png
5,FERPlus_6697.png
5,FERPlus_6698.png
5,FERPlus_6699.png
5,FERPlus_6700.png
5,FERPlus_6701.png
5,FERPlus_6702.png
5,FERPlus_6703.png
5,FERPlus_6704.png
5,FERPlus_6705.png
5,FERPlus_6706.png
5,FERPlus_6707.png
5,FERPlus_6708.png
5,FERPlus_6709.png
5,FERPlus_6710.png
5,FERPlus_6711.png
5,FERPlus_6712.png
5,FERPlus_6713.png
5,FERPlus_6714.png
5,FERPlus_6715.png
5,FERPlus_6716.png
5,FERPlus_6717.png
5,FERPlus_6718.png
5,FERPlus_6719.png
5,FERPlus_6720.png
5,FERPlus_6721.png
5,FERPlus_6722.png
5,FERPlus_6723.png
5,FERPlus_6724.png
5,FERPlus_6725.png
5,FERPlus_6726.png
5,FERPlus_6727.png
5,FERPlus_6728.png
5,FERPlus_6729.png
5,FERPlus_6730.png
5,FERPlus_6731.png
5,FERPlus_6732.png
5,FERPlus_6733.png
5,FERPlus_6734.png
5,FERPlus_6735.png
5,FERPlus_6736.png
5,FERPlus_6737.png
5,FERPlus_6738.png
5,FERPlus_6739.png
5,FERPlus_6740.png
5,FERPlus_6741.png
5,FERPlus_6742.png
5,FERPlus_6743.png
5,FERPlus_6744.png
5,FERPlus_6745.png
5,FERPlus_6746.png
5,FERPlus_6747.png
5,FERPlus_6748.png
5,FERPlus_6749.png
5,FERPlus_6750.png
5,FERPlus_6751.png
5,FERPlus_6752.png
5,FERPlus_6753.png
5,FERPlus_6754.png
5,FERPlus_6755.png
5,FERPlus_6756.png
5,FERPlus_6757.png
5,FERPlus_6758.png
5,FERPlus_6759.png
5,FERPlus_6760.png
5,FERPlus_6761.png
5,FERPlus_6762.png
5,FERPlus_6763.png
5,FERPlus_6764.png
5,FERPlus_6765.png
5,FERPlus_6766.png
5,FERPlus_6767.png
5,FERPlus_6768.png
5,FERPlus_6769.png
5,FERPlus_6770.png
5,FERPlus_6771.png
5,FERPlus_6772.png
5,FERPlus_6773.png
5,FERPlus_6774.png
5,FERPlus_6775.png
5,FERPlus_6776.png
5,FERPlus_6777.png
5,FERPlus_6778.png
5,FERPlus_6779.png
5,FERPlus_6780.png
5,FERPlus_6781.png
5,FERPlus_6782.png
5,FERPlus_6783.png
5,FERPlus_6784.png
5,FERPlus_6785.png
5,FERPlus_6786.png
5,FERPlus_6787.png
5,FERPlus_6788.png
5,FERPlus_6789.png
5,FERPlus_6790.png
5,FERPlus_6791.png
5,FERPlus_6792.png
5,FERPlus_6793.png
5,FERPlus_6794.png
5,FERPlus_6795.png
5,FERPlus_6796.png
5,FERPlus_6797.png
5,FERPlus_6798.png
5,FERPlus_6799.png
5,FERPlus_6800.png
5,FERPlus_6801.png
5,FERPlus_6802.png
5,FERPlus_6803.png
5,FERPlus_6804.png
5,FERPlus_6805.png
5,FERPlus_6806.png
5,FERPlus_6807.png
5,FERPlus_6808.png
5,FERPlus_6809.png
5,FERPlus_6810.png
5,FERPlus_6811.png
5,FERPlus_6812.png
5,FERPlus_6813.png
5,FERPlus_6814.png
5,FERPlus_6815.png
5,FERPlus_6816.png
5,FERPlus_6817.png
5,FERPlus_6818.png
5,FERPlus_6819.png
5,FERPlus_6820.png
5,FERPlus_6821.png
5,FERPlus_6822.png
5,FERPlus_6823.png
5,FERPlus_6824.png
5,FERPlus_6825.png
5,FERPlus_6826.png
5,FERPlus_6827.png
5,FERPlus_6828.png
5,FERPlus_6829.png
5,FERPlus_6830.png
5,FERPlus_6831.png
5,FERPlus_6832.png
5,FERPlus_6833.png
5,FERPlus_6834.png
5,FERPlus_6835.png
5,FERPlus_6836.png
5,FERPlus_6837.png
5,FERPlus_6838.png
5,FERPlus_6839.png
5,FERPlus_6840.png
5,FERPlus_6841.png
5,FERPlus_6842.png
5,FERPlus_6843.png
5,FERPlus_6844.png
5,FERPlus_6845.png
5,FERPlus_6846.png
5,FERPlus_6847.png
5,FERPlus_6848.png
5,FERPlus_6849.png
5,FERPlus_6850.png
5,FERPlus_6851.png
5,FERPlus_6852.png
5,FERPlus_6853.png
5,FERPlus_6854.png
5,FERPlus_6855.png
5,FERPlus_6856.png
5,FERPlus_6857.png
5,FERPlus_6858.png
5,FERPlus_6859.png
5,FERPlus_6860.png
5,FERPlus_6861.png
5,FERPlus_6862.png
5,FERPlus_6863.png
5,FERPlus_6864.png
5,FERPlus_6865.png
5,FERPlus_6866.png
5,FERPlus_6867.png
5,FERPlus_6868.png
5,FERPlus_6869.png
5,FERPlus_6870.png
5,FERPlus_6871.png
5,FERPlus_6872.png
5,FERPlus_6873.png
5,FERPlus_6874.png
5,FERPlus_6875.png
5,FERPlus_6876.png
5,FERPlus_6877.png
5,FERPlus_6878.png
5,FERPlus_6879.png
5,FERPlus_6880.png
5,FERPlus_6881.png
5,FERPlus_6882.png
5,FERPlus_6883.png
5,FERPlus_6884.png
5,FERPlus_6885.png
5,FERPlus_6886.png
5,FERPlus_6887.png
5,FERPlus_6888.png
5,FERPlus_6889.png
5,FERPlus_6890.png
5,FERPlus_6891.png
5,FERPlus_6892.png
5,FERPlus_6893.png
5,FERPlus_6894.png
5,FERPlus_6895.png
5,FERPlus_6896.png
5,FERPlus_6897.png
5,FERPlus_6898.png
5,FERPlus_6899.png
5,FERPlus_6900.png
5,FERPlus_6901.png
5,FERPlus_6902.png
5,FERPlus_6903.png
5,FERPlus_6904.png
5,FERPlus_6905.png
5,FERPlus_6906.png
5,FERPlus_6907.png
5,FERPlus_6908.png
5,FERPlus_6909.png
5,FERPlus_6910.png
5,FERPlus_6911.png
5,FERPlus_6912.png
5,FERPlus_6913.png
5,FERPlus_6914.png
5,FERPlus_6915.png
5,FERPlus_6916.png
5,FERPlus_6917.png
5,FERPlus_6918.png
5,FERPlus_6919.png
5,FERPlus_6920.png
5,FERPlus_6921.png
5,FERPlus_6922.png
5,FERPlus_6923.png
5,FERPlus_6924.png
5,FERPlus_6925.png
5,FERPlus_6926.png
5,FERPlus_6927.png
5,FERPlus_6928.png
5,FERPlus_6929.png
5,FERPlus_6930.png
5,FERPlus_6931.png
5,FERPlus_6932.png
5,FERPlus_6933.png
5,FERPlus_6934.png
5,FERPlus_6935.png
5,FERPlus_6936.png
5,FERPlus_6937.png
5,FERPlus_6938.png
5,FERPlus_6939.png
5,FERPlus_6940.png
5,FERPlus_6941.png
5,FERPlus_6942.png
5,FERPlus_6943.png
5,FERPlus_6944.png
5,FERPlus_6945.png
5,FERPlus_6946.png
5,FERPlus_6947.png
5,FERPlus_6948.png
5,FERPlus_6949.png
5,FERPlus_6950.png
5,FERPlus_6951.png
5,FERPlus_6952.png
5,FERPlus_6953.png
5,FERPlus_6954.png
5,FERPlus_6955.png
5,FERPlus_6956.png
5,FERPlus_6957.png
5,FERPlus_6958.png
5,FERPlus_6959.png
5,FERPlus_6960.png
5,FERPlus_6961.png
5,FERPlus_6962.png
5,FERPlus_6963.png
5,FERPlus_6964.png
5,FERPlus_6965.png
5,FERPlus_6966.png
5,FERPlus_6967.png
5,FERPlus_6968.png
5,FERPlus_6969.png
5,FERPlus_6970.png
5,FERPlus_6971.png
5,FERPlus_6972.png
5,FERPlus_6973.png
5,FERPlus_6974.png
5,FERPlus_6975.png
5,FERPlus_6976.png
5,FERPlus_6977.png
5,FERPlus_6978.png
5,FERPlus_6979.png
5,FERPlus_6980.png
5,FERPlus_6981.png
5,FERPlus_6982.png
5,FERPlus_6983.png
5,FERPlus_6984.png
5,FERPlus_6985.png
5,FERPlus_6986.png
5,FERPlus_6987.png
5,FERPlus_6988.png
5,FERPlus_6989.png
5,FERPlus_6990.png
5,FERPlus_6991.png
5,FERPlus_6992.png
5,FERPlus_6993.png
5,FERPlus_6994.png
5,FERPlus_6995.png
5,FERPlus_6996.png
5,FERPlus_6997.png
5,FERPlus_6998.png
5,FERPlus_6999.png
5,FERPlus_7000.png
5,FERPlus_7001.png
5,FERPlus_7002.png
5,FERPlus_7003.png
5,FERPlus_7004.png
5,FERPlus_7005.png
5,FERPlus_7006.png
5,FERPlus_7007.png
5,FERPlus_7008.png
5,FERPlus_7009.png
5,FERPlus_7010.png
5,FERPlus_7011.png
5,FERPlus_7012.png
5,FERPlus_7013.png
5,FERPlus_7014.png
5,FERPlus_7015.png
5,FERPlus_7016.png
5,FERPlus_7017.png
5,FERPlus_7018.png
5,FERPlus_7019.png
5,FERPlus_7020.png
5,FERPlus_7021.png
5,FERPlus_7022.png
5,FERPlus_7023.png
5,FERPlus_7024.png
5,FERPlus_7025.png
5,FERPlus_7026.png
5,FERPlus_7027.png
5,FERPlus_7028.png
5,FERPlus_7029.png
5,FERPlus_7030.png
5,FERPlus_7031.png
5,FERPlus_7032.png
5,FERPlus_7033.png
5,FERPlus_7034.png
5,FERPlus_7035.png
5,FERPlus_7036.png
5,FERPlus_7037.png
5,FERPlus_7038.png
5,FERPlus_7039.png
5,FERPlus_7040.png
5,FERPlus_7041.png
5,FERPlus_7042.png
5,FERPlus_7043.png
5,FERPlus_7044.png
5,FERPlus_7045.png
5,FERPlus_7046.png
5,FERPlus_7047.png
5,FERPlus_7048.png
5,FERPlus_7049.png
5,FERPlus_7050.png
5,FERPlus_7051.png
5,FERPlus_7052.png
5,FERPlus_7053.png
5,FERPlus_7054.png
5,FERPlus_7055.png
5,FERPlus_7056.png
5,FERPlus_7057.png
5,FERPlus_7058.png
5,FERPlus_7059.png
5,FERPlus_7060.png
5,FERPlus_7061.png
5,FERPlus_7062.png
5,FERPlus_7063.png
5,FERPlus_7064.png
5,FERPlus_7065.png
5,FERPlus_7066.png
5,FERPlus_7067.png
5,FERPlus_7068.png
5,FERPlus_7069.png
5,FERPlus_7070.png
5,FERPlus_7071.png
5,FERPlus_7072.png
5,FERPlus_7073.png
5,FERPlus_7074.png
5,FERPlus_7075.png
5,FERPlus_7076.png
5,FERPlus_7077.png
5,FERPlus_7078.png
5,FERPlus_7079.png
5,FERPlus_7080.png
5,FERPlus_7081.png
5,FERPlus_7082.png
5,FERPlus_7083.png
5,FERPlus_7084.png
5,FERPlus_7085.png
5,FERPlus_7086.png
5,FERPlus_7087.png
5,FERPlus_7088.png
5,FERPlus_7089.png
5,FERPlus_7090.png
5,FERPlus_7091.png
5,FERPlus_7092.png
5,FERPlus_7093.png
5,FERPlus_7094.png
5,FERPlus_7095.png
5,FERPlus_7096.png
5,FERPlus_7097.png
5,FERPlus_7098.png
5,FERPlus_7099.png
5,FERPlus_7100.png
5,FERPlus_7101.png
5,FERPlus_7102.png
5,FERPlus_7103.png
5,FERPlus_7104.png
5,FERPlus_7105.png
5,FERPlus_7106.png
5,FERPlus_7107.png
5,FERPlus_7108.png
5,FERPlus_7109.png
5,FERPlus_7110.png
5,FERPlus_7111.png
5,FERPlus_7112.png
5,FERPlus_7113.png
5,FERPlus_7114.png
5,FERPlus_7115.png
5,FERPlus_7116.png
5,FERPlus_7117.png
5,FERPlus_7118.png
5,FERPlus_7119.png
5,FERPlus_7120.png
5,FERPlus_7121.png
5,FERPlus_7122.png
5,FERPlus_7123.png
5,FERPlus_7124.png
5,FERPlus_7125.png
5,FERPlus_7126.png
5,FERPlus_7127.png
5,FERPlus_7128.png
5,FERPlus_7129.png
5,FERPlus_7130.png
5,FERPlus_7131.png
5,FERPlus_7132.png
5,FERPlus_7133.png
5,FERPlus_7134.png
5,FERPlus_7135.png
5,FERPlus_7136.png
5,FERPlus_7137.png
5,FERPlus_7138.png
5,FERPlus_7139.png
5,FERPlus_7140.png
5,FERPlus_7141.png
5,FERPlus_7142.png
5,FERPlus_7143.png
5,FERPlus_7144.png
5,FERPlus_7145.png
5,FERPlus_7146.png
5,FERPlus_7147.png
5,FERPlus_7148.png
5,FERPlus_7149.png
5,FERPlus_7150.png
5,FERPlus_7151.png
5,FERPlus_7152.png
5,FERPlus_7153.png
5,FERPlus_7154.png
5,FERPlus_7155.png
5,FERPlus_7156.png
5,FERPlus_7157.png
5,FERPlus_7158.png
5,FERPlus_7159.png
5,FERPlus_7160.png
5,FERPlus_7161.png
5,FERPlus_7162.png
5,FERPlus_7163.png
5,FERPlus_7164.png
5,FERPlus_7165.png
5,FERPlus_7166.png
5,FERPlus_7167.png
5,FERPlus_7168.png
5,FERPlus_7169.png
5,FERPlus_7170.png
5,FERPlus_7171.png
5,FERPlus_7172.png
5,FERPlus_7173.png
5,FERPlus_7174.png
5,FERPlus_7175.png
5,FERPlus_7176.png
5,FERPlus_7177.png
5,FERPlus_7178.png
5,FERPlus_7179.png
5,FERPlus_7180.png
5,FERPlus_7181.png
5,FERPlus_7182.png
5,FERPlus_7183.png
5,FERPlus_7184.png
5,FERPlus_7185.png
5,FERPlus_7186.png
5,FERPlus_7187.png
5,FERPlus_7188.png
5,FERPlus_7189.png
5,FERPlus_7190.png
5,FERPlus_7191.png
5,FERPlus_7192.png
5,FERPlus_7193.png
5,FERPlus_7194.png
5,FERPlus_7195.png
5,FERPlus_7196.png
5,FERPlus_7197.png
5,FERPlus_7198.png
5,FERPlus_7199.png
5,FERPlus_7200.png
5,FERPlus_7201.png
5,FERPlus_7202.png
5,FERPlus_7203.png
5,FERPlus_7204.png
5,FERPlus_7205.png
5,FERPlus_7206.png
5,FERPlus_7207.png
5,FERPlus_7208.png
5,FERPlus_7209.png
5,FERPlus_7210.png
5,FERPlus_7211.png
5,FERPlus_7212.png
5,FERPlus_7213.png
5,FERPlus_7214.png
5,FERPlus_7215.png
5,FERPlus_7216.png
5,FERPlus_7217.png
5,FERPlus_7218.png
5,FERPlus_7219.png
5,FERPlus_7220.png
5,FERPlus_7221.png
5,FERPlus_7222.png
5,FERPlus_7223.png
5,FERPlus_7224.png
5,FERPlus_7225.png
5,FERPlus_7226.png
5,FERPlus_7227.png
5,FERPlus_7228.png
5,FERPlus_7229.png
5,FERPlus_7230.png
5,FERPlus_7231.png
5,FERPlus_7232.png
5,FERPlus_7233.png
5,FERPlus_7234.png
5,FERPlus_7235.png
5,FERPlus_7236.png
5,FERPlus_7237.png
5,FERPlus_7238.png
5,FERPlus_7239.png
5,FERPlus_7240.png
5,FERPlus_7241.png
5,FERPlus_7242.png
5,FERPlus_7243.png
5,FERPlus_7244.png
5,FERPlus_7245.png
5,FERPlus_7246.png
5,FERPlus_7247.png
5,FERPlus_7248.png
5,FERPlus_7249.png
5,FERPlus_7250.png
5,FERPlus_7251.png
5,FERPlus_7252.png
5,FERPlus_7253.png
5,FERPlus_7254.png
5,FERPlus_7255.png
5,FERPlus_7256.png
5,FERPlus_7257.png
5,FERPlus_7258.png
5,FERPlus_7259.png
5,FERPlus_7260.png
5,FERPlus_7261.png
5,FERPlus_7262.png
5,FERPlus_7263.png
5,FERPlus_7264.png
5,FERPlus_7265.png
5,FERPlus_7266.png
5,FERPlus_7267.png
5,FERPlus_7268.png
5,FERPlus_7269.png
5,FERPlus_7270.png
5,FERPlus_7271.png
5,FERPlus_7272.png
5,FERPlus_7273.png
5,FERPlus_7274.png
5,FERPlus_7275.png
5,FERPlus_7276.png
5,FERPlus_7277.png
5,FERPlus_7278.png
5,FERPlus_7279.png
5,FERPlus_7280.png
5,FERPlus_7281.png
5,FERPlus_7282.png
5,FERPlus_7283.png
5,FERPlus_7284.png
5,FERPlus_7285.png
5,FERPlus_7286.png
5,FERPlus_7287.png
5,FERPlus_7288.png
5,FERPlus_7289.png
5,FERPlus_7290.png
5,FERPlus_7291.png
5,FERPlus_7292.png
5,FERPlus_7293.png
5,FERPlus_7294.png
5,FERPlus_7295.png
5,FERPlus_7296.png
5,FERPlus_7297.png
5,FERPlus_7298.png
5,FERPlus_7299.png
5,FERPlus_7300.png
5,FERPlus_7301.png
5,FERPlus_7302.png
5,FERPlus_7303.png
5,FERPlus_7304.png
5,FERPlus_7305.png
5,FERPlus_7306.png
5,FERPlus_7307.png
5,FERPlus_7308.png
5,FERPlus_7309.png
5,FERPlus_7310.png
5,FERPlus_7311.png
5,FERPlus_7312.png
5,FERPlus_7313.png
5,FERPlus_7314.png
5,FERPlus_7315.png
5,FERPlus_7316.png
5,FERPlus_7317.png
5,FERPlus_7318.png
5,FERPlus_7319.png
5,FERPlus_7320.png
5,FERPlus_7321.png
5,FERPlus_7322.png
5,FERPlus_7323.png
5,FERPlus_7324.png
5,FERPlus_7325.png
5,FERPlus_7326.png
5,FERPlus_7327.png
5,FERPlus_7328.png
5,FERPlus_7329.png
5,FERPlus_7330.png
5,FERPlus_7331.png
5,FERPlus_7332.png
5,FERPlus_7333.png
5,FERPlus_7334.png
5,FERPlus_7335.png
5,FERPlus_7336.png
5,FERPlus_7337.png
5,FERPlus_7338.png
5,FERPlus_7339.png
5,FERPlus_7340.png
5,FERPlus_7341.png
5,FERPlus_7342.png
5,FERPlus_7343.png
5,FERPlus_7344.png
5,FERPlus_7345.png
5,FERPlus_7346.png
5,FERPlus_7347.png
5,FERPlus_7348.png
5,FERPlus_7349.png
5,FERPlus_7350.png
5,FERPlus_7351.png
5,FERPlus_7352.png
5,FERPlus_7353.png
5,FERPlus_7354.png
5,FERPlus_7355.png
5,FERPlus_7356.png
5,FERPlus_7357.png
5,FERPlus_7358.png
5,FERPlus_7359.png
5,FERPlus_7360.png
5,FERPlus_7361.png
5,FERPlus_7362.png
5,FERPlus_7363.png
5,FERPlus_7364.png
5,FERPlus_7365.png
5,FERPlus_7366.png
5,FERPlus_7367.png
5,FERPlus_7368.png
5,FERPlus_7369.png
5,FERPlus_7370.png
5,FERPlus_7371.png
5,FERPlus_7372.png
5,FERPlus_7373.png
5,FERPlus_7374.png
5,FERPlus_7375.png
5,FERPlus_7376.png
5,FERPlus_7377.png
5,FERPlus_7378.png
5,FERPlus_7379.png
5,FERPlus_7380.png
5,FERPlus_7381.png
5,FERPlus_7382.png
5,FERPlus_7383.png
5,FERPlus_7384.png
5,FERPlus_7385.png
5,FERPlus_7386.png
5,FERPlus_7387.png
5,FERPlus_7388.png
5,FERPlus_7389.png
5,FERPlus_7390.png
5,FERPlus_7391.png
5,FERPlus_7392.png
5,FERPlus_7393.png
5,FERPlus_7394.png
5,FERPlus_7395.png
5,FERPlus_7396.png
5,FERPlus_7397.png
5,FERPlus_7398.png
5,FERPlus_7399.png
5,FERPlus_7400.png
5,FERPlus_7401.png
5,FERPlus_7402.png
5,FERPlus_7403.png
5,FERPlus_7404.png
5,FERPlus_7405.png
5,FERPlus_7406.png
5,FERPlus_7407.png
5,FERPlus_7408.png
5,FERPlus_7409.png
5,FERPlus_7410.png
5,FERPlus_7411.png
5,FERPlus_7412.png
5,FERPlus_7413.png
5,FERPlus_7414.png
5,FERPlus_7415.png
5,FERPlus_7416.png
5,FERPlus_7417.png
5,FERPlus_7418.png
5,FERPlus_7419.png
5,FERPlus_7420.png
5,FERPlus_7421.png
5,FERPlus_7422.png
5,FERPlus_7423.png
5,FERPlus_7424.png
5,FERPlus_7425.png
5,FERPlus_7426.png
5,FERPlus_7427.png
5,FERPlus_7428.png
5,FERPlus_7429.png
5,FERPlus_7430.png
5,FERPlus_7431.png
5,FERPlus_7432.png
5,FERPlus_7433.png
5,FERPlus_7434.png
5,FERPlus_7435.png
5,FERPlus_7436.png
5,FERPlus_7437.png
5,FERPlus_7438.png
5,FERPlus_7439.png
5,FERPlus_7440.png
5,FERPlus_7441.png
5,FERPlus_7442.png
5,FERPlus_7443.png
5,FERPlus_7444.png
5,FERPlus_7445.png
5,FERPlus_7446.png
5,FERPlus_7447.png
5,FERPlus_7448.png
5,FERPlus_7449.png
5,FERPlus_7450.png
5,FERPlus_7451.png
5,FERPlus_7452.png
5,FERPlus_7453.png
5,FERPlus_7454.png
5,FERPlus_7455.png
5,FERPlus_7456.png
5,FERPlus_7457.png
5,FERPlus_7458.png
5,FERPlus_7459.png
5,FERPlus_7460.png
5,FERPlus_7461.png
5,FERPlus_7462.png
5,FERPlus_7463.png
5,FERPlus_7464.png
5,FERPlus_7465.png
5,FERPlus_7466.png
5,FERPlus_7467.png
5,FERPlus_7468.png
5,FERPlus_7469.png
5,FERPlus_7470.png
5,FERPlus_7471.png
5,FERPlus_7472.png
5,FERPlus_7473.png
5,FERPlus_7474.png
5,FERPlus_7475.png
5,FERPlus_7476.png
5,FERPlus_7477.png
5,FERPlus_7478.png
5,FERPlus_7479.png
5,FERPlus_7480.png
5,FERPlus_7481.png
5,FERPlus_7482.png
5,FERPlus_7483.png
5,FERPlus_7484.png
5,FERPlus_7485.png
5,FERPlus_7486.png
5,FERPlus_7487.png
5,FERPlus_7488.png
5,FERPlus_7489.png
5,FERPlus_7490.png
5,FERPlus_7491.png
5,FERPlus_7492.png
5,FERPlus_7493.png
5,FERPlus_7494.png
5,FERPlus_7495.png
5,FERPlus_7496.png
5,FERPlus_7497.png
5,FERPlus_7498.png
5,FERPlus_7499.png
5,FERPlus_7500.png
5,FERPlus_7501.png
5,FERPlus_7502.png
5,FERPlus_7503.png
5,FERPlus_7504.png
5,FERPlus_7505.png
5,FERPlus_7506.png
5,FERPlus_7507.png
5,FERPlus_7508.png
5,FERPlus_7509.png
5,FERPlus_7510.png
5,FERPlus_7511.png
5,FERPlus_7512.png
5,FERPlus_7513.png
5,FERPlus_7514.png
5,FERPlus_7515.png
5,FERPlus_7516.png
5,FERPlus_7517.png
5,FERPlus_7518.png
5,FERPlus_7519.png
5,FERPlus_7520.png
5,FERPlus_7521.png
5,FERPlus_7522.png
5,FERPlus_7523.png
5,FERPlus_7524.png
5,FERPlus_7525.png
5,FERPlus_7526.png
5,FERPlus_7527.png
5,FERPlus_7528.png
5,FERPlus_7529.png
5,FERPlus_7530.png
5,FERPlus_7531.png
5,FERPlus_7532.png
5,FERPlus_7533.png
5,FERPlus_7534.png
5,FERPlus_7535.png
5,FERPlus_7536.png
5,FERPlus_7537.png
5,FERPlus_7538.png
5,FERPlus_7539.png
5,FERPlus_7540.png
5,FERPlus_7541.png
5,FERPlus_7542.png
5,FERPlus_7543.png
5,FERPlus_7544.png
5,FERPlus_7545.png
5,FERPlus_7546.png
5,FERPlus_7547.png
5,FERPlus_7548.png
5,FERPlus_7549.png
5,FERPlus_7550.png
5,FERPlus_7551.png
5,FERPlus_7552.png
5,FERPlus_7553.png
5,FERPlus_7554.png
5,FERPlus_7555.png
5,FERPlus_7556.png
5,FERPlus_7557.png
5,FERPlus_7558.png
5,FERPlus_7559.png
5,FERPlus_7560.png
5,FERPlus_7561.png
5,FERPlus_7562.png
5,FERPlus_7563.png
5,FERPlus_7564.png
5,FERPlus_7565.png
5,FERPlus_7566.png
5,FERPlus_7567.png
5,FERPlus_7568.png
5,FERPlus_7569.png
5,FERPlus_7570.png
5,FERPlus_7571.png
5,FERPlus_7572.png
5,FERPlus_7573.png
5,FERPlus_7574.png
5,FERPlus_7575.png
5,FERPlus_7576.png
5,FERPlus_7577.png
5,FERPlus_7578.png
5,FERPlus_7579.png
5,FERPlus_7580.png
5,FERPlus_7581.png
5,FERPlus_7582.png
5,FERPlus_7583.png
5,FERPlus_7584.png
5,FERPlus_7585.png
5,FERPlus_7586.png
5,FERPlus_7587.png
5,FERPlus_7588.png
5,FERPlus_7589.png
5,FERPlus_7590.png
5,FERPlus_7591.png
5,FERPlus_7592.png
5,FERPlus_7593.png
5,FERPlus_7594.png
5,FERPlus_7595.png
5,FERPlus_7596.png
5,FERPlus_7597.png
5,FERPlus_7598.png
5,FERPlus_7599.png
5,FERPlus_7600.png
5,FERPlus_7601.png
5,FERPlus_7602.png
5,FERPlus_7603.png
5,FERPlus_7604.png
5,FERPlus_7605.png
5,FERPlus_7606.png
5,FERPlus_7607.png
5,FERPlus_7608.png
5,FERPlus_7609.png
5,FERPlus_7610.png
5,FERPlus_7611.png
5,FERPlus_7612.png
5,FERPlus_7613.png
5,FERPlus_7614.png
5,FERPlus_7615.png
5,FERPlus_7616.png
5,FERPlus_7617.png
5,FERPlus_7618.png
5,FERPlus_7619.png
5,FERPlus_7620.png
5,FERPlus_7621.png
5,FERPlus_7622.png
5,FERPlus_7623.png
5,FERPlus_7624.png
5,FERPlus_7625.png
5,FERPlus_7626.png
5,FERPlus_7627.png
5,FERPlus_7628.png
5,FERPlus_7629.png
5,FERPlus_7630.png
5,FERPlus_7631.png
5,FERPlus_7632.png
5,FERPlus_7633.png
5,FERPlus_7634.png
5,FERPlus_7635.png
5,FERPlus_7636.png
5,FERPlus_7637.png
5,FERPlus_7638.png
5,FERPlus_7639.png
5,FERPlus_7640.png
5,FERPlus_7641.png
5,FERPlus_7642.png
5,FERPlus_7643.png
5,FERPlus_7644.png
5,FERPlus_7645.png
5,FERPlus_7646.png
5,FERPlus_7647.png
5,FERPlus_7648.png
5,FERPlus_7649.png
5,FERPlus_7650.png
5,FERPlus_7651.png
5,FERPlus_7652.png
5,FERPlus_7653.png
5,FERPlus_7654.png
5,FERPlus_7655.png
5,FERPlus_7656.png
5,FERPlus_7657.png
5,FERPlus_7658.png
5,FERPlus_7659.png
5,FERPlus_7660.png
5,FERPlus_7661.png
5,FERPlus_7662.png
5,FERPlus_7663.png
5,FERPlus_7664.png
5,FERPlus_7665.png
5,FERPlus_7666.png
5,FERPlus_7667.png
5,FERPlus_7668.png
5,FERPlus_7669.png
5,FERPlus_7670.png
5,FERPlus_7671.png
5,FERPlus_7672.png
5,FERPlus_7673.png
5,FERPlus_7674.png
5,FERPlus_7675.png
5,FERPlus_7676.png
5,FERPlus_7677.png
5,FERPlus_7678.png
5,FERPlus_7679.png
5,FERPlus_7680.png
5,FERPlus_7681.png
5,FERPlus_7682.png
5,FERPlus_7683.png
5,FERPlus_7684.png
5,FERPlus_7685.png
5,FERPlus_7686.png
5,FERPlus_7687.png
5,FERPlus_7688.png
5,FERPlus_7689.png
5,FERPlus_7690.png
5,FERPlus_7691.png
5,FERPlus_7692.png
5,FERPlus_7693.png
5,FERPlus_7694.png
5,FERPlus_7695.png
5,FERPlus_7696.png
5,FERPlus_7697.png
5,FERPlus_7698.png
5,FERPlus_7699.png
5,FERPlus_7700.png
5,FERPlus_7701.png
5,FERPlus_7702.png
5,FERPlus_7703.png
5,FERPlus_7704.png
5,FERPlus_7705.png
5,FERPlus_7706.png
5,FERPlus_7707.png
5,FERPlus_7708.png
5,FERPlus_7709.png
5,FERPlus_7710.png
5,FERPlus_7711.png
5,FERPlus_7712.png
5,FERPlus_7713.png
5,FERPlus_7714.png
5,FERPlus_7715.png
5,FERPlus_7716.png
5,FERPlus_7717.png
5,FERPlus_7718.png
5,FERPlus_7719.png
5,FERPlus_7720.png
5,FERPlus_7721.png
5,FERPlus_7722.png
5,FERPlus_7723.png
5,FERPlus_7724.png
5,FERPlus_7725.png
5,FERPlus_7726.png
5,FERPlus_7727.png
5,FERPlus_7728.png
5,FERPlus_7729.png
5,FERPlus_7730.png
5,FERPlus_7731.png
5,FERPlus_7732.png
5,FERPlus_7733.png
5,FERPlus_7734.png
5,FERPlus_7735.png
5,FERPlus_7736.png
5,FERPlus_7737.png
5,FERPlus_7738.png
5,FERPlus_7739.png
5,FERPlus_7740.png
5,FERPlus_7741.png
5,FERPlus_7742.png
5,FERPlus_7743.png
5,FERPlus_7744.png
5,FERPlus_7745.png
5,FERPlus_7746.png
5,FERPlus_7747.png
5,FERPlus_7748.png
5,FERPlus_7749.png
5,FERPlus_7750.png
5,FERPlus_7751.png
5,FERPlus_7752.png
5,FERPlus_7753.png
5,FERPlus_7754.png
5,FERPlus_7755.png
5,FERPlus_7756.png
5,FERPlus_7757.png
5,FERPlus_7758.png
5,FERPlus_7759.png
5,FERPlus_7760.png
5,FERPlus_7761.png
5,FERPlus_7762.png
5,FERPlus_7763.png
5,FERPlus_7764.png
5,FERPlus_7765.png
5,FERPlus_7766.png
5,FERPlus_7767.png
5,FERPlus_7768.png
5,FERPlus_7769.png
5,FERPlus_7770.png
5,FERPlus_7771.png
5,FERPlus_7772.png
5,FERPlus_7773.png
5,FERPlus_7774.png
5,FERPlus_7775.png
5,FERPlus_7776.png
5,FERPlus_7777.png
5,FERPlus_7778.png
5,FERPlus_7779.png
5,FERPlus_7780.png
5,FERPlus_7781.png
5,FERPlus_7782.png
5,FERPlus_7783.png
5,FERPlus_7784.png
5,FERPlus_7785.png
5,FERPlus_7786.png
5,FERPlus_7787.png
5,FERPlus_7788.png
5,FERPlus_7789.png
5,FERPlus_7790.png
5,FERPlus_7791.png
5,FERPlus_7792.png
5,FERPlus_7793.png
5,FERPlus_7794.png
5,FERPlus_7795.png
5,FERPlus_7796.png
5,FERPlus_7797.png
5,FERPlus_7798.png
5,FERPlus_7799.png
5,FERPlus_7800.png
5,FERPlus_7801.png
5,FERPlus_7802.png
5,FERPlus_7803.png
5,FERPlus_7804.png
5,FERPlus_7805.png
5,FERPlus_7806.png
5,FERPlus_7807.png
5,FERPlus_7808.png
5,FERPlus_7809.png
5,FERPlus_7810.png
5,FERPlus_7811.png
5,FERPlus_7812.png
5,FERPlus_7813.png
5,FERPlus_7814.png
5,FERPlus_7815.png
5,FERPlus_7816.png
5,FERPlus_7817.png
5,FERPlus_7818.png
5,FERPlus_7819.png
5,FERPlus_7820.png
5,FERPlus_7821.png
5,FERPlus_7822.png
5,FERPlus_7823.png
5,FERPlus_7824.png
5,FERPlus_7825.png
5,FERPlus_7826.png
5,FERPlus_7827.png
5,FERPlus_7828.png
5,FERPlus_7829.png
5,FERPlus_7830.png
5,FERPlus_7831.png
5,FERPlus_7832.png
5,FERPlus_7833.png
5,FERPlus_7834.png
5,FERPlus_7835.png
5,FERPlus_7836.png
5,FERPlus_7837.png
5,FERPlus_7838.png
5,FERPlus_7839.png
5,FERPlus_7840.png
5,FERPlus_7841.png
5,FERPlus_7842.png
5,FERPlus_7843.png
5,FERPlus_7844.png
5,FERPlus_7845.png
5,FERPlus_7846.png
5,FERPlus_7847.png
5,FERPlus_7848.png
5,FERPlus_7849.png
5,FERPlus_7850.png
5,FERPlus_7851.png
5,FERPlus_7852.png
5,FERPlus_7853.png
5,FERPlus_7854.png
5,FERPlus_7855.png
5,FERPlus_7856.png
5,FERPlus_7857.png
5,FERPlus_7858.png
5,FERPlus_7859.png
5,FERPlus_7860.png
5,FERPlus_7861.png
5,FERPlus_7862.png
5,FERPlus_7863.png
5,FERPlus_7864.png
5,FERPlus_7865.png
5,FERPlus_7866.png
5,FERPlus_7867.png
5,FERPlus_7868.png
5,FERPlus_7869.png
5,FERPlus_7870.png
5,FERPlus_7871.png
5,FERPlus_7872.png
5,FERPlus_7873.png
5,FERPlus_7874.png
5,FERPlus_7875.png
5,FERPlus_7876.png
5,FERPlus_7877.png
5,FERPlus_7878.png
5,FERPlus_7879.png
5,FERPlus_7880.png
5,FERPlus_7881.png
5,FERPlus_7882.png
5,FERPlus_7883.png
5,FERPlus_7884.png
5,FERPlus_7885.png
5,FERPlus_7886.png
5,FERPlus_7887.png
5,FERPlus_7888.png
5,FERPlus_7889.png
5,FERPlus_7890.png
5,FERPlus_7891.png
5,FERPlus_7892.png
5,FERPlus_7893.png
5,FERPlus_7894.png
5,FERPlus_7895.png
5,FERPlus_7896.png
5,FERPlus_7897.png
5,FERPlus_7898.png
5,FERPlus_7899.png
5,FERPlus_7900.png
5,FERPlus_7901.png
5,FERPlus_7902.png
5,FERPlus_7903.png
5,FERPlus_7904.png
5,FERPlus_7905.png
5,FERPlus_7906.png
5,FERPlus_7907.png
5,FERPlus_7908.png
5,FERPlus_7909.png
5,FERPlus_7910.png
5,FERPlus_7911.png
5,FERPlus_7912.png
5,FERPlus_7913.png
5,FERPlus_7914.png
5,FERPlus_7915.png
5,FERPlus_7916.png
5,FERPlus_7917.png
5,FERPlus_7918.png
5,FERPlus_7919.png
5,FERPlus_7920.png
5,FERPlus_7921.png
5,FERPlus_7922.png
5,FERPlus_7923.png
5,FERPlus_7924.png
5,FERPlus_7925.png
5,FERPlus_7926.png
5,FERPlus_7927.png
5,FERPlus_7928.png
5,FERPlus_7929.png
5,FERPlus_7930.png
5,FERPlus_7931.png
5,FERPlus_7932.png
5,FERPlus_7933.png
5,FERPlus_7934.png
5,FERPlus_7935.png
5,FERPlus_7936.png
5,FERPlus_7937.png
5,FERPlus_7938.png
5,FERPlus_7939.png
5,FERPlus_7940.png
5,FERPlus_7941.png
5,FERPlus_7942.png
5,FERPlus_7943.png
5,FERPlus_7944.png
5,FERPlus_7945.png
5,FERPlus_7946.png
5,FERPlus_7947.png
5,FERPlus_7948.png
5,FERPlus_7949.png
5,FERPlus_7950.png
5,FERPlus_7951.png
5,FERPlus_7952.png
5,FERPlus_7953.png
5,FERPlus_7954.png
5,FERPlus_7955.png
5,FERPlus_7956.png
5,FERPlus_7957.png
5,FERPlus_7958.png
5,FERPlus_7959.png
5,FERPlus_7960.png
5,FERPlus_7961.png
5,FERPlus_7962.png
5,FERPlus_7963.png
5,FERPlus_7964.png
5,FERPlus_7965.png
5,FERPlus_7966.png
5,FERPlus_7967.png
5,FERPlus_7968.png
5,FERPlus_7969.png
5,FERPlus_7970.png
5,FERPlus_7971.png
5,FERPlus_7972.png
5,FERPlus_7973.png
5,FERPlus_7974.png
5,FERPlus_7975.png
5,FERPlus_7976.png
5,FERPlus_7977.png
5,FERPlus_7978.png
5,FERPlus_7979.png
5,FERPlus_7980.png
5,FERPlus_7981.png
5,FERPlus_7982.png
5,FERPlus_7983.png
5,FERPlus_7984.png
5,FERPlus_7985.png
5,FERPlus_7986.png
5,FERPlus_7987.png
5,FERPlus_7988.png
5,FERPlus_7989.png
5,FERPlus_7990.png
5,FERPlus_7991.png
5,FERPlus_7992.png
5,FERPlus_7993.png
5,FERPlus_7994.png
5,FERPlus_7995.png
5,FERPlus_7996.png
5,FERPlus_7997.png
5,FERPlus_7998.png
5,FERPlus_7999.png
5,FERPlus_8000.png
5,FERPlus_8001.png
5,FERPlus_8002.png
5,FERPlus_8003.png
5,FERPlus_8004.png
5,FERPlus_8005.png
5,FERPlus_8006.png
5,FERPlus_8007.png
5,FERPlus_8008.png
5,FERPlus_8009.png
5,FERPlus_8010.png
5,FERPlus_8011.png
5,FERPlus_8012.png
5,FERPlus_8013.png
5,FERPlus_8014.png
5,FERPlus_8015.png
5,FERPlus_8016.png
5,FERPlus_8017.png
5,FERPlus_8018.png
5,FERPlus_8019.png
5,FERPlus_8020.png
5,FERPlus_8021.png
5,FERPlus_8022.png
5,FERPlus_8023.png
5,FERPlus_8024.png
5,FERPlus_8025.png
5,FERPlus_8026.png
5,FERPlus_8027.png
5,FERPlus_8028.png
5,FERPlus_8029.png
5,FERPlus_8030.png
5,FERPlus_8031.png
5,FERPlus_8032.png
5,FERPlus_8033.png
5,FERPlus_8034.png
5,FERPlus_8035.png
5,FERPlus_8036.png
5,FERPlus_8037.png
5,FERPlus_8038.png
5,FERPlus_8039.png
5,FERPlus_8040.png
5,FERPlus_8041.png
5,FERPlus_8042.png
5,FERPlus_8043.png
5,FERPlus_8044.png
5,FERPlus_8045.png
5,FERPlus_8046.png
5,FERPlus_8047.png
5,FERPlus_8048.png
5,FERPlus_8049.png
5,FERPlus_8050.png
5,FERPlus_8051.png
5,FERPlus_8052.png
5,FERPlus_8053.png
5,FERPlus_8054.png
5,FERPlus_8055.png
5,FERPlus_8056.png
5,FERPlus_8057.png
5,FERPlus_8058.png
5,FERPlus_8059.png
5,FERPlus_8060.png
5,FERPlus_8061.png
5,FERPlus_8062.png
5,FERPlus_8063.png
5,FERPlus_8064.png
5,FERPlus_8065.png
5,FERPlus_8066.png
5,FERPlus_8067.png
5,FERPlus_8068.png
5,FERPlus_8069.png
5,FERPlus_8070.png
5,FERPlus_8071.png
5,FERPlus_8072.png
5,FERPlus_8073.png
5,FERPlus_8074.png
5,FERPlus_8075.png
5,FERPlus_8076.png
5,FERPlus_8077.png
5,FERPlus_8078.png
5,FERPlus_8079.png
5,FERPlus_8080.png
5,FERPlus_8081.png
5,FERPlus_8082.png
5,FERPlus_8083.png
5,FERPlus_8084.png
5,FERPlus_8085.png
5,FERPlus_8086.png
5,FERPlus_8087.png
5,FERPlus_8088.png
5,FERPlus_8089.png
5,FERPlus_8090.png
5,FERPlus_8091.png
5,FERPlus_8092.png
5,FERPlus_8093.png
5,FERPlus_8094.png
5,FERPlus_8095.png
5,FERPlus_8096.png
5,FERPlus_8097.png
5,FERPlus_8098.png
5,FERPlus_8099.png
5,FERPlus_8100.png
5,FERPlus_8101.png
5,FERPlus_8102.png
5,FERPlus_8103.png
5,FERPlus_8104.png
5,FERPlus_8105.png
5,FERPlus_8106.png
5,FERPlus_8107.png
5,FERPlus_8108.png
5,FERPlus_8109.png
5,FERPlus_8110.png
5,FERPlus_8111.png
5,FERPlus_8112.png
5,FERPlus_8113.png
5,FERPlus_8114.png
5,FERPlus_8115.png
5,FERPlus_8116.png
5,FERPlus_8117.png
5,FERPlus_8118.png
5,FERPlus_8119.png
5,FERPlus_8120.png
5,FERPlus_8121.png
5,FERPlus_8122.png
5,FERPlus_8123.png
5,FERPlus_8124.png
5,FERPlus_8125.png
5,FERPlus_8126.png
5,FERPlus_8127.png
5,FERPlus_8128.png
5,FERPlus_8129.png
5,FERPlus_8130.png
5,FERPlus_8131.png
5,FERPlus_8132.png
5,FERPlus_8133.png
5,FERPlus_8134.png
5,FERPlus_8135.png
5,FERPlus_8136.png
5,FERPlus_8137.png
5,FERPlus_8138.png
5,FERPlus_8139.png
5,FERPlus_8140.png
5,FERPlus_8141.png
5,FERPlus_8142.png
5,FERPlus_8143.png
5,FERPlus_8144.png
5,FERPlus_8145.png
5,FERPlus_8146.png
5,FERPlus_8147.png
5,FERPlus_8148.png
5,FERPlus_8149.png
5,FERPlus_8150.png
5,FERPlus_8151.png
5,FERPlus_8152.png
5,FERPlus_8153.png
5,FERPlus_8154.png
5,FERPlus_8155.png
5,FERPlus_8156.png
5,FERPlus_8157.png
5,FERPlus_8158.png
5,FERPlus_8159.png
5,FERPlus_8160.png
5,FERPlus_8161.png
5,FERPlus_8162.png
5,FERPlus_8163.png
5,FERPlus_8164.png
5,FERPlus_8165.png
5,FERPlus_8166.png
5,FERPlus_8167.png
5,FERPlus_8168.png
5,FERPlus_8169.png
5,FERPlus_8170.png
5,FERPlus_8171.png
5,FERPlus_8172.png
5,FERPlus_8173.png
5,FERPlus_8174.png
5,FERPlus_8175.png
5,FERPlus_8176.png
5,FERPlus_8177.png
5,FERPlus_8178.png
5,FERPlus_8179.png
5,FERPlus_8180.png
5,FERPlus_8181.png
5,FERPlus_8182.png
5,FERPlus_8183.png
5,FERPlus_8184.png
5,FERPlus_8185.png
5,FERPlus_8186.png
5,FERPlus_8187.png
5,FERPlus_8188.png
5,FERPlus_8189.png
5,FERPlus_8190.png
5,FERPlus_8191.png
5,FERPlus_8192.png
5,FERPlus_8193.png
5,FERPlus_8194.png
5,FERPlus_8195.png
5,FERPlus_8196.png
5,FERPlus_8197.png
5,FERPlus_8198.png
5,FERPlus_8199.png
5,FERPlus_8200.png
5,FERPlus_8201.png
5,FERPlus_8202.png
5,FERPlus_8203.png
5,FERPlus_8204.png
5,FERPlus_8205.png
5,FERPlus_8206.png
5,FERPlus_8207.png
5,FERPlus_8208.png
5,FERPlus_8209.png
5,FERPlus_8210.png
5,FERPlus_8211.png
5,FERPlus_8212.png
5,FERPlus_8213.png
5,FERPlus_8214.png
5,FERPlus_8215.png
5,FERPlus_8216.png
5,FERPlus_8217.png
5,FERPlus_8218.png
5,FERPlus_8219.png
5,FERPlus_8220.png
5,FERPlus_8221.png
5,FERPlus_8222.png
5,FERPlus_8223.png
5,FERPlus_8224.png
5,FERPlus_8225.png
5,FERPlus_8226.png
5,FERPlus_8227.png
5,FERPlus_8228.png
5,FERPlus_8229.png
5,FERPlus_8230.png
5,FERPlus_8231.png
5,FERPlus_8232.png
5,FERPlus_8233.png
5,FERPlus_8234.png
5,FERPlus_8235.png
5,FERPlus_8236.png
5,FERPlus_8237.png
5,FERPlus_8238.png
5,FERPlus_8239.png
5,FERPlus_8240.png
5,FERPlus_8241.png
5,FERPlus_8242.png
5,FERPlus_8243.png
5,FERPlus_8244.png
5,FERPlus_8245.png
5,FERPlus_8246.png
5,FERPlus_8247.png
5,FERPlus_8248.png
5,FERPlus_8249.png
5,FERPlus_8250.png
5,FERPlus_8251.png
5,FERPlus_8252.png
5,FERPlus_8253.png
5,FERPlus_8254.png
5,FERPlus_8255.png
5,FERPlus_8256.png
5,FERPlus_8257.png
5,FERPlus_8258.png
5,FERPlus_8259.png
5,FERPlus_8260.png
5,FERPlus_8261.png
5,FERPlus_8262.png
5,FERPlus_8263.png
5,FERPlus_8264.png
5,FERPlus_8265.png
5,FERPlus_8266.png
5,FERPlus_8267.png
5,FERPlus_8268.png
5,FERPlus_8269.png
5,FERPlus_8270.png
5,FERPlus_8271.png
5,FERPlus_8272.png
5,FERPlus_8273.png
5,FERPlus_8274.png
5,FERPlus_8275.png
5,FERPlus_8276.png
5,FERPlus_8277.png
5,FERPlus_8278.png
5,FERPlus_8279.png
5,FERPlus_8280.png
5,FERPlus_8281.png
5,FERPlus_8282.png
5,FERPlus_8283.png
5,FERPlus_8284.png
5,FERPlus_8285.png
5,FERPlus_8286.png
5,FERPlus_8287.png
5,FERPlus_8288.png
5,FERPlus_8289.png
5,FERPlus_8290.png
5,FERPlus_8291.png
5,FERPlus_8292.png
5,FERPlus_8293.png
5,FERPlus_8294.png
5,FERPlus_8295.png
5,FERPlus_8296.png
5,FERPlus_8297.png
5,FERPlus_8298.png
5,FERPlus_8299.png
5,FERPlus_8300.png
5,FERPlus_8301.png
5,FERPlus_8302.png
5,FERPlus_8303.png
5,FERPlus_8304.png
5,FERPlus_8305.png
5,FERPlus_8306.png
5,FERPlus_8307.png
5,FERPlus_8308.png
5,FERPlus_8309.png
5,FERPlus_8310.png
5,FERPlus_8311.png
5,FERPlus_8312.png
5,FERPlus_8313.png
5,FERPlus_8314.png
5,FERPlus_8315.png
5,FERPlus_8316.png
5,FERPlus_8317.png
5,FERPlus_8318.png
5,FERPlus_8319.png
5,FERPlus_8320.png
5,FERPlus_8321.png
5,FERPlus_8322.png
5,FERPlus_8323.png
5,FERPlus_8324.png
5,FERPlus_8325.png
5,FERPlus_8326.png
5,FERPlus_8327.png
5,FERPlus_8328.png
5,FERPlus_8329.png
5,FERPlus_8330.png
5,FERPlus_8331.png
5,FERPlus_8332.png
5,FERPlus_8333.png
5,FERPlus_8334.png
5,FERPlus_8335.png
5,FERPlus_8336.png
5,FERPlus_8337.png
5,FERPlus_8338.png
5,FERPlus_8339.png
5,FERPlus_8340.png
5,FERPlus_8341.png
5,FERPlus_8342.png
5,FERPlus_8343.png
5,FERPlus_8344.png
5,FERPlus_8345.png
5,FERPlus_8346.png
5,FERPlus_8347.png
5,FERPlus_8348.png
5,FERPlus_8349.png
5,FERPlus_8350.png
5,FERPlus_8351.png
5,FERPlus_8352.png
5,FERPlus_8353.png
5,FERPlus_8354.png
5,FERPlus_8355.png
5,FERPlus_8356.png
5,FERPlus_8357.png
5,FERPlus_8358.png
5,FERPlus_8359.png
5,FERPlus_8360.png
5,FERPlus_8361.png
5,FERPlus_8362.png
5,FERPlus_8363.png
5,FERPlus_8364.png
5,FERPlus_8365.png
5,FERPlus_8366.png
5,FERPlus_8367.png
5,FERPlus_8368.png
5,FERPlus_8369.png
5,FERPlus_8370.png
5,FERPlus_8371.png
5,FERPlus_8372.png
5,FERPlus_8373.png
5,FERPlus_8374.png
5,FERPlus_8375.png
5,FERPlus_8376.png
5,FERPlus_8377.png
5,FERPlus_8378.png
5,FERPlus_8379.png
5,FERPlus_8380.png
5,FERPlus_8381.png
5,FERPlus_8382.png
5,FERPlus_8383.png
5,FERPlus_8384.png
5,FERPlus_8385.png
5,FERPlus_8386.png
5,FERPlus_8387.png
5,FERPlus_8388.png
5,FERPlus_8389.png
5,FERPlus_8390.png
5,FERPlus_8391.png
5,FERPlus_8392.png
5,FERPlus_8393.png
5,FERPlus_8394.png
5,FERPlus_8395.png
5,FERPlus_8396.png
5,FERPlus_8397.png
5,FERPlus_8398.png
5,FERPlus_8399.png
5,FERPlus_8400.png
5,FERPlus_8401.png
5,FERPlus_8402.png
5,FERPlus_8403.png
5,FERPlus_8404.png
5,FERPlus_8405.png
5,FERPlus_8406.png
5,FERPlus_8407.png
5,FERPlus_8408.png
5,FERPlus_8409.png
5,FERPlus_8410.png
5,FERPlus_8411.png
5,FERPlus_8412.png
5,FERPlus_8413.png
5,FERPlus_8414.png
5,FERPlus_8415.png
5,FERPlus_8416.png
5,FERPlus_8417.png
5,FERPlus_8418.png
5,FERPlus_8419.png
5,FERPlus_8420.png
5,FERPlus_8421.png
5,FERPlus_8422.png
5,FERPlus_8423.png
5,FERPlus_8424.png
5,FERPlus_8425.png
5,FERPlus_8426.png
5,FERPlus_8427.png
5,FERPlus_8428.png
5,FERPlus_8429.png
5,FERPlus_8430.png
5,FERPlus_8431.png
5,FERPlus_8432.png
5,FERPlus_8433.png
5,FERPlus_8434.png
5,FERPlus_8435.png
5,FERPlus_8436.png
5,FERPlus_8437.png
5,FERPlus_8438.png
5,FERPlus_8439.png
5,FERPlus_8440.png
5,FERPlus_8441.png
5,FERPlus_8442.png
5,FERPlus_8443.png
5,FERPlus_8444.png
5,FERPlus_8445.png
5,FERPlus_8446.png
5,FERPlus_8447.png
5,FERPlus_8448.png
5,FERPlus_8449.png
5,FERPlus_8450.png
5,FERPlus_8451.png
5,FERPlus_8452.png
5,FERPlus_8453.png
5,FERPlus_8454.png
5,FERPlus_8455.png
5,FERPlus_8456.png
5,FERPlus_8457.png
5,FERPlus_8458.png
5,FERPlus_8459.png
5,FERPlus_8460.png
5,FERPlus_8461.png
5,FERPlus_8462.png
5,FERPlus_8463.png
5,FERPlus_8464.png
5,FERPlus_8465.png
5,FERPlus_8466.png
5,FERPlus_8467.png
5,FERPlus_8468.png
5,FERPlus_8469.png
5,FERPlus_8470.png
5,FERPlus_8471.png
5,FERPlus_8472.png
5,FERPlus_8473.png
5,FERPlus_8474.png
5,FERPlus_8475.png
5,FERPlus_8476.png
5,FERPlus_8477.png
5,FERPlus_8478.png
5,FERPlus_8479.png
5,FERPlus_8480.png
5,FERPlus_8481.png
5,FERPlus_8482.png
5,FERPlus_8483.png
5,FERPlus_8484.png
5,FERPlus_8485.png
5,FERPlus_8486.png
5,FERPlus_8487.png
5,FERPlus_8488.png
5,FERPlus_8489.png
5,FERPlus_8490.png
5,FERPlus_8491.png
5,FERPlus_8492.png
5,FERPlus_8493.png
5,FERPlus_8494.png
5,FERPlus_8495.png
5,FERPlus_8496.png
5,FERPlus_8497.png
5,FERPlus_8498.png
5,FERPlus_8499.png
5,FERPlus_8500.png
5,FERPlus_8501.png
5,FERPlus_8502.png
5,FERPlus_8503.png
5,FERPlus_8504.png
5,FERPlus_8505.png
5,FERPlus_8506.png
5,FERPlus_8507.png
5,FERPlus_8508.png
5,FERPlus_8509.png
5,FERPlus_8510.png
5,FERPlus_8511.png
5,FERPlus_8512.png
5,FERPlus_8513.png
5,FERPlus_8514.png
5,FERPlus_8515.png
5,FERPlus_8516.png
5,FERPlus_8517.png
5,FERPlus_8518.png
5,FERPlus_8519.png
5,FERPlus_8520.png
5,FERPlus_8521.png
5,FERPlus_8522.png
5,FERPlus_8523.png
5,FERPlus_8524.png
5,FERPlus_8525.png
5,FERPlus_8526.png
5,FERPlus_8527.png
5,FERPlus_8528.png
5,FERPlus_8529.png
5,FERPlus_8530.png
5,FERPlus_8531.png
5,FERPlus_8532.png
5,FERPlus_8533.png
5,FERPlus_8534.png
5,FERPlus_8535.png
5,FERPlus_8536.png
5,FERPlus_8537.png
5,FERPlus_8538.png
5,FERPlus_8539.png
5,FERPlus_8540.png
5,FERPlus_8541.png
5,FERPlus_8542.png
5,FERPlus_8543.png
5,FERPlus_8544.png
5,FERPlus_8545.png
5,FERPlus_8546.png
5,FERPlus_8547.png
5,FERPlus_8548.png
5,FERPlus_8549.png
5,FERPlus_8550.png
5,FERPlus_8551.png
5,FERPlus_8552.png
5,FERPlus_8553.png
5,FERPlus_8554.png
5,FERPlus_8555.png
5,FERPlus_8556.png
5,FERPlus_8557.png
5,FERPlus_8558.png
5,FERPlus_8559.png
5,FERPlus_8560.png
5,FERPlus_8561.png
5,FERPlus_8562.png
5,FERPlus_8563.png
5,FERPlus_8564.png
5,FERPlus_8565.png
5,FERPlus_8566.png
5,FERPlus_8567.png
5,FERPlus_8568.png
5,FERPlus_8569.png
5,FERPlus_8570.png
5,FERPlus_8571.png
5,FERPlus_8572.png
5,FERPlus_8573.png
5,FERPlus_8574.png
5,FERPlus_8575.png
5,FERPlus_8576.png
5,FERPlus_8577.png
5,FERPlus_8578.png
5,FERPlus_8579.png
5,FERPlus_8580.png
5,FERPlus_8581.png
5,FERPlus_8582.png
5,FERPlus_8583.png
5,FERPlus_8584.png
5,FERPlus_8585.png
5,FERPlus_8586.png
5,FERPlus_8587.png
5,FERPlus_8588.png
5,FERPlus_8589.png
5,FERPlus_8590.png
5,FERPlus_8591.png
5,FERPlus_8592.png
5,FERPlus_8593.png
5,FERPlus_8594.png
5,FERPlus_8595.png
5,FERPlus_8596.png
5,FERPlus_8597.png
5,FERPlus_8598.png
5,FERPlus_8599.png
5,FERPlus_8600.png
5,FERPlus_8601.png
5,FERPlus_8602.png
5,FERPlus_8603.png
5,FERPlus_8604.png
5,FERPlus_8605.png
5,FERPlus_8606.png
5,FERPlus_8607.png
5,FERPlus_8608.png
5,FERPlus_8609.png
5,FERPlus_8610.png
5,FERPlus_8611.png
5,FERPlus_8612.png
5,FERPlus_8613.png
5,FERPlus_8614.png
5,FERPlus_8615.png
5,FERPlus_8616.png
5,FERPlus_8617.png
5,FERPlus_8618.png
5,FERPlus_8619.png
5,FERPlus_8620.png
5,FERPlus_8621.png
5,FERPlus_8622.png
5,FERPlus_8623.png
5,FERPlus_8624.png
5,FERPlus_8625.png
5,FERPlus_8626.png
5,FERPlus_8627.png
5,FERPlus_8628.png
5,FERPlus_8629.png
5,FERPlus_8630.png
5,FERPlus_8631.png
5,FERPlus_8632.png
5,FERPlus_8633.png
5,FERPlus_8634.png
5,FERPlus_8635.png
5,FERPlus_8636.png
5,FERPlus_8637.png
5,FERPlus_8638.png
5,FERPlus_8639.png
5,FERPlus_8640.png
5,FERPlus_8641.png
5,FERPlus_8642.png
5,FERPlus_8643.png
5,FERPlus_8644.png
5,FERPlus_8645.png
5,FERPlus_8646.png
5,FERPlus_8647.png
5,FERPlus_8648.png
5,FERPlus_8649.png
5,FERPlus_8650.png
5,FERPlus_8651.png
5,FERPlus_8652.png
5,FERPlus_8653.png
5,FERPlus_8654.png
5,FERPlus_8655.png
5,FERPlus_8656.png
5,FERPlus_8657.png
5,FERPlus_8658.png
5,FERPlus_8659.png
5,FERPlus_8660.png
5,FERPlus_8661.png
5,FERPlus_8662.png
5,FERPlus_8663.png
5,FERPlus_8664.png
5,FERPlus_8665.png
5,FERPlus_8666.png
5,FERPlus_8667.png
5,FERPlus_8668.png
5,FERPlus_8669.png
5,FERPlus_8670.png
5,FERPlus_8671.png
5,FERPlus_8672.png
5,FERPlus_8673.png
5,FERPlus_8674.png
5,FERPlus_8675.png
5,FERPlus_8676.png
5,FERPlus_8677.png
5,FERPlus_8678.png
5,FERPlus_8679.png
5,FERPlus_8680.png
5,FERPlus_8681.png
5,FERPlus_8682.png
5,FERPlus_8683.png
5,FERPlus_8684.png
5,FERPlus_8685.png
5,FERPlus_8686.png
5,FERPlus_8687.png
5,FERPlus_8688.png
5,FERPlus_8689.png
5,FERPlus_8690.png
5,FERPlus_8691.png
5,FERPlus_8692.png
5,FERPlus_8693.png
5,FERPlus_8694.png
5,FERPlus_8695.png
5,FERPlus_8696.png
5,FERPlus_8697.png
5,FERPlus_8698.png
5,FERPlus_8699.png
5,FERPlus_8700.png
5,FERPlus_8701.png
5,FERPlus_8702.png
5,FERPlus_8703.png
5,FERPlus_8704.png
5,FERPlus_8705.png
5,FERPlus_8706.png
5,FERPlus_8707.png
5,FERPlus_8708.png
5,FERPlus_8709.png
5,FERPlus_8710.png
5,FERPlus_8711.png
5,FERPlus_8712.png
5,FERPlus_8713.png
5,FERPlus_8714.png
5,FERPlus_8715.png
5,FERPlus_8716.png
5,FERPlus_8717.png
5,FERPlus_8718.png
5,FERPlus_8719.png
5,FERPlus_8720.png
5,FERPlus_8721.png
5,FERPlus_8722.png
5,FERPlus_8723.png
5,FERPlus_8724.png
5,FERPlus_8725.png
5,FERPlus_8726.png
5,FERPlus_8727.png
5,FERPlus_8728.png
5,FERPlus_8729.png
5,FERPlus_8730.png
5,FERPlus_8731.png
5,FERPlus_8732.png
5,FERPlus_8733.png
5,FERPlus_8734.png
5,FERPlus_8735.png
5,FERPlus_8736.png
5,FERPlus_8737.png
5,FERPlus_8738.png
5,FERPlus_8739.png
5,FERPlus_8740.png
5,FERPlus_8741.png
5,FERPlus_8742.png
5,FERPlus_8743.png
5,FERPlus_8744.png
5,FERPlus_8745.png
5,FERPlus_8746.png
5,FERPlus_8747.png
5,FERPlus_8748.png
5,FERPlus_8749.png
5,FERPlus_8750.png
5,FERPlus_8751.png
5,FERPlus_8752.png
5,FERPlus_8753.png
5,FERPlus_8754.png
5,FERPlus_8755.png
5,FERPlus_8756.png
5,FERPlus_8757.png
5,FERPlus_8758.png
5,FERPlus_8759.png
5,FERPlus_8760.png
5,FERPlus_8761.png
5,FERPlus_8762.png
5,FERPlus_8763.png
5,FERPlus_8764.png
5,FERPlus_8765.png
5,FERPlus_8766.png
5,FERPlus_8767.png
5,FERPlus_8768.png
5,FERPlus_8769.png
5,FERPlus_8770.png
5,FERPlus_8771.png
5,FERPlus_8772.png
5,FERPlus_8773.png
5,FERPlus_8774.png
5,FERPlus_8775.png
5,FERPlus_8776.png
5,FERPlus_8777.png
5,FERPlus_8778.png
5,FERPlus_8779.png
5,FERPlus_8780.png
5,FERPlus_8781.png
5,FERPlus_8782.png
5,FERPlus_8783.png
5,FERPlus_8784.png
5,FERPlus_8785.png
5,FERPlus_8786.png
5,FERPlus_8787.png
5,FERPlus_8788.png
5,FERPlus_8789.png
5,FERPlus_8790.png
5,FERPlus_8791.png
5,FERPlus_8792.png
5,FERPlus_8793.png
5,FERPlus_8794.png
5,FERPlus_8795.png
5,FERPlus_8796.png
5,FERPlus_8797.png
5,FERPlus_8798.png
5,FERPlus_8799.png
5,FERPlus_8800.png
5,FERPlus_8801.png
5,FERPlus_8802.png
5,FERPlus_8803.png
5,FERPlus_8804.png
5,FERPlus_8805.png
5,FERPlus_8806.png
5,FERPlus_8807.png
5,FERPlus_8808.png
5,FERPlus_8809.png
5,FERPlus_8810.png
5,FERPlus_8811.png
5,FERPlus_8812.png
5,FERPlus_8813.png
5,FERPlus_8814.png
5,FERPlus_8815.png
5,FERPlus_8816.png
5,FERPlus_8817.png
5,FERPlus_8818.png
5,FERPlus_8819.png
5,FERPlus_8820.png
5,FERPlus_8821.png
5,FERPlus_8822.png
5,FERPlus_8823.png
5,FERPlus_8824.png
5,FERPlus_8825.png
5,FERPlus_8826.png
5,FERPlus_8827.png
5,FERPlus_8828.png
5,FERPlus_8829.png
5,FERPlus_8830.png
5,FERPlus_8831.png
5,FERPlus_8832.png
5,FERPlus_8833.png
5,FERPlus_8834.png
5,FERPlus_8835.png
5,FERPlus_8836.png
5,FERPlus_8837.png
5,FERPlus_8838.png
5,FERPlus_8839.png
5,FERPlus_8840.png
5,FERPlus_8841.png
5,FERPlus_8842.png
5,FERPlus_8843.png
5,FERPlus_8844.png
5,FERPlus_8845.png
5,FERPlus_8846.png
5,FERPlus_8847.png
5,FERPlus_8848.png
5,FERPlus_8849.png
5,FERPlus_8850.png
5,FERPlus_8851.png
5,FERPlus_8852.png
5,FERPlus_8853.png
5,FERPlus_8854.png
5,FERPlus_8855.png
5,FERPlus_8856.png
5,FERPlus_8857.png
5,FERPlus_8858.png
5,FERPlus_8859.png
5,FERPlus_8860.png
5,FERPlus_8861.png
5,FERPlus_8862.png
5,FERPlus_8863.png
5,FERPlus_8864.png
5,FERPlus_8865.png
5,FERPlus_8866.png
5,FERPlus_8867.png
5,FERPlus_8868.png
5,FERPlus_8869.png
5,FERPlus_8870.png
5,FERPlus_8871.png
5,FERPlus_8872.png
5,FERPlus_8873.png
5,FERPlus_8874.png
5,FERPlus_8875.png
5,FERPlus_8876.png
5,FERPlus_8877.png
5,FERPlus_8878.png
5,FERPlus_8879.png
5,FERPlus_8880.png
5,FERPlus_8881.png
5,FERPlus_8882.png
5,FERPlus_8883.png
5,FERPlus_8884.png
5,FERPlus_8885.png
5,FERPlus_8886.png
5,FERPlus_8887.png
5,FERPlus_8888.png
5,FERPlus_8889.png
5,FERPlus_8890.png
5,FERPlus_8891.png
5,FERPlus_8892.png
5,FERPlus_8893.png
5,FERPlus_8894.png
5,FERPlus_8895.png
5,FERPlus_8896.png
5,FERPlus_8897.png
5,FERPlus_8898.png
5,FERPlus_8899.png
5,FERPlus_8900.png
5,FERPlus_8901.png
5,FERPlus_8902.png
5,FERPlus_8903.png
5,FERPlus_8904.png
5,FERPlus_8905.png
5,FERPlus_8906.png
5,FERPlus_8907.png
5,FERPlus_8908.png
5,FERPlus_8909.png
5,FERPlus_8910.png
0,FERPlus_0.png
0,FERPlus_1.png
0,FERPlus_2.png
0,FERPlus_3.png
0,FERPlus_4.png
0,FERPlus_5.png
0,FERPlus_6.png
0,FERPlus_7.png
0,FERPlus_8.png
0,FERPlus_9.png
0,FERPlus_10.png
0,FERPlus_11.png
0,FERPlus_12.png
0,FERPlus_13.png
0,FERPlus_14.png
0,FERPlus_15.png
0,FERPlus_16.png
0,FERPlus_17.png
0,FERPlus_18.png
0,FERPlus_19.png
0,FERPlus_20.png
0,FERPlus_21.png
0,FERPlus_22.png
0,FERPlus_23.png
0,FERPlus_24.png
0,FERPlus_25.png
0,FERPlus_26.png
0,FERPlus_27.png
0,FERPlus_28.png
0,FERPlus_29.png
0,FERPlus_30.png
0,FERPlus_31.png
0,FERPlus_32.png
0,FERPlus_33.png
0,FERPlus_34.png
0,FERPlus_35.png
0,FERPlus_36.png
0,FERPlus_37.png
0,FERPlus_38.png
0,FERPlus_39.png
0,FERPlus_40.png
0,FERPlus_41.png
0,FERPlus_42.png
0,FERPlus_43.png
0,FERPlus_44.png
0,FERPlus_45.png
0,FERPlus_46.png
0,FERPlus_47.png
0,FERPlus_48.png
0,FERPlus_49.png
0,FERPlus_50.png
0,FERPlus_51.png
0,FERPlus_52.png
0,FERPlus_53.png
0,FERPlus_54.png
0,FERPlus_55.png
0,FERPlus_56.png
0,FERPlus_57.png
0,FERPlus_58.png
0,FERPlus_59.png
0,FERPlus_60.png
0,FERPlus_61.png
0,FERPlus_62.png
0,FERPlus_63.png
0,FERPlus_64.png
0,FERPlus_65.png
0,FERPlus_66.png
0,FERPlus_67.png
0,FERPlus_68.png
0,FERPlus_69.png
0,FERPlus_70.png
0,FERPlus_71.png
0,FERPlus_72.png
0,FERPlus_73.png
0,FERPlus_74.png
0,FERPlus_75.png
0,FERPlus_76.png
0,FERPlus_77.png
0,FERPlus_78.png
0,FERPlus_79.png
0,FERPlus_80.png
0,FERPlus_81.png
0,FERPlus_82.png
0,FERPlus_83.png
0,FERPlus_84.png
0,FERPlus_85.png
0,FERPlus_86.png
0,FERPlus_87.png
0,FERPlus_88.png
0,FERPlus_89.png
0,FERPlus_90.png
0,FERPlus_91.png
0,FERPlus_92.png
0,FERPlus_93.png
0,FERPlus_94.png
0,FERPlus_95.png
0,FERPlus_96.png
0,FERPlus_97.png
0,FERPlus_98.png
0,FERPlus_99.png
0,FERPlus_100.png
0,FERPlus_101.png
0,FERPlus_102.png
0,FERPlus_103.png
0,FERPlus_104.png
0,FERPlus_105.png
0,FERPlus_106.png
0,FERPlus_107.png
0,FERPlus_108.png
0,FERPlus_109.png
0,FERPlus_110.png
0,FERPlus_111.png
0,FERPlus_112.png
0,FERPlus_113.png
0,FERPlus_114.png
0,FERPlus_115.png
0,FERPlus_116.png
0,FERPlus_117.png
0,FERPlus_118.png
0,FERPlus_119.png
0,FERPlus_120.png
0,FERPlus_121.png
0,FERPlus_122.png
0,FERPlus_123.png
0,FERPlus_124.png
0,FERPlus_125.png
0,FERPlus_126.png
0,FERPlus_127.png
0,FERPlus_128.png
0,FERPlus_129.png
0,FERPlus_130.png
0,FERPlus_131.png
0,FERPlus_132.png
0,FERPlus_133.png
0,FERPlus_134.png
0,FERPlus_135.png
0,FERPlus_136.png
0,FERPlus_137.png
0,FERPlus_138.png
0,FERPlus_139.png
0,FERPlus_140.png
0,FERPlus_141.png
0,FERPlus_142.png
0,FERPlus_143.png
0,FERPlus_144.png
0,FERPlus_145.png
0,FERPlus_146.png
0,FERPlus_147.png
0,FERPlus_148.png
0,FERPlus_149.png
0,FERPlus_150.png
0,FERPlus_151.png
0,FERPlus_152.png
0,FERPlus_153.png
0,FERPlus_154.png
0,FERPlus_155.png
0,FERPlus_156.png
0,FERPlus_157.png
0,FERPlus_158.png
0,FERPlus_159.png
0,FERPlus_160.png
0,FERPlus_161.png
0,FERPlus_162.png
0,FERPlus_163.png
0,FERPlus_164.png
0,FERPlus_165.png
0,FERPlus_166.png
0,FERPlus_167.png
0,FERPlus_168.png
0,FERPlus_169.png
0,FERPlus_170.png
0,FERPlus_171.png
0,FERPlus_172.png
0,FERPlus_173.png
0,FERPlus_174.png
0,FERPlus_175.png
0,FERPlus_176.png
0,FERPlus_177.png
0,FERPlus_178.png
0,FERPlus_179.png
0,FERPlus_180.png
0,FERPlus_181.png
0,FERPlus_182.png
0,FERPlus_183.png
0,FERPlus_184.png
0,FERPlus_185.png
0,FERPlus_186.png
0,FERPlus_187.png
0,FERPlus_188.png
0,FERPlus_189.png
0,FERPlus_190.png
0,FERPlus_191.png
0,FERPlus_192.png
0,FERPlus_193.png
0,FERPlus_194.png
0,FERPlus_195.png
0,FERPlus_196.png
0,FERPlus_197.png
0,FERPlus_198.png
0,FERPlus_199.png
0,FERPlus_200.png
0,FERPlus_201.png
0,FERPlus_202.png
0,FERPlus_203.png
0,FERPlus_204.png
0,FERPlus_205.png
0,FERPlus_206.png
0,FERPlus_207.png
0,FERPlus_208.png
0,FERPlus_209.png
0,FERPlus_210.png
0,FERPlus_211.png
0,FERPlus_212.png
0,FERPlus_213.png
0,FERPlus_214.png
0,FERPlus_215.png
0,FERPlus_216.png
0,FERPlus_217.png
0,FERPlus_218.png
0,FERPlus_219.png
0,FERPlus_220.png
0,FERPlus_221.png
0,FERPlus_222.png
0,FERPlus_223.png
0,FERPlus_224.png
0,FERPlus_225.png
0,FERPlus_226.png
0,FERPlus_227.png
0,FERPlus_228.png
0,FERPlus_229.png
0,FERPlus_230.png
0,FERPlus_231.png
0,FERPlus_232.png
0,FERPlus_233.png
0,FERPlus_234.png
0,FERPlus_235.png
0,FERPlus_236.png
0,FERPlus_237.png
0,FERPlus_238.png
0,FERPlus_239.png
0,FERPlus_240.png
0,FERPlus_241.png
0,FERPlus_242.png
0,FERPlus_243.png
0,FERPlus_244.png
0,FERPlus_245.png
0,FERPlus_246.png
0,FERPlus_247.png
0,FERPlus_248.png
0,FERPlus_249.png
0,FERPlus_250.png
0,FERPlus_251.png
0,FERPlus_252.png
0,FERPlus_253.png
0,FERPlus_254.png
0,FERPlus_255.png
0,FERPlus_256.png
0,FERPlus_257.png
0,FERPlus_258.png
0,FERPlus_259.png
0,FERPlus_260.png
0,FERPlus_261.png
0,FERPlus_262.png
0,FERPlus_263.png
0,FERPlus_264.png
0,FERPlus_265.png
0,FERPlus_266.png
0,FERPlus_267.png
0,FERPlus_268.png
0,FERPlus_269.png
0,FERPlus_270.png
0,FERPlus_271.png
0,FERPlus_272.png
0,FERPlus_273.png
0,FERPlus_274.png
0,FERPlus_275.png
0,FERPlus_276.png
0,FERPlus_277.png
0,FERPlus_278.png
0,FERPlus_279.png
0,FERPlus_280.png
0,FERPlus_281.png
0,FERPlus_282.png
0,FERPlus_283.png
0,FERPlus_284.png
0,FERPlus_285.png
0,FERPlus_286.png
0,FERPlus_287.png
0,FERPlus_288.png
0,FERPlus_289.png
0,FERPlus_290.png
0,FERPlus_291.png
0,FERPlus_292.png
0,FERPlus_293.png
0,FERPlus_294.png
0,FERPlus_295.png
0,FERPlus_296.png
0,FERPlus_297.png
0,FERPlus_298.png
0,FERPlus_299.png
0,FERPlus_300.png
0,FERPlus_301.png
0,FERPlus_302.png
0,FERPlus_303.png
0,FERPlus_304.png
0,FERPlus_305.png
0,FERPlus_306.png
0,FERPlus_307.png
0,FERPlus_308.png
0,FERPlus_309.png
0,FERPlus_310.png
0,FERPlus_311.png
0,FERPlus_312.png
0,FERPlus_313.png
0,FERPlus_314.png
0,FERPlus_315.png
0,FERPlus_316.png
0,FERPlus_317.png
0,FERPlus_318.png
0,FERPlus_319.png
0,FERPlus_320.png
0,FERPlus_321.png
0,FERPlus_322.png
0,FERPlus_323.png
0,FERPlus_324.png
0,FERPlus_325.png
0,FERPlus_326.png
0,FERPlus_327.png
0,FERPlus_328.png
0,FERPlus_329.png
0,FERPlus_330.png
0,FERPlus_331.png
0,FERPlus_332.png
0,FERPlus_333.png
0,FERPlus_334.png
0,FERPlus_335.png
0,FERPlus_336.png
0,FERPlus_337.png
0,FERPlus_338.png
0,FERPlus_339.png
0,FERPlus_340.png
0,FERPlus_341.png
0,FERPlus_342.png
0,FERPlus_343.png
0,FERPlus_344.png
0,FERPlus_345.png
0,FERPlus_346.png
0,FERPlus_347.png
0,FERPlus_348.png
0,FERPlus_349.png
0,FERPlus_350.png
0,FERPlus_351.png
0,FERPlus_352.png
0,FERPlus_353.png
0,FERPlus_354.png
0,FERPlus_355.png
0,FERPlus_356.png
0,FERPlus_357.png
0,FERPlus_358.png
0,FERPlus_359.png
0,FERPlus_360.png
0,FERPlus_361.png
0,FERPlus_362.png
0,FERPlus_363.png
0,FERPlus_364.png
0,FERPlus_365.png
0,FERPlus_366.png
0,FERPlus_367.png
0,FERPlus_368.png
0,FERPlus_369.png
0,FERPlus_370.png
0,FERPlus_371.png
0,FERPlus_372.png
0,FERPlus_373.png
0,FERPlus_374.png
0,FERPlus_375.png
0,FERPlus_376.png
0,FERPlus_377.png
0,FERPlus_378.png
0,FERPlus_379.png
0,FERPlus_380.png
0,FERPlus_381.png
0,FERPlus_382.png
0,FERPlus_383.png
0,FERPlus_384.png
0,FERPlus_385.png
0,FERPlus_386.png
0,FERPlus_387.png
0,FERPlus_388.png
0,FERPlus_389.png
0,FERPlus_390.png
0,FERPlus_391.png
0,FERPlus_392.png
0,FERPlus_393.png
0,FERPlus_394.png
0,FERPlus_395.png
0,FERPlus_396.png
0,FERPlus_397.png
0,FERPlus_398.png
0,FERPlus_399.png
0,FERPlus_400.png
0,FERPlus_401.png
0,FERPlus_402.png
0,FERPlus_403.png
0,FERPlus_404.png
0,FERPlus_405.png
0,FERPlus_406.png
0,FERPlus_407.png
0,FERPlus_408.png
0,FERPlus_409.png
0,FERPlus_410.png
0,FERPlus_411.png
0,FERPlus_412.png
0,FERPlus_413.png
0,FERPlus_414.png
0,FERPlus_415.png
0,FERPlus_416.png
0,FERPlus_417.png
0,FERPlus_418.png
0,FERPlus_419.png
0,FERPlus_420.png
0,FERPlus_421.png
0,FERPlus_422.png
0,FERPlus_423.png
0,FERPlus_424.png
0,FERPlus_425.png
0,FERPlus_426.png
0,FERPlus_427.png
0,FERPlus_428.png
0,FERPlus_429.png
0,FERPlus_430.png
0,FERPlus_431.png
0,FERPlus_432.png
0,FERPlus_433.png
0,FERPlus_434.png
0,FERPlus_435.png
0,FERPlus_436.png
0,FERPlus_437.png
0,FERPlus_438.png
0,FERPlus_439.png
0,FERPlus_440.png
0,FERPlus_441.png
0,FERPlus_442.png
0,FERPlus_443.png
0,FERPlus_444.png
0,FERPlus_445.png
0,FERPlus_446.png
0,FERPlus_447.png
0,FERPlus_448.png
0,FERPlus_449.png
0,FERPlus_450.png
0,FERPlus_451.png
0,FERPlus_452.png
0,FERPlus_453.png
0,FERPlus_454.png
0,FERPlus_455.png
0,FERPlus_456.png
0,FERPlus_457.png
0,FERPlus_458.png
0,FERPlus_459.png
0,FERPlus_460.png
0,FERPlus_461.png
0,FERPlus_462.png
0,FERPlus_463.png
0,FERPlus_464.png
0,FERPlus_465.png
0,FERPlus_466.png
0,FERPlus_467.png
0,FERPlus_468.png
0,FERPlus_469.png
0,FERPlus_470.png
0,FERPlus_471.png
0,FERPlus_472.png
0,FERPlus_473.png
0,FERPlus_474.png
0,FERPlus_475.png
0,FERPlus_476.png
0,FERPlus_477.png
0,FERPlus_478.png
0,FERPlus_479.png
0,FERPlus_480.png
0,FERPlus_481.png
0,FERPlus_482.png
0,FERPlus_483.png
0,FERPlus_484.png
0,FERPlus_485.png
0,FERPlus_486.png
0,FERPlus_487.png
0,FERPlus_488.png
0,FERPlus_489.png
0,FERPlus_490.png
0,FERPlus_491.png
0,FERPlus_492.png
0,FERPlus_493.png
0,FERPlus_494.png
0,FERPlus_495.png
0,FERPlus_496.png
0,FERPlus_497.png
0,FERPlus_498.png
0,FERPlus_499.png
0,FERPlus_500.png
0,FERPlus_501.png
0,FERPlus_502.png
0,FERPlus_503.png
0,FERPlus_504.png
0,FERPlus_505.png
0,FERPlus_506.png
0,FERPlus_507.png
0,FERPlus_508.png
0,FERPlus_509.png
0,FERPlus_510.png
0,FERPlus_511.png
0,FERPlus_512.png
0,FERPlus_513.png
0,FERPlus_514.png
0,FERPlus_515.png
0,FERPlus_516.png
0,FERPlus_517.png
0,FERPlus_518.png
0,FERPlus_519.png
0,FERPlus_520.png
0,FERPlus_521.png
0,FERPlus_522.png
0,FERPlus_523.png
0,FERPlus_524.png
0,FERPlus_525.png
0,FERPlus_526.png
0,FERPlus_527.png
0,FERPlus_528.png
0,FERPlus_529.png
0,FERPlus_530.png
0,FERPlus_531.png
0,FERPlus_532.png
0,FERPlus_533.png
0,FERPlus_534.png
0,FERPlus_535.png
0,FERPlus_536.png
0,FERPlus_537.png
0,FERPlus_538.png
0,FERPlus_539.png
0,FERPlus_540.png
0,FERPlus_541.png
0,FERPlus_542.png
0,FERPlus_543.png
0,FERPlus_544.png
0,FERPlus_545.png
0,FERPlus_546.png
0,FERPlus_547.png
0,FERPlus_548.png
0,FERPlus_549.png
0,FERPlus_550.png
0,FERPlus_551.png
0,FERPlus_552.png
0,FERPlus_553.png
0,FERPlus_554.png
0,FERPlus_555.png
0,FERPlus_556.png
0,FERPlus_557.png
0,FERPlus_558.png
0,FERPlus_559.png
0,FERPlus_560.png
0,FERPlus_561.png
0,FERPlus_562.png
0,FERPlus_563.png
0,FERPlus_564.png
0,FERPlus_565.png
0,FERPlus_566.png
0,FERPlus_567.png
0,FERPlus_568.png
0,FERPlus_569.png
0,FERPlus_570.png
0,FERPlus_571.png
0,FERPlus_572.png
0,FERPlus_573.png
0,FERPlus_574.png
0,FERPlus_575.png
0,FERPlus_576.png
0,FERPlus_577.png
0,FERPlus_578.png
0,FERPlus_579.png
0,FERPlus_580.png
0,FERPlus_581.png
0,FERPlus_582.png
0,FERPlus_583.png
0,FERPlus_584.png
0,FERPlus_585.png
0,FERPlus_586.png
0,FERPlus_587.png
0,FERPlus_588.png
0,FERPlus_589.png
0,FERPlus_590.png
0,FERPlus_591.png
0,FERPlus_592.png
0,FERPlus_593.png
0,FERPlus_594.png
0,FERPlus_595.png
0,FERPlus_596.png
0,FERPlus_597.png
0,FERPlus_598.png
0,FERPlus_599.png
0,FERPlus_600.png
0,FERPlus_601.png
0,FERPlus_602.png
0,FERPlus_603.png
0,FERPlus_604.png
0,FERPlus_605.png
0,FERPlus_606.png
0,FERPlus_607.png
0,FERPlus_608.png
0,FERPlus_609.png
0,FERPlus_610.png
0,FERPlus_611.png
0,FERPlus_612.png
0,FERPlus_613.png
0,FERPlus_614.png
0,FERPlus_615.png
0,FERPlus_616.png
0,FERPlus_617.png
0,FERPlus_618.png
0,FERPlus_619.png
0,FERPlus_620.png
0,FERPlus_621.png
0,FERPlus_622.png
0,FERPlus_623.png
0,FERPlus_624.png
0,FERPlus_625.png
0,FERPlus_626.png
0,FERPlus_627.png
0,FERPlus_628.png
0,FERPlus_629.png
0,FERPlus_630.png
0,FERPlus_631.png
0,FERPlus_632.png
0,FERPlus_633.png
0,FERPlus_634.png
0,FERPlus_635.png
0,FERPlus_636.png
0,FERPlus_637.png
0,FERPlus_638.png
0,FERPlus_639.png
0,FERPlus_640.png
0,FERPlus_641.png
0,FERPlus_642.png
0,FERPlus_643.png
0,FERPlus_644.png
0,FERPlus_645.png
0,FERPlus_646.png
0,FERPlus_647.png
0,FERPlus_648.png
0,FERPlus_649.png
0,FERPlus_650.png
0,FERPlus_651.png
0,FERPlus_652.png
0,FERPlus_653.png
0,FERPlus_654.png
0,FERPlus_655.png
0,FERPlus_656.png
0,FERPlus_657.png
0,FERPlus_658.png
0,FERPlus_659.png
0,FERPlus_660.png
0,FERPlus_661.png
0,FERPlus_662.png
0,FERPlus_663.png
0,FERPlus_664.png
0,FERPlus_665.png
0,FERPlus_666.png
0,FERPlus_667.png
0,FERPlus_668.png
0,FERPlus_669.png
0,FERPlus_670.png
0,FERPlus_671.png
0,FERPlus_672.png
0,FERPlus_673.png
0,FERPlus_674.png
0,FERPlus_675.png
0,FERPlus_676.png
0,FERPlus_677.png
0,FERPlus_678.png
0,FERPlus_679.png
0,FERPlus_680.png
0,FERPlus_681.png
0,FERPlus_682.png
0,FERPlus_683.png
0,FERPlus_684.png
0,FERPlus_685.png
0,FERPlus_686.png
0,FERPlus_687.png
0,FERPlus_688.png
0,FERPlus_689.png
0,FERPlus_690.png
0,FERPlus_691.png
0,FERPlus_692.png
0,FERPlus_693.png
0,FERPlus_694.png
0,FERPlus_695.png
0,FERPlus_696.png
0,FERPlus_697.png
0,FERPlus_698.png
0,FERPlus_699.png
0,FERPlus_700.png
0,FERPlus_701.png
0,FERPlus_702.png
0,FERPlus_703.png
0,FERPlus_704.png
0,FERPlus_705.png
0,FERPlus_706.png
0,FERPlus_707.png
0,FERPlus_708.png
0,FERPlus_709.png
0,FERPlus_710.png
0,FERPlus_711.png
0,FERPlus_712.png
0,FERPlus_713.png
0,FERPlus_714.png
0,FERPlus_715.png
0,FERPlus_716.png
0,FERPlus_717.png
0,FERPlus_718.png
0,FERPlus_719.png
0,FERPlus_720.png
0,FERPlus_721.png
0,FERPlus_722.png
0,FERPlus_723.png
0,FERPlus_724.png
0,FERPlus_725.png
0,FERPlus_726.png
0,FERPlus_727.png
0,FERPlus_728.png
0,FERPlus_729.png
0,FERPlus_730.png
0,FERPlus_731.png
0,FERPlus_732.png
0,FERPlus_733.png
0,FERPlus_734.png
0,FERPlus_735.png
0,FERPlus_736.png
0,FERPlus_737.png
0,FERPlus_738.png
0,FERPlus_739.png
0,FERPlus_740.png
0,FERPlus_741.png
0,FERPlus_742.png
0,FERPlus_743.png
0,FERPlus_744.png
0,FERPlus_745.png
0,FERPlus_746.png
0,FERPlus_747.png
0,FERPlus_748.png
0,FERPlus_749.png
0,FERPlus_750.png
0,FERPlus_751.png
0,FERPlus_752.png
0,FERPlus_753.png
0,FERPlus_754.png
0,FERPlus_755.png
0,FERPlus_756.png
0,FERPlus_757.png
0,FERPlus_758.png
0,FERPlus_759.png
0,FERPlus_760.png
0,FERPlus_761.png
0,FERPlus_762.png
0,FERPlus_763.png
0,FERPlus_764.png
0,FERPlus_765.png
0,FERPlus_766.png
0,FERPlus_767.png
0,FERPlus_768.png
0,FERPlus_769.png
0,FERPlus_770.png
0,FERPlus_771.png
0,FERPlus_772.png
0,FERPlus_773.png
0,FERPlus_774.png
0,FERPlus_775.png
0,FERPlus_776.png
0,FERPlus_777.png
0,FERPlus_778.png
0,FERPlus_779.png
0,FERPlus_780.png
0,FERPlus_781.png
0,FERPlus_782.png
0,FERPlus_783.png
0,FERPlus_784.png
0,FERPlus_785.png
0,FERPlus_786.png
0,FERPlus_787.png
0,FERPlus_788.png
0,FERPlus_789.png
0,FERPlus_790.png
0,FERPlus_791.png
0,FERPlus_792.png
0,FERPlus_793.png
0,FERPlus_794.png
0,FERPlus_795.png
0,FERPlus_796.png
0,FERPlus_797.png
0,FERPlus_798.png
0,FERPlus_799.png
0,FERPlus_800.png
0,FERPlus_801.png
0,FERPlus_802.png
0,FERPlus_803.png
0,FERPlus_804.png
0,FERPlus_805.png
0,FERPlus_806.png
0,FERPlus_807.png
0,FERPlus_808.png
0,FERPlus_809.png
0,FERPlus_810.png
0,FERPlus_811.png
0,FERPlus_812.png
0,FERPlus_813.png
0,FERPlus_814.png
0,FERPlus_815.png
0,FERPlus_816.png
0,FERPlus_817.png
0,FERPlus_818.png
0,FERPlus_819.png
0,FERPlus_820.png
0,FERPlus_821.png
0,FERPlus_822.png
0,FERPlus_823.png
0,FERPlus_824.png
0,FERPlus_825.png
0,FERPlus_826.png
0,FERPlus_827.png
0,FERPlus_828.png
0,FERPlus_829.png
0,FERPlus_830.png
0,FERPlus_831.png
0,FERPlus_832.png
0,FERPlus_833.png
0,FERPlus_834.png
0,FERPlus_835.png
0,FERPlus_836.png
0,FERPlus_837.png
0,FERPlus_838.png
0,FERPlus_839.png
0,FERPlus_840.png
0,FERPlus_841.png
0,FERPlus_842.png
0,FERPlus_843.png
0,FERPlus_844.png
0,FERPlus_845.png
0,FERPlus_846.png
0,FERPlus_847.png
0,FERPlus_848.png
0,FERPlus_849.png
0,FERPlus_850.png
0,FERPlus_851.png
0,FERPlus_852.png
0,FERPlus_853.png
0,FERPlus_854.png
0,FERPlus_855.png
0,FERPlus_856.png
0,FERPlus_857.png
0,FERPlus_858.png
0,FERPlus_859.png
0,FERPlus_860.png
0,FERPlus_861.png
0,FERPlus_862.png
0,FERPlus_863.png
0,FERPlus_864.png
0,FERPlus_865.png
0,FERPlus_866.png
0,FERPlus_867.png
0,FERPlus_868.png
0,FERPlus_869.png
0,FERPlus_870.png
0,FERPlus_871.png
0,FERPlus_872.png
0,FERPlus_873.png
0,FERPlus_874.png
0,FERPlus_875.png
0,FERPlus_876.png
0,FERPlus_877.png
0,FERPlus_878.png
0,FERPlus_879.png
0,FERPlus_880.png
0,FERPlus_881.png
0,FERPlus_882.png
0,FERPlus_883.png
0,FERPlus_884.png
0,FERPlus_885.png
0,FERPlus_886.png
0,FERPlus_887.png
0,FERPlus_888.png
0,FERPlus_889.png
0,FERPlus_890.png
0,FERPlus_891.png
0,FERPlus_892.png
0,FERPlus_893.png
0,FERPlus_894.png
0,FERPlus_895.png
0,FERPlus_896.png
0,FERPlus_897.png
0,FERPlus_898.png
0,FERPlus_899.png
0,FERPlus_900.png
0,FERPlus_901.png
0,FERPlus_902.png
0,FERPlus_903.png
0,FERPlus_904.png
0,FERPlus_905.png
0,FERPlus_906.png
0,FERPlus_907.png
0,FERPlus_908.png
0,FERPlus_909.png
0,FERPlus_910.png
0,FERPlus_911.png
0,FERPlus_912.png
0,FERPlus_913.png
0,FERPlus_914.png
0,FERPlus_915.png
0,FERPlus_916.png
0,FERPlus_917.png
0,FERPlus_918.png
0,FERPlus_919.png
0,FERPlus_920.png
0,FERPlus_921.png
0,FERPlus_922.png
0,FERPlus_923.png
0,FERPlus_924.png
0,FERPlus_925.png
0,FERPlus_926.png
0,FERPlus_927.png
0,FERPlus_928.png
0,FERPlus_929.png
0,FERPlus_930.png
0,FERPlus_931.png
0,FERPlus_932.png
0,FERPlus_933.png
0,FERPlus_934.png
0,FERPlus_935.png
0,FERPlus_936.png
0,FERPlus_937.png
0,FERPlus_938.png
0,FERPlus_939.png
0,FERPlus_940.png
0,FERPlus_941.png
0,FERPlus_942.png
0,FERPlus_943.png
0,FERPlus_944.png
0,FERPlus_945.png
0,FERPlus_946.png
0,FERPlus_947.png
0,FERPlus_948.png
0,FERPlus_949.png
0,FERPlus_950.png
0,FERPlus_951.png
0,FERPlus_952.png
0,FERPlus_953.png
0,FERPlus_954.png
0,FERPlus_955.png
0,FERPlus_956.png
0,FERPlus_957.png
0,FERPlus_958.png
0,FERPlus_959.png
0,FERPlus_960.png
0,FERPlus_961.png
0,FERPlus_962.png
0,FERPlus_963.png
0,FERPlus_964.png
0,FERPlus_965.png
0,FERPlus_966.png
0,FERPlus_967.png
0,FERPlus_968.png
0,FERPlus_969.png
0,FERPlus_970.png
0,FERPlus_971.png
0,FERPlus_972.png
0,FERPlus_973.png
0,FERPlus_974.png
0,FERPlus_975.png
0,FERPlus_976.png
0,FERPlus_977.png
0,FERPlus_978.png
0,FERPlus_979.png
0,FERPlus_980.png
0,FERPlus_981.png
0,FERPlus_982.png
0,FERPlus_983.png
0,FERPlus_984.png
0,FERPlus_985.png
0,FERPlus_986.png
0,FERPlus_987.png
0,FERPlus_988.png
0,FERPlus_989.png
0,FERPlus_990.png
0,FERPlus_991.png
0,FERPlus_992.png
0,FERPlus_993.png
0,FERPlus_994.png
0,FERPlus_995.png
0,FERPlus_996.png
0,FERPlus_997.png
0,FERPlus_998.png
0,FERPlus_999.png
0,FERPlus_1000.png
0,FERPlus_1001.png
0,FERPlus_1002.png
0,FERPlus_1003.png
0,FERPlus_1004.png
0,FERPlus_1005.png
0,FERPlus_1006.png
0,FERPlus_1007.png
0,FERPlus_1008.png
0,FERPlus_1009.png
0,FERPlus_1010.png
0,FERPlus_1011.png
0,FERPlus_1012.png
0,FERPlus_1013.png
0,FERPlus_1014.png
0,FERPlus_1015.png
0,FERPlus_1016.png
0,FERPlus_1017.png
0,FERPlus_1018.png
0,FERPlus_1019.png
0,FERPlus_1020.png
0,FERPlus_1021.png
0,FERPlus_1022.png
0,FERPlus_1023.png
0,FERPlus_1024.png
0,FERPlus_1025.png
0,FERPlus_1026.png
0,FERPlus_1027.png
0,FERPlus_1028.png
0,FERPlus_1029.png
0,FERPlus_1030.png
0,FERPlus_1031.png
0,FERPlus_1032.png
0,FERPlus_1033.png
0,FERPlus_1034.png
0,FERPlus_1035.png
0,FERPlus_1036.png
0,FERPlus_1037.png
0,FERPlus_1038.png
0,FERPlus_1039.png
0,FERPlus_1040.png
0,FERPlus_1041.png
0,FERPlus_1042.png
0,FERPlus_1043.png
0,FERPlus_1044.png
0,FERPlus_1045.png
0,FERPlus_1046.png
0,FERPlus_1047.png
0,FERPlus_1048.png
0,FERPlus_1049.png
0,FERPlus_1050.png
0,FERPlus_1051.png
0,FERPlus_1052.png
0,FERPlus_1053.png
0,FERPlus_1054.png
0,FERPlus_1055.png
0,FERPlus_1056.png
0,FERPlus_1057.png
0,FERPlus_1058.png
0,FERPlus_1059.png
0,FERPlus_1060.png
0,FERPlus_1061.png
0,FERPlus_1062.png
0,FERPlus_1063.png
0,FERPlus_1064.png
0,FERPlus_1065.png
0,FERPlus_1066.png
0,FERPlus_1067.png
0,FERPlus_1068.png
0,FERPlus_1069.png
0,FERPlus_1070.png
0,FERPlus_1071.png
0,FERPlus_1072.png
0,FERPlus_1073.png
0,FERPlus_1074.png
0,FERPlus_1075.png
0,FERPlus_1076.png
0,FERPlus_1077.png
0,FERPlus_1078.png
0,FERPlus_1079.png
0,FERPlus_1080.png
0,FERPlus_1081.png
0,FERPlus_1082.png
0,FERPlus_1083.png
0,FERPlus_1084.png
0,FERPlus_1085.png
0,FERPlus_1086.png
0,FERPlus_1087.png
0,FERPlus_1088.png
0,FERPlus_1089.png
0,FERPlus_1090.png
0,FERPlus_1091.png
0,FERPlus_1092.png
0,FERPlus_1093.png
0,FERPlus_1094.png
0,FERPlus_1095.png
0,FERPlus_1096.png
0,FERPlus_1097.png
0,FERPlus_1098.png
0,FERPlus_1099.png
0,FERPlus_1100.png
0,FERPlus_1101.png
0,FERPlus_1102.png
0,FERPlus_1103.png
0,FERPlus_1104.png
0,FERPlus_1105.png
0,FERPlus_1106.png
0,FERPlus_1107.png
0,FERPlus_1108.png
0,FERPlus_1109.png
0,FERPlus_1110.png
0,FERPlus_1111.png
0,FERPlus_1112.png
0,FERPlus_1113.png
0,FERPlus_1114.png
0,FERPlus_1115.png
0,FERPlus_1116.png
0,FERPlus_1117.png
0,FERPlus_1118.png
0,FERPlus_1119.png
0,FERPlus_1120.png
0,FERPlus_1121.png
0,FERPlus_1122.png
0,FERPlus_1123.png
0,FERPlus_1124.png
0,FERPlus_1125.png
0,FERPlus_1126.png
0,FERPlus_1127.png
0,FERPlus_1128.png
0,FERPlus_1129.png
0,FERPlus_1130.png
0,FERPlus_1131.png
0,FERPlus_1132.png
0,FERPlus_1133.png
0,FERPlus_1134.png
0,FERPlus_1135.png
0,FERPlus_1136.png
0,FERPlus_1137.png
0,FERPlus_1138.png
0,FERPlus_1139.png
0,FERPlus_1140.png
0,FERPlus_1141.png
0,FERPlus_1142.png
0,FERPlus_1143.png
0,FERPlus_1144.png
0,FERPlus_1145.png
0,FERPlus_1146.png
0,FERPlus_1147.png
0,FERPlus_1148.png
0,FERPlus_1149.png
0,FERPlus_1150.png
0,FERPlus_1151.png
0,FERPlus_1152.png
0,FERPlus_1153.png
0,FERPlus_1154.png
0,FERPlus_1155.png
0,FERPlus_1156.png
0,FERPlus_1157.png
0,FERPlus_1158.png
0,FERPlus_1159.png
0,FERPlus_1160.png
0,FERPlus_1161.png
0,FERPlus_1162.png
0,FERPlus_1163.png
0,FERPlus_1164.png
0,FERPlus_1165.png
0,FERPlus_1166.png
0,FERPlus_1167.png
0,FERPlus_1168.png
0,FERPlus_1169.png
0,FERPlus_1170.png
0,FERPlus_1171.png
0,FERPlus_1172.png
0,FERPlus_1173.png
0,FERPlus_1174.png
0,FERPlus_1175.png
0,FERPlus_1176.png
0,FERPlus_1177.png
0,FERPlus_1178.png
0,FERPlus_1179.png
0,FERPlus_1180.png
0,FERPlus_1181.png
0,FERPlus_1182.png
0,FERPlus_1183.png
0,FERPlus_1184.png
0,FERPlus_1185.png
0,FERPlus_1186.png
0,FERPlus_1187.png
0,FERPlus_1188.png
0,FERPlus_1189.png
0,FERPlus_1190.png
0,FERPlus_1191.png
0,FERPlus_1192.png
0,FERPlus_1193.png
0,FERPlus_1194.png
0,FERPlus_1195.png
0,FERPlus_1196.png
0,FERPlus_1197.png
0,FERPlus_1198.png
0,FERPlus_1199.png
0,FERPlus_1200.png
0,FERPlus_1201.png
0,FERPlus_1202.png
0,FERPlus_1203.png
0,FERPlus_1204.png
0,FERPlus_1205.png
0,FERPlus_1206.png
0,FERPlus_1207.png
0,FERPlus_1208.png
0,FERPlus_1209.png
0,FERPlus_1210.png
0,FERPlus_1211.png
0,FERPlus_1212.png
0,FERPlus_1213.png
0,FERPlus_1214.png
0,FERPlus_1215.png
0,FERPlus_1216.png
0,FERPlus_1217.png
0,FERPlus_1218.png
0,FERPlus_1219.png
0,FERPlus_1220.png
0,FERPlus_1221.png
0,FERPlus_1222.png
0,FERPlus_1223.png
0,FERPlus_1224.png
0,FERPlus_1225.png
0,FERPlus_1226.png
0,FERPlus_1227.png
0,FERPlus_1228.png
0,FERPlus_1229.png
0,FERPlus_1230.png
0,FERPlus_1231.png
0,FERPlus_1232.png
0,FERPlus_1233.png
0,FERPlus_1234.png
0,FERPlus_1235.png
0,FERPlus_1236.png
0,FERPlus_1237.png
0,FERPlus_1238.png
0,FERPlus_1239.png
0,FERPlus_1240.png
0,FERPlus_1241.png
0,FERPlus_1242.png
0,FERPlus_1243.png
0,FERPlus_1244.png
0,FERPlus_1245.png
0,FERPlus_1246.png
0,FERPlus_1247.png
0,FERPlus_1248.png
0,FERPlus_1249.png
0,FERPlus_1250.png
0,FERPlus_1251.png
0,FERPlus_1252.png
0,FERPlus_1253.png
0,FERPlus_1254.png
0,FERPlus_1255.png
0,FERPlus_1256.png
0,FERPlus_1257.png
0,FERPlus_1258.png
0,FERPlus_1259.png
0,FERPlus_1260.png
0,FERPlus_1261.png
0,FERPlus_1262.png
0,FERPlus_1263.png
0,FERPlus_1264.png
0,FERPlus_1265.png
0,FERPlus_1266.png
0,FERPlus_1267.png
0,FERPlus_1268.png
0,FERPlus_1269.png
0,FERPlus_1270.png
0,FERPlus_1271.png
0,FERPlus_1272.png
0,FERPlus_1273.png
0,FERPlus_1274.png
0,FERPlus_1275.png
0,FERPlus_1276.png
0,FERPlus_1277.png
0,FERPlus_1278.png
0,FERPlus_1279.png
0,FERPlus_1280.png
0,FERPlus_1281.png
0,FERPlus_1282.png
0,FERPlus_1283.png
0,FERPlus_1284.png
0,FERPlus_1285.png
0,FERPlus_1286.png
0,FERPlus_1287.png
0,FERPlus_1288.png
0,FERPlus_1289.png
0,FERPlus_1290.png
0,FERPlus_1291.png
0,FERPlus_1292.png
0,FERPlus_1293.png
0,FERPlus_1294.png
0,FERPlus_1295.png
0,FERPlus_1296.png
0,FERPlus_1297.png
0,FERPlus_1298.png
0,FERPlus_1299.png
0,FERPlus_1300.png
0,FERPlus_1301.png
0,FERPlus_1302.png
0,FERPlus_1303.png
0,FERPlus_1304.png
0,FERPlus_1305.png
0,FERPlus_1306.png
0,FERPlus_1307.png
0,FERPlus_1308.png
0,FERPlus_1309.png
0,FERPlus_1310.png
0,FERPlus_1311.png
0,FERPlus_1312.png
0,FERPlus_1313.png
0,FERPlus_1314.png
0,FERPlus_1315.png
0,FERPlus_1316.png
0,FERPlus_1317.png
0,FERPlus_1318.png
0,FERPlus_1319.png
0,FERPlus_1320.png
0,FERPlus_1321.png
0,FERPlus_1322.png
0,FERPlus_1323.png
0,FERPlus_1324.png
0,FERPlus_1325.png
0,FERPlus_1326.png
0,FERPlus_1327.png
0,FERPlus_1328.png
0,FERPlus_1329.png
0,FERPlus_1330.png
0,FERPlus_1331.png
0,FERPlus_1332.png
0,FERPlus_1333.png
0,FERPlus_1334.png
0,FERPlus_1335.png
0,FERPlus_1336.png
0,FERPlus_1337.png
0,FERPlus_1338.png
0,FERPlus_1339.png
0,FERPlus_1340.png
0,FERPlus_1341.png
0,FERPlus_1342.png
0,FERPlus_1343.png
0,FERPlus_1344.png
0,FERPlus_1345.png
0,FERPlus_1346.png
0,FERPlus_1347.png
0,FERPlus_1348.png
0,FERPlus_1349.png
0,FERPlus_1350.png
0,FERPlus_1351.png
0,FERPlus_1352.png
0,FERPlus_1353.png
0,FERPlus_1354.png
0,FERPlus_1355.png
0,FERPlus_1356.png
0,FERPlus_1357.png
0,FERPlus_1358.png
0,FERPlus_1359.png
0,FERPlus_1360.png
0,FERPlus_1361.png
0,FERPlus_1362.png
0,FERPlus_1363.png
0,FERPlus_1364.png
0,FERPlus_1365.png
0,FERPlus_1366.png
0,FERPlus_1367.png
0,FERPlus_1368.png
0,FERPlus_1369.png
0,FERPlus_1370.png
0,FERPlus_1371.png
0,FERPlus_1372.png
0,FERPlus_1373.png
0,FERPlus_1374.png
0,FERPlus_1375.png
0,FERPlus_1376.png
0,FERPlus_1377.png
0,FERPlus_1378.png
0,FERPlus_1379.png
0,FERPlus_1380.png
0,FERPlus_1381.png
0,FERPlus_1382.png
0,FERPlus_1383.png
0,FERPlus_1384.png
0,FERPlus_1385.png
0,FERPlus_1386.png
0,FERPlus_1387.png
0,FERPlus_1388.png
0,FERPlus_1389.png
0,FERPlus_1390.png
0,FERPlus_1391.png
0,FERPlus_1392.png
0,FERPlus_1393.png
0,FERPlus_1394.png
0,FERPlus_1395.png
0,FERPlus_1396.png
0,FERPlus_1397.png
0,FERPlus_1398.png
0,FERPlus_1399.png
0,FERPlus_1400.png
0,FERPlus_1401.png
0,FERPlus_1402.png
0,FERPlus_1403.png
0,FERPlus_1404.png
0,FERPlus_1405.png
0,FERPlus_1406.png
0,FERPlus_1407.png
0,FERPlus_1408.png
0,FERPlus_1409.png
0,FERPlus_1410.png
0,FERPlus_1411.png
0,FERPlus_1412.png
0,FERPlus_1413.png
0,FERPlus_1414.png
0,FERPlus_1415.png
0,FERPlus_1416.png
0,FERPlus_1417.png
0,FERPlus_1418.png
0,FERPlus_1419.png
0,FERPlus_1420.png
0,FERPlus_1421.png
0,FERPlus_1422.png
0,FERPlus_1423.png
0,FERPlus_1424.png
0,FERPlus_1425.png
0,FERPlus_1426.png
0,FERPlus_1427.png
0,FERPlus_1428.png
0,FERPlus_1429.png
0,FERPlus_1430.png
0,FERPlus_1431.png
0,FERPlus_1432.png
0,FERPlus_1433.png
0,FERPlus_1434.png
0,FERPlus_1435.png
0,FERPlus_1436.png
0,FERPlus_1437.png
0,FERPlus_1438.png
0,FERPlus_1439.png
0,FERPlus_1440.png
0,FERPlus_1441.png
0,FERPlus_1442.png
0,FERPlus_1443.png
0,FERPlus_1444.png
0,FERPlus_1445.png
0,FERPlus_1446.png
0,FERPlus_1447.png
0,FERPlus_1448.png
0,FERPlus_1449.png
0,FERPlus_1450.png
0,FERPlus_1451.png
0,FERPlus_1452.png
0,FERPlus_1453.png
0,FERPlus_1454.png
0,FERPlus_1455.png
0,FERPlus_1456.png
0,FERPlus_1457.png
0,FERPlus_1458.png
0,FERPlus_1459.png
0,FERPlus_1460.png
0,FERPlus_1461.png
0,FERPlus_1462.png
0,FERPlus_1463.png
0,FERPlus_1464.png
0,FERPlus_1465.png
0,FERPlus_1466.png
0,FERPlus_1467.png
0,FERPlus_1468.png
0,FERPlus_1469.png
0,FERPlus_1470.png
0,FERPlus_1471.png
0,FERPlus_1472.png
0,FERPlus_1473.png
0,FERPlus_1474.png
0,FERPlus_1475.png
0,FERPlus_1476.png
0,FERPlus_1477.png
0,FERPlus_1478.png
0,FERPlus_1479.png
0,FERPlus_1480.png
0,FERPlus_1481.png
0,FERPlus_1482.png
0,FERPlus_1483.png
0,FERPlus_1484.png
0,FERPlus_1485.png
0,FERPlus_1486.png
0,FERPlus_1487.png
0,FERPlus_1488.png
0,FERPlus_1489.png
0,FERPlus_1490.png
0,FERPlus_1491.png
0,FERPlus_1492.png
0,FERPlus_1493.png
0,FERPlus_1494.png
0,FERPlus_1495.png
0,FERPlus_1496.png
0,FERPlus_1497.png
0,FERPlus_1498.png
0,FERPlus_1499.png
0,FERPlus_1500.png
0,FERPlus_1501.png
0,FERPlus_1502.png
0,FERPlus_1503.png
0,FERPlus_1504.png
0,FERPlus_1505.png
0,FERPlus_1506.png
0,FERPlus_1507.png
0,FERPlus_1508.png
0,FERPlus_1509.png
0,FERPlus_1510.png
0,FERPlus_1511.png
0,FERPlus_1512.png
0,FERPlus_1513.png
0,FERPlus_1514.png
0,FERPlus_1515.png
0,FERPlus_1516.png
0,FERPlus_1517.png
0,FERPlus_1518.png
0,FERPlus_1519.png
0,FERPlus_1520.png
0,FERPlus_1521.png
0,FERPlus_1522.png
0,FERPlus_1523.png
0,FERPlus_1524.png
0,FERPlus_1525.png
0,FERPlus_1526.png
0,FERPlus_1527.png
0,FERPlus_1528.png
0,FERPlus_1529.png
0,FERPlus_1530.png
0,FERPlus_1531.png
0,FERPlus_1532.png
0,FERPlus_1533.png
0,FERPlus_1534.png
0,FERPlus_1535.png
0,FERPlus_1536.png
0,FERPlus_1537.png
0,FERPlus_1538.png
0,FERPlus_1539.png
0,FERPlus_1540.png
0,FERPlus_1541.png
0,FERPlus_1542.png
0,FERPlus_1543.png
0,FERPlus_1544.png
0,FERPlus_1545.png
0,FERPlus_1546.png
0,FERPlus_1547.png
0,FERPlus_1548.png
0,FERPlus_1549.png
0,FERPlus_1550.png
0,FERPlus_1551.png
0,FERPlus_1552.png
0,FERPlus_1553.png
0,FERPlus_1554.png
0,FERPlus_1555.png
0,FERPlus_1556.png
0,FERPlus_1557.png
0,FERPlus_1558.png
0,FERPlus_1559.png
0,FERPlus_1560.png
0,FERPlus_1561.png
0,FERPlus_1562.png
0,FERPlus_1563.png
0,FERPlus_1564.png
0,FERPlus_1565.png
0,FERPlus_1566.png
0,FERPlus_1567.png
0,FERPlus_1568.png
0,FERPlus_1569.png
0,FERPlus_1570.png
0,FERPlus_1571.png
0,FERPlus_1572.png
0,FERPlus_1573.png
0,FERPlus_1574.png
0,FERPlus_1575.png
0,FERPlus_1576.png
0,FERPlus_1577.png
0,FERPlus_1578.png
0,FERPlus_1579.png
0,FERPlus_1580.png
0,FERPlus_1581.png
0,FERPlus_1582.png
0,FERPlus_1583.png
0,FERPlus_1584.png
0,FERPlus_1585.png
0,FERPlus_1586.png
0,FERPlus_1587.png
0,FERPlus_1588.png
0,FERPlus_1589.png
0,FERPlus_1590.png
0,FERPlus_1591.png
0,FERPlus_1592.png
0,FERPlus_1593.png
0,FERPlus_1594.png
0,FERPlus_1595.png
0,FERPlus_1596.png
0,FERPlus_1597.png
0,FERPlus_1598.png
0,FERPlus_1599.png
0,FERPlus_1600.png
0,FERPlus_1601.png
0,FERPlus_1602.png
0,FERPlus_1603.png
0,FERPlus_1604.png
0,FERPlus_1605.png
0,FERPlus_1606.png
0,FERPlus_1607.png
0,FERPlus_1608.png
0,FERPlus_1609.png
0,FERPlus_1610.png
0,FERPlus_1611.png
0,FERPlus_1612.png
0,FERPlus_1613.png
0,FERPlus_1614.png
0,FERPlus_1615.png
0,FERPlus_1616.png
0,FERPlus_1617.png
0,FERPlus_1618.png
0,FERPlus_1619.png
0,FERPlus_1620.png
0,FERPlus_1621.png
0,FERPlus_1622.png
0,FERPlus_1623.png
0,FERPlus_1624.png
0,FERPlus_1625.png
0,FERPlus_1626.png
0,FERPlus_1627.png
0,FERPlus_1628.png
0,FERPlus_1629.png
0,FERPlus_1630.png
0,FERPlus_1631.png
0,FERPlus_1632.png
0,FERPlus_1633.png
0,FERPlus_1634.png
0,FERPlus_1635.png
0,FERPlus_1636.png
0,FERPlus_1637.png
0,FERPlus_1638.png
0,FERPlus_1639.png
0,FERPlus_1640.png
0,FERPlus_1641.png
0,FERPlus_1642.png
0,FERPlus_1643.png
0,FERPlus_1644.png
0,FERPlus_1645.png
0,FERPlus_1646.png
0,FERPlus_1647.png
0,FERPlus_1648.png
0,FERPlus_1649.png
0,FERPlus_1650.png
0,FERPlus_1651.png
0,FERPlus_1652.png
0,FERPlus_1653.png
0,FERPlus_1654.png
0,FERPlus_1655.png
0,FERPlus_1656.png
0,FERPlus_1657.png
0,FERPlus_1658.png
0,FERPlus_1659.png
0,FERPlus_1660.png
0,FERPlus_1661.png
0,FERPlus_1662.png
0,FERPlus_1663.png
0,FERPlus_1664.png
0,FERPlus_1665.png
0,FERPlus_1666.png
0,FERPlus_1667.png
0,FERPlus_1668.png
0,FERPlus_1669.png
0,FERPlus_1670.png
0,FERPlus_1671.png
0,FERPlus_1672.png
0,FERPlus_1673.png
0,FERPlus_1674.png
0,FERPlus_1675.png
0,FERPlus_1676.png
0,FERPlus_1677.png
0,FERPlus_1678.png
0,FERPlus_1679.png
0,FERPlus_1680.png
0,FERPlus_1681.png
0,FERPlus_1682.png
0,FERPlus_1683.png
0,FERPlus_1684.png
0,FERPlus_1685.png
0,FERPlus_1686.png
0,FERPlus_1687.png
0,FERPlus_1688.png
0,FERPlus_1689.png
0,FERPlus_1690.png
0,FERPlus_1691.png
0,FERPlus_1692.png
0,FERPlus_1693.png
0,FERPlus_1694.png
0,FERPlus_1695.png
0,FERPlus_1696.png
0,FERPlus_1697.png
0,FERPlus_1698.png
0,FERPlus_1699.png
0,FERPlus_1700.png
0,FERPlus_1701.png
0,FERPlus_1702.png
0,FERPlus_1703.png
0,FERPlus_1704.png
0,FERPlus_1705.png
0,FERPlus_1706.png
0,FERPlus_1707.png
0,FERPlus_1708.png
0,FERPlus_1709.png
0,FERPlus_1710.png
0,FERPlus_1711.png
0,FERPlus_1712.png
0,FERPlus_1713.png
0,FERPlus_1714.png
0,FERPlus_1715.png
0,FERPlus_1716.png
0,FERPlus_1717.png
0,FERPlus_1718.png
0,FERPlus_1719.png
0,FERPlus_1720.png
0,FERPlus_1721.png
0,FERPlus_1722.png
0,FERPlus_1723.png
0,FERPlus_1724.png
0,FERPlus_1725.png
0,FERPlus_1726.png
0,FERPlus_1727.png
0,FERPlus_1728.png
0,FERPlus_1729.png
0,FERPlus_1730.png
0,FERPlus_1731.png
0,FERPlus_1732.png
0,FERPlus_1733.png
0,FERPlus_1734.png
0,FERPlus_1735.png
0,FERPlus_1736.png
0,FERPlus_1737.png
0,FERPlus_1738.png
0,FERPlus_1739.png
0,FERPlus_1740.png
0,FERPlus_1741.png
0,FERPlus_1742.png
0,FERPlus_1743.png
0,FERPlus_1744.png
0,FERPlus_1745.png
0,FERPlus_1746.png
0,FERPlus_1747.png
0,FERPlus_1748.png
0,FERPlus_1749.png
0,FERPlus_1750.png
0,FERPlus_1751.png
0,FERPlus_1752.png
0,FERPlus_1753.png
0,FERPlus_1754.png
0,FERPlus_1755.png
0,FERPlus_1756.png
0,FERPlus_1757.png
0,FERPlus_1758.png
0,FERPlus_1759.png
0,FERPlus_1760.png
0,FERPlus_1761.png
0,FERPlus_1762.png
0,FERPlus_1763.png
0,FERPlus_1764.png
0,FERPlus_1765.png
0,FERPlus_1766.png
0,FERPlus_1767.png
0,FERPlus_1768.png
0,FERPlus_1769.png
0,FERPlus_1770.png
0,FERPlus_1771.png
0,FERPlus_1772.png
0,FERPlus_1773.png
0,FERPlus_1774.png
0,FERPlus_1775.png
0,FERPlus_1776.png
0,FERPlus_1777.png
0,FERPlus_1778.png
0,FERPlus_1779.png
0,FERPlus_1780.png
0,FERPlus_1781.png
0,FERPlus_1782.png
0,FERPlus_1783.png
0,FERPlus_1784.png
0,FERPlus_1785.png
0,FERPlus_1786.png
0,FERPlus_1787.png
0,FERPlus_1788.png
0,FERPlus_1789.png
0,FERPlus_1790.png
0,FERPlus_1791.png
0,FERPlus_1792.png
0,FERPlus_1793.png
0,FERPlus_1794.png
0,FERPlus_1795.png
0,FERPlus_1796.png
0,FERPlus_1797.png
0,FERPlus_1798.png
0,FERPlus_1799.png
0,FERPlus_1800.png
0,FERPlus_1801.png
0,FERPlus_1802.png
0,FERPlus_1803.png
0,FERPlus_1804.png
0,FERPlus_1805.png
0,FERPlus_1806.png
0,FERPlus_1807.png
0,FERPlus_1808.png
0,FERPlus_1809.png
0,FERPlus_1810.png
0,FERPlus_1811.png
0,FERPlus_1812.png
0,FERPlus_1813.png
0,FERPlus_1814.png
0,FERPlus_1815.png
0,FERPlus_1816.png
0,FERPlus_1817.png
0,FERPlus_1818.png
0,FERPlus_1819.png
0,FERPlus_1820.png
0,FERPlus_1821.png
0,FERPlus_1822.png
0,FERPlus_1823.png
0,FERPlus_1824.png
0,FERPlus_1825.png
0,FERPlus_1826.png
0,FERPlus_1827.png
0,FERPlus_1828.png
0,FERPlus_1829.png
0,FERPlus_1830.png
0,FERPlus_1831.png
0,FERPlus_1832.png
0,FERPlus_1833.png
0,FERPlus_1834.png
0,FERPlus_1835.png
0,FERPlus_1836.png
0,FERPlus_1837.png
0,FERPlus_1838.png
0,FERPlus_1839.png
0,FERPlus_1840.png
0,FERPlus_1841.png
0,FERPlus_1842.png
0,FERPlus_1843.png
0,FERPlus_1844.png
0,FERPlus_1845.png
0,FERPlus_1846.png
0,FERPlus_1847.png
0,FERPlus_1848.png
0,FERPlus_1849.png
0,FERPlus_1850.png
0,FERPlus_1851.png
0,FERPlus_1852.png
0,FERPlus_1853.png
0,FERPlus_1854.png
0,FERPlus_1855.png
0,FERPlus_1856.png
0,FERPlus_1857.png
0,FERPlus_1858.png
0,FERPlus_1859.png
0,FERPlus_1860.png
0,FERPlus_1861.png
0,FERPlus_1862.png
0,FERPlus_1863.png
0,FERPlus_1864.png
0,FERPlus_1865.png
0,FERPlus_1866.png
0,FERPlus_1867.png
0,FERPlus_1868.png
0,FERPlus_1869.png
0,FERPlus_1870.png
0,FERPlus_1871.png
0,FERPlus_1872.png
0,FERPlus_1873.png
0,FERPlus_1874.png
0,FERPlus_1875.png
0,FERPlus_1876.png
0,FERPlus_1877.png
0,FERPlus_1878.png
0,FERPlus_1879.png
0,FERPlus_1880.png
0,FERPlus_1881.png
0,FERPlus_1882.png
0,FERPlus_1883.png
0,FERPlus_1884.png
0,FERPlus_1885.png
0,FERPlus_1886.png
0,FERPlus_1887.png
0,FERPlus_1888.png
0,FERPlus_1889.png
0,FERPlus_1890.png
0,FERPlus_1891.png
0,FERPlus_1892.png
0,FERPlus_1893.png
0,FERPlus_1894.png
0,FERPlus_1895.png
0,FERPlus_1896.png
0,FERPlus_1897.png
0,FERPlus_1898.png
0,FERPlus_1899.png
0,FERPlus_1900.png
0,FERPlus_1901.png
0,FERPlus_1902.png
0,FERPlus_1903.png
0,FERPlus_1904.png
0,FERPlus_1905.png
0,FERPlus_1906.png
0,FERPlus_1907.png
0,FERPlus_1908.png
0,FERPlus_1909.png
0,FERPlus_1910.png
0,FERPlus_1911.png
0,FERPlus_1912.png
0,FERPlus_1913.png
0,FERPlus_1914.png
0,FERPlus_1915.png
0,FERPlus_1916.png
0,FERPlus_1917.png
0,FERPlus_1918.png
0,FERPlus_1919.png
0,FERPlus_1920.png
0,FERPlus_1921.png
0,FERPlus_1922.png
0,FERPlus_1923.png
0,FERPlus_1924.png
0,FERPlus_1925.png
0,FERPlus_1926.png
0,FERPlus_1927.png
0,FERPlus_1928.png
0,FERPlus_1929.png
0,FERPlus_1930.png
0,FERPlus_1931.png
0,FERPlus_1932.png
0,FERPlus_1933.png
0,FERPlus_1934.png
0,FERPlus_1935.png
0,FERPlus_1936.png
0,FERPlus_1937.png
0,FERPlus_1938.png
0,FERPlus_1939.png
0,FERPlus_1940.png
0,FERPlus_1941.png
0,FERPlus_1942.png
0,FERPlus_1943.png
0,FERPlus_1944.png
0,FERPlus_1945.png
0,FERPlus_1946.png
0,FERPlus_1947.png
0,FERPlus_1948.png
0,FERPlus_1949.png
0,FERPlus_1950.png
0,FERPlus_1951.png
0,FERPlus_1952.png
0,FERPlus_1953.png
0,FERPlus_1954.png
0,FERPlus_1955.png
0,FERPlus_1956.png
0,FERPlus_1957.png
0,FERPlus_1958.png
0,FERPlus_1959.png
0,FERPlus_1960.png
0,FERPlus_1961.png
0,FERPlus_1962.png
0,FERPlus_1963.png
0,FERPlus_1964.png
0,FERPlus_1965.png
0,FERPlus_1966.png
0,FERPlus_1967.png
0,FERPlus_1968.png
0,FERPlus_1969.png
0,FERPlus_1970.png
0,FERPlus_1971.png
0,FERPlus_1972.png
0,FERPlus_1973.png
0,FERPlus_1974.png
0,FERPlus_1975.png
0,FERPlus_1976.png
0,FERPlus_1977.png
0,FERPlus_1978.png
0,FERPlus_1979.png
0,FERPlus_1980.png
0,FERPlus_1981.png
0,FERPlus_1982.png
0,FERPlus_1983.png
0,FERPlus_1984.png
0,FERPlus_1985.png
0,FERPlus_1986.png
0,FERPlus_1987.png
0,FERPlus_1988.png
0,FERPlus_1989.png
0,FERPlus_1990.png
0,FERPlus_1991.png
0,FERPlus_1992.png
0,FERPlus_1993.png
0,FERPlus_1994.png
0,FERPlus_1995.png
0,FERPlus_1996.png
0,FERPlus_1997.png
0,FERPlus_1998.png
0,FERPlus_1999.png
0,FERPlus_2000.png
0,FERPlus_2001.png
0,FERPlus_2002.png
0,FERPlus_2003.png
0,FERPlus_2004.png
0,FERPlus_2005.png
0,FERPlus_2006.png
0,FERPlus_2007.png
0,FERPlus_2008.png
0,FERPlus_2009.png
0,FERPlus_2010.png
0,FERPlus_2011.png
0,FERPlus_2012.png
0,FERPlus_2013.png
0,FERPlus_2014.png
0,FERPlus_2015.png
0,FERPlus_2016.png
0,FERPlus_2017.png
0,FERPlus_2018.png
0,FERPlus_2019.png
0,FERPlus_2020.png
0,FERPlus_2021.png
0,FERPlus_2022.png
0,FERPlus_2023.png
0,FERPlus_2024.png
0,FERPlus_2025.png
0,FERPlus_2026.png
0,FERPlus_2027.png
0,FERPlus_2028.png
0,FERPlus_2029.png
0,FERPlus_2030.png
0,FERPlus_2031.png
0,FERPlus_2032.png
0,FERPlus_2033.png
0,FERPlus_2034.png
0,FERPlus_2035.png
0,FERPlus_2036.png
0,FERPlus_2037.png
0,FERPlus_2038.png
0,FERPlus_2039.png
0,FERPlus_2040.png
0,FERPlus_2041.png
0,FERPlus_2042.png
0,FERPlus_2043.png
0,FERPlus_2044.png
0,FERPlus_2045.png
0,FERPlus_2046.png
0,FERPlus_2047.png
0,FERPlus_2048.png
0,FERPlus_2049.png
0,FERPlus_2050.png
0,FERPlus_2051.png
0,FERPlus_2052.png
0,FERPlus_2053.png
0,FERPlus_2054.png
0,FERPlus_2055.png
0,FERPlus_2056.png
0,FERPlus_2057.png
0,FERPlus_2058.png
0,FERPlus_2059.png
0,FERPlus_2060.png
0,FERPlus_2061.png
0,FERPlus_2062.png
0,FERPlus_2063.png
0,FERPlus_2064.png
0,FERPlus_2065.png
0,FERPlus_2066.png
0,FERPlus_2067.png
0,FERPlus_2068.png
0,FERPlus_2069.png
0,FERPlus_2070.png
0,FERPlus_2071.png
0,FERPlus_2072.png
0,FERPlus_2073.png
0,FERPlus_2074.png
0,FERPlus_2075.png
0,FERPlus_2076.png
0,FERPlus_2077.png
0,FERPlus_2078.png
0,FERPlus_2079.png
0,FERPlus_2080.png
0,FERPlus_2081.png
0,FERPlus_2082.png
0,FERPlus_2083.png
0,FERPlus_2084.png
0,FERPlus_2085.png
0,FERPlus_2086.png
0,FERPlus_2087.png
0,FERPlus_2088.png
0,FERPlus_2089.png
0,FERPlus_2090.png
0,FERPlus_2091.png
0,FERPlus_2092.png
0,FERPlus_2093.png
0,FERPlus_2094.png
0,FERPlus_2095.png
0,FERPlus_2096.png
0,FERPlus_2097.png
0,FERPlus_2098.png
0,FERPlus_2099.png
0,FERPlus_2100.png
0,FERPlus_2101.png
0,FERPlus_2102.png
0,FERPlus_2103.png
0,FERPlus_2104.png
0,FERPlus_2105.png
0,FERPlus_2106.png
0,FERPlus_2107.png
0,FERPlus_2108.png
0,FERPlus_2109.png
0,FERPlus_2110.png
0,FERPlus_2111.png
0,FERPlus_2112.png
0,FERPlus_2113.png
0,FERPlus_2114.png
0,FERPlus_2115.png
0,FERPlus_2116.png
0,FERPlus_2117.png
0,FERPlus_2118.png
0,FERPlus_2119.png
0,FERPlus_2120.png
0,FERPlus_2121.png
0,FERPlus_2122.png
0,FERPlus_2123.png
0,FERPlus_2124.png
0,FERPlus_2125.png
0,FERPlus_2126.png
0,FERPlus_2127.png
0,FERPlus_2128.png
0,FERPlus_2129.png
0,FERPlus_2130.png
0,FERPlus_2131.png
0,FERPlus_2132.png
0,FERPlus_2133.png
0,FERPlus_2134.png
0,FERPlus_2135.png
0,FERPlus_2136.png
0,FERPlus_2137.png
0,FERPlus_2138.png
0,FERPlus_2139.png
0,FERPlus_2140.png
0,FERPlus_2141.png
0,FERPlus_2142.png
0,FERPlus_2143.png
0,FERPlus_2144.png
0,FERPlus_2145.png
0,FERPlus_2146.png
0,FERPlus_2147.png
0,FERPlus_2148.png
0,FERPlus_2149.png
0,FERPlus_2150.png
0,FERPlus_2151.png
0,FERPlus_2152.png
0,FERPlus_2153.png
0,FERPlus_2154.png
0,FERPlus_2155.png
0,FERPlus_2156.png
0,FERPlus_2157.png
0,FERPlus_2158.png
0,FERPlus_2159.png
0,FERPlus_2160.png
0,FERPlus_2161.png
0,FERPlus_2162.png
0,FERPlus_2163.png
0,FERPlus_2164.png
0,FERPlus_2165.png
0,FERPlus_2166.png
0,FERPlus_2167.png
0,FERPlus_2168.png
0,FERPlus_2169.png
0,FERPlus_2170.png
0,FERPlus_2171.png
0,FERPlus_2172.png
0,FERPlus_2173.png
0,FERPlus_2174.png
0,FERPlus_2175.png
0,FERPlus_2176.png
0,FERPlus_2177.png
0,FERPlus_2178.png
0,FERPlus_2179.png
0,FERPlus_2180.png
0,FERPlus_2181.png
0,FERPlus_2182.png
0,FERPlus_2183.png
0,FERPlus_2184.png
0,FERPlus_2185.png
0,FERPlus_2186.png
0,FERPlus_2187.png
0,FERPlus_2188.png
0,FERPlus_2189.png
0,FERPlus_2190.png
0,FERPlus_2191.png
0,FERPlus_2192.png
0,FERPlus_2193.png
0,FERPlus_2194.png
0,FERPlus_2195.png
0,FERPlus_2196.png
0,FERPlus_2197.png
0,FERPlus_2198.png
0,FERPlus_2199.png
0,FERPlus_2200.png
0,FERPlus_2201.png
0,FERPlus_2202.png
0,FERPlus_2203.png
0,FERPlus_2204.png
0,FERPlus_2205.png
0,FERPlus_2206.png
0,FERPlus_2207.png
0,FERPlus_2208.png
0,FERPlus_2209.png
0,FERPlus_2210.png
0,FERPlus_2211.png
0,FERPlus_2212.png
0,FERPlus_2213.png
0,FERPlus_2214.png
0,FERPlus_2215.png
0,FERPlus_2216.png
0,FERPlus_2217.png
0,FERPlus_2218.png
0,FERPlus_2219.png
0,FERPlus_2220.png
0,FERPlus_2221.png
0,FERPlus_2222.png
0,FERPlus_2223.png
0,FERPlus_2224.png
0,FERPlus_2225.png
0,FERPlus_2226.png
0,FERPlus_2227.png
0,FERPlus_2228.png
0,FERPlus_2229.png
0,FERPlus_2230.png
0,FERPlus_2231.png
0,FERPlus_2232.png
0,FERPlus_2233.png
0,FERPlus_2234.png
0,FERPlus_2235.png
0,FERPlus_2236.png
0,FERPlus_2237.png
0,FERPlus_2238.png
0,FERPlus_2239.png
0,FERPlus_2240.png
0,FERPlus_2241.png
0,FERPlus_2242.png
0,FERPlus_2243.png
0,FERPlus_2244.png
0,FERPlus_2245.png
0,FERPlus_2246.png
0,FERPlus_2247.png
0,FERPlus_2248.png
0,FERPlus_2249.png
0,FERPlus_2250.png
0,FERPlus_2251.png
0,FERPlus_2252.png
0,FERPlus_2253.png
0,FERPlus_2254.png
0,FERPlus_2255.png
0,FERPlus_2256.png
0,FERPlus_2257.png
0,FERPlus_2258.png
0,FERPlus_2259.png
0,FERPlus_2260.png
0,FERPlus_2261.png
0,FERPlus_2262.png
0,FERPlus_2263.png
0,FERPlus_2264.png
0,FERPlus_2265.png
0,FERPlus_2266.png
0,FERPlus_2267.png
0,FERPlus_2268.png
0,FERPlus_2269.png
0,FERPlus_2270.png
0,FERPlus_2271.png
0,FERPlus_2272.png
0,FERPlus_2273.png
0,FERPlus_2274.png
0,FERPlus_2275.png
0,FERPlus_2276.png
0,FERPlus_2277.png
0,FERPlus_2278.png
0,FERPlus_2279.png
0,FERPlus_2280.png
0,FERPlus_2281.png
0,FERPlus_2282.png
0,FERPlus_2283.png
0,FERPlus_2284.png
0,FERPlus_2285.png
0,FERPlus_2286.png
0,FERPlus_2287.png
0,FERPlus_2288.png
0,FERPlus_2289.png
0,FERPlus_2290.png
0,FERPlus_2291.png
0,FERPlus_2292.png
0,FERPlus_2293.png
0,FERPlus_2294.png
0,FERPlus_2295.png
0,FERPlus_2296.png
0,FERPlus_2297.png
0,FERPlus_2298.png
0,FERPlus_2299.png
0,FERPlus_2300.png
0,FERPlus_2301.png
0,FERPlus_2302.png
0,FERPlus_2303.png
0,FERPlus_2304.png
0,FERPlus_2305.png
0,FERPlus_2306.png
0,FERPlus_2307.png
0,FERPlus_2308.png
0,FERPlus_2309.png
0,FERPlus_2310.png
0,FERPlus_2311.png
0,FERPlus_2312.png
0,FERPlus_2313.png
0,FERPlus_2314.png
0,FERPlus_2315.png
0,FERPlus_2316.png
0,FERPlus_2317.png
0,FERPlus_2318.png
0,FERPlus_2319.png
0,FERPlus_2320.png
0,FERPlus_2321.png
0,FERPlus_2322.png
0,FERPlus_2323.png
0,FERPlus_2324.png
0,FERPlus_2325.png
0,FERPlus_2326.png
0,FERPlus_2327.png
0,FERPlus_2328.png
0,FERPlus_2329.png
0,FERPlus_2330.png
0,FERPlus_2331.png
0,FERPlus_2332.png
0,FERPlus_2333.png
0,FERPlus_2334.png
0,FERPlus_2335.png
0,FERPlus_2336.png
0,FERPlus_2337.png
0,FERPlus_2338.png
0,FERPlus_2339.png
0,FERPlus_2340.png
0,FERPlus_2341.png
0,FERPlus_2342.png
0,FERPlus_2343.png
0,FERPlus_2344.png
0,FERPlus_2345.png
0,FERPlus_2346.png
0,FERPlus_2347.png
0,FERPlus_2348.png
0,FERPlus_2349.png
0,FERPlus_2350.png
0,FERPlus_2351.png
0,FERPlus_2352.png
0,FERPlus_2353.png
0,FERPlus_2354.png
0,FERPlus_2355.png
0,FERPlus_2356.png
0,FERPlus_2357.png
0,FERPlus_2358.png
0,FERPlus_2359.png
0,FERPlus_2360.png
0,FERPlus_2361.png
0,FERPlus_2362.png
0,FERPlus_2363.png
0,FERPlus_2364.png
0,FERPlus_2365.png
0,FERPlus_2366.png
0,FERPlus_2367.png
0,FERPlus_2368.png
0,FERPlus_2369.png
0,FERPlus_2370.png
0,FERPlus_2371.png
0,FERPlus_2372.png
0,FERPlus_2373.png
0,FERPlus_2374.png
0,FERPlus_2375.png
0,FERPlus_2376.png
0,FERPlus_2377.png
0,FERPlus_2378.png
0,FERPlus_2379.png
0,FERPlus_2380.png
0,FERPlus_2381.png
0,FERPlus_2382.png
0,FERPlus_2383.png
0,FERPlus_2384.png
0,FERPlus_2385.png
0,FERPlus_2386.png
0,FERPlus_2387.png
0,FERPlus_2388.png
0,FERPlus_2389.png
0,FERPlus_2390.png
0,FERPlus_2391.png
0,FERPlus_2392.png
0,FERPlus_2393.png
0,FERPlus_2394.png
0,FERPlus_2395.png
0,FERPlus_2396.png
0,FERPlus_2397.png
0,FERPlus_2398.png
0,FERPlus_2399.png
0,FERPlus_2400.png
0,FERPlus_2401.png
0,FERPlus_2402.png
0,FERPlus_2403.png
0,FERPlus_2404.png
0,FERPlus_2405.png
0,FERPlus_2406.png
0,FERPlus_2407.png
0,FERPlus_2408.png
0,FERPlus_2409.png
0,FERPlus_2410.png
0,FERPlus_2411.png
0,FERPlus_2412.png
0,FERPlus_2413.png
0,FERPlus_2414.png
0,FERPlus_2415.png
0,FERPlus_2416.png
0,FERPlus_2417.png
0,FERPlus_2418.png
0,FERPlus_2419.png
0,FERPlus_2420.png
0,FERPlus_2421.png
0,FERPlus_2422.png
0,FERPlus_2423.png
0,FERPlus_2424.png
0,FERPlus_2425.png
0,FERPlus_2426.png
0,FERPlus_2427.png
0,FERPlus_2428.png
0,FERPlus_2429.png
0,FERPlus_2430.png
0,FERPlus_2431.png
0,FERPlus_2432.png
0,FERPlus_2433.png
0,FERPlus_2434.png
0,FERPlus_2435.png
0,FERPlus_2436.png
0,FERPlus_2437.png
0,FERPlus_2438.png
0,FERPlus_2439.png
0,FERPlus_2440.png
0,FERPlus_2441.png
0,FERPlus_2442.png
0,FERPlus_2443.png
0,FERPlus_2444.png
0,FERPlus_2445.png
0,FERPlus_2446.png
0,FERPlus_2447.png
0,FERPlus_2448.png
0,FERPlus_2449.png
0,FERPlus_2450.png
0,FERPlus_2451.png
0,FERPlus_2452.png
0,FERPlus_2453.png
0,FERPlus_2454.png
0,FERPlus_2455.png
0,FERPlus_2456.png
0,FERPlus_2457.png
0,FERPlus_2458.png
0,FERPlus_2459.png
0,FERPlus_2460.png
0,FERPlus_2461.png
0,FERPlus_2462.png
0,FERPlus_2463.png
0,FERPlus_2464.png
0,FERPlus_2465.png
0,FERPlus_2466.png
0,FERPlus_2467.png
0,FERPlus_2468.png
0,FERPlus_2469.png
0,FERPlus_2470.png
0,FERPlus_2471.png
0,FERPlus_2472.png
0,FERPlus_2473.png
0,FERPlus_2474.png
0,FERPlus_2475.png
0,FERPlus_2476.png
0,FERPlus_2477.png
0,FERPlus_2478.png
0,FERPlus_2479.png
0,FERPlus_2480.png
0,FERPlus_2481.png
0,FERPlus_2482.png
0,FERPlus_2483.png
0,FERPlus_2484.png
0,FERPlus_2485.png
0,FERPlus_2486.png
0,FERPlus_2487.png
0,FERPlus_2488.png
0,FERPlus_2489.png
0,FERPlus_2490.png
0,FERPlus_2491.png
0,FERPlus_2492.png
0,FERPlus_2493.png
0,FERPlus_2494.png
0,FERPlus_2495.png
0,FERPlus_2496.png
0,FERPlus_2497.png
0,FERPlus_2498.png
0,FERPlus_2499.png
0,FERPlus_2500.png
0,FERPlus_2501.png
0,FERPlus_2502.png
0,FERPlus_2503.png
0,FERPlus_2504.png
0,FERPlus_2505.png
0,FERPlus_2506.png
0,FERPlus_2507.png
0,FERPlus_2508.png
0,FERPlus_2509.png
0,FERPlus_2510.png
0,FERPlus_2511.png
0,FERPlus_2512.png
0,FERPlus_2513.png
0,FERPlus_2514.png
0,FERPlus_2515.png
0,FERPlus_2516.png
0,FERPlus_2517.png
0,FERPlus_2518.png
0,FERPlus_2519.png
0,FERPlus_2520.png
0,FERPlus_2521.png
0,FERPlus_2522.png
0,FERPlus_2523.png
0,FERPlus_2524.png
0,FERPlus_2525.png
0,FERPlus_2526.png
0,FERPlus_2527.png
0,FERPlus_2528.png
0,FERPlus_2529.png
0,FERPlus_2530.png
0,FERPlus_2531.png
0,FERPlus_2532.png
0,FERPlus_2533.png
0,FERPlus_2534.png
0,FERPlus_2535.png
0,FERPlus_2536.png
0,FERPlus_2537.png
0,FERPlus_2538.png
0,FERPlus_2539.png
0,FERPlus_2540.png
0,FERPlus_2541.png
0,FERPlus_2542.png
0,FERPlus_2543.png
0,FERPlus_2544.png
0,FERPlus_2545.png
0,FERPlus_2546.png
0,FERPlus_2547.png
0,FERPlus_2548.png
0,FERPlus_2549.png
0,FERPlus_2550.png
0,FERPlus_2551.png
0,FERPlus_2552.png
0,FERPlus_2553.png
0,FERPlus_2554.png
0,FERPlus_2555.png
0,FERPlus_2556.png
0,FERPlus_2557.png
0,FERPlus_2558.png
0,FERPlus_2559.png
0,FERPlus_2560.png
0,FERPlus_2561.png
0,FERPlus_2562.png
0,FERPlus_2563.png
0,FERPlus_2564.png
0,FERPlus_2565.png
0,FERPlus_2566.png
0,FERPlus_2567.png
0,FERPlus_2568.png
0,FERPlus_2569.png
0,FERPlus_2570.png
0,FERPlus_2571.png
0,FERPlus_2572.png
0,FERPlus_2573.png
0,FERPlus_2574.png
0,FERPlus_2575.png
0,FERPlus_2576.png
0,FERPlus_2577.png
0,FERPlus_2578.png
0,FERPlus_2579.png
0,FERPlus_2580.png
0,FERPlus_2581.png
0,FERPlus_2582.png
0,FERPlus_2583.png
0,FERPlus_2584.png
0,FERPlus_2585.png
0,FERPlus_2586.png
0,FERPlus_2587.png
0,FERPlus_2588.png
0,FERPlus_2589.png
0,FERPlus_2590.png
0,FERPlus_2591.png
0,FERPlus_2592.png
0,FERPlus_2593.png
0,FERPlus_2594.png
0,FERPlus_2595.png
0,FERPlus_2596.png
0,FERPlus_2597.png
0,FERPlus_2598.png
0,FERPlus_2599.png
0,FERPlus_2600.png
0,FERPlus_2601.png
0,FERPlus_2602.png
0,FERPlus_2603.png
0,FERPlus_2604.png
0,FERPlus_2605.png
0,FERPlus_2606.png
0,FERPlus_2607.png
0,FERPlus_2608.png
0,FERPlus_2609.png
0,FERPlus_2610.png
0,FERPlus_2611.png
0,FERPlus_2612.png
0,FERPlus_2613.png
0,FERPlus_2614.png
0,FERPlus_2615.png
0,FERPlus_2616.png
0,FERPlus_2617.png
0,FERPlus_2618.png
0,FERPlus_2619.png
0,FERPlus_2620.png
0,FERPlus_2621.png
0,FERPlus_2622.png
0,FERPlus_2623.png
0,FERPlus_2624.png
0,FERPlus_2625.png
0,FERPlus_2626.png
0,FERPlus_2627.png
0,FERPlus_2628.png
0,FERPlus_2629.png
0,FERPlus_2630.png
0,FERPlus_2631.png
0,FERPlus_2632.png
0,FERPlus_2633.png
0,FERPlus_2634.png
0,FERPlus_2635.png
0,FERPlus_2636.png
0,FERPlus_2637.png
0,FERPlus_2638.png
0,FERPlus_2639.png
0,FERPlus_2640.png
0,FERPlus_2641.png
0,FERPlus_2642.png
0,FERPlus_2643.png
0,FERPlus_2644.png
0,FERPlus_2645.png
0,FERPlus_2646.png
0,FERPlus_2647.png
0,FERPlus_2648.png
0,FERPlus_2649.png
0,FERPlus_2650.png
0,FERPlus_2651.png
0,FERPlus_2652.png
0,FERPlus_2653.png
0,FERPlus_2654.png
0,FERPlus_2655.png
0,FERPlus_2656.png
0,FERPlus_2657.png
0,FERPlus_2658.png
0,FERPlus_2659.png
0,FERPlus_2660.png
0,FERPlus_2661.png
0,FERPlus_2662.png
0,FERPlus_2663.png
0,FERPlus_2664.png
0,FERPlus_2665.png
0,FERPlus_2666.png
0,FERPlus_2667.png
0,FERPlus_2668.png
0,FERPlus_2669.png
0,FERPlus_2670.png
0,FERPlus_2671.png
0,FERPlus_2672.png
0,FERPlus_2673.png
0,FERPlus_2674.png
0,FERPlus_2675.png
0,FERPlus_2676.png
0,FERPlus_2677.png
0,FERPlus_2678.png
0,FERPlus_2679.png
0,FERPlus_2680.png
0,FERPlus_2681.png
0,FERPlus_2682.png
0,FERPlus_2683.png
0,FERPlus_2684.png
0,FERPlus_2685.png
0,FERPlus_2686.png
0,FERPlus_2687.png
0,FERPlus_2688.png
0,FERPlus_2689.png
0,FERPlus_2690.png
0,FERPlus_2691.png
0,FERPlus_2692.png
0,FERPlus_2693.png
0,FERPlus_2694.png
0,FERPlus_2695.png
0,FERPlus_2696.png
0,FERPlus_2697.png
0,FERPlus_2698.png
0,FERPlus_2699.png
0,FERPlus_2700.png
0,FERPlus_2701.png
0,FERPlus_2702.png
0,FERPlus_2703.png
0,FERPlus_2704.png
0,FERPlus_2705.png
0,FERPlus_2706.png
0,FERPlus_2707.png
0,FERPlus_2708.png
0,FERPlus_2709.png
0,FERPlus_2710.png
0,FERPlus_2711.png
0,FERPlus_2712.png
0,FERPlus_2713.png
0,FERPlus_2714.png
0,FERPlus_2715.png
0,FERPlus_2716.png
0,FERPlus_2717.png
0,FERPlus_2718.png
0,FERPlus_2719.png
0,FERPlus_2720.png
0,FERPlus_2721.png
0,FERPlus_2722.png
0,FERPlus_2723.png
0,FERPlus_2724.png
0,FERPlus_2725.png
0,FERPlus_2726.png
0,FERPlus_2727.png
0,FERPlus_2728.png
0,FERPlus_2729.png
0,FERPlus_2730.png
0,FERPlus_2731.png
0,FERPlus_2732.png
0,FERPlus_2733.png
0,FERPlus_2734.png
0,FERPlus_2735.png
0,FERPlus_2736.png
0,FERPlus_2737.png
0,FERPlus_2738.png
0,FERPlus_2739.png
0,FERPlus_2740.png
0,FERPlus_2741.png
0,FERPlus_2742.png
0,FERPlus_2743.png
0,FERPlus_2744.png
0,FERPlus_2745.png
0,FERPlus_2746.png
0,FERPlus_2747.png
0,FERPlus_2748.png
0,FERPlus_2749.png
0,FERPlus_2750.png
0,FERPlus_2751.png
0,FERPlus_2752.png
0,FERPlus_2753.png
0,FERPlus_2754.png
0,FERPlus_2755.png
0,FERPlus_2756.png
0,FERPlus_2757.png
0,FERPlus_2758.png
0,FERPlus_2759.png
0,FERPlus_2760.png
0,FERPlus_2761.png
0,FERPlus_2762.png
0,FERPlus_2763.png
0,FERPlus_2764.png
0,FERPlus_2765.png
0,FERPlus_2766.png
0,FERPlus_2767.png
0,FERPlus_2768.png
0,FERPlus_2769.png
0,FERPlus_2770.png
0,FERPlus_2771.png
0,FERPlus_2772.png
0,FERPlus_2773.png
0,FERPlus_2774.png
0,FERPlus_2775.png
0,FERPlus_2776.png
0,FERPlus_2777.png
0,FERPlus_2778.png
0,FERPlus_2779.png
0,FERPlus_2780.png
0,FERPlus_2781.png
0,FERPlus_2782.png
0,FERPlus_2783.png
0,FERPlus_2784.png
0,FERPlus_2785.png
0,FERPlus_2786.png
0,FERPlus_2787.png
0,FERPlus_2788.png
0,FERPlus_2789.png
0,FERPlus_2790.png
0,FERPlus_2791.png
0,FERPlus_2792.png
0,FERPlus_2793.png
0,FERPlus_2794.png
0,FERPlus_2795.png
0,FERPlus_2796.png
0,FERPlus_2797.png
0,FERPlus_2798.png
0,FERPlus_2799.png
0,FERPlus_2800.png
0,FERPlus_2801.png
0,FERPlus_2802.png
0,FERPlus_2803.png
0,FERPlus_2804.png
0,FERPlus_2805.png
0,FERPlus_2806.png
0,FERPlus_2807.png
0,FERPlus_2808.png
0,FERPlus_2809.png
0,FERPlus_2810.png
0,FERPlus_2811.png
0,FERPlus_2812.png
0,FERPlus_2813.png
0,FERPlus_2814.png
0,FERPlus_2815.png
0,FERPlus_2816.png
0,FERPlus_2817.png
0,FERPlus_2818.png
0,FERPlus_2819.png
0,FERPlus_2820.png
0,FERPlus_2821.png
0,FERPlus_2822.png
0,FERPlus_2823.png
0,FERPlus_2824.png
0,FERPlus_2825.png
0,FERPlus_2826.png
0,FERPlus_2827.png
0,FERPlus_2828.png
0,FERPlus_2829.png
0,FERPlus_2830.png
0,FERPlus_2831.png
0,FERPlus_2832.png
0,FERPlus_2833.png
0,FERPlus_2834.png
0,FERPlus_2835.png
0,FERPlus_2836.png
0,FERPlus_2837.png
0,FERPlus_2838.png
0,FERPlus_2839.png
0,FERPlus_2840.png
0,FERPlus_2841.png
0,FERPlus_2842.png
0,FERPlus_2843.png
0,FERPlus_2844.png
0,FERPlus_2845.png
0,FERPlus_2846.png
0,FERPlus_2847.png
0,FERPlus_2848.png
0,FERPlus_2849.png
0,FERPlus_2850.png
0,FERPlus_2851.png
0,FERPlus_2852.png
0,FERPlus_2853.png
0,FERPlus_2854.png
0,FERPlus_2855.png
0,FERPlus_2856.png
0,FERPlus_2857.png
0,FERPlus_2858.png
0,FERPlus_2859.png
0,FERPlus_2860.png
0,FERPlus_2861.png
0,FERPlus_2862.png
0,FERPlus_2863.png
0,FERPlus_2864.png
0,FERPlus_2865.png
0,FERPlus_2866.png
0,FERPlus_2867.png
0,FERPlus_2868.png
0,FERPlus_2869.png
0,FERPlus_2870.png
0,FERPlus_2871.png
0,FERPlus_2872.png
0,FERPlus_2873.png
0,FERPlus_2874.png
0,FERPlus_2875.png
0,FERPlus_2876.png
0,FERPlus_2877.png
0,FERPlus_2878.png
0,FERPlus_2879.png
0,FERPlus_2880.png
0,FERPlus_2881.png
0,FERPlus_2882.png
0,FERPlus_2883.png
0,FERPlus_2884.png
0,FERPlus_2885.png
0,FERPlus_2886.png
0,FERPlus_2887.png
0,FERPlus_2888.png
0,FERPlus_2889.png
0,FERPlus_2890.png
0,FERPlus_2891.png
0,FERPlus_2892.png
0,FERPlus_2893.png
0,FERPlus_2894.png
0,FERPlus_2895.png
0,FERPlus_2896.png
0,FERPlus_2897.png
0,FERPlus_2898.png
0,FERPlus_2899.png
0,FERPlus_2900.png
0,FERPlus_2901.png
0,FERPlus_2902.png
0,FERPlus_2903.png
0,FERPlus_2904.png
0,FERPlus_2905.png
0,FERPlus_2906.png
0,FERPlus_2907.png
0,FERPlus_2908.png
0,FERPlus_2909.png
0,FERPlus_2910.png
0,FERPlus_2911.png
0,FERPlus_2912.png
0,FERPlus_2913.png
0,FERPlus_2914.png
0,FERPlus_2915.png
0,FERPlus_2916.png
0,FERPlus_2917.png
0,FERPlus_2918.png
0,FERPlus_2919.png
0,FERPlus_2920.png
0,FERPlus_2921.png
0,FERPlus_2922.png
0,FERPlus_2923.png
0,FERPlus_2924.png
0,FERPlus_2925.png
0,FERPlus_2926.png
0,FERPlus_2927.png
0,FERPlus_2928.png
0,FERPlus_2929.png
0,FERPlus_2930.png
0,FERPlus_2931.png
0,FERPlus_2932.png
0,FERPlus_2933.png
0,FERPlus_2934.png
0,FERPlus_2935.png
0,FERPlus_2936.png
0,FERPlus_2937.png
0,FERPlus_2938.png
0,FERPlus_2939.png
0,FERPlus_2940.png
0,FERPlus_2941.png
0,FERPlus_2942.png
0,FERPlus_2943.png
0,FERPlus_2944.png
0,FERPlus_2945.png
0,FERPlus_2946.png
0,FERPlus_2947.png
0,FERPlus_2948.png
0,FERPlus_2949.png
0,FERPlus_2950.png
0,FERPlus_2951.png
0,FERPlus_2952.png
0,FERPlus_2953.png
0,FERPlus_2954.png
0,FERPlus_2955.png
0,FERPlus_2956.png
0,FERPlus_2957.png
0,FERPlus_2958.png
0,FERPlus_2959.png
0,FERPlus_2960.png
0,FERPlus_2961.png
0,FERPlus_2962.png
0,FERPlus_2963.png
0,FERPlus_2964.png
0,FERPlus_2965.png
0,FERPlus_2966.png
0,FERPlus_2967.png
0,FERPlus_2968.png
0,FERPlus_2969.png
0,FERPlus_2970.png
0,FERPlus_2971.png
0,FERPlus_2972.png
0,FERPlus_2973.png
0,FERPlus_2974.png
0,FERPlus_2975.png
0,FERPlus_2976.png
0,FERPlus_2977.png
0,FERPlus_2978.png
0,FERPlus_2979.png
0,FERPlus_2980.png
0,FERPlus_2981.png
0,FERPlus_2982.png
0,FERPlus_2983.png
0,FERPlus_2984.png
0,FERPlus_2985.png
0,FERPlus_2986.png
0,FERPlus_2987.png
0,FERPlus_2988.png
0,FERPlus_2989.png
0,FERPlus_2990.png
0,FERPlus_2991.png
0,FERPlus_2992.png
0,FERPlus_2993.png
0,FERPlus_2994.png
0,FERPlus_2995.png
0,FERPlus_2996.png
0,FERPlus_2997.png
0,FERPlus_2998.png
0,FERPlus_2999.png
0,FERPlus_3000.png
0,FERPlus_3001.png
0,FERPlus_3002.png
0,FERPlus_3003.png
0,FERPlus_3004.png
0,FERPlus_3005.png
0,FERPlus_3006.png
0,FERPlus_3007.png
0,FERPlus_3008.png
0,FERPlus_3009.png
0,FERPlus_3010.png
0,FERPlus_3011.png
0,FERPlus_3012.png
0,FERPlus_3013.png
0,FERPlus_3014.png
0,FERPlus_3015.png
0,FERPlus_3016.png
0,FERPlus_3017.png
0,FERPlus_3018.png
0,FERPlus_3019.png
0,FERPlus_3020.png
0,FERPlus_3021.png
0,FERPlus_3022.png
0,FERPlus_3023.png
0,FERPlus_3024.png
0,FERPlus_3025.png
0,FERPlus_3026.png
0,FERPlus_3027.png
0,FERPlus_3028.png
0,FERPlus_3029.png
0,FERPlus_3030.png
0,FERPlus_3031.png
0,FERPlus_3032.png
0,FERPlus_3033.png
0,FERPlus_3034.png
0,FERPlus_3035.png
0,FERPlus_3036.png
0,FERPlus_3037.png
0,FERPlus_3038.png
0,FERPlus_3039.png
0,FERPlus_3040.png
0,FERPlus_3041.png
0,FERPlus_3042.png
0,FERPlus_3043.png
0,FERPlus_3044.png
0,FERPlus_3045.png
0,FERPlus_3046.png
0,FERPlus_3047.png
0,FERPlus_3048.png
0,FERPlus_3049.png
0,FERPlus_3050.png
0,FERPlus_3051.png
0,FERPlus_3052.png
0,FERPlus_3053.png
0,FERPlus_3054.png
0,FERPlus_3055.png
0,FERPlus_3056.png
0,FERPlus_3057.png
0,FERPlus_3058.png
0,FERPlus_3059.png
0,FERPlus_3060.png
0,FERPlus_3061.png
0,FERPlus_3062.png
0,FERPlus_3063.png
0,FERPlus_3064.png
0,FERPlus_3065.png
0,FERPlus_3066.png
0,FERPlus_3067.png
0,FERPlus_3068.png
0,FERPlus_3069.png
0,FERPlus_3070.png
0,FERPlus_3071.png
0,FERPlus_3072.png
0,FERPlus_3073.png
0,FERPlus_3074.png
0,FERPlus_3075.png
0,FERPlus_3076.png
0,FERPlus_3077.png
0,FERPlus_3078.png
0,FERPlus_3079.png
0,FERPlus_3080.png
0,FERPlus_3081.png
0,FERPlus_3082.png
0,FERPlus_3083.png
0,FERPlus_3084.png
0,FERPlus_3085.png
0,FERPlus_3086.png
0,FERPlus_3087.png
0,FERPlus_3088.png
0,FERPlus_3089.png
0,FERPlus_3090.png
0,FERPlus_3091.png
0,FERPlus_3092.png
0,FERPlus_3093.png
0,FERPlus_3094.png
0,FERPlus_3095.png
0,FERPlus_3096.png
0,FERPlus_3097.png
0,FERPlus_3098.png
0,FERPlus_3099.png
0,FERPlus_3100.png
0,FERPlus_3101.png
0,FERPlus_3102.png
0,FERPlus_3103.png
0,FERPlus_3104.png
0,FERPlus_3105.png
0,FERPlus_3106.png
0,FERPlus_3107.png
0,FERPlus_3108.png
0,FERPlus_3109.png
0,FERPlus_3110.png
0,FERPlus_3111.png
0,FERPlus_3112.png
0,FERPlus_3113.png
0,FERPlus_3114.png
0,FERPlus_3115.png
0,FERPlus_3116.png
0,FERPlus_3117.png
0,FERPlus_3118.png
0,FERPlus_3119.png
0,FERPlus_3120.png
0,FERPlus_3121.png
0,FERPlus_3122.png
0,FERPlus_3123.png
0,FERPlus_3124.png
0,FERPlus_3125.png
0,FERPlus_3126.png
0,FERPlus_3127.png
0,FERPlus_3128.png
0,FERPlus_3129.png
0,FERPlus_3130.png
0,FERPlus_3131.png
0,FERPlus_3132.png
0,FERPlus_3133.png
0,FERPlus_3134.png
0,FERPlus_3135.png
0,FERPlus_3136.png
0,FERPlus_3137.png
0,FERPlus_3138.png
0,FERPlus_3139.png
0,FERPlus_3140.png
0,FERPlus_3141.png
0,FERPlus_3142.png
0,FERPlus_3143.png
0,FERPlus_3144.png
0,FERPlus_3145.png
0,FERPlus_3146.png
0,FERPlus_3147.png
0,FERPlus_3148.png
0,FERPlus_3149.png
0,FERPlus_3150.png
0,FERPlus_3151.png
0,FERPlus_3152.png
0,FERPlus_3153.png
0,FERPlus_3154.png
0,FERPlus_3155.png
0,FERPlus_3156.png
0,FERPlus_3157.png
0,FERPlus_3158.png
0,FERPlus_3159.png
0,FERPlus_3160.png
0,FERPlus_3161.png
0,FERPlus_3162.png
0,FERPlus_3163.png
0,FERPlus_3164.png
0,FERPlus_3165.png
0,FERPlus_3166.png
0,FERPlus_3167.png
0,FERPlus_3168.png
0,FERPlus_3169.png
0,FERPlus_3170.png
0,FERPlus_3171.png
0,FERPlus_3172.png
0,FERPlus_3173.png
0,FERPlus_3174.png
0,FERPlus_3175.png
0,FERPlus_3176.png
0,FERPlus_3177.png
0,FERPlus_3178.png
0,FERPlus_3179.png
0,FERPlus_3180.png
0,FERPlus_3181.png
0,FERPlus_3182.png
0,FERPlus_3183.png
0,FERPlus_3184.png
0,FERPlus_3185.png
0,FERPlus_3186.png
0,FERPlus_3187.png
0,FERPlus_3188.png
0,FERPlus_3189.png
0,FERPlus_3190.png
0,FERPlus_3191.png
0,FERPlus_3192.png
0,FERPlus_3193.png
0,FERPlus_3194.png
0,FERPlus_3195.png
0,FERPlus_3196.png
0,FERPlus_3197.png
0,FERPlus_3198.png
0,FERPlus_3199.png
0,FERPlus_3200.png
0,FERPlus_3201.png
0,FERPlus_3202.png
0,FERPlus_3203.png
0,FERPlus_3204.png
0,FERPlus_3205.png
0,FERPlus_3206.png
0,FERPlus_3207.png
0,FERPlus_3208.png
0,FERPlus_3209.png
0,FERPlus_3210.png
0,FERPlus_3211.png
0,FERPlus_3212.png
0,FERPlus_3213.png
0,FERPlus_3214.png
0,FERPlus_3215.png
0,FERPlus_3216.png
0,FERPlus_3217.png
0,FERPlus_3218.png
0,FERPlus_3219.png
0,FERPlus_3220.png
0,FERPlus_3221.png
0,FERPlus_3222.png
0,FERPlus_3223.png
0,FERPlus_3224.png
0,FERPlus_3225.png
0,FERPlus_3226.png
0,FERPlus_3227.png
0,FERPlus_3228.png
0,FERPlus_3229.png
0,FERPlus_3230.png
0,FERPlus_3231.png
0,FERPlus_3232.png
0,FERPlus_3233.png
0,FERPlus_3234.png
0,FERPlus_3235.png
0,FERPlus_3236.png
0,FERPlus_3237.png
0,FERPlus_3238.png
0,FERPlus_3239.png
0,FERPlus_3240.png
0,FERPlus_3241.png
0,FERPlus_3242.png
0,FERPlus_3243.png
0,FERPlus_3244.png
0,FERPlus_3245.png
0,FERPlus_3246.png
0,FERPlus_3247.png
0,FERPlus_3248.png
0,FERPlus_3249.png
0,FERPlus_3250.png
0,FERPlus_3251.png
0,FERPlus_3252.png
0,FERPlus_3253.png
0,FERPlus_3254.png
0,FERPlus_3255.png
0,FERPlus_3256.png
0,FERPlus_3257.png
0,FERPlus_3258.png
0,FERPlus_3259.png
0,FERPlus_3260.png
0,FERPlus_3261.png
0,FERPlus_3262.png
0,FERPlus_3263.png
0,FERPlus_3264.png
0,FERPlus_3265.png
0,FERPlus_3266.png
0,FERPlus_3267.png
0,FERPlus_3268.png
0,FERPlus_3269.png
0,FERPlus_3270.png
0,FERPlus_3271.png
0,FERPlus_3272.png
0,FERPlus_3273.png
0,FERPlus_3274.png
0,FERPlus_3275.png
0,FERPlus_3276.png
0,FERPlus_3277.png
0,FERPlus_3278.png
0,FERPlus_3279.png
0,FERPlus_3280.png
0,FERPlus_3281.png
0,FERPlus_3282.png
0,FERPlus_3283.png
0,FERPlus_3284.png
0,FERPlus_3285.png
0,FERPlus_3286.png
0,FERPlus_3287.png
0,FERPlus_3288.png
0,FERPlus_3289.png
0,FERPlus_3290.png
0,FERPlus_3291.png
0,FERPlus_3292.png
0,FERPlus_3293.png
0,FERPlus_3294.png
0,FERPlus_3295.png
0,FERPlus_3296.png
0,FERPlus_3297.png
0,FERPlus_3298.png
0,FERPlus_3299.png
0,FERPlus_3300.png
0,FERPlus_3301.png
0,FERPlus_3302.png
0,FERPlus_3303.png
0,FERPlus_3304.png
0,FERPlus_3305.png
0,FERPlus_3306.png
0,FERPlus_3307.png
0,FERPlus_3308.png
0,FERPlus_3309.png
0,FERPlus_3310.png
0,FERPlus_3311.png
0,FERPlus_3312.png
0,FERPlus_3313.png
0,FERPlus_3314.png
0,FERPlus_3315.png
0,FERPlus_3316.png
0,FERPlus_3317.png
0,FERPlus_3318.png
0,FERPlus_3319.png
0,FERPlus_3320.png
0,FERPlus_3321.png
0,FERPlus_3322.png
0,FERPlus_3323.png
0,FERPlus_3324.png
0,FERPlus_3325.png
0,FERPlus_3326.png
0,FERPlus_3327.png
0,FERPlus_3328.png
0,FERPlus_3329.png
0,FERPlus_3330.png
0,FERPlus_3331.png
0,FERPlus_3332.png
0,FERPlus_3333.png
0,FERPlus_3334.png
0,FERPlus_3335.png
0,FERPlus_3336.png
0,FERPlus_3337.png
0,FERPlus_3338.png
0,FERPlus_3339.png
0,FERPlus_3340.png
0,FERPlus_3341.png
0,FERPlus_3342.png
0,FERPlus_3343.png
0,FERPlus_3344.png
0,FERPlus_3345.png
0,FERPlus_3346.png
0,FERPlus_3347.png
0,FERPlus_3348.png
0,FERPlus_3349.png
0,FERPlus_3350.png
0,FERPlus_3351.png
0,FERPlus_3352.png
0,FERPlus_3353.png
0,FERPlus_3354.png
0,FERPlus_3355.png
0,FERPlus_3356.png
0,FERPlus_3357.png
0,FERPlus_3358.png
0,FERPlus_3359.png
0,FERPlus_3360.png
0,FERPlus_3361.png
0,FERPlus_3362.png
0,FERPlus_3363.png
0,FERPlus_3364.png
0,FERPlus_3365.png
0,FERPlus_3366.png
0,FERPlus_3367.png
0,FERPlus_3368.png
0,FERPlus_3369.png
0,FERPlus_3370.png
0,FERPlus_3371.png
0,FERPlus_3372.png
0,FERPlus_3373.png
0,FERPlus_3374.png
0,FERPlus_3375.png
0,FERPlus_3376.png
0,FERPlus_3377.png
0,FERPlus_3378.png
0,FERPlus_3379.png
0,FERPlus_3380.png
0,FERPlus_3381.png
0,FERPlus_3382.png
0,FERPlus_3383.png
0,FERPlus_3384.png
0,FERPlus_3385.png
0,FERPlus_3386.png
0,FERPlus_3387.png
0,FERPlus_3388.png
0,FERPlus_3389.png
0,FERPlus_3390.png
0,FERPlus_3391.png
0,FERPlus_3392.png
0,FERPlus_3393.png
0,FERPlus_3394.png
0,FERPlus_3395.png
0,FERPlus_3396.png
0,FERPlus_3397.png
0,FERPlus_3398.png
0,FERPlus_3399.png
0,FERPlus_3400.png
0,FERPlus_3401.png
0,FERPlus_3402.png
0,FERPlus_3403.png
0,FERPlus_3404.png
0,FERPlus_3405.png
0,FERPlus_3406.png
0,FERPlus_3407.png
0,FERPlus_3408.png
0,FERPlus_3409.png
0,FERPlus_3410.png
0,FERPlus_3411.png
0,FERPlus_3412.png
0,FERPlus_3413.png
0,FERPlus_3414.png
0,FERPlus_3415.png
0,FERPlus_3416.png
0,FERPlus_3417.png
0,FERPlus_3418.png
0,FERPlus_3419.png
0,FERPlus_3420.png
0,FERPlus_3421.png
0,FERPlus_3422.png
0,FERPlus_3423.png
0,FERPlus_3424.png
0,FERPlus_3425.png
0,FERPlus_3426.png
0,FERPlus_3427.png
0,FERPlus_3428.png
0,FERPlus_3429.png
0,FERPlus_3430.png
0,FERPlus_3431.png
0,FERPlus_3432.png
0,FERPlus_3433.png
0,FERPlus_3434.png
0,FERPlus_3435.png
0,FERPlus_3436.png
0,FERPlus_3437.png
0,FERPlus_3438.png
0,FERPlus_3439.png
0,FERPlus_3440.png
0,FERPlus_3441.png
0,FERPlus_3442.png
0,FERPlus_3443.png
0,FERPlus_3444.png
0,FERPlus_3445.png
0,FERPlus_3446.png
0,FERPlus_3447.png
0,FERPlus_3448.png
0,FERPlus_3449.png
0,FERPlus_3450.png
0,FERPlus_3451.png
0,FERPlus_3452.png
0,FERPlus_3453.png
0,FERPlus_3454.png
0,FERPlus_3455.png
0,FERPlus_3456.png
0,FERPlus_3457.png
0,FERPlus_3458.png
0,FERPlus_3459.png
0,FERPlus_3460.png
0,FERPlus_3461.png
0,FERPlus_3462.png
0,FERPlus_3463.png
0,FERPlus_3464.png
0,FERPlus_3465.png
0,FERPlus_3466.png
0,FERPlus_3467.png
0,FERPlus_3468.png
0,FERPlus_3469.png
0,FERPlus_3470.png
0,FERPlus_3471.png
0,FERPlus_3472.png
0,FERPlus_3473.png
0,FERPlus_3474.png
0,FERPlus_3475.png
0,FERPlus_3476.png
0,FERPlus_3477.png
0,FERPlus_3478.png
0,FERPlus_3479.png
0,FERPlus_3480.png
0,FERPlus_3481.png
0,FERPlus_3482.png
0,FERPlus_3483.png
0,FERPlus_3484.png
0,FERPlus_3485.png
0,FERPlus_3486.png
0,FERPlus_3487.png
0,FERPlus_3488.png
0,FERPlus_3489.png
0,FERPlus_3490.png
0,FERPlus_3491.png
0,FERPlus_3492.png
0,FERPlus_3493.png
0,FERPlus_3494.png
0,FERPlus_3495.png
0,FERPlus_3496.png
0,FERPlus_3497.png
0,FERPlus_3498.png
0,FERPlus_3499.png
0,FERPlus_3500.png
0,FERPlus_3501.png
0,FERPlus_3502.png
0,FERPlus_3503.png
0,FERPlus_3504.png
0,FERPlus_3505.png
0,FERPlus_3506.png
0,FERPlus_3507.png
0,FERPlus_3508.png
0,FERPlus_3509.png
0,FERPlus_3510.png
0,FERPlus_3511.png
0,FERPlus_3512.png
0,FERPlus_3513.png
0,FERPlus_3514.png
0,FERPlus_3515.png
0,FERPlus_3516.png
0,FERPlus_3517.png
0,FERPlus_3518.png
0,FERPlus_3519.png
0,FERPlus_3520.png
0,FERPlus_3521.png
0,FERPlus_3522.png
0,FERPlus_3523.png
0,FERPlus_3524.png
0,FERPlus_3525.png
0,FERPlus_3526.png
0,FERPlus_3527.png
0,FERPlus_3528.png
0,FERPlus_3529.png
0,FERPlus_3530.png
0,FERPlus_3531.png
0,FERPlus_3532.png
0,FERPlus_3533.png
0,FERPlus_3534.png
0,FERPlus_3535.png
0,FERPlus_3536.png
0,FERPlus_3537.png
0,FERPlus_3538.png
0,FERPlus_3539.png
0,FERPlus_3540.png
0,FERPlus_3541.png
0,FERPlus_3542.png
0,FERPlus_3543.png
0,FERPlus_3544.png
0,FERPlus_3545.png
0,FERPlus_3546.png
0,FERPlus_3547.png
0,FERPlus_3548.png
0,FERPlus_3549.png
0,FERPlus_3550.png
0,FERPlus_3551.png
0,FERPlus_3552.png
0,FERPlus_3553.png
0,FERPlus_3554.png
0,FERPlus_3555.png
0,FERPlus_3556.png
0,FERPlus_3557.png
0,FERPlus_3558.png
0,FERPlus_3559.png
0,FERPlus_3560.png
0,FERPlus_3561.png
0,FERPlus_3562.png
0,FERPlus_3563.png
0,FERPlus_3564.png
0,FERPlus_3565.png
0,FERPlus_3566.png
0,FERPlus_3567.png
0,FERPlus_3568.png
0,FERPlus_3569.png
0,FERPlus_3570.png
0,FERPlus_3571.png
0,FERPlus_3572.png
0,FERPlus_3573.png
0,FERPlus_3574.png
0,FERPlus_3575.png
0,FERPlus_3576.png
0,FERPlus_3577.png
0,FERPlus_3578.png
0,FERPlus_3579.png
0,FERPlus_3580.png
0,FERPlus_3581.png
0,FERPlus_3582.png
0,FERPlus_3583.png
0,FERPlus_3584.png
0,FERPlus_3585.png
0,FERPlus_3586.png
0,FERPlus_3587.png
0,FERPlus_3588.png
0,FERPlus_3589.png
0,FERPlus_3590.png
0,FERPlus_3591.png
0,FERPlus_3592.png
0,FERPlus_3593.png
0,FERPlus_3594.png
0,FERPlus_3595.png
0,FERPlus_3596.png
0,FERPlus_3597.png
0,FERPlus_3598.png
0,FERPlus_3599.png
0,FERPlus_3600.png
0,FERPlus_3601.png
0,FERPlus_3602.png
0,FERPlus_3603.png
0,FERPlus_3604.png
0,FERPlus_3605.png
0,FERPlus_3606.png
0,FERPlus_3607.png
0,FERPlus_3608.png
0,FERPlus_3609.png
0,FERPlus_3610.png
0,FERPlus_3611.png
0,FERPlus_3612.png
0,FERPlus_3613.png
0,FERPlus_3614.png
0,FERPlus_3615.png
0,FERPlus_3616.png
0,FERPlus_3617.png
0,FERPlus_3618.png
0,FERPlus_3619.png
0,FERPlus_3620.png
0,FERPlus_3621.png
0,FERPlus_3622.png
0,FERPlus_3623.png
0,FERPlus_3624.png
0,FERPlus_3625.png
0,FERPlus_3626.png
0,FERPlus_3627.png
0,FERPlus_3628.png
0,FERPlus_3629.png
0,FERPlus_3630.png
0,FERPlus_3631.png
0,FERPlus_3632.png
0,FERPlus_3633.png
0,FERPlus_3634.png
0,FERPlus_3635.png
0,FERPlus_3636.png
0,FERPlus_3637.png
0,FERPlus_3638.png
0,FERPlus_3639.png
0,FERPlus_3640.png
0,FERPlus_3641.png
0,FERPlus_3642.png
0,FERPlus_3643.png
0,FERPlus_3644.png
0,FERPlus_3645.png
0,FERPlus_3646.png
0,FERPlus_3647.png
0,FERPlus_3648.png
0,FERPlus_3649.png
0,FERPlus_3650.png
0,FERPlus_3651.png
0,FERPlus_3652.png
0,FERPlus_3653.png
0,FERPlus_3654.png
0,FERPlus_3655.png
0,FERPlus_3656.png
0,FERPlus_3657.png
0,FERPlus_3658.png
0,FERPlus_3659.png
0,FERPlus_3660.png
0,FERPlus_3661.png
0,FERPlus_3662.png
0,FERPlus_3663.png
0,FERPlus_3664.png
0,FERPlus_3665.png
0,FERPlus_3666.png
0,FERPlus_3667.png
0,FERPlus_3668.png
0,FERPlus_3669.png
0,FERPlus_3670.png
0,FERPlus_3671.png
0,FERPlus_3672.png
0,FERPlus_3673.png
0,FERPlus_3674.png
0,FERPlus_3675.png
0,FERPlus_3676.png
0,FERPlus_3677.png
0,FERPlus_3678.png
0,FERPlus_3679.png
0,FERPlus_3680.png
0,FERPlus_3681.png
0,FERPlus_3682.png
0,FERPlus_3683.png
0,FERPlus_3684.png
0,FERPlus_3685.png
0,FERPlus_3686.png
0,FERPlus_3687.png
0,FERPlus_3688.png
0,FERPlus_3689.png
0,FERPlus_3690.png
0,FERPlus_3691.png
0,FERPlus_3692.png
0,FERPlus_3693.png
0,FERPlus_3694.png
0,FERPlus_3695.png
0,FERPlus_3696.png
0,FERPlus_3697.png
0,FERPlus_3698.png
0,FERPlus_3699.png
0,FERPlus_3700.png
0,FERPlus_3701.png
0,FERPlus_3702.png
0,FERPlus_3703.png
0,FERPlus_3704.png
0,FERPlus_3705.png
0,FERPlus_3706.png
0,FERPlus_3707.png
0,FERPlus_3708.png
0,FERPlus_3709.png
0,FERPlus_3710.png
0,FERPlus_3711.png
0,FERPlus_3712.png
0,FERPlus_3713.png
0,FERPlus_3714.png
0,FERPlus_3715.png
0,FERPlus_3716.png
0,FERPlus_3717.png
0,FERPlus_3718.png
0,FERPlus_3719.png
0,FERPlus_3720.png
0,FERPlus_3721.png
0,FERPlus_3722.png
0,FERPlus_3723.png
0,FERPlus_3724.png
0,FERPlus_3725.png
0,FERPlus_3726.png
0,FERPlus_3727.png
0,FERPlus_3728.png
0,FERPlus_3729.png
0,FERPlus_3730.png
0,FERPlus_3731.png
0,FERPlus_3732.png
0,FERPlus_3733.png
0,FERPlus_3734.png
0,FERPlus_3735.png
0,FERPlus_3736.png
0,FERPlus_3737.png
0,FERPlus_3738.png
0,FERPlus_3739.png
0,FERPlus_3740.png
0,FERPlus_3741.png
0,FERPlus_3742.png
0,FERPlus_3743.png
0,FERPlus_3744.png
0,FERPlus_3745.png
0,FERPlus_3746.png
0,FERPlus_3747.png
0,FERPlus_3748.png
0,FERPlus_3749.png
0,FERPlus_3750.png
0,FERPlus_3751.png
0,FERPlus_3752.png
0,FERPlus_3753.png
0,FERPlus_3754.png
0,FERPlus_3755.png
0,FERPlus_3756.png
0,FERPlus_3757.png
0,FERPlus_3758.png
0,FERPlus_3759.png
0,FERPlus_3760.png
0,FERPlus_3761.png
0,FERPlus_3762.png
0,FERPlus_3763.png
0,FERPlus_3764.png
0,FERPlus_3765.png
0,FERPlus_3766.png
0,FERPlus_3767.png
0,FERPlus_3768.png
0,FERPlus_3769.png
0,FERPlus_3770.png
0,FERPlus_3771.png
0,FERPlus_3772.png
0,FERPlus_3773.png
0,FERPlus_3774.png
0,FERPlus_3775.png
0,FERPlus_3776.png
0,FERPlus_3777.png
0,FERPlus_3778.png
0,FERPlus_3779.png
0,FERPlus_3780.png
0,FERPlus_3781.png
0,FERPlus_3782.png
0,FERPlus_3783.png
0,FERPlus_3784.png
0,FERPlus_3785.png
0,FERPlus_3786.png
0,FERPlus_3787.png
0,FERPlus_3788.png
0,FERPlus_3789.png
0,FERPlus_3790.png
0,FERPlus_3791.png
0,FERPlus_3792.png
0,FERPlus_3793.png
0,FERPlus_3794.png
0,FERPlus_3795.png
0,FERPlus_3796.png
0,FERPlus_3797.png
0,FERPlus_3798.png
0,FERPlus_3799.png
0,FERPlus_3800.png
0,FERPlus_3801.png
0,FERPlus_3802.png
0,FERPlus_3803.png
0,FERPlus_3804.png
0,FERPlus_3805.png
0,FERPlus_3806.png
0,FERPlus_3807.png
0,FERPlus_3808.png
0,FERPlus_3809.png
0,FERPlus_3810.png
0,FERPlus_3811.png
0,FERPlus_3812.png
0,FERPlus_3813.png
0,FERPlus_3814.png
0,FERPlus_3815.png
0,FERPlus_3816.png
0,FERPlus_3817.png
0,FERPlus_3818.png
0,FERPlus_3819.png
0,FERPlus_3820.png
0,FERPlus_3821.png
0,FERPlus_3822.png
0,FERPlus_3823.png
0,FERPlus_3824.png
0,FERPlus_3825.png
0,FERPlus_3826.png
0,FERPlus_3827.png
0,FERPlus_3828.png
0,FERPlus_3829.png
0,FERPlus_3830.png
0,FERPlus_3831.png
0,FERPlus_3832.png
0,FERPlus_3833.png
0,FERPlus_3834.png
0,FERPlus_3835.png
0,FERPlus_3836.png
0,FERPlus_3837.png
0,FERPlus_3838.png
0,FERPlus_3839.png
0,FERPlus_3840.png
0,FERPlus_3841.png
0,FERPlus_3842.png
0,FERPlus_3843.png
0,FERPlus_3844.png
0,FERPlus_3845.png
0,FERPlus_3846.png
0,FERPlus_3847.png
0,FERPlus_3848.png
0,FERPlus_3849.png
0,FERPlus_3850.png
0,FERPlus_3851.png
0,FERPlus_3852.png
0,FERPlus_3853.png
0,FERPlus_3854.png
0,FERPlus_3855.png
0,FERPlus_3856.png
0,FERPlus_3857.png
0,FERPlus_3858.png
0,FERPlus_3859.png
0,FERPlus_3860.png
0,FERPlus_3861.png
0,FERPlus_3862.png
0,FERPlus_3863.png
0,FERPlus_3864.png
0,FERPlus_3865.png
0,FERPlus_3866.png
0,FERPlus_3867.png
0,FERPlus_3868.png
0,FERPlus_3869.png
0,FERPlus_3870.png
0,FERPlus_3871.png
0,FERPlus_3872.png
0,FERPlus_3873.png
0,FERPlus_3874.png
0,FERPlus_3875.png
0,FERPlus_3876.png
0,FERPlus_3877.png
0,FERPlus_3878.png
0,FERPlus_3879.png
0,FERPlus_3880.png
0,FERPlus_3881.png
0,FERPlus_3882.png
0,FERPlus_3883.png
0,FERPlus_3884.png
0,FERPlus_3885.png
0,FERPlus_3886.png
0,FERPlus_3887.png
0,FERPlus_3888.png
0,FERPlus_3889.png
0,FERPlus_3890.png
0,FERPlus_3891.png
0,FERPlus_3892.png
0,FERPlus_3893.png
0,FERPlus_3894.png
0,FERPlus_3895.png
0,FERPlus_3896.png
0,FERPlus_3897.png
0,FERPlus_3898.png
0,FERPlus_3899.png
0,FERPlus_3900.png
0,FERPlus_3901.png
0,FERPlus_3902.png
0,FERPlus_3903.png
0,FERPlus_3904.png
0,FERPlus_3905.png
0,FERPlus_3906.png
0,FERPlus_3907.png
0,FERPlus_3908.png
0,FERPlus_3909.png
0,FERPlus_3910.png
0,FERPlus_3911.png
0,FERPlus_3912.png
0,FERPlus_3913.png
0,FERPlus_3914.png
0,FERPlus_3915.png
0,FERPlus_3916.png
0,FERPlus_3917.png
0,FERPlus_3918.png
0,FERPlus_3919.png
0,FERPlus_3920.png
0,FERPlus_3921.png
0,FERPlus_3922.png
0,FERPlus_3923.png
0,FERPlus_3924.png
0,FERPlus_3925.png
0,FERPlus_3926.png
0,FERPlus_3927.png
0,FERPlus_3928.png
0,FERPlus_3929.png
0,FERPlus_3930.png
0,FERPlus_3931.png
0,FERPlus_3932.png
0,FERPlus_3933.png
0,FERPlus_3934.png
0,FERPlus_3935.png
0,FERPlus_3936.png
0,FERPlus_3937.png
0,FERPlus_3938.png
0,FERPlus_3939.png
0,FERPlus_3940.png
0,FERPlus_3941.png
0,FERPlus_3942.png
0,FERPlus_3943.png
0,FERPlus_3944.png
0,FERPlus_3945.png
0,FERPlus_3946.png
0,FERPlus_3947.png
0,FERPlus_3948.png
0,FERPlus_3949.png
0,FERPlus_3950.png
0,FERPlus_3951.png
0,FERPlus_3952.png
0,FERPlus_3953.png
0,FERPlus_3954.png
0,FERPlus_3955.png
0,FERPlus_3956.png
0,FERPlus_3957.png
0,FERPlus_3958.png
0,FERPlus_3959.png
0,FERPlus_3960.png
0,FERPlus_3961.png
0,FERPlus_3962.png
0,FERPlus_3963.png
0,FERPlus_3964.png
0,FERPlus_3965.png
0,FERPlus_3966.png
0,FERPlus_3967.png
0,FERPlus_3968.png
0,FERPlus_3969.png
0,FERPlus_3970.png
0,FERPlus_3971.png
0,FERPlus_3972.png
0,FERPlus_3973.png
0,FERPlus_3974.png
0,FERPlus_3975.png
0,FERPlus_3976.png
0,FERPlus_3977.png
0,FERPlus_3978.png
0,FERPlus_3979.png
0,FERPlus_3980.png
0,FERPlus_3981.png
0,FERPlus_3982.png
0,FERPlus_3983.png
0,FERPlus_3984.png
0,FERPlus_3985.png
0,FERPlus_3986.png
0,FERPlus_3987.png
0,FERPlus_3988.png
0,FERPlus_3989.png
0,FERPlus_3990.png
0,FERPlus_3991.png
0,FERPlus_3992.png
0,FERPlus_3993.png
0,FERPlus_3994.png
0,FERPlus_3995.png
0,FERPlus_3996.png
0,FERPlus_3997.png
0,FERPlus_3998.png
0,FERPlus_3999.png
0,FERPlus_4000.png
0,FERPlus_4001.png
0,FERPlus_4002.png
0,FERPlus_4003.png
0,FERPlus_4004.png
0,FERPlus_4005.png
0,FERPlus_4006.png
0,FERPlus_4007.png
0,FERPlus_4008.png
0,FERPlus_4009.png
0,FERPlus_4010.png
0,FERPlus_4011.png
0,FERPlus_4012.png
0,FERPlus_4013.png
0,FERPlus_4014.png
0,FERPlus_4015.png
0,FERPlus_4016.png
0,FERPlus_4017.png
0,FERPlus_4018.png
0,FERPlus_4019.png
0,FERPlus_4020.png
0,FERPlus_4021.png
0,FERPlus_4022.png
0,FERPlus_4023.png
0,FERPlus_4024.png
0,FERPlus_4025.png
0,FERPlus_4026.png
0,FERPlus_4027.png
0,FERPlus_4028.png
0,FERPlus_4029.png
0,FERPlus_4030.png
0,FERPlus_4031.png
0,FERPlus_4032.png
0,FERPlus_4033.png
0,FERPlus_4034.png
0,FERPlus_4035.png
0,FERPlus_4036.png
0,FERPlus_4037.png
0,FERPlus_4038.png
0,FERPlus_4039.png
0,FERPlus_4040.png
0,FERPlus_4041.png
0,FERPlus_4042.png
0,FERPlus_4043.png
0,FERPlus_4044.png
0,FERPlus_4045.png
0,FERPlus_4046.png
0,FERPlus_4047.png
0,FERPlus_4048.png
0,FERPlus_4049.png
0,FERPlus_4050.png
0,FERPlus_4051.png
0,FERPlus_4052.png
0,FERPlus_4053.png
0,FERPlus_4054.png
0,FERPlus_4055.png
0,FERPlus_4056.png
0,FERPlus_4057.png
0,FERPlus_4058.png
0,FERPlus_4059.png
0,FERPlus_4060.png
0,FERPlus_4061.png
0,FERPlus_4062.png
0,FERPlus_4063.png
0,FERPlus_4064.png
0,FERPlus_4065.png
0,FERPlus_4066.png
0,FERPlus_4067.png
0,FERPlus_4068.png
0,FERPlus_4069.png
0,FERPlus_4070.png
0,FERPlus_4071.png
0,FERPlus_4072.png
0,FERPlus_4073.png
0,FERPlus_4074.png
0,FERPlus_4075.png
0,FERPlus_4076.png
0,FERPlus_4077.png
0,FERPlus_4078.png
0,FERPlus_4079.png
0,FERPlus_4080.png
0,FERPlus_4081.png
0,FERPlus_4082.png
0,FERPlus_4083.png
0,FERPlus_4084.png
0,FERPlus_4085.png
0,FERPlus_4086.png
0,FERPlus_4087.png
0,FERPlus_4088.png
0,FERPlus_4089.png
0,FERPlus_4090.png
0,FERPlus_4091.png
0,FERPlus_4092.png
0,FERPlus_4093.png
0,FERPlus_4094.png
0,FERPlus_4095.png
0,FERPlus_4096.png
0,FERPlus_4097.png
0,FERPlus_4098.png
0,FERPlus_4099.png
0,FERPlus_4100.png
0,FERPlus_4101.png
0,FERPlus_4102.png
0,FERPlus_4103.png
0,FERPlus_4104.png
0,FERPlus_4105.png
0,FERPlus_4106.png
0,FERPlus_4107.png
0,FERPlus_4108.png
0,FERPlus_4109.png
0,FERPlus_4110.png
0,FERPlus_4111.png
0,FERPlus_4112.png
0,FERPlus_4113.png
0,FERPlus_4114.png
0,FERPlus_4115.png
0,FERPlus_4116.png
0,FERPlus_4117.png
0,FERPlus_4118.png
0,FERPlus_4119.png
0,FERPlus_4120.png
0,FERPlus_4121.png
0,FERPlus_4122.png
0,FERPlus_4123.png
0,FERPlus_4124.png
0,FERPlus_4125.png
0,FERPlus_4126.png
0,FERPlus_4127.png
0,FERPlus_4128.png
0,FERPlus_4129.png
0,FERPlus_4130.png
0,FERPlus_4131.png
0,FERPlus_4132.png
0,FERPlus_4133.png
0,FERPlus_4134.png
0,FERPlus_4135.png
0,FERPlus_4136.png
0,FERPlus_4137.png
0,FERPlus_4138.png
0,FERPlus_4139.png
0,FERPlus_4140.png
0,FERPlus_4141.png
0,FERPlus_4142.png
0,FERPlus_4143.png
0,FERPlus_4144.png
0,FERPlus_4145.png
0,FERPlus_4146.png
0,FERPlus_4147.png
0,FERPlus_4148.png
0,FERPlus_4149.png
0,FERPlus_4150.png
0,FERPlus_4151.png
0,FERPlus_4152.png
0,FERPlus_4153.png
0,FERPlus_4154.png
0,FERPlus_4155.png
0,FERPlus_4156.png
0,FERPlus_4157.png
0,FERPlus_4158.png
0,FERPlus_4159.png
0,FERPlus_4160.png
0,FERPlus_4161.png
0,FERPlus_4162.png
0,FERPlus_4163.png
0,FERPlus_4164.png
0,FERPlus_4165.png
0,FERPlus_4166.png
0,FERPlus_4167.png
0,FERPlus_4168.png
0,FERPlus_4169.png
0,FERPlus_4170.png
0,FERPlus_4171.png
0,FERPlus_4172.png
0,FERPlus_4173.png
0,FERPlus_4174.png
0,FERPlus_4175.png
0,FERPlus_4176.png
0,FERPlus_4177.png
0,FERPlus_4178.png
0,FERPlus_4179.png
0,FERPlus_4180.png
0,FERPlus_4181.png
0,FERPlus_4182.png
0,FERPlus_4183.png
0,FERPlus_4184.png
0,FERPlus_4185.png
0,FERPlus_4186.png
0,FERPlus_4187.png
0,FERPlus_4188.png
0,FERPlus_4189.png
0,FERPlus_4190.png
0,FERPlus_4191.png
0,FERPlus_4192.png
0,FERPlus_4193.png
0,FERPlus_4194.png
0,FERPlus_4195.png
0,FERPlus_4196.png
0,FERPlus_4197.png
0,FERPlus_4198.png
0,FERPlus_4199.png
0,FERPlus_4200.png
0,FERPlus_4201.png
0,FERPlus_4202.png
0,FERPlus_4203.png
0,FERPlus_4204.png
0,FERPlus_4205.png
0,FERPlus_4206.png
0,FERPlus_4207.png
0,FERPlus_4208.png
0,FERPlus_4209.png
0,FERPlus_4210.png
0,FERPlus_4211.png
0,FERPlus_4212.png
0,FERPlus_4213.png
0,FERPlus_4214.png
0,FERPlus_4215.png
0,FERPlus_4216.png
0,FERPlus_4217.png
0,FERPlus_4218.png
0,FERPlus_4219.png
0,FERPlus_4220.png
0,FERPlus_4221.png
0,FERPlus_4222.png
0,FERPlus_4223.png
0,FERPlus_4224.png
0,FERPlus_4225.png
0,FERPlus_4226.png
0,FERPlus_4227.png
0,FERPlus_4228.png
0,FERPlus_4229.png
0,FERPlus_4230.png
0,FERPlus_4231.png
0,FERPlus_4232.png
0,FERPlus_4233.png
0,FERPlus_4234.png
0,FERPlus_4235.png
0,FERPlus_4236.png
0,FERPlus_4237.png
0,FERPlus_4238.png
0,FERPlus_4239.png
0,FERPlus_4240.png
0,FERPlus_4241.png
0,FERPlus_4242.png
0,FERPlus_4243.png
0,FERPlus_4244.png
0,FERPlus_4245.png
0,FERPlus_4246.png
0,FERPlus_4247.png
0,FERPlus_4248.png
0,FERPlus_4249.png
0,FERPlus_4250.png
0,FERPlus_4251.png
0,FERPlus_4252.png
0,FERPlus_4253.png
0,FERPlus_4254.png
0,FERPlus_4255.png
0,FERPlus_4256.png
0,FERPlus_4257.png
0,FERPlus_4258.png
0,FERPlus_4259.png
0,FERPlus_4260.png
0,FERPlus_4261.png
0,FERPlus_4262.png
0,FERPlus_4263.png
0,FERPlus_4264.png
0,FERPlus_4265.png
0,FERPlus_4266.png
0,FERPlus_4267.png
0,FERPlus_4268.png
0,FERPlus_4269.png
0,FERPlus_4270.png
0,FERPlus_4271.png
0,FERPlus_4272.png
0,FERPlus_4273.png
0,FERPlus_4274.png
0,FERPlus_4275.png
0,FERPlus_4276.png
0,FERPlus_4277.png
0,FERPlus_4278.png
0,FERPlus_4279.png
0,FERPlus_4280.png
0,FERPlus_4281.png
0,FERPlus_4282.png
0,FERPlus_4283.png
0,FERPlus_4284.png
0,FERPlus_4285.png
0,FERPlus_4286.png
0,FERPlus_4287.png
0,FERPlus_4288.png
0,FERPlus_4289.png
0,FERPlus_4290.png
0,FERPlus_4291.png
0,FERPlus_4292.png
0,FERPlus_4293.png
0,FERPlus_4294.png
0,FERPlus_4295.png
0,FERPlus_4296.png
0,FERPlus_4297.png
0,FERPlus_4298.png
0,FERPlus_4299.png
0,FERPlus_4300.png
0,FERPlus_4301.png
0,FERPlus_4302.png
0,FERPlus_4303.png
0,FERPlus_4304.png
0,FERPlus_4305.png
0,FERPlus_4306.png
0,FERPlus_4307.png
0,FERPlus_4308.png
0,FERPlus_4309.png
0,FERPlus_4310.png
0,FERPlus_4311.png
0,FERPlus_4312.png
0,FERPlus_4313.png
0,FERPlus_4314.png
0,FERPlus_4315.png
0,FERPlus_4316.png
0,FERPlus_4317.png
0,FERPlus_4318.png
0,FERPlus_4319.png
0,FERPlus_4320.png
0,FERPlus_4321.png
0,FERPlus_4322.png
0,FERPlus_4323.png
0,FERPlus_4324.png
0,FERPlus_4325.png
0,FERPlus_4326.png
0,FERPlus_4327.png
0,FERPlus_4328.png
0,FERPlus_4329.png
0,FERPlus_4330.png
0,FERPlus_4331.png
0,FERPlus_4332.png
0,FERPlus_4333.png
0,FERPlus_4334.png
0,FERPlus_4335.png
0,FERPlus_4336.png
0,FERPlus_4337.png
0,FERPlus_4338.png
0,FERPlus_4339.png
0,FERPlus_4340.png
0,FERPlus_4341.png
0,FERPlus_4342.png
0,FERPlus_4343.png
0,FERPlus_4344.png
0,FERPlus_4345.png
0,FERPlus_4346.png
0,FERPlus_4347.png
0,FERPlus_4348.png
0,FERPlus_4349.png
0,FERPlus_4350.png
0,FERPlus_4351.png
0,FERPlus_4352.png
0,FERPlus_4353.png
0,FERPlus_4354.png
0,FERPlus_4355.png
0,FERPlus_4356.png
0,FERPlus_4357.png
0,FERPlus_4358.png
0,FERPlus_4359.png
0,FERPlus_4360.png
0,FERPlus_4361.png
0,FERPlus_4362.png
0,FERPlus_4363.png
0,FERPlus_4364.png
0,FERPlus_4365.png
0,FERPlus_4366.png
0,FERPlus_4367.png
0,FERPlus_4368.png
0,FERPlus_4369.png
0,FERPlus_4370.png
0,FERPlus_4371.png
0,FERPlus_4372.png
0,FERPlus_4373.png
0,FERPlus_4374.png
0,FERPlus_4375.png
0,FERPlus_4376.png
0,FERPlus_4377.png
0,FERPlus_4378.png
0,FERPlus_4379.png
0,FERPlus_4380.png
0,FERPlus_4381.png
0,FERPlus_4382.png
0,FERPlus_4383.png
0,FERPlus_4384.png
0,FERPlus_4385.png
0,FERPlus_4386.png
0,FERPlus_4387.png
0,FERPlus_4388.png
0,FERPlus_4389.png
0,FERPlus_4390.png
0,FERPlus_4391.png
0,FERPlus_4392.png
0,FERPlus_4393.png
0,FERPlus_4394.png
0,FERPlus_4395.png
0,FERPlus_4396.png
0,FERPlus_4397.png
0,FERPlus_4398.png
0,FERPlus_4399.png
0,FERPlus_4400.png
0,FERPlus_4401.png
0,FERPlus_4402.png
0,FERPlus_4403.png
0,FERPlus_4404.png
0,FERPlus_4405.png
0,FERPlus_4406.png
0,FERPlus_4407.png
0,FERPlus_4408.png
0,FERPlus_4409.png
0,FERPlus_4410.png
0,FERPlus_4411.png
0,FERPlus_4412.png
0,FERPlus_4413.png
0,FERPlus_4414.png
0,FERPlus_4415.png
0,FERPlus_4416.png
0,FERPlus_4417.png
0,FERPlus_4418.png
0,FERPlus_4419.png
0,FERPlus_4420.png
0,FERPlus_4421.png
0,FERPlus_4422.png
0,FERPlus_4423.png
0,FERPlus_4424.png
0,FERPlus_4425.png
0,FERPlus_4426.png
0,FERPlus_4427.png
0,FERPlus_4428.png
0,FERPlus_4429.png
0,FERPlus_4430.png
0,FERPlus_4431.png
0,FERPlus_4432.png
0,FERPlus_4433.png
0,FERPlus_4434.png
0,FERPlus_4435.png
0,FERPlus_4436.png
0,FERPlus_4437.png
0,FERPlus_4438.png
0,FERPlus_4439.png
0,FERPlus_4440.png
0,FERPlus_4441.png
0,FERPlus_4442.png
0,FERPlus_4443.png
0,FERPlus_4444.png
0,FERPlus_4445.png
0,FERPlus_4446.png
0,FERPlus_4447.png
0,FERPlus_4448.png
0,FERPlus_4449.png
0,FERPlus_4450.png
0,FERPlus_4451.png
0,FERPlus_4452.png
0,FERPlus_4453.png
0,FERPlus_4454.png
0,FERPlus_4455.png
0,FERPlus_4456.png
0,FERPlus_4457.png
0,FERPlus_4458.png
0,FERPlus_4459.png
0,FERPlus_4460.png
0,FERPlus_4461.png
0,FERPlus_4462.png
0,FERPlus_4463.png
0,FERPlus_4464.png
0,FERPlus_4465.png
0,FERPlus_4466.png
0,FERPlus_4467.png
0,FERPlus_4468.png
0,FERPlus_4469.png
0,FERPlus_4470.png
0,FERPlus_4471.png
0,FERPlus_4472.png
0,FERPlus_4473.png
0,FERPlus_4474.png
0,FERPlus_4475.png
0,FERPlus_4476.png
0,FERPlus_4477.png
0,FERPlus_4478.png
0,FERPlus_4479.png
0,FERPlus_4480.png
0,FERPlus_4481.png
0,FERPlus_4482.png
0,FERPlus_4483.png
0,FERPlus_4484.png
0,FERPlus_4485.png
0,FERPlus_4486.png
0,FERPlus_4487.png
0,FERPlus_4488.png
0,FERPlus_4489.png
0,FERPlus_4490.png
0,FERPlus_4491.png
0,FERPlus_4492.png
0,FERPlus_4493.png
0,FERPlus_4494.png
0,FERPlus_4495.png
0,FERPlus_4496.png
0,FERPlus_4497.png
0,FERPlus_4498.png
0,FERPlus_4499.png
0,FERPlus_4500.png
0,FERPlus_4501.png
0,FERPlus_4502.png
0,FERPlus_4503.png
0,FERPlus_4504.png
0,FERPlus_4505.png
0,FERPlus_4506.png
0,FERPlus_4507.png
0,FERPlus_4508.png
0,FERPlus_4509.png
0,FERPlus_4510.png
0,FERPlus_4511.png
0,FERPlus_4512.png
0,FERPlus_4513.png
0,FERPlus_4514.png
0,FERPlus_4515.png
0,FERPlus_4516.png
0,FERPlus_4517.png
0,FERPlus_4518.png
0,FERPlus_4519.png
0,FERPlus_4520.png
0,FERPlus_4521.png
0,FERPlus_4522.png
0,FERPlus_4523.png
0,FERPlus_4524.png
0,FERPlus_4525.png
0,FERPlus_4526.png
0,FERPlus_4527.png
0,FERPlus_4528.png
0,FERPlus_4529.png
0,FERPlus_4530.png
0,FERPlus_4531.png
0,FERPlus_4532.png
0,FERPlus_4533.png
0,FERPlus_4534.png
0,FERPlus_4535.png
0,FERPlus_4536.png
0,FERPlus_4537.png
0,FERPlus_4538.png
0,FERPlus_4539.png
0,FERPlus_4540.png
0,FERPlus_4541.png
0,FERPlus_4542.png
0,FERPlus_4543.png
0,FERPlus_4544.png
0,FERPlus_4545.png
0,FERPlus_4546.png
0,FERPlus_4547.png
0,FERPlus_4548.png
0,FERPlus_4549.png
0,FERPlus_4550.png
0,FERPlus_4551.png
0,FERPlus_4552.png
0,FERPlus_4553.png
0,FERPlus_4554.png
0,FERPlus_4555.png
0,FERPlus_4556.png
0,FERPlus_4557.png
0,FERPlus_4558.png
0,FERPlus_4559.png
0,FERPlus_4560.png
0,FERPlus_4561.png
0,FERPlus_4562.png
0,FERPlus_4563.png
0,FERPlus_4564.png
0,FERPlus_4565.png
0,FERPlus_4566.png
0,FERPlus_4567.png
0,FERPlus_4568.png
0,FERPlus_4569.png
0,FERPlus_4570.png
0,FERPlus_4571.png
0,FERPlus_4572.png
0,FERPlus_4573.png
0,FERPlus_4574.png
0,FERPlus_4575.png
0,FERPlus_4576.png
0,FERPlus_4577.png
0,FERPlus_4578.png
0,FERPlus_4579.png
0,FERPlus_4580.png
0,FERPlus_4581.png
0,FERPlus_4582.png
0,FERPlus_4583.png
0,FERPlus_4584.png
0,FERPlus_4585.png
0,FERPlus_4586.png
0,FERPlus_4587.png
0,FERPlus_4588.png
0,FERPlus_4589.png
0,FERPlus_4590.png
0,FERPlus_4591.png
0,FERPlus_4592.png
0,FERPlus_4593.png
0,FERPlus_4594.png
0,FERPlus_4595.png
0,FERPlus_4596.png
0,FERPlus_4597.png
0,FERPlus_4598.png
0,FERPlus_4599.png
0,FERPlus_4600.png
0,FERPlus_4601.png
0,FERPlus_4602.png
0,FERPlus_4603.png
0,FERPlus_4604.png
0,FERPlus_4605.png
0,FERPlus_4606.png
0,FERPlus_4607.png
0,FERPlus_4608.png
0,FERPlus_4609.png
0,FERPlus_4610.png
0,FERPlus_4611.png
0,FERPlus_4612.png
0,FERPlus_4613.png
0,FERPlus_4614.png
0,FERPlus_4615.png
0,FERPlus_4616.png
0,FERPlus_4617.png
0,FERPlus_4618.png
0,FERPlus_4619.png
0,FERPlus_4620.png
0,FERPlus_4621.png
0,FERPlus_4622.png
0,FERPlus_4623.png
0,FERPlus_4624.png
0,FERPlus_4625.png
0,FERPlus_4626.png
0,FERPlus_4627.png
0,FERPlus_4628.png
0,FERPlus_4629.png
0,FERPlus_4630.png
0,FERPlus_4631.png
0,FERPlus_4632.png
0,FERPlus_4633.png
0,FERPlus_4634.png
0,FERPlus_4635.png
0,FERPlus_4636.png
0,FERPlus_4637.png
0,FERPlus_4638.png
0,FERPlus_4639.png
0,FERPlus_4640.png
0,FERPlus_4641.png
0,FERPlus_4642.png
0,FERPlus_4643.png
0,FERPlus_4644.png
0,FERPlus_4645.png
0,FERPlus_4646.png
0,FERPlus_4647.png
0,FERPlus_4648.png
0,FERPlus_4649.png
0,FERPlus_4650.png
0,FERPlus_4651.png
0,FERPlus_4652.png
0,FERPlus_4653.png
0,FERPlus_4654.png
0,FERPlus_4655.png
0,FERPlus_4656.png
0,FERPlus_4657.png
0,FERPlus_4658.png
0,FERPlus_4659.png
0,FERPlus_4660.png
0,FERPlus_4661.png
0,FERPlus_4662.png
0,FERPlus_4663.png
0,FERPlus_4664.png
0,FERPlus_4665.png
0,FERPlus_4666.png
0,FERPlus_4667.png
0,FERPlus_4668.png
0,FERPlus_4669.png
0,FERPlus_4670.png
0,FERPlus_4671.png
0,FERPlus_4672.png
0,FERPlus_4673.png
0,FERPlus_4674.png
0,FERPlus_4675.png
0,FERPlus_4676.png
0,FERPlus_4677.png
0,FERPlus_4678.png
0,FERPlus_4679.png
0,FERPlus_4680.png
0,FERPlus_4681.png
0,FERPlus_4682.png
0,FERPlus_4683.png
0,FERPlus_4684.png
0,FERPlus_4685.png
0,FERPlus_4686.png
0,FERPlus_4687.png
0,FERPlus_4688.png
0,FERPlus_4689.png
0,FERPlus_4690.png
0,FERPlus_4691.png
0,FERPlus_4692.png
0,FERPlus_4693.png
0,FERPlus_4694.png
0,FERPlus_4695.png
0,FERPlus_4696.png
0,FERPlus_4697.png
0,FERPlus_4698.png
0,FERPlus_4699.png
0,FERPlus_4700.png
0,FERPlus_4701.png
0,FERPlus_4702.png
0,FERPlus_4703.png
0,FERPlus_4704.png
0,FERPlus_4705.png
0,FERPlus_4706.png
0,FERPlus_4707.png
0,FERPlus_4708.png
0,FERPlus_4709.png
0,FERPlus_4710.png
0,FERPlus_4711.png
0,FERPlus_4712.png
0,FERPlus_4713.png
0,FERPlus_4714.png
0,FERPlus_4715.png
0,FERPlus_4716.png
0,FERPlus_4717.png
0,FERPlus_4718.png
0,FERPlus_4719.png
0,FERPlus_4720.png
0,FERPlus_4721.png
0,FERPlus_4722.png
0,FERPlus_4723.png
0,FERPlus_4724.png
0,FERPlus_4725.png
0,FERPlus_4726.png
0,FERPlus_4727.png
0,FERPlus_4728.png
0,FERPlus_4729.png
0,FERPlus_4730.png
0,FERPlus_4731.png
0,FERPlus_4732.png
0,FERPlus_4733.png
0,FERPlus_4734.png
0,FERPlus_4735.png
0,FERPlus_4736.png
0,FERPlus_4737.png
0,FERPlus_4738.png
0,FERPlus_4739.png
0,FERPlus_4740.png
0,FERPlus_4741.png
0,FERPlus_4742.png
0,FERPlus_4743.png
0,FERPlus_4744.png
0,FERPlus_4745.png
0,FERPlus_4746.png
0,FERPlus_4747.png
0,FERPlus_4748.png
0,FERPlus_4749.png
0,FERPlus_4750.png
0,FERPlus_4751.png
0,FERPlus_4752.png
0,FERPlus_4753.png
0,FERPlus_4754.png
0,FERPlus_4755.png
0,FERPlus_4756.png
0,FERPlus_4757.png
0,FERPlus_4758.png
0,FERPlus_4759.png
0,FERPlus_4760.png
0,FERPlus_4761.png
0,FERPlus_4762.png
0,FERPlus_4763.png
0,FERPlus_4764.png
0,FERPlus_4765.png
0,FERPlus_4766.png
0,FERPlus_4767.png
0,FERPlus_4768.png
0,FERPlus_4769.png
0,FERPlus_4770.png
0,FERPlus_4771.png
0,FERPlus_4772.png
0,FERPlus_4773.png
0,FERPlus_4774.png
0,FERPlus_4775.png
0,FERPlus_4776.png
0,FERPlus_4777.png
0,FERPlus_4778.png
0,FERPlus_4779.png
0,FERPlus_4780.png
0,FERPlus_4781.png
0,FERPlus_4782.png
0,FERPlus_4783.png
0,FERPlus_4784.png
0,FERPlus_4785.png
0,FERPlus_4786.png
0,FERPlus_4787.png
0,FERPlus_4788.png
0,FERPlus_4789.png
0,FERPlus_4790.png
0,FERPlus_4791.png
0,FERPlus_4792.png
0,FERPlus_4793.png
0,FERPlus_4794.png
0,FERPlus_4795.png
0,FERPlus_4796.png
0,FERPlus_4797.png
0,FERPlus_4798.png
0,FERPlus_4799.png
0,FERPlus_4800.png
0,FERPlus_4801.png
0,FERPlus_4802.png
0,FERPlus_4803.png
0,FERPlus_4804.png
0,FERPlus_4805.png
0,FERPlus_4806.png
0,FERPlus_4807.png
0,FERPlus_4808.png
0,FERPlus_4809.png
0,FERPlus_4810.png
0,FERPlus_4811.png
0,FERPlus_4812.png
0,FERPlus_4813.png
0,FERPlus_4814.png
0,FERPlus_4815.png
0,FERPlus_4816.png
0,FERPlus_4817.png
0,FERPlus_4818.png
0,FERPlus_4819.png
0,FERPlus_4820.png
0,FERPlus_4821.png
0,FERPlus_4822.png
0,FERPlus_4823.png
0,FERPlus_4824.png
0,FERPlus_4825.png
0,FERPlus_4826.png
0,FERPlus_4827.png
0,FERPlus_4828.png
0,FERPlus_4829.png
0,FERPlus_4830.png
0,FERPlus_4831.png
0,FERPlus_4832.png
0,FERPlus_4833.png
0,FERPlus_4834.png
0,FERPlus_4835.png
0,FERPlus_4836.png
0,FERPlus_4837.png
0,FERPlus_4838.png
0,FERPlus_4839.png
0,FERPlus_4840.png
0,FERPlus_4841.png
0,FERPlus_4842.png
0,FERPlus_4843.png
0,FERPlus_4844.png
0,FERPlus_4845.png
0,FERPlus_4846.png
0,FERPlus_4847.png
0,FERPlus_4848.png
0,FERPlus_4849.png
0,FERPlus_4850.png
0,FERPlus_4851.png
0,FERPlus_4852.png
0,FERPlus_4853.png
0,FERPlus_4854.png
0,FERPlus_4855.png
0,FERPlus_4856.png
0,FERPlus_4857.png
0,FERPlus_4858.png
0,FERPlus_4859.png
0,FERPlus_4860.png
0,FERPlus_4861.png
0,FERPlus_4862.png
0,FERPlus_4863.png
0,FERPlus_4864.png
0,FERPlus_4865.png
0,FERPlus_4866.png
0,FERPlus_4867.png
0,FERPlus_4868.png
0,FERPlus_4869.png
0,FERPlus_4870.png
0,FERPlus_4871.png
0,FERPlus_4872.png
0,FERPlus_4873.png
0,FERPlus_4874.png
0,FERPlus_4875.png
0,FERPlus_4876.png
0,FERPlus_4877.png
0,FERPlus_4878.png
0,FERPlus_4879.png
0,FERPlus_4880.png
0,FERPlus_4881.png
0,FERPlus_4882.png
0,FERPlus_4883.png
0,FERPlus_4884.png
0,FERPlus_4885.png
0,FERPlus_4886.png
0,FERPlus_4887.png
0,FERPlus_4888.png
0,FERPlus_4889.png
0,FERPlus_4890.png
0,FERPlus_4891.png
0,FERPlus_4892.png
0,FERPlus_4893.png
0,FERPlus_4894.png
0,FERPlus_4895.png
0,FERPlus_4896.png
0,FERPlus_4897.png
0,FERPlus_4898.png
0,FERPlus_4899.png
0,FERPlus_4900.png
0,FERPlus_4901.png
0,FERPlus_4902.png
0,FERPlus_4903.png
0,FERPlus_4904.png
0,FERPlus_4905.png
0,FERPlus_4906.png
0,FERPlus_4907.png
0,FERPlus_4908.png
0,FERPlus_4909.png
0,FERPlus_4910.png
0,FERPlus_4911.png
0,FERPlus_4912.png
0,FERPlus_4913.png
0,FERPlus_4914.png
0,FERPlus_4915.png
0,FERPlus_4916.png
0,FERPlus_4917.png
0,FERPlus_4918.png
0,FERPlus_4919.png
0,FERPlus_4920.png
0,FERPlus_4921.png
0,FERPlus_4922.png
0,FERPlus_4923.png
0,FERPlus_4924.png
0,FERPlus_4925.png
0,FERPlus_4926.png
0,FERPlus_4927.png
0,FERPlus_4928.png
0,FERPlus_4929.png
0,FERPlus_4930.png
0,FERPlus_4931.png
0,FERPlus_4932.png
0,FERPlus_4933.png
0,FERPlus_4934.png
0,FERPlus_4935.png
0,FERPlus_4936.png
0,FERPlus_4937.png
0,FERPlus_4938.png
0,FERPlus_4939.png
0,FERPlus_4940.png
0,FERPlus_4941.png
0,FERPlus_4942.png
0,FERPlus_4943.png
0,FERPlus_4944.png
0,FERPlus_4945.png
0,FERPlus_4946.png
0,FERPlus_4947.png
0,FERPlus_4948.png
0,FERPlus_4949.png
0,FERPlus_4950.png
0,FERPlus_4951.png
0,FERPlus_4952.png
0,FERPlus_4953.png
0,FERPlus_4954.png
0,FERPlus_4955.png
0,FERPlus_4956.png
0,FERPlus_4957.png
0,FERPlus_4958.png
0,FERPlus_4959.png
0,FERPlus_4960.png
0,FERPlus_4961.png
0,FERPlus_4962.png
0,FERPlus_4963.png
0,FERPlus_4964.png
0,FERPlus_4965.png
0,FERPlus_4966.png
0,FERPlus_4967.png
0,FERPlus_4968.png
0,FERPlus_4969.png
0,FERPlus_4970.png
0,FERPlus_4971.png
0,FERPlus_4972.png
0,FERPlus_4973.png
0,FERPlus_4974.png
0,FERPlus_4975.png
0,FERPlus_4976.png
0,FERPlus_4977.png
0,FERPlus_4978.png
0,FERPlus_4979.png
0,FERPlus_4980.png
0,FERPlus_4981.png
0,FERPlus_4982.png
0,FERPlus_4983.png
0,FERPlus_4984.png
0,FERPlus_4985.png
0,FERPlus_4986.png
0,FERPlus_4987.png
0,FERPlus_4988.png
0,FERPlus_4989.png
0,FERPlus_4990.png
0,FERPlus_4991.png
0,FERPlus_4992.png
0,FERPlus_4993.png
0,FERPlus_4994.png
0,FERPlus_4995.png
0,FERPlus_4996.png
0,FERPlus_4997.png
0,FERPlus_4998.png
0,FERPlus_4999.png
0,FERPlus_5000.png
0,FERPlus_5001.png
0,FERPlus_5002.png
0,FERPlus_5003.png
0,FERPlus_5004.png
0,FERPlus_5005.png
0,FERPlus_5006.png
0,FERPlus_5007.png
0,FERPlus_5008.png
0,FERPlus_5009.png
0,FERPlus_5010.png
0,FERPlus_5011.png
0,FERPlus_5012.png
0,FERPlus_5013.png
0,FERPlus_5014.png
0,FERPlus_5015.png
0,FERPlus_5016.png
0,FERPlus_5017.png
0,FERPlus_5018.png
0,FERPlus_5019.png
0,FERPlus_5020.png
0,FERPlus_5021.png
0,FERPlus_5022.png
0,FERPlus_5023.png
0,FERPlus_5024.png
0,FERPlus_5025.png
0,FERPlus_5026.png
0,FERPlus_5027.png
0,FERPlus_5028.png
0,FERPlus_5029.png
0,FERPlus_5030.png
0,FERPlus_5031.png
0,FERPlus_5032.png
0,FERPlus_5033.png
0,FERPlus_5034.png
0,FERPlus_5035.png
0,FERPlus_5036.png
0,FERPlus_5037.png
0,FERPlus_5038.png
0,FERPlus_5039.png
0,FERPlus_5040.png
0,FERPlus_5041.png
0,FERPlus_5042.png
0,FERPlus_5043.png
0,FERPlus_5044.png
0,FERPlus_5045.png
0,FERPlus_5046.png
0,FERPlus_5047.png
0,FERPlus_5048.png
0,FERPlus_5049.png
0,FERPlus_5050.png
0,FERPlus_5051.png
0,FERPlus_5052.png
0,FERPlus_5053.png
0,FERPlus_5054.png
0,FERPlus_5055.png
0,FERPlus_5056.png
0,FERPlus_5057.png
0,FERPlus_5058.png
0,FERPlus_5059.png
0,FERPlus_5060.png
0,FERPlus_5061.png
0,FERPlus_5062.png
0,FERPlus_5063.png
0,FERPlus_5064.png
0,FERPlus_5065.png
0,FERPlus_5066.png
0,FERPlus_5067.png
0,FERPlus_5068.png
0,FERPlus_5069.png
0,FERPlus_5070.png
0,FERPlus_5071.png
0,FERPlus_5072.png
0,FERPlus_5073.png
0,FERPlus_5074.png
0,FERPlus_5075.png
0,FERPlus_5076.png
0,FERPlus_5077.png
0,FERPlus_5078.png
0,FERPlus_5079.png
0,FERPlus_5080.png
0,FERPlus_5081.png
0,FERPlus_5082.png
0,FERPlus_5083.png
0,FERPlus_5084.png
0,FERPlus_5085.png
0,FERPlus_5086.png
0,FERPlus_5087.png
0,FERPlus_5088.png
0,FERPlus_5089.png
0,FERPlus_5090.png
0,FERPlus_5091.png
0,FERPlus_5092.png
0,FERPlus_5093.png
0,FERPlus_5094.png
0,FERPlus_5095.png
0,FERPlus_5096.png
0,FERPlus_5097.png
0,FERPlus_5098.png
0,FERPlus_5099.png
0,FERPlus_5100.png
0,FERPlus_5101.png
0,FERPlus_5102.png
0,FERPlus_5103.png
0,FERPlus_5104.png
0,FERPlus_5105.png
0,FERPlus_5106.png
0,FERPlus_5107.png
0,FERPlus_5108.png
0,FERPlus_5109.png
0,FERPlus_5110.png
0,FERPlus_5111.png
0,FERPlus_5112.png
0,FERPlus_5113.png
0,FERPlus_5114.png
0,FERPlus_5115.png
0,FERPlus_5116.png
0,FERPlus_5117.png
0,FERPlus_5118.png
0,FERPlus_5119.png
0,FERPlus_5120.png
0,FERPlus_5121.png
0,FERPlus_5122.png
0,FERPlus_5123.png
0,FERPlus_5124.png
0,FERPlus_5125.png
0,FERPlus_5126.png
0,FERPlus_5127.png
0,FERPlus_5128.png
0,FERPlus_5129.png
0,FERPlus_5130.png
0,FERPlus_5131.png
0,FERPlus_5132.png
0,FERPlus_5133.png
0,FERPlus_5134.png
0,FERPlus_5135.png
0,FERPlus_5136.png
0,FERPlus_5137.png
0,FERPlus_5138.png
0,FERPlus_5139.png
0,FERPlus_5140.png
0,FERPlus_5141.png
0,FERPlus_5142.png
0,FERPlus_5143.png
0,FERPlus_5144.png
0,FERPlus_5145.png
0,FERPlus_5146.png
0,FERPlus_5147.png
0,FERPlus_5148.png
0,FERPlus_5149.png
0,FERPlus_5150.png
0,FERPlus_5151.png
0,FERPlus_5152.png
0,FERPlus_5153.png
0,FERPlus_5154.png
0,FERPlus_5155.png
0,FERPlus_5156.png
0,FERPlus_5157.png
0,FERPlus_5158.png
0,FERPlus_5159.png
0,FERPlus_5160.png
0,FERPlus_5161.png
0,FERPlus_5162.png
0,FERPlus_5163.png
0,FERPlus_5164.png
0,FERPlus_5165.png
0,FERPlus_5166.png
0,FERPlus_5167.png
0,FERPlus_5168.png
0,FERPlus_5169.png
0,FERPlus_5170.png
0,FERPlus_5171.png
0,FERPlus_5172.png
0,FERPlus_5173.png
0,FERPlus_5174.png
0,FERPlus_5175.png
0,FERPlus_5176.png
0,FERPlus_5177.png
0,FERPlus_5178.png
0,FERPlus_5179.png
0,FERPlus_5180.png
0,FERPlus_5181.png
0,FERPlus_5182.png
0,FERPlus_5183.png
0,FERPlus_5184.png
0,FERPlus_5185.png
0,FERPlus_5186.png
0,FERPlus_5187.png
0,FERPlus_5188.png
0,FERPlus_5189.png
0,FERPlus_5190.png
0,FERPlus_5191.png
0,FERPlus_5192.png
0,FERPlus_5193.png
0,FERPlus_5194.png
0,FERPlus_5195.png
0,FERPlus_5196.png
0,FERPlus_5197.png
0,FERPlus_5198.png
0,FERPlus_5199.png
0,FERPlus_5200.png
0,FERPlus_5201.png
0,FERPlus_5202.png
0,FERPlus_5203.png
0,FERPlus_5204.png
0,FERPlus_5205.png
0,FERPlus_5206.png
0,FERPlus_5207.png
0,FERPlus_5208.png
0,FERPlus_5209.png
0,FERPlus_5210.png
0,FERPlus_5211.png
0,FERPlus_5212.png
0,FERPlus_5213.png
0,FERPlus_5214.png
0,FERPlus_5215.png
0,FERPlus_5216.png
0,FERPlus_5217.png
0,FERPlus_5218.png
0,FERPlus_5219.png
0,FERPlus_5220.png
0,FERPlus_5221.png
0,FERPlus_5222.png
0,FERPlus_5223.png
0,FERPlus_5224.png
0,FERPlus_5225.png
0,FERPlus_5226.png
0,FERPlus_5227.png
0,FERPlus_5228.png
0,FERPlus_5229.png
0,FERPlus_5230.png
0,FERPlus_5231.png
0,FERPlus_5232.png
0,FERPlus_5233.png
0,FERPlus_5234.png
0,FERPlus_5235.png
0,FERPlus_5236.png
0,FERPlus_5237.png
0,FERPlus_5238.png
0,FERPlus_5239.png
0,FERPlus_5240.png
0,FERPlus_5241.png
0,FERPlus_5242.png
0,FERPlus_5243.png
0,FERPlus_5244.png
0,FERPlus_5245.png
0,FERPlus_5246.png
0,FERPlus_5247.png
0,FERPlus_5248.png
0,FERPlus_5249.png
0,FERPlus_5250.png
0,FERPlus_5251.png
0,FERPlus_5252.png
0,FERPlus_5253.png
0,FERPlus_5254.png
0,FERPlus_5255.png
0,FERPlus_5256.png
0,FERPlus_5257.png
0,FERPlus_5258.png
0,FERPlus_5259.png
0,FERPlus_5260.png
0,FERPlus_5261.png
0,FERPlus_5262.png
0,FERPlus_5263.png
0,FERPlus_5264.png
0,FERPlus_5265.png
0,FERPlus_5266.png
0,FERPlus_5267.png
0,FERPlus_5268.png
0,FERPlus_5269.png
0,FERPlus_5270.png
0,FERPlus_5271.png
0,FERPlus_5272.png
0,FERPlus_5273.png
0,FERPlus_5274.png
0,FERPlus_5275.png
0,FERPlus_5276.png
0,FERPlus_5277.png
0,FERPlus_5278.png
0,FERPlus_5279.png
0,FERPlus_5280.png
0,FERPlus_5281.png
0,FERPlus_5282.png
0,FERPlus_5283.png
0,FERPlus_5284.png
0,FERPlus_5285.png
0,FERPlus_5286.png
0,FERPlus_5287.png
0,FERPlus_5288.png
0,FERPlus_5289.png
0,FERPlus_5290.png
0,FERPlus_5291.png
0,FERPlus_5292.png
0,FERPlus_5293.png
0,FERPlus_5294.png
0,FERPlus_5295.png
0,FERPlus_5296.png
0,FERPlus_5297.png
0,FERPlus_5298.png
0,FERPlus_5299.png
0,FERPlus_5300.png
0,FERPlus_5301.png
0,FERPlus_5302.png
0,FERPlus_5303.png
0,FERPlus_5304.png
0,FERPlus_5305.png
0,FERPlus_5306.png
0,FERPlus_5307.png
0,FERPlus_5308.png
0,FERPlus_5309.png
0,FERPlus_5310.png
0,FERPlus_5311.png
0,FERPlus_5312.png
0,FERPlus_5313.png
0,FERPlus_5314.png
0,FERPlus_5315.png
0,FERPlus_5316.png
0,FERPlus_5317.png
0,FERPlus_5318.png
0,FERPlus_5319.png
0,FERPlus_5320.png
0,FERPlus_5321.png
0,FERPlus_5322.png
0,FERPlus_5323.png
0,FERPlus_5324.png
0,FERPlus_5325.png
0,FERPlus_5326.png
0,FERPlus_5327.png
0,FERPlus_5328.png
0,FERPlus_5329.png
0,FERPlus_5330.png
0,FERPlus_5331.png
0,FERPlus_5332.png
0,FERPlus_5333.png
0,FERPlus_5334.png
0,FERPlus_5335.png
0,FERPlus_5336.png
0,FERPlus_5337.png
0,FERPlus_5338.png
0,FERPlus_5339.png
0,FERPlus_5340.png
0,FERPlus_5341.png
0,FERPlus_5342.png
0,FERPlus_5343.png
0,FERPlus_5344.png
0,FERPlus_5345.png
0,FERPlus_5346.png
0,FERPlus_5347.png
0,FERPlus_5348.png
0,FERPlus_5349.png
0,FERPlus_5350.png
0,FERPlus_5351.png
0,FERPlus_5352.png
0,FERPlus_5353.png
0,FERPlus_5354.png
0,FERPlus_5355.png
0,FERPlus_5356.png
0,FERPlus_5357.png
0,FERPlus_5358.png
0,FERPlus_5359.png
0,FERPlus_5360.png
0,FERPlus_5361.png
0,FERPlus_5362.png
0,FERPlus_5363.png
0,FERPlus_5364.png
0,FERPlus_5365.png
0,FERPlus_5366.png
0,FERPlus_5367.png
0,FERPlus_5368.png
0,FERPlus_5369.png
0,FERPlus_5370.png
0,FERPlus_5371.png
0,FERPlus_5372.png
0,FERPlus_5373.png
0,FERPlus_5374.png
0,FERPlus_5375.png
0,FERPlus_5376.png
0,FERPlus_5377.png
0,FERPlus_5378.png
0,FERPlus_5379.png
0,FERPlus_5380.png
0,FERPlus_5381.png
0,FERPlus_5382.png
0,FERPlus_5383.png
0,FERPlus_5384.png
0,FERPlus_5385.png
0,FERPlus_5386.png
0,FERPlus_5387.png
0,FERPlus_5388.png
0,FERPlus_5389.png
0,FERPlus_5390.png
0,FERPlus_5391.png
0,FERPlus_5392.png
0,FERPlus_5393.png
0,FERPlus_5394.png
0,FERPlus_5395.png
0,FERPlus_5396.png
0,FERPlus_5397.png
0,FERPlus_5398.png
0,FERPlus_5399.png
0,FERPlus_5400.png
0,FERPlus_5401.png
0,FERPlus_5402.png
0,FERPlus_5403.png
0,FERPlus_5404.png
0,FERPlus_5405.png
0,FERPlus_5406.png
0,FERPlus_5407.png
0,FERPlus_5408.png
0,FERPlus_5409.png
0,FERPlus_5410.png
0,FERPlus_5411.png
0,FERPlus_5412.png
0,FERPlus_5413.png
0,FERPlus_5414.png
0,FERPlus_5415.png
0,FERPlus_5416.png
0,FERPlus_5417.png
0,FERPlus_5418.png
0,FERPlus_5419.png
0,FERPlus_5420.png
0,FERPlus_5421.png
0,FERPlus_5422.png
0,FERPlus_5423.png
0,FERPlus_5424.png
0,FERPlus_5425.png
0,FERPlus_5426.png
0,FERPlus_5427.png
0,FERPlus_5428.png
0,FERPlus_5429.png
0,FERPlus_5430.png
0,FERPlus_5431.png
0,FERPlus_5432.png
0,FERPlus_5433.png
0,FERPlus_5434.png
0,FERPlus_5435.png
0,FERPlus_5436.png
0,FERPlus_5437.png
0,FERPlus_5438.png
0,FERPlus_5439.png
0,FERPlus_5440.png
0,FERPlus_5441.png
0,FERPlus_5442.png
0,FERPlus_5443.png
0,FERPlus_5444.png
0,FERPlus_5445.png
0,FERPlus_5446.png
0,FERPlus_5447.png
0,FERPlus_5448.png
0,FERPlus_5449.png
0,FERPlus_5450.png
0,FERPlus_5451.png
0,FERPlus_5452.png
0,FERPlus_5453.png
0,FERPlus_5454.png
0,FERPlus_5455.png
0,FERPlus_5456.png
0,FERPlus_5457.png
0,FERPlus_5458.png
0,FERPlus_5459.png
0,FERPlus_5460.png
0,FERPlus_5461.png
0,FERPlus_5462.png
0,FERPlus_5463.png
0,FERPlus_5464.png
0,FERPlus_5465.png
0,FERPlus_5466.png
0,FERPlus_5467.png
0,FERPlus_5468.png
0,FERPlus_5469.png
0,FERPlus_5470.png
0,FERPlus_5471.png
0,FERPlus_5472.png
0,FERPlus_5473.png
0,FERPlus_5474.png
0,FERPlus_5475.png
0,FERPlus_5476.png
0,FERPlus_5477.png
0,FERPlus_5478.png
0,FERPlus_5479.png
0,FERPlus_5480.png
0,FERPlus_5481.png
0,FERPlus_5482.png
0,FERPlus_5483.png
0,FERPlus_5484.png
0,FERPlus_5485.png
0,FERPlus_5486.png
0,FERPlus_5487.png
0,FERPlus_5488.png
0,FERPlus_5489.png
0,FERPlus_5490.png
0,FERPlus_5491.png
0,FERPlus_5492.png
0,FERPlus_5493.png
0,FERPlus_5494.png
0,FERPlus_5495.png
0,FERPlus_5496.png
0,FERPlus_5497.png
0,FERPlus_5498.png
0,FERPlus_5499.png
0,FERPlus_5500.png
0,FERPlus_5501.png
0,FERPlus_5502.png
0,FERPlus_5503.png
0,FERPlus_5504.png
0,FERPlus_5505.png
0,FERPlus_5506.png
0,FERPlus_5507.png
0,FERPlus_5508.png
0,FERPlus_5509.png
0,FERPlus_5510.png
0,FERPlus_5511.png
0,FERPlus_5512.png
0,FERPlus_5513.png
0,FERPlus_5514.png
0,FERPlus_5515.png
0,FERPlus_5516.png
0,FERPlus_5517.png
0,FERPlus_5518.png
0,FERPlus_5519.png
0,FERPlus_5520.png
0,FERPlus_5521.png
0,FERPlus_5522.png
0,FERPlus_5523.png
0,FERPlus_5524.png
0,FERPlus_5525.png
0,FERPlus_5526.png
0,FERPlus_5527.png
0,FERPlus_5528.png
0,FERPlus_5529.png
0,FERPlus_5530.png
0,FERPlus_5531.png
0,FERPlus_5532.png
0,FERPlus_5533.png
0,FERPlus_5534.png
0,FERPlus_5535.png
0,FERPlus_5536.png
0,FERPlus_5537.png
0,FERPlus_5538.png
0,FERPlus_5539.png
0,FERPlus_5540.png
0,FERPlus_5541.png
0,FERPlus_5542.png
0,FERPlus_5543.png
0,FERPlus_5544.png
0,FERPlus_5545.png
0,FERPlus_5546.png
0,FERPlus_5547.png
0,FERPlus_5548.png
0,FERPlus_5549.png
0,FERPlus_5550.png
0,FERPlus_5551.png
0,FERPlus_5552.png
0,FERPlus_5553.png
0,FERPlus_5554.png
0,FERPlus_5555.png
0,FERPlus_5556.png
0,FERPlus_5557.png
0,FERPlus_5558.png
0,FERPlus_5559.png
0,FERPlus_5560.png
0,FERPlus_5561.png
0,FERPlus_5562.png
0,FERPlus_5563.png
0,FERPlus_5564.png
0,FERPlus_5565.png
0,FERPlus_5566.png
0,FERPlus_5567.png
0,FERPlus_5568.png
0,FERPlus_5569.png
0,FERPlus_5570.png
0,FERPlus_5571.png
0,FERPlus_5572.png
0,FERPlus_5573.png
0,FERPlus_5574.png
0,FERPlus_5575.png
0,FERPlus_5576.png
0,FERPlus_5577.png
0,FERPlus_5578.png
0,FERPlus_5579.png
0,FERPlus_5580.png
0,FERPlus_5581.png
0,FERPlus_5582.png
0,FERPlus_5583.png
0,FERPlus_5584.png
0,FERPlus_5585.png
0,FERPlus_5586.png
0,FERPlus_5587.png
0,FERPlus_5588.png
0,FERPlus_5589.png
0,FERPlus_5590.png
0,FERPlus_5591.png
0,FERPlus_5592.png
0,FERPlus_5593.png
0,FERPlus_5594.png
0,FERPlus_5595.png
0,FERPlus_5596.png
0,FERPlus_5597.png
0,FERPlus_5598.png
0,FERPlus_5599.png
0,FERPlus_5600.png
0,FERPlus_5601.png
0,FERPlus_5602.png
0,FERPlus_5603.png
0,FERPlus_5604.png
0,FERPlus_5605.png
0,FERPlus_5606.png
0,FERPlus_5607.png
0,FERPlus_5608.png
0,FERPlus_5609.png
0,FERPlus_5610.png
0,FERPlus_5611.png
0,FERPlus_5612.png
0,FERPlus_5613.png
0,FERPlus_5614.png
0,FERPlus_5615.png
0,FERPlus_5616.png
0,FERPlus_5617.png
0,FERPlus_5618.png
0,FERPlus_5619.png
0,FERPlus_5620.png
0,FERPlus_5621.png
0,FERPlus_5622.png
0,FERPlus_5623.png
0,FERPlus_5624.png
0,FERPlus_5625.png
0,FERPlus_5626.png
0,FERPlus_5627.png
0,FERPlus_5628.png
0,FERPlus_5629.png
0,FERPlus_5630.png
0,FERPlus_5631.png
0,FERPlus_5632.png
0,FERPlus_5633.png
0,FERPlus_5634.png
0,FERPlus_5635.png
0,FERPlus_5636.png
0,FERPlus_5637.png
0,FERPlus_5638.png
0,FERPlus_5639.png
0,FERPlus_5640.png
0,FERPlus_5641.png
0,FERPlus_5642.png
0,FERPlus_5643.png
0,FERPlus_5644.png
0,FERPlus_5645.png
0,FERPlus_5646.png
0,FERPlus_5647.png
0,FERPlus_5648.png
0,FERPlus_5649.png
0,FERPlus_5650.png
0,FERPlus_5651.png
0,FERPlus_5652.png
0,FERPlus_5653.png
0,FERPlus_5654.png
0,FERPlus_5655.png
0,FERPlus_5656.png
0,FERPlus_5657.png
0,FERPlus_5658.png
0,FERPlus_5659.png
0,FERPlus_5660.png
0,FERPlus_5661.png
0,FERPlus_5662.png
0,FERPlus_5663.png
0,FERPlus_5664.png
0,FERPlus_5665.png
0,FERPlus_5666.png
0,FERPlus_5667.png
0,FERPlus_5668.png
0,FERPlus_5669.png
0,FERPlus_5670.png
0,FERPlus_5671.png
0,FERPlus_5672.png
0,FERPlus_5673.png
0,FERPlus_5674.png
0,FERPlus_5675.png
0,FERPlus_5676.png
0,FERPlus_5677.png
0,FERPlus_5678.png
0,FERPlus_5679.png
0,FERPlus_5680.png
0,FERPlus_5681.png
0,FERPlus_5682.png
0,FERPlus_5683.png
0,FERPlus_5684.png
0,FERPlus_5685.png
0,FERPlus_5686.png
0,FERPlus_5687.png
0,FERPlus_5688.png
0,FERPlus_5689.png
0,FERPlus_5690.png
0,FERPlus_5691.png
0,FERPlus_5692.png
0,FERPlus_5693.png
0,FERPlus_5694.png
0,FERPlus_5695.png
0,FERPlus_5696.png
0,FERPlus_5697.png
0,FERPlus_5698.png
0,FERPlus_5699.png
0,FERPlus_5700.png
0,FERPlus_5701.png
0,FERPlus_5702.png
0,FERPlus_5703.png
0,FERPlus_5704.png
0,FERPlus_5705.png
0,FERPlus_5706.png
0,FERPlus_5707.png
0,FERPlus_5708.png
0,FERPlus_5709.png
0,FERPlus_5710.png
0,FERPlus_5711.png
0,FERPlus_5712.png
0,FERPlus_5713.png
0,FERPlus_5714.png
0,FERPlus_5715.png
0,FERPlus_5716.png
0,FERPlus_5717.png
0,FERPlus_5718.png
0,FERPlus_5719.png
0,FERPlus_5720.png
0,FERPlus_5721.png
0,FERPlus_5722.png
0,FERPlus_5723.png
0,FERPlus_5724.png
0,FERPlus_5725.png
0,FERPlus_5726.png
0,FERPlus_5727.png
0,FERPlus_5728.png
0,FERPlus_5729.png
0,FERPlus_5730.png
0,FERPlus_5731.png
0,FERPlus_5732.png
0,FERPlus_5733.png
0,FERPlus_5734.png
0,FERPlus_5735.png
0,FERPlus_5736.png
0,FERPlus_5737.png
0,FERPlus_5738.png
0,FERPlus_5739.png
0,FERPlus_5740.png
0,FERPlus_5741.png
0,FERPlus_5742.png
0,FERPlus_5743.png
0,FERPlus_5744.png
0,FERPlus_5745.png
0,FERPlus_5746.png
0,FERPlus_5747.png
0,FERPlus_5748.png
0,FERPlus_5749.png
0,FERPlus_5750.png
0,FERPlus_5751.png
0,FERPlus_5752.png
0,FERPlus_5753.png
0,FERPlus_5754.png
0,FERPlus_5755.png
0,FERPlus_5756.png
0,FERPlus_5757.png
0,FERPlus_5758.png
0,FERPlus_5759.png
0,FERPlus_5760.png
0,FERPlus_5761.png
0,FERPlus_5762.png
0,FERPlus_5763.png
0,FERPlus_5764.png
0,FERPlus_5765.png
0,FERPlus_5766.png
0,FERPlus_5767.png
0,FERPlus_5768.png
0,FERPlus_5769.png
0,FERPlus_5770.png
0,FERPlus_5771.png
0,FERPlus_5772.png
0,FERPlus_5773.png
0,FERPlus_5774.png
0,FERPlus_5775.png
0,FERPlus_5776.png
0,FERPlus_5777.png
0,FERPlus_5778.png
0,FERPlus_5779.png
0,FERPlus_5780.png
0,FERPlus_5781.png
0,FERPlus_5782.png
0,FERPlus_5783.png
0,FERPlus_5784.png
0,FERPlus_5785.png
0,FERPlus_5786.png
0,FERPlus_5787.png
0,FERPlus_5788.png
0,FERPlus_5789.png
0,FERPlus_5790.png
0,FERPlus_5791.png
0,FERPlus_5792.png
0,FERPlus_5793.png
0,FERPlus_5794.png
0,FERPlus_5795.png
0,FERPlus_5796.png
0,FERPlus_5797.png
0,FERPlus_5798.png
0,FERPlus_5799.png
0,FERPlus_5800.png
0,FERPlus_5801.png
0,FERPlus_5802.png
0,FERPlus_5803.png
0,FERPlus_5804.png
0,FERPlus_5805.png
0,FERPlus_5806.png
0,FERPlus_5807.png
0,FERPlus_5808.png
0,FERPlus_5809.png
0,FERPlus_5810.png
0,FERPlus_5811.png
0,FERPlus_5812.png
0,FERPlus_5813.png
0,FERPlus_5814.png
0,FERPlus_5815.png
0,FERPlus_5816.png
0,FERPlus_5817.png
0,FERPlus_5818.png
0,FERPlus_5819.png
0,FERPlus_5820.png
0,FERPlus_5821.png
0,FERPlus_5822.png
0,FERPlus_5823.png
0,FERPlus_5824.png
0,FERPlus_5825.png
0,FERPlus_5826.png
0,FERPlus_5827.png
0,FERPlus_5828.png
0,FERPlus_5829.png
0,FERPlus_5830.png
0,FERPlus_5831.png
0,FERPlus_5832.png
0,FERPlus_5833.png
0,FERPlus_5834.png
0,FERPlus_5835.png
0,FERPlus_5836.png
0,FERPlus_5837.png
0,FERPlus_5838.png
0,FERPlus_5839.png
0,FERPlus_5840.png
0,FERPlus_5841.png
0,FERPlus_5842.png
0,FERPlus_5843.png
0,FERPlus_5844.png
0,FERPlus_5845.png
0,FERPlus_5846.png
0,FERPlus_5847.png
0,FERPlus_5848.png
0,FERPlus_5849.png
0,FERPlus_5850.png
0,FERPlus_5851.png
0,FERPlus_5852.png
0,FERPlus_5853.png
0,FERPlus_5854.png
0,FERPlus_5855.png
0,FERPlus_5856.png
0,FERPlus_5857.png
0,FERPlus_5858.png
0,FERPlus_5859.png
0,FERPlus_5860.png
0,FERPlus_5861.png
0,FERPlus_5862.png
0,FERPlus_5863.png
0,FERPlus_5864.png
0,FERPlus_5865.png
0,FERPlus_5866.png
0,FERPlus_5867.png
0,FERPlus_5868.png
0,FERPlus_5869.png
0,FERPlus_5870.png
0,FERPlus_5871.png
0,FERPlus_5872.png
0,FERPlus_5873.png
0,FERPlus_5874.png
0,FERPlus_5875.png
0,FERPlus_5876.png
0,FERPlus_5877.png
0,FERPlus_5878.png
0,FERPlus_5879.png
0,FERPlus_5880.png
0,FERPlus_5881.png
0,FERPlus_5882.png
0,FERPlus_5883.png
0,FERPlus_5884.png
0,FERPlus_5885.png
0,FERPlus_5886.png
0,FERPlus_5887.png
0,FERPlus_5888.png
0,FERPlus_5889.png
0,FERPlus_5890.png
0,FERPlus_5891.png
0,FERPlus_5892.png
0,FERPlus_5893.png
0,FERPlus_5894.png
0,FERPlus_5895.png
0,FERPlus_5896.png
0,FERPlus_5897.png
0,FERPlus_5898.png
0,FERPlus_5899.png
0,FERPlus_5900.png
0,FERPlus_5901.png
0,FERPlus_5902.png
0,FERPlus_5903.png
0,FERPlus_5904.png
0,FERPlus_5905.png
0,FERPlus_5906.png
0,FERPlus_5907.png
0,FERPlus_5908.png
0,FERPlus_5909.png
0,FERPlus_5910.png
0,FERPlus_5911.png
0,FERPlus_5912.png
0,FERPlus_5913.png
0,FERPlus_5914.png
0,FERPlus_5915.png
0,FERPlus_5916.png
0,FERPlus_5917.png
0,FERPlus_5918.png
0,FERPlus_5919.png
0,FERPlus_5920.png
0,FERPlus_5921.png
0,FERPlus_5922.png
0,FERPlus_5923.png
0,FERPlus_5924.png
0,FERPlus_5925.png
0,FERPlus_5926.png
0,FERPlus_5927.png
0,FERPlus_5928.png
0,FERPlus_5929.png
0,FERPlus_5930.png
0,FERPlus_5931.png
0,FERPlus_5932.png
0,FERPlus_5933.png
0,FERPlus_5934.png
0,FERPlus_5935.png
0,FERPlus_5936.png
0,FERPlus_5937.png
0,FERPlus_5938.png
0,FERPlus_5939.png
0,FERPlus_5940.png
0,FERPlus_5941.png
0,FERPlus_5942.png
0,FERPlus_5943.png
0,FERPlus_5944.png
0,FERPlus_5945.png
0,FERPlus_5946.png
0,FERPlus_5947.png
0,FERPlus_5948.png
0,FERPlus_5949.png
0,FERPlus_5950.png
0,FERPlus_5951.png
0,FERPlus_5952.png
0,FERPlus_5953.png
0,FERPlus_5954.png
0,FERPlus_5955.png
0,FERPlus_5956.png
0,FERPlus_5957.png
0,FERPlus_5958.png
0,FERPlus_5959.png
0,FERPlus_5960.png
0,FERPlus_5961.png
0,FERPlus_5962.png
0,FERPlus_5963.png
0,FERPlus_5964.png
0,FERPlus_5965.png
0,FERPlus_5966.png
0,FERPlus_5967.png
0,FERPlus_5968.png
0,FERPlus_5969.png
0,FERPlus_5970.png
0,FERPlus_5971.png
0,FERPlus_5972.png
0,FERPlus_5973.png
0,FERPlus_5974.png
0,FERPlus_5975.png
0,FERPlus_5976.png
0,FERPlus_5977.png
0,FERPlus_5978.png
0,FERPlus_5979.png
0,FERPlus_5980.png
0,FERPlus_5981.png
0,FERPlus_5982.png
0,FERPlus_5983.png
0,FERPlus_5984.png
0,FERPlus_5985.png
0,FERPlus_5986.png
0,FERPlus_5987.png
0,FERPlus_5988.png
0,FERPlus_5989.png
0,FERPlus_5990.png
0,FERPlus_5991.png
0,FERPlus_5992.png
0,FERPlus_5993.png
0,FERPlus_5994.png
0,FERPlus_5995.png
0,FERPlus_5996.png
0,FERPlus_5997.png
0,FERPlus_5998.png
0,FERPlus_5999.png
0,FERPlus_6000.png
0,FERPlus_6001.png
0,FERPlus_6002.png
0,FERPlus_6003.png
0,FERPlus_6004.png
0,FERPlus_6005.png
0,FERPlus_6006.png
0,FERPlus_6007.png
0,FERPlus_6008.png
0,FERPlus_6009.png
0,FERPlus_6010.png
0,FERPlus_6011.png
0,FERPlus_6012.png
0,FERPlus_6013.png
0,FERPlus_6014.png
0,FERPlus_6015.png
0,FERPlus_6016.png
0,FERPlus_6017.png
0,FERPlus_6018.png
0,FERPlus_6019.png
0,FERPlus_6020.png
0,FERPlus_6021.png
0,FERPlus_6022.png
0,FERPlus_6023.png
0,FERPlus_6024.png
0,FERPlus_6025.png
0,FERPlus_6026.png
0,FERPlus_6027.png
0,FERPlus_6028.png
0,FERPlus_6029.png
0,FERPlus_6030.png
0,FERPlus_6031.png
0,FERPlus_6032.png
0,FERPlus_6033.png
0,FERPlus_6034.png
0,FERPlus_6035.png
0,FERPlus_6036.png
0,FERPlus_6037.png
0,FERPlus_6038.png
0,FERPlus_6039.png
0,FERPlus_6040.png
0,FERPlus_6041.png
0,FERPlus_6042.png
0,FERPlus_6043.png
0,FERPlus_6044.png
0,FERPlus_6045.png
0,FERPlus_6046.png
0,FERPlus_6047.png
0,FERPlus_6048.png
0,FERPlus_6049.png
0,FERPlus_6050.png
0,FERPlus_6051.png
0,FERPlus_6052.png
0,FERPlus_6053.png
0,FERPlus_6054.png
0,FERPlus_6055.png
0,FERPlus_6056.png
0,FERPlus_6057.png
0,FERPlus_6058.png
0,FERPlus_6059.png
0,FERPlus_6060.png
0,FERPlus_6061.png
0,FERPlus_6062.png
0,FERPlus_6063.png
0,FERPlus_6064.png
0,FERPlus_6065.png
0,FERPlus_6066.png
0,FERPlus_6067.png
0,FERPlus_6068.png
0,FERPlus_6069.png
0,FERPlus_6070.png
0,FERPlus_6071.png
0,FERPlus_6072.png
0,FERPlus_6073.png
0,FERPlus_6074.png
0,FERPlus_6075.png
0,FERPlus_6076.png
0,FERPlus_6077.png
0,FERPlus_6078.png
0,FERPlus_6079.png
0,FERPlus_6080.png
0,FERPlus_6081.png
0,FERPlus_6082.png
0,FERPlus_6083.png
0,FERPlus_6084.png
0,FERPlus_6085.png
0,FERPlus_6086.png
0,FERPlus_6087.png
0,FERPlus_6088.png
0,FERPlus_6089.png
0,FERPlus_6090.png
0,FERPlus_6091.png
0,FERPlus_6092.png
0,FERPlus_6093.png
0,FERPlus_6094.png
0,FERPlus_6095.png
0,FERPlus_6096.png
0,FERPlus_6097.png
0,FERPlus_6098.png
0,FERPlus_6099.png
0,FERPlus_6100.png
0,FERPlus_6101.png
0,FERPlus_6102.png
0,FERPlus_6103.png
0,FERPlus_6104.png
0,FERPlus_6105.png
0,FERPlus_6106.png
0,FERPlus_6107.png
0,FERPlus_6108.png
0,FERPlus_6109.png
0,FERPlus_6110.png
0,FERPlus_6111.png
0,FERPlus_6112.png
0,FERPlus_6113.png
0,FERPlus_6114.png
0,FERPlus_6115.png
0,FERPlus_6116.png
0,FERPlus_6117.png
0,FERPlus_6118.png
0,FERPlus_6119.png
0,FERPlus_6120.png
0,FERPlus_6121.png
0,FERPlus_6122.png
0,FERPlus_6123.png
0,FERPlus_6124.png
0,FERPlus_6125.png
0,FERPlus_6126.png
0,FERPlus_6127.png
0,FERPlus_6128.png
0,FERPlus_6129.png
0,FERPlus_6130.png
0,FERPlus_6131.png
0,FERPlus_6132.png
0,FERPlus_6133.png
0,FERPlus_6134.png
0,FERPlus_6135.png
0,FERPlus_6136.png
0,FERPlus_6137.png
0,FERPlus_6138.png
0,FERPlus_6139.png
0,FERPlus_6140.png
0,FERPlus_6141.png
0,FERPlus_6142.png
0,FERPlus_6143.png
0,FERPlus_6144.png
0,FERPlus_6145.png
0,FERPlus_6146.png
0,FERPlus_6147.png
0,FERPlus_6148.png
0,FERPlus_6149.png
0,FERPlus_6150.png
0,FERPlus_6151.png
0,FERPlus_6152.png
0,FERPlus_6153.png
0,FERPlus_6154.png
0,FERPlus_6155.png
0,FERPlus_6156.png
0,FERPlus_6157.png
0,FERPlus_6158.png
0,FERPlus_6159.png
0,FERPlus_6160.png
0,FERPlus_6161.png
0,FERPlus_6162.png
0,FERPlus_6163.png
0,FERPlus_6164.png
0,FERPlus_6165.png
0,FERPlus_6166.png
0,FERPlus_6167.png
0,FERPlus_6168.png
0,FERPlus_6169.png
0,FERPlus_6170.png
0,FERPlus_6171.png
0,FERPlus_6172.png
0,FERPlus_6173.png
0,FERPlus_6174.png
0,FERPlus_6175.png
0,FERPlus_6176.png
0,FERPlus_6177.png
0,FERPlus_6178.png
0,FERPlus_6179.png
0,FERPlus_6180.png
0,FERPlus_6181.png
0,FERPlus_6182.png
0,FERPlus_6183.png
0,FERPlus_6184.png
0,FERPlus_6185.png
0,FERPlus_6186.png
0,FERPlus_6187.png
0,FERPlus_6188.png
0,FERPlus_6189.png
0,FERPlus_6190.png
0,FERPlus_6191.png
0,FERPlus_6192.png
0,FERPlus_6193.png
0,FERPlus_6194.png
0,FERPlus_6195.png
0,FERPlus_6196.png
0,FERPlus_6197.png
0,FERPlus_6198.png
0,FERPlus_6199.png
0,FERPlus_6200.png
0,FERPlus_6201.png
0,FERPlus_6202.png
0,FERPlus_6203.png
0,FERPlus_6204.png
0,FERPlus_6205.png
0,FERPlus_6206.png
0,FERPlus_6207.png
0,FERPlus_6208.png
0,FERPlus_6209.png
0,FERPlus_6210.png
0,FERPlus_6211.png
0,FERPlus_6212.png
0,FERPlus_6213.png
0,FERPlus_6214.png
0,FERPlus_6215.png
0,FERPlus_6216.png
0,FERPlus_6217.png
0,FERPlus_6218.png
0,FERPlus_6219.png
0,FERPlus_6220.png
0,FERPlus_6221.png
0,FERPlus_6222.png
0,FERPlus_6223.png
0,FERPlus_6224.png
0,FERPlus_6225.png
0,FERPlus_6226.png
0,FERPlus_6227.png
0,FERPlus_6228.png
0,FERPlus_6229.png
0,FERPlus_6230.png
0,FERPlus_6231.png
0,FERPlus_6232.png
0,FERPlus_6233.png
0,FERPlus_6234.png
0,FERPlus_6235.png
0,FERPlus_6236.png
0,FERPlus_6237.png
0,FERPlus_6238.png
0,FERPlus_6239.png
0,FERPlus_6240.png
0,FERPlus_6241.png
0,FERPlus_6242.png
0,FERPlus_6243.png
0,FERPlus_6244.png
0,FERPlus_6245.png
0,FERPlus_6246.png
0,FERPlus_6247.png
0,FERPlus_6248.png
0,FERPlus_6249.png
0,FERPlus_6250.png
0,FERPlus_6251.png
0,FERPlus_6252.png
0,FERPlus_6253.png
0,FERPlus_6254.png
0,FERPlus_6255.png
0,FERPlus_6256.png
0,FERPlus_6257.png
0,FERPlus_6258.png
0,FERPlus_6259.png
0,FERPlus_6260.png
0,FERPlus_6261.png
0,FERPlus_6262.png
0,FERPlus_6263.png
0,FERPlus_6264.png
0,FERPlus_6265.png
0,FERPlus_6266.png
0,FERPlus_6267.png
0,FERPlus_6268.png
0,FERPlus_6269.png
0,FERPlus_6270.png
0,FERPlus_6271.png
0,FERPlus_6272.png
0,FERPlus_6273.png
0,FERPlus_6274.png
0,FERPlus_6275.png
0,FERPlus_6276.png
0,FERPlus_6277.png
0,FERPlus_6278.png
0,FERPlus_6279.png
0,FERPlus_6280.png
0,FERPlus_6281.png
0,FERPlus_6282.png
0,FERPlus_6283.png
0,FERPlus_6284.png
0,FERPlus_6285.png
0,FERPlus_6286.png
0,FERPlus_6287.png
0,FERPlus_6288.png
0,FERPlus_6289.png
0,FERPlus_6290.png
0,FERPlus_6291.png
0,FERPlus_6292.png
0,FERPlus_6293.png
0,FERPlus_6294.png
0,FERPlus_6295.png
0,FERPlus_6296.png
0,FERPlus_6297.png
0,FERPlus_6298.png
0,FERPlus_6299.png
0,FERPlus_6300.png
0,FERPlus_6301.png
0,FERPlus_6302.png
0,FERPlus_6303.png
0,FERPlus_6304.png
0,FERPlus_6305.png
0,FERPlus_6306.png
0,FERPlus_6307.png
0,FERPlus_6308.png
0,FERPlus_6309.png
0,FERPlus_6310.png
0,FERPlus_6311.png
0,FERPlus_6312.png
0,FERPlus_6313.png
0,FERPlus_6314.png
0,FERPlus_6315.png
0,FERPlus_6316.png
0,FERPlus_6317.png
0,FERPlus_6318.png
0,FERPlus_6319.png
0,FERPlus_6320.png
0,FERPlus_6321.png
0,FERPlus_6322.png
0,FERPlus_6323.png
0,FERPlus_6324.png
0,FERPlus_6325.png
0,FERPlus_6326.png
0,FERPlus_6327.png
0,FERPlus_6328.png
0,FERPlus_6329.png
0,FERPlus_6330.png
0,FERPlus_6331.png
0,FERPlus_6332.png
0,FERPlus_6333.png
0,FERPlus_6334.png
0,FERPlus_6335.png
0,FERPlus_6336.png
0,FERPlus_6337.png
0,FERPlus_6338.png
0,FERPlus_6339.png
0,FERPlus_6340.png
0,FERPlus_6341.png
0,FERPlus_6342.png
0,FERPlus_6343.png
0,FERPlus_6344.png
0,FERPlus_6345.png
0,FERPlus_6346.png
0,FERPlus_6347.png
0,FERPlus_6348.png
0,FERPlus_6349.png
0,FERPlus_6350.png
0,FERPlus_6351.png
0,FERPlus_6352.png
0,FERPlus_6353.png
0,FERPlus_6354.png
0,FERPlus_6355.png
0,FERPlus_6356.png
0,FERPlus_6357.png
0,FERPlus_6358.png
0,FERPlus_6359.png
0,FERPlus_6360.png
0,FERPlus_6361.png
0,FERPlus_6362.png
0,FERPlus_6363.png
0,FERPlus_6364.png
0,FERPlus_6365.png
0,FERPlus_6366.png
0,FERPlus_6367.png
0,FERPlus_6368.png
0,FERPlus_6369.png
0,FERPlus_6370.png
0,FERPlus_6371.png
0,FERPlus_6372.png
0,FERPlus_6373.png
0,FERPlus_6374.png
0,FERPlus_6375.png
0,FERPlus_6376.png
0,FERPlus_6377.png
0,FERPlus_6378.png
0,FERPlus_6379.png
0,FERPlus_6380.png
0,FERPlus_6381.png
0,FERPlus_6382.png
0,FERPlus_6383.png
0,FERPlus_6384.png
0,FERPlus_6385.png
0,FERPlus_6386.png
0,FERPlus_6387.png
0,FERPlus_6388.png
0,FERPlus_6389.png
0,FERPlus_6390.png
0,FERPlus_6391.png
0,FERPlus_6392.png
0,FERPlus_6393.png
0,FERPlus_6394.png
0,FERPlus_6395.png
0,FERPlus_6396.png
0,FERPlus_6397.png
0,FERPlus_6398.png
0,FERPlus_6399.png
0,FERPlus_6400.png
0,FERPlus_6401.png
0,FERPlus_6402.png
0,FERPlus_6403.png
0,FERPlus_6404.png
0,FERPlus_6405.png
0,FERPlus_6406.png
0,FERPlus_6407.png
0,FERPlus_6408.png
0,FERPlus_6409.png
0,FERPlus_6410.png
0,FERPlus_6411.png
0,FERPlus_6412.png
0,FERPlus_6413.png
0,FERPlus_6414.png
0,FERPlus_6415.png
0,FERPlus_6416.png
0,FERPlus_6417.png
0,FERPlus_6418.png
0,FERPlus_6419.png
0,FERPlus_6420.png
0,FERPlus_6421.png
0,FERPlus_6422.png
0,FERPlus_6423.png
0,FERPlus_6424.png
0,FERPlus_6425.png
0,FERPlus_6426.png
0,FERPlus_6427.png
0,FERPlus_6428.png
0,FERPlus_6429.png
0,FERPlus_6430.png
0,FERPlus_6431.png
0,FERPlus_6432.png
0,FERPlus_6433.png
0,FERPlus_6434.png
0,FERPlus_6435.png
0,FERPlus_6436.png
0,FERPlus_6437.png
0,FERPlus_6438.png
0,FERPlus_6439.png
0,FERPlus_6440.png
0,FERPlus_6441.png
0,FERPlus_6442.png
0,FERPlus_6443.png
0,FERPlus_6444.png
0,FERPlus_6445.png
0,FERPlus_6446.png
0,FERPlus_6447.png
0,FERPlus_6448.png
0,FERPlus_6449.png
0,FERPlus_6450.png
0,FERPlus_6451.png
0,FERPlus_6452.png
0,FERPlus_6453.png
0,FERPlus_6454.png
0,FERPlus_6455.png
0,FERPlus_6456.png
0,FERPlus_6457.png
0,FERPlus_6458.png
0,FERPlus_6459.png
0,FERPlus_6460.png
0,FERPlus_6461.png
0,FERPlus_6462.png
0,FERPlus_6463.png
0,FERPlus_6464.png
0,FERPlus_6465.png
0,FERPlus_6466.png
0,FERPlus_6467.png
0,FERPlus_6468.png
0,FERPlus_6469.png
0,FERPlus_6470.png
0,FERPlus_6471.png
0,FERPlus_6472.png
0,FERPlus_6473.png
0,FERPlus_6474.png
0,FERPlus_6475.png
0,FERPlus_6476.png
0,FERPlus_6477.png
0,FERPlus_6478.png
0,FERPlus_6479.png
0,FERPlus_6480.png
0,FERPlus_6481.png
0,FERPlus_6482.png
0,FERPlus_6483.png
0,FERPlus_6484.png
0,FERPlus_6485.png
0,FERPlus_6486.png
0,FERPlus_6487.png
0,FERPlus_6488.png
0,FERPlus_6489.png
0,FERPlus_6490.png
0,FERPlus_6491.png
0,FERPlus_6492.png
0,FERPlus_6493.png
0,FERPlus_6494.png
0,FERPlus_6495.png
0,FERPlus_6496.png
0,FERPlus_6497.png
0,FERPlus_6498.png
0,FERPlus_6499.png
0,FERPlus_6500.png
0,FERPlus_6501.png
0,FERPlus_6502.png
0,FERPlus_6503.png
0,FERPlus_6504.png
0,FERPlus_6505.png
0,FERPlus_6506.png
0,FERPlus_6507.png
0,FERPlus_6508.png
0,FERPlus_6509.png
0,FERPlus_6510.png
0,FERPlus_6511.png
0,FERPlus_6512.png
0,FERPlus_6513.png
0,FERPlus_6514.png
0,FERPlus_6515.png
0,FERPlus_6516.png
0,FERPlus_6517.png
0,FERPlus_6518.png
0,FERPlus_6519.png
0,FERPlus_6520.png
0,FERPlus_6521.png
0,FERPlus_6522.png
0,FERPlus_6523.png
0,FERPlus_6524.png
0,FERPlus_6525.png
0,FERPlus_6526.png
0,FERPlus_6527.png
0,FERPlus_6528.png
0,FERPlus_6529.png
0,FERPlus_6530.png
0,FERPlus_6531.png
0,FERPlus_6532.png
0,FERPlus_6533.png
0,FERPlus_6534.png
0,FERPlus_6535.png
0,FERPlus_6536.png
0,FERPlus_6537.png
0,FERPlus_6538.png
0,FERPlus_6539.png
0,FERPlus_6540.png
0,FERPlus_6541.png
0,FERPlus_6542.png
0,FERPlus_6543.png
0,FERPlus_6544.png
0,FERPlus_6545.png
0,FERPlus_6546.png
0,FERPlus_6547.png
0,FERPlus_6548.png
0,FERPlus_6549.png
0,FERPlus_6550.png
0,FERPlus_6551.png
0,FERPlus_6552.png
0,FERPlus_6553.png
0,FERPlus_6554.png
0,FERPlus_6555.png
0,FERPlus_6556.png
0,FERPlus_6557.png
0,FERPlus_6558.png
0,FERPlus_6559.png
0,FERPlus_6560.png
0,FERPlus_6561.png
0,FERPlus_6562.png
0,FERPlus_6563.png
0,FERPlus_6564.png
0,FERPlus_6565.png
0,FERPlus_6566.png
0,FERPlus_6567.png
0,FERPlus_6568.png
0,FERPlus_6569.png
0,FERPlus_6570.png
0,FERPlus_6571.png
0,FERPlus_6572.png
0,FERPlus_6573.png
0,FERPlus_6574.png
0,FERPlus_6575.png
0,FERPlus_6576.png
0,FERPlus_6577.png
0,FERPlus_6578.png
0,FERPlus_6579.png
0,FERPlus_6580.png
0,FERPlus_6581.png
0,FERPlus_6582.png
0,FERPlus_6583.png
0,FERPlus_6584.png
0,FERPlus_6585.png
0,FERPlus_6586.png
0,FERPlus_6587.png
0,FERPlus_6588.png
0,FERPlus_6589.png
0,FERPlus_6590.png
0,FERPlus_6591.png
0,FERPlus_6592.png
0,FERPlus_6593.png
0,FERPlus_6594.png
0,FERPlus_6595.png
0,FERPlus_6596.png
0,FERPlus_6597.png
0,FERPlus_6598.png
0,FERPlus_6599.png
0,FERPlus_6600.png
0,FERPlus_6601.png
0,FERPlus_6602.png
0,FERPlus_6603.png
0,FERPlus_6604.png
0,FERPlus_6605.png
0,FERPlus_6606.png
0,FERPlus_6607.png
0,FERPlus_6608.png
0,FERPlus_6609.png
0,FERPlus_6610.png
0,FERPlus_6611.png
0,FERPlus_6612.png
0,FERPlus_6613.png
0,FERPlus_6614.png
0,FERPlus_6615.png
0,FERPlus_6616.png
0,FERPlus_6617.png
0,FERPlus_6618.png
0,FERPlus_6619.png
0,FERPlus_6620.png
0,FERPlus_6621.png
0,FERPlus_6622.png
0,FERPlus_6623.png
0,FERPlus_6624.png
0,FERPlus_6625.png
0,FERPlus_6626.png
0,FERPlus_6627.png
0,FERPlus_6628.png
0,FERPlus_6629.png
0,FERPlus_6630.png
0,FERPlus_6631.png
0,FERPlus_6632.png
0,FERPlus_6633.png
0,FERPlus_6634.png
0,FERPlus_6635.png
0,FERPlus_6636.png
0,FERPlus_6637.png
0,FERPlus_6638.png
0,FERPlus_6639.png
0,FERPlus_6640.png
0,FERPlus_6641.png
0,FERPlus_6642.png
0,FERPlus_6643.png
0,FERPlus_6644.png
0,FERPlus_6645.png
0,FERPlus_6646.png
0,FERPlus_6647.png
0,FERPlus_6648.png
0,FERPlus_6649.png
0,FERPlus_6650.png
0,FERPlus_6651.png
0,FERPlus_6652.png
0,FERPlus_6653.png
0,FERPlus_6654.png
0,FERPlus_6655.png
0,FERPlus_6656.png
0,FERPlus_6657.png
0,FERPlus_6658.png
0,FERPlus_6659.png
0,FERPlus_6660.png
0,FERPlus_6661.png
0,FERPlus_6662.png
0,FERPlus_6663.png
0,FERPlus_6664.png
0,FERPlus_6665.png
0,FERPlus_6666.png
0,FERPlus_6667.png
0,FERPlus_6668.png
0,FERPlus_6669.png
0,FERPlus_6670.png
0,FERPlus_6671.png
0,FERPlus_6672.png
0,FERPlus_6673.png
0,FERPlus_6674.png
0,FERPlus_6675.png
0,FERPlus_6676.png
0,FERPlus_6677.png
0,FERPlus_6678.png
0,FERPlus_6679.png
0,FERPlus_6680.png
0,FERPlus_6681.png
0,FERPlus_6682.png
0,FERPlus_6683.png
0,FERPlus_6684.png
0,FERPlus_6685.png
0,FERPlus_6686.png
0,FERPlus_6687.png
0,FERPlus_6688.png
0,FERPlus_6689.png
0,FERPlus_6690.png
0,FERPlus_6691.png
0,FERPlus_6692.png
0,FERPlus_6693.png
0,FERPlus_6694.png
0,FERPlus_6695.png
0,FERPlus_6696.png
0,FERPlus_6697.png
0,FERPlus_6698.png
0,FERPlus_6699.png
0,FERPlus_6700.png
0,FERPlus_6701.png
0,FERPlus_6702.png
0,FERPlus_6703.png
0,FERPlus_6704.png
0,FERPlus_6705.png
0,FERPlus_6706.png
0,FERPlus_6707.png
0,FERPlus_6708.png
0,FERPlus_6709.png
0,FERPlus_6710.png
0,FERPlus_6711.png
0,FERPlus_6712.png
0,FERPlus_6713.png
0,FERPlus_6714.png
0,FERPlus_6715.png
0,FERPlus_6716.png
0,FERPlus_6717.png
0,FERPlus_6718.png
0,FERPlus_6719.png
0,FERPlus_6720.png
0,FERPlus_6721.png
0,FERPlus_6722.png
0,FERPlus_6723.png
0,FERPlus_6724.png
0,FERPlus_6725.png
0,FERPlus_6726.png
0,FERPlus_6727.png
0,FERPlus_6728.png
0,FERPlus_6729.png
0,FERPlus_6730.png
0,FERPlus_6731.png
0,FERPlus_6732.png
0,FERPlus_6733.png
0,FERPlus_6734.png
0,FERPlus_6735.png
0,FERPlus_6736.png
0,FERPlus_6737.png
0,FERPlus_6738.png
0,FERPlus_6739.png
0,FERPlus_6740.png
0,FERPlus_6741.png
0,FERPlus_6742.png
0,FERPlus_6743.png
0,FERPlus_6744.png
0,FERPlus_6745.png
0,FERPlus_6746.png
0,FERPlus_6747.png
0,FERPlus_6748.png
0,FERPlus_6749.png
0,FERPlus_6750.png
0,FERPlus_6751.png
0,FERPlus_6752.png
0,FERPlus_6753.png
0,FERPlus_6754.png
0,FERPlus_6755.png
0,FERPlus_6756.png
0,FERPlus_6757.png
0,FERPlus_6758.png
0,FERPlus_6759.png
0,FERPlus_6760.png
0,FERPlus_6761.png
0,FERPlus_6762.png
0,FERPlus_6763.png
0,FERPlus_6764.png
0,FERPlus_6765.png
0,FERPlus_6766.png
0,FERPlus_6767.png
0,FERPlus_6768.png
0,FERPlus_6769.png
0,FERPlus_6770.png
0,FERPlus_6771.png
0,FERPlus_6772.png
0,FERPlus_6773.png
0,FERPlus_6774.png
0,FERPlus_6775.png
0,FERPlus_6776.png
0,FERPlus_6777.png
0,FERPlus_6778.png
0,FERPlus_6779.png
0,FERPlus_6780.png
0,FERPlus_6781.png
0,FERPlus_6782.png
0,FERPlus_6783.png
0,FERPlus_6784.png
0,FERPlus_6785.png
0,FERPlus_6786.png
0,FERPlus_6787.png
0,FERPlus_6788.png
0,FERPlus_6789.png
0,FERPlus_6790.png
0,FERPlus_6791.png
0,FERPlus_6792.png
0,FERPlus_6793.png
0,FERPlus_6794.png
0,FERPlus_6795.png
0,FERPlus_6796.png
0,FERPlus_6797.png
0,FERPlus_6798.png
0,FERPlus_6799.png
0,FERPlus_6800.png
0,FERPlus_6801.png
0,FERPlus_6802.png
0,FERPlus_6803.png
0,FERPlus_6804.png
0,FERPlus_6805.png
0,FERPlus_6806.png
0,FERPlus_6807.png
0,FERPlus_6808.png
0,FERPlus_6809.png
0,FERPlus_6810.png
0,FERPlus_6811.png
0,FERPlus_6812.png
0,FERPlus_6813.png
0,FERPlus_6814.png
0,FERPlus_6815.png
0,FERPlus_6816.png
0,FERPlus_6817.png
0,FERPlus_6818.png
0,FERPlus_6819.png
0,FERPlus_6820.png
0,FERPlus_6821.png
0,FERPlus_6822.png
0,FERPlus_6823.png
0,FERPlus_6824.png
0,FERPlus_6825.png
0,FERPlus_6826.png
0,FERPlus_6827.png
0,FERPlus_6828.png
0,FERPlus_6829.png
0,FERPlus_6830.png
0,FERPlus_6831.png
0,FERPlus_6832.png
0,FERPlus_6833.png
0,FERPlus_6834.png
0,FERPlus_6835.png
0,FERPlus_6836.png
0,FERPlus_6837.png
0,FERPlus_6838.png
0,FERPlus_6839.png
0,FERPlus_6840.png
0,FERPlus_6841.png
0,FERPlus_6842.png
0,FERPlus_6843.png
0,FERPlus_6844.png
0,FERPlus_6845.png
0,FERPlus_6846.png
0,FERPlus_6847.png
0,FERPlus_6848.png
0,FERPlus_6849.png
0,FERPlus_6850.png
0,FERPlus_6851.png
0,FERPlus_6852.png
0,FERPlus_6853.png
0,FERPlus_6854.png
0,FERPlus_6855.png
0,FERPlus_6856.png
0,FERPlus_6857.png
0,FERPlus_6858.png
0,FERPlus_6859.png
0,FERPlus_6860.png
0,FERPlus_6861.png
0,FERPlus_6862.png
0,FERPlus_6863.png
0,FERPlus_6864.png
0,FERPlus_6865.png
0,FERPlus_6866.png
0,FERPlus_6867.png
0,FERPlus_6868.png
0,FERPlus_6869.png
0,FERPlus_6870.png
0,FERPlus_6871.png
0,FERPlus_6872.png
0,FERPlus_6873.png
0,FERPlus_6874.png
0,FERPlus_6875.png
0,FERPlus_6876.png
0,FERPlus_6877.png
0,FERPlus_6878.png
0,FERPlus_6879.png
0,FERPlus_6880.png
0,FERPlus_6881.png
0,FERPlus_6882.png
0,FERPlus_6883.png
0,FERPlus_6884.png
0,FERPlus_6885.png
0,FERPlus_6886.png
0,FERPlus_6887.png
0,FERPlus_6888.png
0,FERPlus_6889.png
0,FERPlus_6890.png
0,FERPlus_6891.png
0,FERPlus_6892.png
0,FERPlus_6893.png
0,FERPlus_6894.png
0,FERPlus_6895.png
0,FERPlus_6896.png
0,FERPlus_6897.png
0,FERPlus_6898.png
0,FERPlus_6899.png
0,FERPlus_6900.png
0,FERPlus_6901.png
0,FERPlus_6902.png
0,FERPlus_6903.png
0,FERPlus_6904.png
0,FERPlus_6905.png
0,FERPlus_6906.png
0,FERPlus_6907.png
0,FERPlus_6908.png
0,FERPlus_6909.png
0,FERPlus_6910.png
0,FERPlus_6911.png
0,FERPlus_6912.png
0,FERPlus_6913.png
0,FERPlus_6914.png
0,FERPlus_6915.png
0,FERPlus_6916.png
0,FERPlus_6917.png
0,FERPlus_6918.png
0,FERPlus_6919.png
0,FERPlus_6920.png
0,FERPlus_6921.png
0,FERPlus_6922.png
0,FERPlus_6923.png
0,FERPlus_6924.png
0,FERPlus_6925.png
0,FERPlus_6926.png
0,FERPlus_6927.png
0,FERPlus_6928.png
0,FERPlus_6929.png
0,FERPlus_6930.png
0,FERPlus_6931.png
0,FERPlus_6932.png
0,FERPlus_6933.png
0,FERPlus_6934.png
0,FERPlus_6935.png
0,FERPlus_6936.png
0,FERPlus_6937.png
0,FERPlus_6938.png
0,FERPlus_6939.png
0,FERPlus_6940.png
0,FERPlus_6941.png
0,FERPlus_6942.png
0,FERPlus_6943.png
0,FERPlus_6944.png
0,FERPlus_6945.png
0,FERPlus_6946.png
0,FERPlus_6947.png
0,FERPlus_6948.png
0,FERPlus_6949.png
0,FERPlus_6950.png
0,FERPlus_6951.png
0,FERPlus_6952.png
0,FERPlus_6953.png
0,FERPlus_6954.png
0,FERPlus_6955.png
0,FERPlus_6956.png
0,FERPlus_6957.png
0,FERPlus_6958.png
0,FERPlus_6959.png
0,FERPlus_6960.png
0,FERPlus_6961.png
0,FERPlus_6962.png
0,FERPlus_6963.png
0,FERPlus_6964.png
0,FERPlus_6965.png
0,FERPlus_6966.png
0,FERPlus_6967.png
0,FERPlus_6968.png
0,FERPlus_6969.png
0,FERPlus_6970.png
0,FERPlus_6971.png
0,FERPlus_6972.png
0,FERPlus_6973.png
0,FERPlus_6974.png
0,FERPlus_6975.png
0,FERPlus_6976.png
0,FERPlus_6977.png
0,FERPlus_6978.png
0,FERPlus_6979.png
0,FERPlus_6980.png
0,FERPlus_6981.png
0,FERPlus_6982.png
0,FERPlus_6983.png
0,FERPlus_6984.png
0,FERPlus_6985.png
0,FERPlus_6986.png
0,FERPlus_6987.png
0,FERPlus_6988.png
0,FERPlus_6989.png
0,FERPlus_6990.png
0,FERPlus_6991.png
0,FERPlus_6992.png
0,FERPlus_6993.png
0,FERPlus_6994.png
0,FERPlus_6995.png
0,FERPlus_6996.png
0,FERPlus_6997.png
0,FERPlus_6998.png
0,FERPlus_6999.png
0,FERPlus_7000.png
0,FERPlus_7001.png
0,FERPlus_7002.png
0,FERPlus_7003.png
0,FERPlus_7004.png
0,FERPlus_7005.png
0,FERPlus_7006.png
0,FERPlus_7007.png
0,FERPlus_7008.png
0,FERPlus_7009.png
0,FERPlus_7010.png
0,FERPlus_7011.png
0,FERPlus_7012.png
0,FERPlus_7013.png
0,FERPlus_7014.png
0,FERPlus_7015.png
0,FERPlus_7016.png
0,FERPlus_7017.png
0,FERPlus_7018.png
0,FERPlus_7019.png
0,FERPlus_7020.png
0,FERPlus_7021.png
0,FERPlus_7022.png
0,FERPlus_7023.png
0,FERPlus_7024.png
0,FERPlus_7025.png
0,FERPlus_7026.png
0,FERPlus_7027.png
0,FERPlus_7028.png
0,FERPlus_7029.png
0,FERPlus_7030.png
0,FERPlus_7031.png
0,FERPlus_7032.png
0,FERPlus_7033.png
0,FERPlus_7034.png
0,FERPlus_7035.png
0,FERPlus_7036.png
0,FERPlus_7037.png
0,FERPlus_7038.png
0,FERPlus_7039.png
0,FERPlus_7040.png
0,FERPlus_7041.png
0,FERPlus_7042.png
0,FERPlus_7043.png
0,FERPlus_7044.png
0,FERPlus_7045.png
0,FERPlus_7046.png
0,FERPlus_7047.png
0,FERPlus_7048.png
0,FERPlus_7049.png
0,FERPlus_7050.png
0,FERPlus_7051.png
0,FERPlus_7052.png
0,FERPlus_7053.png
0,FERPlus_7054.png
0,FERPlus_7055.png
0,FERPlus_7056.png
0,FERPlus_7057.png
0,FERPlus_7058.png
0,FERPlus_7059.png
0,FERPlus_7060.png
0,FERPlus_7061.png
0,FERPlus_7062.png
0,FERPlus_7063.png
0,FERPlus_7064.png
0,FERPlus_7065.png
0,FERPlus_7066.png
0,FERPlus_7067.png
0,FERPlus_7068.png
0,FERPlus_7069.png
0,FERPlus_7070.png
0,FERPlus_7071.png
0,FERPlus_7072.png
0,FERPlus_7073.png
0,FERPlus_7074.png
0,FERPlus_7075.png
0,FERPlus_7076.png
0,FERPlus_7077.png
0,FERPlus_7078.png
0,FERPlus_7079.png
0,FERPlus_7080.png
0,FERPlus_7081.png
0,FERPlus_7082.png
0,FERPlus_7083.png
0,FERPlus_7084.png
0,FERPlus_7085.png
0,FERPlus_7086.png
0,FERPlus_7087.png
0,FERPlus_7088.png
0,FERPlus_7089.png
0,FERPlus_7090.png
0,FERPlus_7091.png
0,FERPlus_7092.png
0,FERPlus_7093.png
0,FERPlus_7094.png
0,FERPlus_7095.png
0,FERPlus_7096.png
0,FERPlus_7097.png
0,FERPlus_7098.png
0,FERPlus_7099.png
0,FERPlus_7100.png
0,FERPlus_7101.png
0,FERPlus_7102.png
0,FERPlus_7103.png
0,FERPlus_7104.png
0,FERPlus_7105.png
0,FERPlus_7106.png
0,FERPlus_7107.png
0,FERPlus_7108.png
0,FERPlus_7109.png
0,FERPlus_7110.png
0,FERPlus_7111.png
0,FERPlus_7112.png
0,FERPlus_7113.png
0,FERPlus_7114.png
0,FERPlus_7115.png
0,FERPlus_7116.png
0,FERPlus_7117.png
0,FERPlus_7118.png
0,FERPlus_7119.png
0,FERPlus_7120.png
0,FERPlus_7121.png
0,FERPlus_7122.png
0,FERPlus_7123.png
0,FERPlus_7124.png
0,FERPlus_7125.png
0,FERPlus_7126.png
0,FERPlus_7127.png
0,FERPlus_7128.png
0,FERPlus_7129.png
0,FERPlus_7130.png
0,FERPlus_7131.png
0,FERPlus_7132.png
0,FERPlus_7133.png
0,FERPlus_7134.png
0,FERPlus_7135.png
0,FERPlus_7136.png
0,FERPlus_7137.png
0,FERPlus_7138.png
0,FERPlus_7139.png
0,FERPlus_7140.png
0,FERPlus_7141.png
0,FERPlus_7142.png
0,FERPlus_7143.png
0,FERPlus_7144.png
0,FERPlus_7145.png
0,FERPlus_7146.png
0,FERPlus_7147.png
0,FERPlus_7148.png
0,FERPlus_7149.png
0,FERPlus_7150.png
0,FERPlus_7151.png
0,FERPlus_7152.png
0,FERPlus_7153.png
0,FERPlus_7154.png
0,FERPlus_7155.png
0,FERPlus_7156.png
0,FERPlus_7157.png
0,FERPlus_7158.png
0,FERPlus_7159.png
0,FERPlus_7160.png
0,FERPlus_7161.png
0,FERPlus_7162.png
0,FERPlus_7163.png
0,FERPlus_7164.png
0,FERPlus_7165.png
0,FERPlus_7166.png
0,FERPlus_7167.png
0,FERPlus_7168.png
0,FERPlus_7169.png
0,FERPlus_7170.png
0,FERPlus_7171.png
0,FERPlus_7172.png
0,FERPlus_7173.png
0,FERPlus_7174.png
0,FERPlus_7175.png
0,FERPlus_7176.png
0,FERPlus_7177.png
0,FERPlus_7178.png
0,FERPlus_7179.png
0,FERPlus_7180.png
0,FERPlus_7181.png
0,FERPlus_7182.png
0,FERPlus_7183.png
0,FERPlus_7184.png
0,FERPlus_7185.png
0,FERPlus_7186.png
0,FERPlus_7187.png
0,FERPlus_7188.png
0,FERPlus_7189.png
0,FERPlus_7190.png
0,FERPlus_7191.png
0,FERPlus_7192.png
0,FERPlus_7193.png
0,FERPlus_7194.png
0,FERPlus_7195.png
0,FERPlus_7196.png
0,FERPlus_7197.png
0,FERPlus_7198.png
0,FERPlus_7199.png
0,FERPlus_7200.png
0,FERPlus_7201.png
0,FERPlus_7202.png
0,FERPlus_7203.png
0,FERPlus_7204.png
0,FERPlus_7205.png
0,FERPlus_7206.png
0,FERPlus_7207.png
0,FERPlus_7208.png
0,FERPlus_7209.png
0,FERPlus_7210.png
0,FERPlus_7211.png
0,FERPlus_7212.png
0,FERPlus_7213.png
0,FERPlus_7214.png
0,FERPlus_7215.png
0,FERPlus_7216.png
0,FERPlus_7217.png
0,FERPlus_7218.png
0,FERPlus_7219.png
0,FERPlus_7220.png
0,FERPlus_7221.png
0,FERPlus_7222.png
0,FERPlus_7223.png
0,FERPlus_7224.png
0,FERPlus_7225.png
0,FERPlus_7226.png
0,FERPlus_7227.png
0,FERPlus_7228.png
0,FERPlus_7229.png
0,FERPlus_7230.png
0,FERPlus_7231.png
0,FERPlus_7232.png
0,FERPlus_7233.png
0,FERPlus_7234.png
0,FERPlus_7235.png
0,FERPlus_7236.png
0,FERPlus_7237.png
0,FERPlus_7238.png
0,FERPlus_7239.png
0,FERPlus_7240.png
0,FERPlus_7241.png
0,FERPlus_7242.png
0,FERPlus_7243.png
0,FERPlus_7244.png
0,FERPlus_7245.png
0,FERPlus_7246.png
0,FERPlus_7247.png
0,FERPlus_7248.png
0,FERPlus_7249.png
0,FERPlus_7250.png
0,FERPlus_7251.png
0,FERPlus_7252.png
0,FERPlus_7253.png
0,FERPlus_7254.png
0,FERPlus_7255.png
0,FERPlus_7256.png
0,FERPlus_7257.png
0,FERPlus_7258.png
0,FERPlus_7259.png
0,FERPlus_7260.png
0,FERPlus_7261.png
0,FERPlus_7262.png
0,FERPlus_7263.png
0,FERPlus_7264.png
0,FERPlus_7265.png
0,FERPlus_7266.png
0,FERPlus_7267.png
0,FERPlus_7268.png
0,FERPlus_7269.png
0,FERPlus_7270.png
0,FERPlus_7271.png
0,FERPlus_7272.png
0,FERPlus_7273.png
0,FERPlus_7274.png
0,FERPlus_7275.png
0,FERPlus_7276.png
0,FERPlus_7277.png
0,FERPlus_7278.png
0,FERPlus_7279.png
0,FERPlus_7280.png
0,FERPlus_7281.png
0,FERPlus_7282.png
0,FERPlus_7283.png
0,FERPlus_7284.png
0,FERPlus_7285.png
0,FERPlus_7286.png
0,FERPlus_7287.png
0,FERPlus_7288.png
0,FERPlus_7289.png
0,FERPlus_7290.png
0,FERPlus_7291.png
0,FERPlus_7292.png
0,FERPlus_7293.png
0,FERPlus_7294.png
0,FERPlus_7295.png
0,FERPlus_7296.png
0,FERPlus_7297.png
0,FERPlus_7298.png
0,FERPlus_7299.png
0,FERPlus_7300.png
0,FERPlus_7301.png
0,FERPlus_7302.png
0,FERPlus_7303.png
0,FERPlus_7304.png
0,FERPlus_7305.png
0,FERPlus_7306.png
0,FERPlus_7307.png
0,FERPlus_7308.png
0,FERPlus_7309.png
0,FERPlus_7310.png
0,FERPlus_7311.png
0,FERPlus_7312.png
0,FERPlus_7313.png
0,FERPlus_7314.png
0,FERPlus_7315.png
0,FERPlus_7316.png
0,FERPlus_7317.png
0,FERPlus_7318.png
0,FERPlus_7319.png
0,FERPlus_7320.png
0,FERPlus_7321.png
0,FERPlus_7322.png
0,FERPlus_7323.png
0,FERPlus_7324.png
0,FERPlus_7325.png
0,FERPlus_7326.png
0,FERPlus_7327.png
0,FERPlus_7328.png
0,FERPlus_7329.png
0,FERPlus_7330.png
0,FERPlus_7331.png
0,FERPlus_7332.png
0,FERPlus_7333.png
0,FERPlus_7334.png
0,FERPlus_7335.png
0,FERPlus_7336.png
0,FERPlus_7337.png
0,FERPlus_7338.png
0,FERPlus_7339.png
0,FERPlus_7340.png
0,FERPlus_7341.png
0,FERPlus_7342.png
0,FERPlus_7343.png
0,FERPlus_7344.png
0,FERPlus_7345.png
0,FERPlus_7346.png
0,FERPlus_7347.png
0,FERPlus_7348.png
0,FERPlus_7349.png
0,FERPlus_7350.png
0,FERPlus_7351.png
0,FERPlus_7352.png
0,FERPlus_7353.png
0,FERPlus_7354.png
0,FERPlus_7355.png
0,FERPlus_7356.png
0,FERPlus_7357.png
0,FERPlus_7358.png
0,FERPlus_7359.png
0,FERPlus_7360.png
0,FERPlus_7361.png
0,FERPlus_7362.png
0,FERPlus_7363.png
0,FERPlus_7364.png
0,FERPlus_7365.png
0,FERPlus_7366.png
0,FERPlus_7367.png
0,FERPlus_7368.png
0,FERPlus_7369.png
0,FERPlus_7370.png
0,FERPlus_7371.png
0,FERPlus_7372.png
0,FERPlus_7373.png
0,FERPlus_7374.png
0,FERPlus_7375.png
0,FERPlus_7376.png
0,FERPlus_7377.png
0,FERPlus_7378.png
0,FERPlus_7379.png
0,FERPlus_7380.png
0,FERPlus_7381.png
0,FERPlus_7382.png
0,FERPlus_7383.png
0,FERPlus_7384.png
0,FERPlus_7385.png
0,FERPlus_7386.png
0,FERPlus_7387.png
0,FERPlus_7388.png
0,FERPlus_7389.png
0,FERPlus_7390.png
0,FERPlus_7391.png
0,FERPlus_7392.png
0,FERPlus_7393.png
0,FERPlus_7394.png
0,FERPlus_7395.png
0,FERPlus_7396.png
0,FERPlus_7397.png
0,FERPlus_7398.png
0,FERPlus_7399.png
0,FERPlus_7400.png
0,FERPlus_7401.png
0,FERPlus_7402.png
0,FERPlus_7403.png
0,FERPlus_7404.png
0,FERPlus_7405.png
0,FERPlus_7406.png
0,FERPlus_7407.png
0,FERPlus_7408.png
0,FERPlus_7409.png
0,FERPlus_7410.png
0,FERPlus_7411.png
0,FERPlus_7412.png
0,FERPlus_7413.png
0,FERPlus_7414.png
0,FERPlus_7415.png
0,FERPlus_7416.png
0,FERPlus_7417.png
0,FERPlus_7418.png
0,FERPlus_7419.png
0,FERPlus_7420.png
0,FERPlus_7421.png
0,FERPlus_7422.png
0,FERPlus_7423.png
0,FERPlus_7424.png
0,FERPlus_7425.png
0,FERPlus_7426.png
0,FERPlus_7427.png
0,FERPlus_7428.png
0,FERPlus_7429.png
0,FERPlus_7430.png
0,FERPlus_7431.png
0,FERPlus_7432.png
0,FERPlus_7433.png
0,FERPlus_7434.png
0,FERPlus_7435.png
0,FERPlus_7436.png
0,FERPlus_7437.png
0,FERPlus_7438.png
0,FERPlus_7439.png
0,FERPlus_7440.png
0,FERPlus_7441.png
0,FERPlus_7442.png
0,FERPlus_7443.png
0,FERPlus_7444.png
0,FERPlus_7445.png
0,FERPlus_7446.png
0,FERPlus_7447.png
0,FERPlus_7448.png
0,FERPlus_7449.png
0,FERPlus_7450.png
0,FERPlus_7451.png
0,FERPlus_7452.png
0,FERPlus_7453.png
0,FERPlus_7454.png
0,FERPlus_7455.png
0,FERPlus_7456.png
0,FERPlus_7457.png
0,FERPlus_7458.png
0,FERPlus_7459.png
0,FERPlus_7460.png
0,FERPlus_7461.png
0,FERPlus_7462.png
0,FERPlus_7463.png
0,FERPlus_7464.png
0,FERPlus_7465.png
0,FERPlus_7466.png
0,FERPlus_7467.png
0,FERPlus_7468.png
0,FERPlus_7469.png
0,FERPlus_7470.png
0,FERPlus_7471.png
0,FERPlus_7472.png
0,FERPlus_7473.png
0,FERPlus_7474.png
0,FERPlus_7475.png
0,FERPlus_7476.png
0,FERPlus_7477.png
0,FERPlus_7478.png
0,FERPlus_7479.png
0,FERPlus_7480.png
0,FERPlus_7481.png
0,FERPlus_7482.png
0,FERPlus_7483.png
0,FERPlus_7484.png
0,FERPlus_7485.png
0,FERPlus_7486.png
0,FERPlus_7487.png
0,FERPlus_7488.png
0,FERPlus_7489.png
0,FERPlus_7490.png
0,FERPlus_7491.png
0,FERPlus_7492.png
0,FERPlus_7493.png
0,FERPlus_7494.png
0,FERPlus_7495.png
0,FERPlus_7496.png
0,FERPlus_7497.png
0,FERPlus_7498.png
0,FERPlus_7499.png
0,FERPlus_7500.png
0,FERPlus_7501.png
0,FERPlus_7502.png
0,FERPlus_7503.png
0,FERPlus_7504.png
0,FERPlus_7505.png
0,FERPlus_7506.png
0,FERPlus_7507.png
0,FERPlus_7508.png
0,FERPlus_7509.png
0,FERPlus_7510.png
0,FERPlus_7511.png
0,FERPlus_7512.png
0,FERPlus_7513.png
0,FERPlus_7514.png
0,FERPlus_7515.png
0,FERPlus_7516.png
0,FERPlus_7517.png
0,FERPlus_7518.png
0,FERPlus_7519.png
0,FERPlus_7520.png
0,FERPlus_7521.png
0,FERPlus_7522.png
0,FERPlus_7523.png
0,FERPlus_7524.png
0,FERPlus_7525.png
0,FERPlus_7526.png
0,FERPlus_7527.png
0,FERPlus_7528.png
0,FERPlus_7529.png
0,FERPlus_7530.png
0,FERPlus_7531.png
0,FERPlus_7532.png
0,FERPlus_7533.png
0,FERPlus_7534.png
0,FERPlus_7535.png
0,FERPlus_7536.png
0,FERPlus_7537.png
0,FERPlus_7538.png
0,FERPlus_7539.png
0,FERPlus_7540.png
0,FERPlus_7541.png
0,FERPlus_7542.png
0,FERPlus_7543.png
0,FERPlus_7544.png
0,FERPlus_7545.png
0,FERPlus_7546.png
0,FERPlus_7547.png
0,FERPlus_7548.png
0,FERPlus_7549.png
0,FERPlus_7550.png
0,FERPlus_7551.png
0,FERPlus_7552.png
0,FERPlus_7553.png
0,FERPlus_7554.png
0,FERPlus_7555.png
0,FERPlus_7556.png
0,FERPlus_7557.png
0,FERPlus_7558.png
0,FERPlus_7559.png
0,FERPlus_7560.png
0,FERPlus_7561.png
0,FERPlus_7562.png
0,FERPlus_7563.png
0,FERPlus_7564.png
0,FERPlus_7565.png
0,FERPlus_7566.png
0,FERPlus_7567.png
0,FERPlus_7568.png
0,FERPlus_7569.png
0,FERPlus_7570.png
0,FERPlus_7571.png
0,FERPlus_7572.png
0,FERPlus_7573.png
0,FERPlus_7574.png
0,FERPlus_7575.png
0,FERPlus_7576.png
0,FERPlus_7577.png
0,FERPlus_7578.png
0,FERPlus_7579.png
0,FERPlus_7580.png
0,FERPlus_7581.png
0,FERPlus_7582.png
0,FERPlus_7583.png
0,FERPlus_7584.png
0,FERPlus_7585.png
0,FERPlus_7586.png
0,FERPlus_7587.png
0,FERPlus_7588.png
0,FERPlus_7589.png
0,FERPlus_7590.png
0,FERPlus_7591.png
0,FERPlus_7592.png
0,FERPlus_7593.png
0,FERPlus_7594.png
0,FERPlus_7595.png
0,FERPlus_7596.png
0,FERPlus_7597.png
0,FERPlus_7598.png
0,FERPlus_7599.png
0,FERPlus_7600.png
0,FERPlus_7601.png
0,FERPlus_7602.png
0,FERPlus_7603.png
0,FERPlus_7604.png
0,FERPlus_7605.png
0,FERPlus_7606.png
0,FERPlus_7607.png
0,FERPlus_7608.png
0,FERPlus_7609.png
0,FERPlus_7610.png
0,FERPlus_7611.png
0,FERPlus_7612.png
0,FERPlus_7613.png
0,FERPlus_7614.png
0,FERPlus_7615.png
0,FERPlus_7616.png
0,FERPlus_7617.png
0,FERPlus_7618.png
0,FERPlus_7619.png
0,FERPlus_7620.png
0,FERPlus_7621.png
0,FERPlus_7622.png
0,FERPlus_7623.png
0,FERPlus_7624.png
0,FERPlus_7625.png
0,FERPlus_7626.png
0,FERPlus_7627.png
0,FERPlus_7628.png
0,FERPlus_7629.png
0,FERPlus_7630.png
0,FERPlus_7631.png
0,FERPlus_7632.png
0,FERPlus_7633.png
0,FERPlus_7634.png
0,FERPlus_7635.png
0,FERPlus_7636.png
0,FERPlus_7637.png
0,FERPlus_7638.png
0,FERPlus_7639.png
0,FERPlus_7640.png
0,FERPlus_7641.png
0,FERPlus_7642.png
0,FERPlus_7643.png
0,FERPlus_7644.png
0,FERPlus_7645.png
0,FERPlus_7646.png
0,FERPlus_7647.png
0,FERPlus_7648.png
0,FERPlus_7649.png
0,FERPlus_7650.png
0,FERPlus_7651.png
0,FERPlus_7652.png
0,FERPlus_7653.png
0,FERPlus_7654.png
0,FERPlus_7655.png
0,FERPlus_7656.png
0,FERPlus_7657.png
0,FERPlus_7658.png
0,FERPlus_7659.png
0,FERPlus_7660.png
0,FERPlus_7661.png
0,FERPlus_7662.png
0,FERPlus_7663.png
0,FERPlus_7664.png
0,FERPlus_7665.png
0,FERPlus_7666.png
0,FERPlus_7667.png
0,FERPlus_7668.png
0,FERPlus_7669.png
0,FERPlus_7670.png
0,FERPlus_7671.png
0,FERPlus_7672.png
0,FERPlus_7673.png
0,FERPlus_7674.png
0,FERPlus_7675.png
0,FERPlus_7676.png
0,FERPlus_7677.png
0,FERPlus_7678.png
0,FERPlus_7679.png
0,FERPlus_7680.png
0,FERPlus_7681.png
0,FERPlus_7682.png
0,FERPlus_7683.png
0,FERPlus_7684.png
0,FERPlus_7685.png
0,FERPlus_7686.png
0,FERPlus_7687.png
0,FERPlus_7688.png
0,FERPlus_7689.png
0,FERPlus_7690.png
0,FERPlus_7691.png
0,FERPlus_7692.png
0,FERPlus_7693.png
0,FERPlus_7694.png
0,FERPlus_7695.png
0,FERPlus_7696.png
0,FERPlus_7697.png
0,FERPlus_7698.png
0,FERPlus_7699.png
0,FERPlus_7700.png
0,FERPlus_7701.png
0,FERPlus_7702.png
0,FERPlus_7703.png
0,FERPlus_7704.png
0,FERPlus_7705.png
0,FERPlus_7706.png
0,FERPlus_7707.png
0,FERPlus_7708.png
0,FERPlus_7709.png
0,FERPlus_7710.png
0,FERPlus_7711.png
0,FERPlus_7712.png
0,FERPlus_7713.png
0,FERPlus_7714.png
0,FERPlus_7715.png
0,FERPlus_7716.png
0,FERPlus_7717.png
0,FERPlus_7718.png
0,FERPlus_7719.png
0,FERPlus_7720.png
0,FERPlus_7721.png
0,FERPlus_7722.png
0,FERPlus_7723.png
0,FERPlus_7724.png
0,FERPlus_7725.png
0,FERPlus_7726.png
0,FERPlus_7727.png
0,FERPlus_7728.png
0,FERPlus_7729.png
0,FERPlus_7730.png
0,FERPlus_7731.png
0,FERPlus_7732.png
0,FERPlus_7733.png
0,FERPlus_7734.png
0,FERPlus_7735.png
0,FERPlus_7736.png
0,FERPlus_7737.png
0,FERPlus_7738.png
0,FERPlus_7739.png
0,FERPlus_7740.png
0,FERPlus_7741.png
0,FERPlus_7742.png
0,FERPlus_7743.png
0,FERPlus_7744.png
0,FERPlus_7745.png
0,FERPlus_7746.png
0,FERPlus_7747.png
0,FERPlus_7748.png
0,FERPlus_7749.png
0,FERPlus_7750.png
0,FERPlus_7751.png
0,FERPlus_7752.png
0,FERPlus_7753.png
0,FERPlus_7754.png
0,FERPlus_7755.png
0,FERPlus_7756.png
0,FERPlus_7757.png
0,FERPlus_7758.png
0,FERPlus_7759.png
0,FERPlus_7760.png
0,FERPlus_7761.png
0,FERPlus_7762.png
0,FERPlus_7763.png
0,FERPlus_7764.png
0,FERPlus_7765.png
0,FERPlus_7766.png
0,FERPlus_7767.png
0,FERPlus_7768.png
0,FERPlus_7769.png
0,FERPlus_7770.png
0,FERPlus_7771.png
0,FERPlus_7772.png
0,FERPlus_7773.png
0,FERPlus_7774.png
0,FERPlus_7775.png
0,FERPlus_7776.png
0,FERPlus_7777.png
0,FERPlus_7778.png
0,FERPlus_7779.png
0,FERPlus_7780.png
0,FERPlus_7781.png
0,FERPlus_7782.png
0,FERPlus_7783.png
0,FERPlus_7784.png
0,FERPlus_7785.png
0,FERPlus_7786.png
0,FERPlus_7787.png
0,FERPlus_7788.png
0,FERPlus_7789.png
0,FERPlus_7790.png
0,FERPlus_7791.png
0,FERPlus_7792.png
0,FERPlus_7793.png
0,FERPlus_7794.png
0,FERPlus_7795.png
0,FERPlus_7796.png
0,FERPlus_7797.png
0,FERPlus_7798.png
0,FERPlus_7799.png
0,FERPlus_7800.png
0,FERPlus_7801.png
0,FERPlus_7802.png
0,FERPlus_7803.png
0,FERPlus_7804.png
0,FERPlus_7805.png
0,FERPlus_7806.png
0,FERPlus_7807.png
0,FERPlus_7808.png
0,FERPlus_7809.png
0,FERPlus_7810.png
0,FERPlus_7811.png
0,FERPlus_7812.png
0,FERPlus_7813.png
0,FERPlus_7814.png
0,FERPlus_7815.png
0,FERPlus_7816.png
0,FERPlus_7817.png
0,FERPlus_7818.png
0,FERPlus_7819.png
0,FERPlus_7820.png
0,FERPlus_7821.png
0,FERPlus_7822.png
0,FERPlus_7823.png
0,FERPlus_7824.png
0,FERPlus_7825.png
0,FERPlus_7826.png
0,FERPlus_7827.png
0,FERPlus_7828.png
0,FERPlus_7829.png
0,FERPlus_7830.png
0,FERPlus_7831.png
0,FERPlus_7832.png
0,FERPlus_7833.png
0,FERPlus_7834.png
0,FERPlus_7835.png
0,FERPlus_7836.png
0,FERPlus_7837.png
0,FERPlus_7838.png
0,FERPlus_7839.png
0,FERPlus_7840.png
0,FERPlus_7841.png
0,FERPlus_7842.png
0,FERPlus_7843.png
0,FERPlus_7844.png
0,FERPlus_7845.png
0,FERPlus_7846.png
0,FERPlus_7847.png
0,FERPlus_7848.png
0,FERPlus_7849.png
0,FERPlus_7850.png
0,FERPlus_7851.png
0,FERPlus_7852.png
0,FERPlus_7853.png
0,FERPlus_7854.png
0,FERPlus_7855.png
0,FERPlus_7856.png
0,FERPlus_7857.png
0,FERPlus_7858.png
0,FERPlus_7859.png
0,FERPlus_7860.png
0,FERPlus_7861.png
0,FERPlus_7862.png
0,FERPlus_7863.png
0,FERPlus_7864.png
0,FERPlus_7865.png
0,FERPlus_7866.png
0,FERPlus_7867.png
0,FERPlus_7868.png
0,FERPlus_7869.png
0,FERPlus_7870.png
0,FERPlus_7871.png
0,FERPlus_7872.png
0,FERPlus_7873.png
0,FERPlus_7874.png
0,FERPlus_7875.png
0,FERPlus_7876.png
0,FERPlus_7877.png
0,FERPlus_7878.png
0,FERPlus_7879.png
0,FERPlus_7880.png
0,FERPlus_7881.png
0,FERPlus_7882.png
0,FERPlus_7883.png
0,FERPlus_7884.png
0,FERPlus_7885.png
0,FERPlus_7886.png
0,FERPlus_7887.png
0,FERPlus_7888.png
0,FERPlus_7889.png
0,FERPlus_7890.png
0,FERPlus_7891.png
0,FERPlus_7892.png
0,FERPlus_7893.png
0,FERPlus_7894.png
0,FERPlus_7895.png
0,FERPlus_7896.png
0,FERPlus_7897.png
0,FERPlus_7898.png
0,FERPlus_7899.png
0,FERPlus_7900.png
0,FERPlus_7901.png
0,FERPlus_7902.png
0,FERPlus_7903.png
0,FERPlus_7904.png
0,FERPlus_7905.png
0,FERPlus_7906.png
0,FERPlus_7907.png
0,FERPlus_7908.png
0,FERPlus_7909.png
0,FERPlus_7910.png
0,FERPlus_7911.png
0,FERPlus_7912.png
0,FERPlus_7913.png
0,FERPlus_7914.png
0,FERPlus_7915.png
0,FERPlus_7916.png
0,FERPlus_7917.png
0,FERPlus_7918.png
0,FERPlus_7919.png
0,FERPlus_7920.png
0,FERPlus_7921.png
0,FERPlus_7922.png
0,FERPlus_7923.png
0,FERPlus_7924.png
0,FERPlus_7925.png
0,FERPlus_7926.png
0,FERPlus_7927.png
0,FERPlus_7928.png
0,FERPlus_7929.png
0,FERPlus_7930.png
0,FERPlus_7931.png
0,FERPlus_7932.png
0,FERPlus_7933.png
0,FERPlus_7934.png
0,FERPlus_7935.png
0,FERPlus_7936.png
0,FERPlus_7937.png
0,FERPlus_7938.png
0,FERPlus_7939.png
0,FERPlus_7940.png
0,FERPlus_7941.png
0,FERPlus_7942.png
0,FERPlus_7943.png
0,FERPlus_7944.png
0,FERPlus_7945.png
0,FERPlus_7946.png
0,FERPlus_7947.png
0,FERPlus_7948.png
0,FERPlus_7949.png
0,FERPlus_7950.png
0,FERPlus_7951.png
0,FERPlus_7952.png
0,FERPlus_7953.png
0,FERPlus_7954.png
0,FERPlus_7955.png
0,FERPlus_7956.png
0,FERPlus_7957.png
0,FERPlus_7958.png
0,FERPlus_7959.png
0,FERPlus_7960.png
0,FERPlus_7961.png
0,FERPlus_7962.png
0,FERPlus_7963.png
0,FERPlus_7964.png
0,FERPlus_7965.png
0,FERPlus_7966.png
0,FERPlus_7967.png
0,FERPlus_7968.png
0,FERPlus_7969.png
0,FERPlus_7970.png
0,FERPlus_7971.png
0,FERPlus_7972.png
0,FERPlus_7973.png
0,FERPlus_7974.png
0,FERPlus_7975.png
0,FERPlus_7976.png
0,FERPlus_7977.png
0,FERPlus_7978.png
0,FERPlus_7979.png
0,FERPlus_7980.png
0,FERPlus_7981.png
0,FERPlus_7982.png
0,FERPlus_7983.png
0,FERPlus_7984.png
0,FERPlus_7985.png
0,FERPlus_7986.png
0,FERPlus_7987.png
0,FERPlus_7988.png
0,FERPlus_7989.png
0,FERPlus_7990.png
0,FERPlus_7991.png
0,FERPlus_7992.png
0,FERPlus_7993.png
0,FERPlus_7994.png
0,FERPlus_7995.png
0,FERPlus_7996.png
0,FERPlus_7997.png
0,FERPlus_7998.png
0,FERPlus_7999.png
0,FERPlus_8000.png
0,FERPlus_8001.png
0,FERPlus_8002.png
0,FERPlus_8003.png
0,FERPlus_8004.png
0,FERPlus_8005.png
0,FERPlus_8006.png
0,FERPlus_8007.png
0,FERPlus_8008.png
0,FERPlus_8009.png
0,FERPlus_8010.png
0,FERPlus_8011.png
0,FERPlus_8012.png
0,FERPlus_8013.png
0,FERPlus_8014.png
0,FERPlus_8015.png
0,FERPlus_8016.png
0,FERPlus_8017.png
0,FERPlus_8018.png
0,FERPlus_8019.png
0,FERPlus_8020.png
0,FERPlus_8021.png
0,FERPlus_8022.png
0,FERPlus_8023.png
0,FERPlus_8024.png
0,FERPlus_8025.png
0,FERPlus_8026.png
0,FERPlus_8027.png
0,FERPlus_8028.png
0,FERPlus_8029.png
0,FERPlus_8030.png
0,FERPlus_8031.png
0,FERPlus_8032.png
0,FERPlus_8033.png
0,FERPlus_8034.png
0,FERPlus_8035.png
0,FERPlus_8036.png
0,FERPlus_8037.png
0,FERPlus_8038.png
0,FERPlus_8039.png
0,FERPlus_8040.png
0,FERPlus_8041.png
0,FERPlus_8042.png
0,FERPlus_8043.png
0,FERPlus_8044.png
0,FERPlus_8045.png
0,FERPlus_8046.png
0,FERPlus_8047.png
0,FERPlus_8048.png
0,FERPlus_8049.png
0,FERPlus_8050.png
0,FERPlus_8051.png
0,FERPlus_8052.png
0,FERPlus_8053.png
0,FERPlus_8054.png
0,FERPlus_8055.png
0,FERPlus_8056.png
0,FERPlus_8057.png
0,FERPlus_8058.png
0,FERPlus_8059.png
0,FERPlus_8060.png
0,FERPlus_8061.png
0,FERPlus_8062.png
0,FERPlus_8063.png
0,FERPlus_8064.png
0,FERPlus_8065.png
0,FERPlus_8066.png
0,FERPlus_8067.png
0,FERPlus_8068.png
0,FERPlus_8069.png
0,FERPlus_8070.png
0,FERPlus_8071.png
0,FERPlus_8072.png
0,FERPlus_8073.png
0,FERPlus_8074.png
0,FERPlus_8075.png
0,FERPlus_8076.png
0,FERPlus_8077.png
0,FERPlus_8078.png
0,FERPlus_8079.png
0,FERPlus_8080.png
0,FERPlus_8081.png
0,FERPlus_8082.png
0,FERPlus_8083.png
0,FERPlus_8084.png
0,FERPlus_8085.png
0,FERPlus_8086.png
0,FERPlus_8087.png
0,FERPlus_8088.png
0,FERPlus_8089.png
0,FERPlus_8090.png
0,FERPlus_8091.png
0,FERPlus_8092.png
0,FERPlus_8093.png
0,FERPlus_8094.png
0,FERPlus_8095.png
0,FERPlus_8096.png
0,FERPlus_8097.png
0,FERPlus_8098.png
0,FERPlus_8099.png
0,FERPlus_8100.png
0,FERPlus_8101.png
0,FERPlus_8102.png
0,FERPlus_8103.png
0,FERPlus_8104.png
0,FERPlus_8105.png
0,FERPlus_8106.png
0,FERPlus_8107.png
0,FERPlus_8108.png
0,FERPlus_8109.png
0,FERPlus_8110.png
0,FERPlus_8111.png
0,FERPlus_8112.png
0,FERPlus_8113.png
0,FERPlus_8114.png
0,FERPlus_8115.png
0,FERPlus_8116.png
0,FERPlus_8117.png
0,FERPlus_8118.png
0,FERPlus_8119.png
0,FERPlus_8120.png
0,FERPlus_8121.png
0,FERPlus_8122.png
0,FERPlus_8123.png
0,FERPlus_8124.png
0,FERPlus_8125.png
0,FERPlus_8126.png
0,FERPlus_8127.png
0,FERPlus_8128.png
0,FERPlus_8129.png
0,FERPlus_8130.png
0,FERPlus_8131.png
0,FERPlus_8132.png
0,FERPlus_8133.png
0,FERPlus_8134.png
0,FERPlus_8135.png
0,FERPlus_8136.png
0,FERPlus_8137.png
0,FERPlus_8138.png
0,FERPlus_8139.png
0,FERPlus_8140.png
0,FERPlus_8141.png
0,FERPlus_8142.png
0,FERPlus_8143.png
0,FERPlus_8144.png
0,FERPlus_8145.png
0,FERPlus_8146.png
0,FERPlus_8147.png
0,FERPlus_8148.png
0,FERPlus_8149.png
0,FERPlus_8150.png
0,FERPlus_8151.png
0,FERPlus_8152.png
0,FERPlus_8153.png
0,FERPlus_8154.png
0,FERPlus_8155.png
0,FERPlus_8156.png
0,FERPlus_8157.png
0,FERPlus_8158.png
0,FERPlus_8159.png
0,FERPlus_8160.png
0,FERPlus_8161.png
0,FERPlus_8162.png
0,FERPlus_8163.png
0,FERPlus_8164.png
0,FERPlus_8165.png
0,FERPlus_8166.png
0,FERPlus_8167.png
0,FERPlus_8168.png
0,FERPlus_8169.png
0,FERPlus_8170.png
0,FERPlus_8171.png
0,FERPlus_8172.png
0,FERPlus_8173.png
0,FERPlus_8174.png
0,FERPlus_8175.png
0,FERPlus_8176.png
0,FERPlus_8177.png
0,FERPlus_8178.png
0,FERPlus_8179.png
0,FERPlus_8180.png
0,FERPlus_8181.png
0,FERPlus_8182.png
0,FERPlus_8183.png
0,FERPlus_8184.png
0,FERPlus_8185.png
0,FERPlus_8186.png
0,FERPlus_8187.png
0,FERPlus_8188.png
0,FERPlus_8189.png
0,FERPlus_8190.png
0,FERPlus_8191.png
0,FERPlus_8192.png
0,FERPlus_8193.png
0,FERPlus_8194.png
0,FERPlus_8195.png
0,FERPlus_8196.png
0,FERPlus_8197.png
0,FERPlus_8198.png
0,FERPlus_8199.png
0,FERPlus_8200.png
0,FERPlus_8201.png
0,FERPlus_8202.png
0,FERPlus_8203.png
0,FERPlus_8204.png
0,FERPlus_8205.png
0,FERPlus_8206.png
0,FERPlus_8207.png
0,FERPlus_8208.png
0,FERPlus_8209.png
0,FERPlus_8210.png
0,FERPlus_8211.png
0,FERPlus_8212.png
0,FERPlus_8213.png
0,FERPlus_8214.png
0,FERPlus_8215.png
0,FERPlus_8216.png
0,FERPlus_8217.png
0,FERPlus_8218.png
0,FERPlus_8219.png
0,FERPlus_8220.png
0,FERPlus_8221.png
0,FERPlus_8222.png
0,FERPlus_8223.png
0,FERPlus_8224.png
0,FERPlus_8225.png
0,FERPlus_8226.png
0,FERPlus_8227.png
0,FERPlus_8228.png
0,FERPlus_8229.png
0,FERPlus_8230.png
0,FERPlus_8231.png
0,FERPlus_8232.png
0,FERPlus_8233.png
0,FERPlus_8234.png
0,FERPlus_8235.png
0,FERPlus_8236.png
0,FERPlus_8237.png
0,FERPlus_8238.png
0,FERPlus_8239.png
0,FERPlus_8240.png
0,FERPlus_8241.png
0,FERPlus_8242.png
0,FERPlus_8243.png
0,FERPlus_8244.png
0,FERPlus_8245.png
0,FERPlus_8246.png
0,FERPlus_8247.png
0,FERPlus_8248.png
0,FERPlus_8249.png
0,FERPlus_8250.png
0,FERPlus_8251.png
0,FERPlus_8252.png
0,FERPlus_8253.png
0,FERPlus_8254.png
0,FERPlus_8255.png
0,FERPlus_8256.png
0,FERPlus_8257.png
0,FERPlus_8258.png
0,FERPlus_8259.png
0,FERPlus_8260.png
0,FERPlus_8261.png
0,FERPlus_8262.png
0,FERPlus_8263.png
0,FERPlus_8264.png
0,FERPlus_8265.png
0,FERPlus_8266.png
0,FERPlus_8267.png
0,FERPlus_8268.png
0,FERPlus_8269.png
0,FERPlus_8270.png
0,FERPlus_8271.png
0,FERPlus_8272.png
0,FERPlus_8273.png
0,FERPlus_8274.png
0,FERPlus_8275.png
0,FERPlus_8276.png
0,FERPlus_8277.png
0,FERPlus_8278.png
0,FERPlus_8279.png
0,FERPlus_8280.png
0,FERPlus_8281.png
0,FERPlus_8282.png
0,FERPlus_8283.png
0,FERPlus_8284.png
0,FERPlus_8285.png
0,FERPlus_8286.png
0,FERPlus_8287.png
0,FERPlus_8288.png
0,FERPlus_8289.png
0,FERPlus_8290.png
0,FERPlus_8291.png
0,FERPlus_8292.png
0,FERPlus_8293.png
0,FERPlus_8294.png
0,FERPlus_8295.png
0,FERPlus_8296.png
0,FERPlus_8297.png
0,FERPlus_8298.png
0,FERPlus_8299.png
0,FERPlus_8300.png
0,FERPlus_8301.png
0,FERPlus_8302.png
0,FERPlus_8303.png
0,FERPlus_8304.png
0,FERPlus_8305.png
0,FERPlus_8306.png
0,FERPlus_8307.png
0,FERPlus_8308.png
0,FERPlus_8309.png
0,FERPlus_8310.png
0,FERPlus_8311.png
0,FERPlus_8312.png
0,FERPlus_8313.png
0,FERPlus_8314.png
0,FERPlus_8315.png
0,FERPlus_8316.png
0,FERPlus_8317.png
0,FERPlus_8318.png
0,FERPlus_8319.png
0,FERPlus_8320.png
0,FERPlus_8321.png
0,FERPlus_8322.png
0,FERPlus_8323.png
0,FERPlus_8324.png
0,FERPlus_8325.png
0,FERPlus_8326.png
0,FERPlus_8327.png
0,FERPlus_8328.png
0,FERPlus_8329.png
0,FERPlus_8330.png
0,FERPlus_8331.png
0,FERPlus_8332.png
0,FERPlus_8333.png
0,FERPlus_8334.png
0,FERPlus_8335.png
0,FERPlus_8336.png
0,FERPlus_8337.png
0,FERPlus_8338.png
0,FERPlus_8339.png
0,FERPlus_8340.png
0,FERPlus_8341.png
0,FERPlus_8342.png
0,FERPlus_8343.png
0,FERPlus_8344.png
0,FERPlus_8345.png
0,FERPlus_8346.png
0,FERPlus_8347.png
0,FERPlus_8348.png
0,FERPlus_8349.png
0,FERPlus_8350.png
0,FERPlus_8351.png
0,FERPlus_8352.png
0,FERPlus_8353.png
0,FERPlus_8354.png
0,FERPlus_8355.png
0,FERPlus_8356.png
0,FERPlus_8357.png
0,FERPlus_8358.png
0,FERPlus_8359.png
0,FERPlus_8360.png
0,FERPlus_8361.png
0,FERPlus_8362.png
0,FERPlus_8363.png
0,FERPlus_8364.png
0,FERPlus_8365.png
0,FERPlus_8366.png
0,FERPlus_8367.png
0,FERPlus_8368.png
0,FERPlus_8369.png
0,FERPlus_8370.png
0,FERPlus_8371.png
0,FERPlus_8372.png
0,FERPlus_8373.png
0,FERPlus_8374.png
0,FERPlus_8375.png
0,FERPlus_8376.png
0,FERPlus_8377.png
0,FERPlus_8378.png
0,FERPlus_8379.png
0,FERPlus_8380.png
0,FERPlus_8381.png
0,FERPlus_8382.png
0,FERPlus_8383.png
0,FERPlus_8384.png
0,FERPlus_8385.png
0,FERPlus_8386.png
0,FERPlus_8387.png
0,FERPlus_8388.png
0,FERPlus_8389.png
0,FERPlus_8390.png
0,FERPlus_8391.png
0,FERPlus_8392.png
0,FERPlus_8393.png
0,FERPlus_8394.png
0,FERPlus_8395.png
0,FERPlus_8396.png
0,FERPlus_8397.png
0,FERPlus_8398.png
0,FERPlus_8399.png
0,FERPlus_8400.png
0,FERPlus_8401.png
0,FERPlus_8402.png
0,FERPlus_8403.png
0,FERPlus_8404.png
0,FERPlus_8405.png
0,FERPlus_8406.png
0,FERPlus_8407.png
0,FERPlus_8408.png
0,FERPlus_8409.png
0,FERPlus_8410.png
0,FERPlus_8411.png
0,FERPlus_8412.png
0,FERPlus_8413.png
0,FERPlus_8414.png
0,FERPlus_8415.png
0,FERPlus_8416.png
0,FERPlus_8417.png
0,FERPlus_8418.png
0,FERPlus_8419.png
0,FERPlus_8420.png
0,FERPlus_8421.png
0,FERPlus_8422.png
0,FERPlus_8423.png
0,FERPlus_8424.png
0,FERPlus_8425.png
0,FERPlus_8426.png
0,FERPlus_8427.png
0,FERPlus_8428.png
0,FERPlus_8429.png
0,FERPlus_8430.png
0,FERPlus_8431.png
0,FERPlus_8432.png
0,FERPlus_8433.png
0,FERPlus_8434.png
0,FERPlus_8435.png
0,FERPlus_8436.png
0,FERPlus_8437.png
0,FERPlus_8438.png
0,FERPlus_8439.png
0,FERPlus_8440.png
0,FERPlus_8441.png
0,FERPlus_8442.png
0,FERPlus_8443.png
0,FERPlus_8444.png
0,FERPlus_8445.png
0,FERPlus_8446.png
0,FERPlus_8447.png
0,FERPlus_8448.png
0,FERPlus_8449.png
0,FERPlus_8450.png
0,FERPlus_8451.png
0,FERPlus_8452.png
0,FERPlus_8453.png
0,FERPlus_8454.png
0,FERPlus_8455.png
0,FERPlus_8456.png
0,FERPlus_8457.png
0,FERPlus_8458.png
0,FERPlus_8459.png
0,FERPlus_8460.png
0,FERPlus_8461.png
0,FERPlus_8462.png
0,FERPlus_8463.png
0,FERPlus_8464.png
0,FERPlus_8465.png
0,FERPlus_8466.png
0,FERPlus_8467.png
0,FERPlus_8468.png
0,FERPlus_8469.png
0,FERPlus_8470.png
0,FERPlus_8471.png
0,FERPlus_8472.png
0,FERPlus_8473.png
0,FERPlus_8474.png
0,FERPlus_8475.png
0,FERPlus_8476.png
0,FERPlus_8477.png
0,FERPlus_8478.png
0,FERPlus_8479.png
0,FERPlus_8480.png
0,FERPlus_8481.png
0,FERPlus_8482.png
0,FERPlus_8483.png
0,FERPlus_8484.png
0,FERPlus_8485.png
0,FERPlus_8486.png
0,FERPlus_8487.png
0,FERPlus_8488.png
0,FERPlus_8489.png
0,FERPlus_8490.png
0,FERPlus_8491.png
0,FERPlus_8492.png
0,FERPlus_8493.png
0,FERPlus_8494.png
0,FERPlus_8495.png
0,FERPlus_8496.png
0,FERPlus_8497.png
0,FERPlus_8498.png
0,FERPlus_8499.png
0,FERPlus_8500.png
0,FERPlus_8501.png
0,FERPlus_8502.png
0,FERPlus_8503.png
0,FERPlus_8504.png
0,FERPlus_8505.png
0,FERPlus_8506.png
0,FERPlus_8507.png
0,FERPlus_8508.png
0,FERPlus_8509.png
0,FERPlus_8510.png
0,FERPlus_8511.png
0,FERPlus_8512.png
0,FERPlus_8513.png
0,FERPlus_8514.png
0,FERPlus_8515.png
0,FERPlus_8516.png
0,FERPlus_8517.png
0,FERPlus_8518.png
0,FERPlus_8519.png
0,FERPlus_8520.png
0,FERPlus_8521.png
0,FERPlus_8522.png
0,FERPlus_8523.png
0,FERPlus_8524.png
0,FERPlus_8525.png
0,FERPlus_8526.png
0,FERPlus_8527.png
0,FERPlus_8528.png
0,FERPlus_8529.png
0,FERPlus_8530.png
0,FERPlus_8531.png
0,FERPlus_8532.png
0,FERPlus_8533.png
0,FERPlus_8534.png
0,FERPlus_8535.png
0,FERPlus_8536.png
0,FERPlus_8537.png
0,FERPlus_8538.png
0,FERPlus_8539.png
0,FERPlus_8540.png
0,FERPlus_8541.png
0,FERPlus_8542.png
0,FERPlus_8543.png
0,FERPlus_8544.png
0,FERPlus_8545.png
0,FERPlus_8546.png
0,FERPlus_8547.png
0,FERPlus_8548.png
0,FERPlus_8549.png
0,FERPlus_8550.png
0,FERPlus_8551.png
0,FERPlus_8552.png
0,FERPlus_8553.png
0,FERPlus_8554.png
0,FERPlus_8555.png
0,FERPlus_8556.png
0,FERPlus_8557.png
0,FERPlus_8558.png
0,FERPlus_8559.png
0,FERPlus_8560.png
0,FERPlus_8561.png
0,FERPlus_8562.png
0,FERPlus_8563.png
0,FERPlus_8564.png
0,FERPlus_8565.png
0,FERPlus_8566.png
0,FERPlus_8567.png
0,FERPlus_8568.png
0,FERPlus_8569.png
0,FERPlus_8570.png
0,FERPlus_8571.png
0,FERPlus_8572.png
0,FERPlus_8573.png
0,FERPlus_8574.png
0,FERPlus_8575.png
0,FERPlus_8576.png
0,FERPlus_8577.png
0,FERPlus_8578.png
0,FERPlus_8579.png
0,FERPlus_8580.png
0,FERPlus_8581.png
0,FERPlus_8582.png
0,FERPlus_8583.png
0,FERPlus_8584.png
0,FERPlus_8585.png
0,FERPlus_8586.png
0,FERPlus_8587.png
0,FERPlus_8588.png
0,FERPlus_8589.png
0,FERPlus_8590.png
0,FERPlus_8591.png
0,FERPlus_8592.png
0,FERPlus_8593.png
0,FERPlus_8594.png
0,FERPlus_8595.png
0,FERPlus_8596.png
0,FERPlus_8597.png
0,FERPlus_8598.png
0,FERPlus_8599.png
0,FERPlus_8600.png
0,FERPlus_8601.png
0,FERPlus_8602.png
0,FERPlus_8603.png
0,FERPlus_8604.png
0,FERPlus_8605.png
0,FERPlus_8606.png
0,FERPlus_8607.png
0,FERPlus_8608.png
0,FERPlus_8609.png
0,FERPlus_8610.png
0,FERPlus_8611.png
0,FERPlus_8612.png
0,FERPlus_8613.png
0,FERPlus_8614.png
0,FERPlus_8615.png
0,FERPlus_8616.png
0,FERPlus_8617.png
0,FERPlus_8618.png
0,FERPlus_8619.png
0,FERPlus_8620.png
0,FERPlus_8621.png
0,FERPlus_8622.png
0,FERPlus_8623.png
0,FERPlus_8624.png
0,FERPlus_8625.png
0,FERPlus_8626.png
0,FERPlus_8627.png
0,FERPlus_8628.png
0,FERPlus_8629.png
0,FERPlus_8630.png
0,FERPlus_8631.png
0,FERPlus_8632.png
0,FERPlus_8633.png
0,FERPlus_8634.png
0,FERPlus_8635.png
0,FERPlus_8636.png
0,FERPlus_8637.png
0,FERPlus_8638.png
0,FERPlus_8639.png
0,FERPlus_8640.png
0,FERPlus_8641.png
0,FERPlus_8642.png
0,FERPlus_8643.png
0,FERPlus_8644.png
0,FERPlus_8645.png
0,FERPlus_8646.png
0,FERPlus_8647.png
2,FERPlus_0.png
2,FERPlus_1.png
2,FERPlus_2.png
2,FERPlus_3.png
2,FERPlus_4.png
2,FERPlus_5.png
2,FERPlus_6.png
2,FERPlus_7.png
2,FERPlus_8.png
2,FERPlus_9.png
2,FERPlus_10.png
2,FERPlus_11.png
2,FERPlus_12.png
2,FERPlus_13.png
2,FERPlus_14.png
2,FERPlus_15.png
2,FERPlus_16.png
2,FERPlus_17.png
2,FERPlus_18.png
2,FERPlus_19.png
2,FERPlus_20.png
2,FERPlus_21.png
2,FERPlus_22.png
2,FERPlus_23.png
2,FERPlus_24.png
2,FERPlus_25.png
2,FERPlus_26.png
2,FERPlus_27.png
2,FERPlus_28.png
2,FERPlus_29.png
2,FERPlus_30.png
2,FERPlus_31.png
2,FERPlus_32.png
2,FERPlus_33.png
2,FERPlus_34.png
2,FERPlus_35.png
2,FERPlus_36.png
2,FERPlus_37.png
2,FERPlus_38.png
2,FERPlus_39.png
2,FERPlus_40.png
2,FERPlus_41.png
2,FERPlus_42.png
2,FERPlus_43.png
2,FERPlus_44.png
2,FERPlus_45.png
2,FERPlus_46.png
2,FERPlus_47.png
2,FERPlus_48.png
2,FERPlus_49.png
2,FERPlus_50.png
2,FERPlus_51.png
2,FERPlus_52.png
2,FERPlus_53.png
2,FERPlus_54.png
2,FERPlus_55.png
2,FERPlus_56.png
2,FERPlus_57.png
2,FERPlus_58.png
2,FERPlus_59.png
2,FERPlus_60.png
2,FERPlus_61.png
2,FERPlus_62.png
2,FERPlus_63.png
2,FERPlus_64.png
2,FERPlus_65.png
2,FERPlus_66.png
2,FERPlus_67.png
2,FERPlus_68.png
2,FERPlus_69.png
2,FERPlus_70.png
2,FERPlus_71.png
2,FERPlus_72.png
2,FERPlus_73.png
2,FERPlus_74.png
2,FERPlus_75.png
2,FERPlus_76.png
2,FERPlus_77.png
2,FERPlus_78.png
2,FERPlus_79.png
2,FERPlus_80.png
2,FERPlus_81.png
2,FERPlus_82.png
2,FERPlus_83.png
2,FERPlus_84.png
2,FERPlus_85.png
2,FERPlus_86.png
2,FERPlus_87.png
2,FERPlus_88.png
2,FERPlus_89.png
2,FERPlus_90.png
2,FERPlus_91.png
2,FERPlus_92.png
2,FERPlus_93.png
2,FERPlus_94.png
2,FERPlus_95.png
2,FERPlus_96.png
2,FERPlus_97.png
2,FERPlus_98.png
2,FERPlus_99.png
2,FERPlus_100.png
2,FERPlus_101.png
2,FERPlus_102.png
2,FERPlus_103.png
2,FERPlus_104.png
2,FERPlus_105.png
2,FERPlus_106.png
2,FERPlus_107.png
2,FERPlus_108.png
2,FERPlus_109.png
2,FERPlus_110.png
2,FERPlus_111.png
2,FERPlus_112.png
2,FERPlus_113.png
2,FERPlus_114.png
2,FERPlus_115.png
2,FERPlus_116.png
2,FERPlus_117.png
2,FERPlus_118.png
2,FERPlus_119.png
2,FERPlus_120.png
2,FERPlus_121.png
2,FERPlus_122.png
2,FERPlus_123.png
2,FERPlus_124.png
2,FERPlus_125.png
2,FERPlus_126.png
2,FERPlus_127.png
2,FERPlus_128.png
2,FERPlus_129.png
2,FERPlus_130.png
2,FERPlus_131.png
2,FERPlus_132.png
2,FERPlus_133.png
2,FERPlus_134.png
2,FERPlus_135.png
2,FERPlus_136.png
2,FERPlus_137.png
2,FERPlus_138.png
2,FERPlus_139.png
2,FERPlus_140.png
2,FERPlus_141.png
2,FERPlus_142.png
2,FERPlus_143.png
2,FERPlus_144.png
2,FERPlus_145.png
2,FERPlus_146.png
2,FERPlus_147.png
2,FERPlus_148.png
2,FERPlus_149.png
2,FERPlus_150.png
2,FERPlus_151.png
2,FERPlus_152.png
2,FERPlus_153.png
2,FERPlus_154.png
2,FERPlus_155.png
2,FERPlus_156.png
2,FERPlus_157.png
2,FERPlus_158.png
2,FERPlus_159.png
2,FERPlus_160.png
2,FERPlus_161.png
2,FERPlus_162.png
2,FERPlus_163.png
2,FERPlus_164.png
2,FERPlus_165.png
2,FERPlus_166.png
2,FERPlus_167.png
2,FERPlus_168.png
2,FERPlus_169.png
2,FERPlus_170.png
2,FERPlus_171.png
2,FERPlus_172.png
2,FERPlus_173.png
2,FERPlus_174.png
2,FERPlus_175.png
2,FERPlus_176.png
2,FERPlus_177.png
2,FERPlus_178.png
2,FERPlus_179.png
2,FERPlus_180.png
2,FERPlus_181.png
2,FERPlus_182.png
2,FERPlus_183.png
2,FERPlus_184.png
2,FERPlus_185.png
2,FERPlus_186.png
2,FERPlus_187.png
2,FERPlus_188.png
2,FERPlus_189.png
2,FERPlus_190.png
2,FERPlus_191.png
2,FERPlus_192.png
2,FERPlus_193.png
2,FERPlus_194.png
2,FERPlus_195.png
2,FERPlus_196.png
2,FERPlus_197.png
2,FERPlus_198.png
2,FERPlus_199.png
2,FERPlus_200.png
2,FERPlus_201.png
2,FERPlus_202.png
2,FERPlus_203.png
2,FERPlus_204.png
2,FERPlus_205.png
2,FERPlus_206.png
2,FERPlus_207.png
2,FERPlus_208.png
2,FERPlus_209.png
2,FERPlus_210.png
2,FERPlus_211.png
2,FERPlus_212.png
2,FERPlus_213.png
2,FERPlus_214.png
2,FERPlus_215.png
2,FERPlus_216.png
2,FERPlus_217.png
2,FERPlus_218.png
2,FERPlus_219.png
2,FERPlus_220.png
2,FERPlus_221.png
2,FERPlus_222.png
2,FERPlus_223.png
2,FERPlus_224.png
2,FERPlus_225.png
2,FERPlus_226.png
2,FERPlus_227.png
2,FERPlus_228.png
2,FERPlus_229.png
2,FERPlus_230.png
2,FERPlus_231.png
2,FERPlus_232.png
2,FERPlus_233.png
2,FERPlus_234.png
2,FERPlus_235.png
2,FERPlus_236.png
2,FERPlus_237.png
2,FERPlus_238.png
2,FERPlus_239.png
2,FERPlus_240.png
2,FERPlus_241.png
2,FERPlus_242.png
2,FERPlus_243.png
2,FERPlus_244.png
2,FERPlus_245.png
2,FERPlus_246.png
2,FERPlus_247.png
2,FERPlus_248.png
2,FERPlus_249.png
2,FERPlus_250.png
2,FERPlus_251.png
2,FERPlus_252.png
2,FERPlus_253.png
2,FERPlus_254.png
2,FERPlus_255.png
2,FERPlus_256.png
2,FERPlus_257.png
2,FERPlus_258.png
2,FERPlus_259.png
2,FERPlus_260.png
2,FERPlus_261.png
2,FERPlus_262.png
2,FERPlus_263.png
2,FERPlus_264.png
2,FERPlus_265.png
2,FERPlus_266.png
2,FERPlus_267.png
2,FERPlus_268.png
2,FERPlus_269.png
2,FERPlus_270.png
2,FERPlus_271.png
2,FERPlus_272.png
2,FERPlus_273.png
2,FERPlus_274.png
2,FERPlus_275.png
2,FERPlus_276.png
2,FERPlus_277.png
2,FERPlus_278.png
2,FERPlus_279.png
2,FERPlus_280.png
2,FERPlus_281.png
2,FERPlus_282.png
2,FERPlus_283.png
2,FERPlus_284.png
2,FERPlus_285.png
2,FERPlus_286.png
2,FERPlus_287.png
2,FERPlus_288.png
2,FERPlus_289.png
2,FERPlus_290.png
2,FERPlus_291.png
2,FERPlus_292.png
2,FERPlus_293.png
2,FERPlus_294.png
2,FERPlus_295.png
2,FERPlus_296.png
2,FERPlus_297.png
2,FERPlus_298.png
2,FERPlus_299.png
2,FERPlus_300.png
2,FERPlus_301.png
2,FERPlus_302.png
2,FERPlus_303.png
2,FERPlus_304.png
2,FERPlus_305.png
2,FERPlus_306.png
2,FERPlus_307.png
2,FERPlus_308.png
2,FERPlus_309.png
2,FERPlus_310.png
2,FERPlus_311.png
2,FERPlus_312.png
2,FERPlus_313.png
2,FERPlus_314.png
2,FERPlus_315.png
2,FERPlus_316.png
2,FERPlus_317.png
2,FERPlus_318.png
2,FERPlus_319.png
2,FERPlus_320.png
2,FERPlus_321.png
2,FERPlus_322.png
2,FERPlus_323.png
2,FERPlus_324.png
2,FERPlus_325.png
2,FERPlus_326.png
2,FERPlus_327.png
2,FERPlus_328.png
2,FERPlus_329.png
2,FERPlus_330.png
2,FERPlus_331.png
2,FERPlus_332.png
2,FERPlus_333.png
2,FERPlus_334.png
2,FERPlus_335.png
2,FERPlus_336.png
2,FERPlus_337.png
2,FERPlus_338.png
2,FERPlus_339.png
2,FERPlus_340.png
2,FERPlus_341.png
2,FERPlus_342.png
2,FERPlus_343.png
2,FERPlus_344.png
2,FERPlus_345.png
2,FERPlus_346.png
2,FERPlus_347.png
2,FERPlus_348.png
2,FERPlus_349.png
2,FERPlus_350.png
2,FERPlus_351.png
2,FERPlus_352.png
2,FERPlus_353.png
2,FERPlus_354.png
2,FERPlus_355.png
2,FERPlus_356.png
2,FERPlus_357.png
2,FERPlus_358.png
2,FERPlus_359.png
2,FERPlus_360.png
2,FERPlus_361.png
2,FERPlus_362.png
2,FERPlus_363.png
2,FERPlus_364.png
2,FERPlus_365.png
2,FERPlus_366.png
2,FERPlus_367.png
2,FERPlus_368.png
2,FERPlus_369.png
2,FERPlus_370.png
2,FERPlus_371.png
2,FERPlus_372.png
2,FERPlus_373.png
2,FERPlus_374.png
2,FERPlus_375.png
2,FERPlus_376.png
2,FERPlus_377.png
2,FERPlus_378.png
2,FERPlus_379.png
2,FERPlus_380.png
2,FERPlus_381.png
2,FERPlus_382.png
2,FERPlus_383.png
2,FERPlus_384.png
2,FERPlus_385.png
2,FERPlus_386.png
2,FERPlus_387.png
2,FERPlus_388.png
2,FERPlus_389.png
2,FERPlus_390.png
2,FERPlus_391.png
2,FERPlus_392.png
2,FERPlus_393.png
2,FERPlus_394.png
2,FERPlus_395.png
2,FERPlus_396.png
2,FERPlus_397.png
2,FERPlus_398.png
2,FERPlus_399.png
2,FERPlus_400.png
2,FERPlus_401.png
2,FERPlus_402.png
2,FERPlus_403.png
2,FERPlus_404.png
2,FERPlus_405.png
2,FERPlus_406.png
2,FERPlus_407.png
2,FERPlus_408.png
2,FERPlus_409.png
2,FERPlus_410.png
2,FERPlus_411.png
2,FERPlus_412.png
2,FERPlus_413.png
2,FERPlus_414.png
2,FERPlus_415.png
2,FERPlus_416.png
2,FERPlus_417.png
2,FERPlus_418.png
2,FERPlus_419.png
2,FERPlus_420.png
2,FERPlus_421.png
2,FERPlus_422.png
2,FERPlus_423.png
2,FERPlus_424.png
2,FERPlus_425.png
2,FERPlus_426.png
2,FERPlus_427.png
2,FERPlus_428.png
2,FERPlus_429.png
2,FERPlus_430.png
2,FERPlus_431.png
2,FERPlus_432.png
2,FERPlus_433.png
2,FERPlus_434.png
2,FERPlus_435.png
2,FERPlus_436.png
2,FERPlus_437.png
2,FERPlus_438.png
2,FERPlus_439.png
2,FERPlus_440.png
2,FERPlus_441.png
2,FERPlus_442.png
2,FERPlus_443.png
2,FERPlus_444.png
2,FERPlus_445.png
2,FERPlus_446.png
2,FERPlus_447.png
2,FERPlus_448.png
2,FERPlus_449.png
2,FERPlus_450.png
2,FERPlus_451.png
2,FERPlus_452.png
2,FERPlus_453.png
2,FERPlus_454.png
2,FERPlus_455.png
2,FERPlus_456.png
2,FERPlus_457.png
2,FERPlus_458.png
2,FERPlus_459.png
2,FERPlus_460.png
2,FERPlus_461.png
2,FERPlus_462.png
2,FERPlus_463.png
2,FERPlus_464.png
2,FERPlus_465.png
2,FERPlus_466.png
2,FERPlus_467.png
2,FERPlus_468.png
2,FERPlus_469.png
2,FERPlus_470.png
2,FERPlus_471.png
2,FERPlus_472.png
2,FERPlus_473.png
2,FERPlus_474.png
2,FERPlus_475.png
2,FERPlus_476.png
2,FERPlus_477.png
2,FERPlus_478.png
2,FERPlus_479.png
2,FERPlus_480.png
2,FERPlus_481.png
2,FERPlus_482.png
2,FERPlus_483.png
2,FERPlus_484.png
2,FERPlus_485.png
2,FERPlus_486.png
2,FERPlus_487.png
2,FERPlus_488.png
2,FERPlus_489.png
2,FERPlus_490.png
2,FERPlus_491.png
2,FERPlus_492.png
2,FERPlus_493.png
2,FERPlus_494.png
2,FERPlus_495.png
2,FERPlus_496.png
2,FERPlus_497.png
2,FERPlus_498.png
2,FERPlus_499.png
2,FERPlus_500.png
2,FERPlus_501.png
2,FERPlus_502.png
2,FERPlus_503.png
2,FERPlus_504.png
2,FERPlus_505.png
2,FERPlus_506.png
2,FERPlus_507.png
2,FERPlus_508.png
2,FERPlus_509.png
2,FERPlus_510.png
2,FERPlus_511.png
2,FERPlus_512.png
2,FERPlus_513.png
2,FERPlus_514.png
2,FERPlus_515.png
2,FERPlus_516.png
2,FERPlus_517.png
2,FERPlus_518.png
2,FERPlus_519.png
2,FERPlus_520.png
2,FERPlus_521.png
2,FERPlus_522.png
2,FERPlus_523.png
2,FERPlus_524.png
2,FERPlus_525.png
2,FERPlus_526.png
2,FERPlus_527.png
2,FERPlus_528.png
2,FERPlus_529.png
2,FERPlus_530.png
2,FERPlus_531.png
2,FERPlus_532.png
2,FERPlus_533.png
2,FERPlus_534.png
2,FERPlus_535.png
2,FERPlus_536.png
2,FERPlus_537.png
2,FERPlus_538.png
2,FERPlus_539.png
2,FERPlus_540.png
2,FERPlus_541.png
2,FERPlus_542.png
2,FERPlus_543.png
2,FERPlus_544.png
2,FERPlus_545.png
2,FERPlus_546.png
2,FERPlus_547.png
2,FERPlus_548.png
2,FERPlus_549.png
2,FERPlus_550.png
2,FERPlus_551.png
2,FERPlus_552.png
2,FERPlus_553.png
2,FERPlus_554.png
2,FERPlus_555.png
2,FERPlus_556.png
2,FERPlus_557.png
2,FERPlus_558.png
2,FERPlus_559.png
2,FERPlus_560.png
2,FERPlus_561.png
2,FERPlus_562.png
2,FERPlus_563.png
2,FERPlus_564.png
2,FERPlus_565.png
2,FERPlus_566.png
2,FERPlus_567.png
2,FERPlus_568.png
2,FERPlus_569.png
2,FERPlus_570.png
2,FERPlus_571.png
2,FERPlus_572.png
2,FERPlus_573.png
2,FERPlus_574.png
2,FERPlus_575.png
2,FERPlus_576.png
2,FERPlus_577.png
2,FERPlus_578.png
2,FERPlus_579.png
2,FERPlus_580.png
2,FERPlus_581.png
2,FERPlus_582.png
2,FERPlus_583.png
2,FERPlus_584.png
2,FERPlus_585.png
2,FERPlus_586.png
2,FERPlus_587.png
2,FERPlus_588.png
2,FERPlus_589.png
2,FERPlus_590.png
2,FERPlus_591.png
2,FERPlus_592.png
2,FERPlus_593.png
2,FERPlus_594.png
2,FERPlus_595.png
2,FERPlus_596.png
2,FERPlus_597.png
2,FERPlus_598.png
2,FERPlus_599.png
2,FERPlus_600.png
2,FERPlus_601.png
2,FERPlus_602.png
2,FERPlus_603.png
2,FERPlus_604.png
2,FERPlus_605.png
2,FERPlus_606.png
2,FERPlus_607.png
2,FERPlus_608.png
2,FERPlus_609.png
2,FERPlus_610.png
2,FERPlus_611.png
2,FERPlus_612.png
2,FERPlus_613.png
2,FERPlus_614.png
2,FERPlus_615.png
2,FERPlus_616.png
2,FERPlus_617.png
2,FERPlus_618.png
2,FERPlus_619.png
2,FERPlus_620.png
2,FERPlus_621.png
2,FERPlus_622.png
2,FERPlus_623.png
2,FERPlus_624.png
2,FERPlus_625.png
2,FERPlus_626.png
2,FERPlus_627.png
2,FERPlus_628.png
2,FERPlus_629.png
2,FERPlus_630.png
2,FERPlus_631.png
2,FERPlus_632.png
2,FERPlus_633.png
2,FERPlus_634.png
2,FERPlus_635.png
2,FERPlus_636.png
2,FERPlus_637.png
2,FERPlus_638.png
2,FERPlus_639.png
2,FERPlus_640.png
2,FERPlus_641.png
2,FERPlus_642.png
2,FERPlus_643.png
2,FERPlus_644.png
2,FERPlus_645.png
2,FERPlus_646.png
2,FERPlus_647.png
2,FERPlus_648.png
2,FERPlus_649.png
2,FERPlus_650.png
2,FERPlus_651.png
2,FERPlus_652.png
2,FERPlus_653.png
2,FERPlus_654.png
2,FERPlus_655.png
2,FERPlus_656.png
2,FERPlus_657.png
2,FERPlus_658.png
2,FERPlus_659.png
2,FERPlus_660.png
2,FERPlus_661.png
2,FERPlus_662.png
2,FERPlus_663.png
2,FERPlus_664.png
2,FERPlus_665.png
2,FERPlus_666.png
2,FERPlus_667.png
2,FERPlus_668.png
2,FERPlus_669.png
2,FERPlus_670.png
2,FERPlus_671.png
2,FERPlus_672.png
2,FERPlus_673.png
2,FERPlus_674.png
2,FERPlus_675.png
2,FERPlus_676.png
2,FERPlus_677.png
2,FERPlus_678.png
2,FERPlus_679.png
2,FERPlus_680.png
2,FERPlus_681.png
2,FERPlus_682.png
2,FERPlus_683.png
2,FERPlus_684.png
2,FERPlus_685.png
2,FERPlus_686.png
2,FERPlus_687.png
2,FERPlus_688.png
2,FERPlus_689.png
2,FERPlus_690.png
2,FERPlus_691.png
2,FERPlus_692.png
2,FERPlus_693.png
2,FERPlus_694.png
2,FERPlus_695.png
2,FERPlus_696.png
2,FERPlus_697.png
2,FERPlus_698.png
2,FERPlus_699.png
2,FERPlus_700.png
2,FERPlus_701.png
2,FERPlus_702.png
2,FERPlus_703.png
2,FERPlus_704.png
2,FERPlus_705.png
2,FERPlus_706.png
2,FERPlus_707.png
2,FERPlus_708.png
2,FERPlus_709.png
2,FERPlus_710.png
2,FERPlus_711.png
2,FERPlus_712.png
2,FERPlus_713.png
2,FERPlus_714.png
2,FERPlus_715.png
2,FERPlus_716.png
2,FERPlus_717.png
2,FERPlus_718.png
2,FERPlus_719.png
2,FERPlus_720.png
2,FERPlus_721.png
2,FERPlus_722.png
2,FERPlus_723.png
2,FERPlus_724.png
2,FERPlus_725.png
2,FERPlus_726.png
2,FERPlus_727.png
2,FERPlus_728.png
2,FERPlus_729.png
2,FERPlus_730.png
2,FERPlus_731.png
2,FERPlus_732.png
2,FERPlus_733.png
2,FERPlus_734.png
2,FERPlus_735.png
2,FERPlus_736.png
2,FERPlus_737.png
2,FERPlus_738.png
2,FERPlus_739.png
2,FERPlus_740.png
2,FERPlus_741.png
2,FERPlus_742.png
2,FERPlus_743.png
2,FERPlus_744.png
2,FERPlus_745.png
2,FERPlus_746.png
2,FERPlus_747.png
2,FERPlus_748.png
2,FERPlus_749.png
2,FERPlus_750.png
2,FERPlus_751.png
2,FERPlus_752.png
2,FERPlus_753.png
2,FERPlus_754.png
2,FERPlus_755.png
2,FERPlus_756.png
2,FERPlus_757.png
2,FERPlus_758.png
2,FERPlus_759.png
2,FERPlus_760.png
2,FERPlus_761.png
2,FERPlus_762.png
2,FERPlus_763.png
2,FERPlus_764.png
2,FERPlus_765.png
2,FERPlus_766.png
2,FERPlus_767.png
2,FERPlus_768.png
2,FERPlus_769.png
2,FERPlus_770.png
2,FERPlus_771.png
2,FERPlus_772.png
2,FERPlus_773.png
2,FERPlus_774.png
2,FERPlus_775.png
2,FERPlus_776.png
2,FERPlus_777.png
2,FERPlus_778.png
2,FERPlus_779.png
2,FERPlus_780.png
2,FERPlus_781.png
2,FERPlus_782.png
2,FERPlus_783.png
2,FERPlus_784.png
2,FERPlus_785.png
2,FERPlus_786.png
2,FERPlus_787.png
2,FERPlus_788.png
2,FERPlus_789.png
2,FERPlus_790.png
2,FERPlus_791.png
2,FERPlus_792.png
2,FERPlus_793.png
2,FERPlus_794.png
2,FERPlus_795.png
2,FERPlus_796.png
2,FERPlus_797.png
2,FERPlus_798.png
2,FERPlus_799.png
2,FERPlus_800.png
2,FERPlus_801.png
2,FERPlus_802.png
2,FERPlus_803.png
2,FERPlus_804.png
2,FERPlus_805.png
2,FERPlus_806.png
2,FERPlus_807.png
2,FERPlus_808.png
2,FERPlus_809.png
2,FERPlus_810.png
2,FERPlus_811.png
2,FERPlus_812.png
2,FERPlus_813.png
2,FERPlus_814.png
2,FERPlus_815.png
2,FERPlus_816.png
2,FERPlus_817.png
2,FERPlus_818.png
2,FERPlus_819.png
2,FERPlus_820.png
2,FERPlus_821.png
2,FERPlus_822.png
2,FERPlus_823.png
2,FERPlus_824.png
2,FERPlus_825.png
2,FERPlus_826.png
2,FERPlus_827.png
2,FERPlus_828.png
2,FERPlus_829.png
2,FERPlus_830.png
2,FERPlus_831.png
2,FERPlus_832.png
2,FERPlus_833.png
2,FERPlus_834.png
2,FERPlus_835.png
2,FERPlus_836.png
2,FERPlus_837.png
2,FERPlus_838.png
2,FERPlus_839.png
2,FERPlus_840.png
2,FERPlus_841.png
2,FERPlus_842.png
2,FERPlus_843.png
2,FERPlus_844.png
2,FERPlus_845.png
2,FERPlus_846.png
2,FERPlus_847.png
2,FERPlus_848.png
2,FERPlus_849.png
2,FERPlus_850.png
2,FERPlus_851.png
2,FERPlus_852.png
2,FERPlus_853.png
2,FERPlus_854.png
2,FERPlus_855.png
2,FERPlus_856.png
2,FERPlus_857.png
2,FERPlus_858.png
2,FERPlus_859.png
2,FERPlus_860.png
2,FERPlus_861.png
2,FERPlus_862.png
2,FERPlus_863.png
2,FERPlus_864.png
2,FERPlus_865.png
2,FERPlus_866.png
2,FERPlus_867.png
2,FERPlus_868.png
2,FERPlus_869.png
2,FERPlus_870.png
2,FERPlus_871.png
2,FERPlus_872.png
2,FERPlus_873.png
2,FERPlus_874.png
2,FERPlus_875.png
2,FERPlus_876.png
2,FERPlus_877.png
2,FERPlus_878.png
2,FERPlus_879.png
2,FERPlus_880.png
2,FERPlus_881.png
2,FERPlus_882.png
2,FERPlus_883.png
2,FERPlus_884.png
2,FERPlus_885.png
2,FERPlus_886.png
2,FERPlus_887.png
2,FERPlus_888.png
2,FERPlus_889.png
2,FERPlus_890.png
2,FERPlus_891.png
2,FERPlus_892.png
2,FERPlus_893.png
2,FERPlus_894.png
2,FERPlus_895.png
2,FERPlus_896.png
2,FERPlus_897.png
2,FERPlus_898.png
2,FERPlus_899.png
2,FERPlus_900.png
2,FERPlus_901.png
2,FERPlus_902.png
2,FERPlus_903.png
2,FERPlus_904.png
2,FERPlus_905.png
2,FERPlus_906.png
2,FERPlus_907.png
2,FERPlus_908.png
2,FERPlus_909.png
2,FERPlus_910.png
2,FERPlus_911.png
2,FERPlus_912.png
2,FERPlus_913.png
2,FERPlus_914.png
2,FERPlus_915.png
2,FERPlus_916.png
2,FERPlus_917.png
2,FERPlus_918.png
2,FERPlus_919.png
2,FERPlus_920.png
2,FERPlus_921.png
2,FERPlus_922.png
2,FERPlus_923.png
2,FERPlus_924.png
2,FERPlus_925.png
2,FERPlus_926.png
2,FERPlus_927.png
2,FERPlus_928.png
2,FERPlus_929.png
2,FERPlus_930.png
2,FERPlus_931.png
2,FERPlus_932.png
2,FERPlus_933.png
2,FERPlus_934.png
2,FERPlus_935.png
2,FERPlus_936.png
2,FERPlus_937.png
2,FERPlus_938.png
2,FERPlus_939.png
2,FERPlus_940.png
2,FERPlus_941.png
2,FERPlus_942.png
2,FERPlus_943.png
2,FERPlus_944.png
2,FERPlus_945.png
2,FERPlus_946.png
2,FERPlus_947.png
2,FERPlus_948.png
2,FERPlus_949.png
2,FERPlus_950.png
2,FERPlus_951.png
2,FERPlus_952.png
2,FERPlus_953.png
2,FERPlus_954.png
2,FERPlus_955.png
2,FERPlus_956.png
2,FERPlus_957.png
2,FERPlus_958.png
2,FERPlus_959.png
2,FERPlus_960.png
2,FERPlus_961.png
2,FERPlus_962.png
2,FERPlus_963.png
2,FERPlus_964.png
2,FERPlus_965.png
2,FERPlus_966.png
2,FERPlus_967.png
2,FERPlus_968.png
2,FERPlus_969.png
2,FERPlus_970.png
2,FERPlus_971.png
2,FERPlus_972.png
2,FERPlus_973.png
2,FERPlus_974.png
2,FERPlus_975.png
2,FERPlus_976.png
2,FERPlus_977.png
2,FERPlus_978.png
2,FERPlus_979.png
2,FERPlus_980.png
2,FERPlus_981.png
2,FERPlus_982.png
2,FERPlus_983.png
2,FERPlus_984.png
2,FERPlus_985.png
2,FERPlus_986.png
2,FERPlus_987.png
2,FERPlus_988.png
2,FERPlus_989.png
2,FERPlus_990.png
2,FERPlus_991.png
2,FERPlus_992.png
2,FERPlus_993.png
2,FERPlus_994.png
2,FERPlus_995.png
2,FERPlus_996.png
2,FERPlus_997.png
2,FERPlus_998.png
2,FERPlus_999.png
2,FERPlus_1000.png
2,FERPlus_1001.png
2,FERPlus_1002.png
2,FERPlus_1003.png
2,FERPlus_1004.png
2,FERPlus_1005.png
2,FERPlus_1006.png
2,FERPlus_1007.png
2,FERPlus_1008.png
2,FERPlus_1009.png
2,FERPlus_1010.png
2,FERPlus_1011.png
2,FERPlus_1012.png
2,FERPlus_1013.png
2,FERPlus_1014.png
2,FERPlus_1015.png
2,FERPlus_1016.png
2,FERPlus_1017.png
2,FERPlus_1018.png
2,FERPlus_1019.png
2,FERPlus_1020.png
2,FERPlus_1021.png
2,FERPlus_1022.png
2,FERPlus_1023.png
2,FERPlus_1024.png
2,FERPlus_1025.png
2,FERPlus_1026.png
2,FERPlus_1027.png
2,FERPlus_1028.png
2,FERPlus_1029.png
2,FERPlus_1030.png
2,FERPlus_1031.png
2,FERPlus_1032.png
2,FERPlus_1033.png
2,FERPlus_1034.png
2,FERPlus_1035.png
2,FERPlus_1036.png
2,FERPlus_1037.png
2,FERPlus_1038.png
2,FERPlus_1039.png
2,FERPlus_1040.png
2,FERPlus_1041.png
2,FERPlus_1042.png
2,FERPlus_1043.png
2,FERPlus_1044.png
2,FERPlus_1045.png
2,FERPlus_1046.png
2,FERPlus_1047.png
2,FERPlus_1048.png
2,FERPlus_1049.png
2,FERPlus_1050.png
2,FERPlus_1051.png
2,FERPlus_1052.png
2,FERPlus_1053.png
2,FERPlus_1054.png
2,FERPlus_1055.png
2,FERPlus_1056.png
2,FERPlus_1057.png
2,FERPlus_1058.png
2,FERPlus_1059.png
2,FERPlus_1060.png
2,FERPlus_1061.png
2,FERPlus_1062.png
2,FERPlus_1063.png
2,FERPlus_1064.png
2,FERPlus_1065.png
2,FERPlus_1066.png
2,FERPlus_1067.png
2,FERPlus_1068.png
2,FERPlus_1069.png
2,FERPlus_1070.png
2,FERPlus_1071.png
2,FERPlus_1072.png
2,FERPlus_1073.png
2,FERPlus_1074.png
2,FERPlus_1075.png
2,FERPlus_1076.png
2,FERPlus_1077.png
2,FERPlus_1078.png
2,FERPlus_1079.png
2,FERPlus_1080.png
2,FERPlus_1081.png
2,FERPlus_1082.png
2,FERPlus_1083.png
2,FERPlus_1084.png
2,FERPlus_1085.png
2,FERPlus_1086.png
2,FERPlus_1087.png
2,FERPlus_1088.png
2,FERPlus_1089.png
2,FERPlus_1090.png
2,FERPlus_1091.png
2,FERPlus_1092.png
2,FERPlus_1093.png
2,FERPlus_1094.png
2,FERPlus_1095.png
2,FERPlus_1096.png
2,FERPlus_1097.png
2,FERPlus_1098.png
2,FERPlus_1099.png
2,FERPlus_1100.png
2,FERPlus_1101.png
2,FERPlus_1102.png
2,FERPlus_1103.png
2,FERPlus_1104.png
2,FERPlus_1105.png
2,FERPlus_1106.png
2,FERPlus_1107.png
2,FERPlus_1108.png
2,FERPlus_1109.png
2,FERPlus_1110.png
2,FERPlus_1111.png
2,FERPlus_1112.png
2,FERPlus_1113.png
2,FERPlus_1114.png
2,FERPlus_1115.png
2,FERPlus_1116.png
2,FERPlus_1117.png
2,FERPlus_1118.png
2,FERPlus_1119.png
2,FERPlus_1120.png
2,FERPlus_1121.png
2,FERPlus_1122.png
2,FERPlus_1123.png
2,FERPlus_1124.png
2,FERPlus_1125.png
2,FERPlus_1126.png
2,FERPlus_1127.png
2,FERPlus_1128.png
2,FERPlus_1129.png
2,FERPlus_1130.png
2,FERPlus_1131.png
2,FERPlus_1132.png
2,FERPlus_1133.png
2,FERPlus_1134.png
2,FERPlus_1135.png
2,FERPlus_1136.png
2,FERPlus_1137.png
2,FERPlus_1138.png
2,FERPlus_1139.png
2,FERPlus_1140.png
2,FERPlus_1141.png
2,FERPlus_1142.png
2,FERPlus_1143.png
2,FERPlus_1144.png
2,FERPlus_1145.png
2,FERPlus_1146.png
2,FERPlus_1147.png
2,FERPlus_1148.png
2,FERPlus_1149.png
2,FERPlus_1150.png
2,FERPlus_1151.png
2,FERPlus_1152.png
2,FERPlus_1153.png
2,FERPlus_1154.png
2,FERPlus_1155.png
2,FERPlus_1156.png
2,FERPlus_1157.png
2,FERPlus_1158.png
2,FERPlus_1159.png
2,FERPlus_1160.png
2,FERPlus_1161.png
2,FERPlus_1162.png
2,FERPlus_1163.png
2,FERPlus_1164.png
2,FERPlus_1165.png
2,FERPlus_1166.png
2,FERPlus_1167.png
2,FERPlus_1168.png
2,FERPlus_1169.png
2,FERPlus_1170.png
2,FERPlus_1171.png
2,FERPlus_1172.png
2,FERPlus_1173.png
2,FERPlus_1174.png
2,FERPlus_1175.png
2,FERPlus_1176.png
2,FERPlus_1177.png
2,FERPlus_1178.png
2,FERPlus_1179.png
2,FERPlus_1180.png
2,FERPlus_1181.png
2,FERPlus_1182.png
2,FERPlus_1183.png
2,FERPlus_1184.png
2,FERPlus_1185.png
2,FERPlus_1186.png
2,FERPlus_1187.png
2,FERPlus_1188.png
2,FERPlus_1189.png
2,FERPlus_1190.png
2,FERPlus_1191.png
2,FERPlus_1192.png
2,FERPlus_1193.png
2,FERPlus_1194.png
2,FERPlus_1195.png
2,FERPlus_1196.png
2,FERPlus_1197.png
2,FERPlus_1198.png
2,FERPlus_1199.png
2,FERPlus_1200.png
2,FERPlus_1201.png
2,FERPlus_1202.png
2,FERPlus_1203.png
2,FERPlus_1204.png
2,FERPlus_1205.png
2,FERPlus_1206.png
2,FERPlus_1207.png
2,FERPlus_1208.png
2,FERPlus_1209.png
2,FERPlus_1210.png
2,FERPlus_1211.png
2,FERPlus_1212.png
2,FERPlus_1213.png
2,FERPlus_1214.png
2,FERPlus_1215.png
2,FERPlus_1216.png
2,FERPlus_1217.png
2,FERPlus_1218.png
2,FERPlus_1219.png
2,FERPlus_1220.png
2,FERPlus_1221.png
2,FERPlus_1222.png
2,FERPlus_1223.png
2,FERPlus_1224.png
2,FERPlus_1225.png
2,FERPlus_1226.png
2,FERPlus_1227.png
2,FERPlus_1228.png
2,FERPlus_1229.png
2,FERPlus_1230.png
2,FERPlus_1231.png
2,FERPlus_1232.png
2,FERPlus_1233.png
2,FERPlus_1234.png
2,FERPlus_1235.png
2,FERPlus_1236.png
2,FERPlus_1237.png
2,FERPlus_1238.png
2,FERPlus_1239.png
2,FERPlus_1240.png
2,FERPlus_1241.png
2,FERPlus_1242.png
2,FERPlus_1243.png
2,FERPlus_1244.png
2,FERPlus_1245.png
2,FERPlus_1246.png
2,FERPlus_1247.png
2,FERPlus_1248.png
2,FERPlus_1249.png
2,FERPlus_1250.png
2,FERPlus_1251.png
2,FERPlus_1252.png
2,FERPlus_1253.png
2,FERPlus_1254.png
2,FERPlus_1255.png
2,FERPlus_1256.png
2,FERPlus_1257.png
2,FERPlus_1258.png
2,FERPlus_1259.png
2,FERPlus_1260.png
2,FERPlus_1261.png
2,FERPlus_1262.png
2,FERPlus_1263.png
2,FERPlus_1264.png
2,FERPlus_1265.png
2,FERPlus_1266.png
2,FERPlus_1267.png
2,FERPlus_1268.png
2,FERPlus_1269.png
2,FERPlus_1270.png
2,FERPlus_1271.png
2,FERPlus_1272.png
2,FERPlus_1273.png
2,FERPlus_1274.png
2,FERPlus_1275.png
2,FERPlus_1276.png
2,FERPlus_1277.png
2,FERPlus_1278.png
2,FERPlus_1279.png
2,FERPlus_1280.png
2,FERPlus_1281.png
2,FERPlus_1282.png
2,FERPlus_1283.png
2,FERPlus_1284.png
2,FERPlus_1285.png
2,FERPlus_1286.png
2,FERPlus_1287.png
2,FERPlus_1288.png
2,FERPlus_1289.png
2,FERPlus_1290.png
2,FERPlus_1291.png
2,FERPlus_1292.png
2,FERPlus_1293.png
2,FERPlus_1294.png
2,FERPlus_1295.png
2,FERPlus_1296.png
2,FERPlus_1297.png
2,FERPlus_1298.png
2,FERPlus_1299.png
2,FERPlus_1300.png
2,FERPlus_1301.png
2,FERPlus_1302.png
2,FERPlus_1303.png
2,FERPlus_1304.png
2,FERPlus_1305.png
2,FERPlus_1306.png
2,FERPlus_1307.png
2,FERPlus_1308.png
2,FERPlus_1309.png
2,FERPlus_1310.png
2,FERPlus_1311.png
2,FERPlus_1312.png
2,FERPlus_1313.png
2,FERPlus_1314.png
2,FERPlus_1315.png
2,FERPlus_1316.png
2,FERPlus_1317.png
2,FERPlus_1318.png
2,FERPlus_1319.png
2,FERPlus_1320.png
2,FERPlus_1321.png
2,FERPlus_1322.png
2,FERPlus_1323.png
2,FERPlus_1324.png
2,FERPlus_1325.png
2,FERPlus_1326.png
2,FERPlus_1327.png
2,FERPlus_1328.png
2,FERPlus_1329.png
2,FERPlus_1330.png
2,FERPlus_1331.png
2,FERPlus_1332.png
2,FERPlus_1333.png
2,FERPlus_1334.png
2,FERPlus_1335.png
2,FERPlus_1336.png
2,FERPlus_1337.png
2,FERPlus_1338.png
2,FERPlus_1339.png
2,FERPlus_1340.png
2,FERPlus_1341.png
2,FERPlus_1342.png
2,FERPlus_1343.png
2,FERPlus_1344.png
2,FERPlus_1345.png
2,FERPlus_1346.png
2,FERPlus_1347.png
2,FERPlus_1348.png
2,FERPlus_1349.png
2,FERPlus_1350.png
2,FERPlus_1351.png
2,FERPlus_1352.png
2,FERPlus_1353.png
2,FERPlus_1354.png
2,FERPlus_1355.png
2,FERPlus_1356.png
2,FERPlus_1357.png
2,FERPlus_1358.png
2,FERPlus_1359.png
2,FERPlus_1360.png
2,FERPlus_1361.png
2,FERPlus_1362.png
2,FERPlus_1363.png
2,FERPlus_1364.png
2,FERPlus_1365.png
2,FERPlus_1366.png
2,FERPlus_1367.png
2,FERPlus_1368.png
2,FERPlus_1369.png
2,FERPlus_1370.png
2,FERPlus_1371.png
2,FERPlus_1372.png
2,FERPlus_1373.png
2,FERPlus_1374.png
2,FERPlus_1375.png
2,FERPlus_1376.png
2,FERPlus_1377.png
2,FERPlus_1378.png
2,FERPlus_1379.png
2,FERPlus_1380.png
2,FERPlus_1381.png
2,FERPlus_1382.png
2,FERPlus_1383.png
2,FERPlus_1384.png
2,FERPlus_1385.png
2,FERPlus_1386.png
2,FERPlus_1387.png
2,FERPlus_1388.png
2,FERPlus_1389.png
2,FERPlus_1390.png
2,FERPlus_1391.png
2,FERPlus_1392.png
2,FERPlus_1393.png
2,FERPlus_1394.png
2,FERPlus_1395.png
2,FERPlus_1396.png
2,FERPlus_1397.png
2,FERPlus_1398.png
2,FERPlus_1399.png
2,FERPlus_1400.png
2,FERPlus_1401.png
2,FERPlus_1402.png
2,FERPlus_1403.png
2,FERPlus_1404.png
2,FERPlus_1405.png
2,FERPlus_1406.png
2,FERPlus_1407.png
2,FERPlus_1408.png
2,FERPlus_1409.png
2,FERPlus_1410.png
2,FERPlus_1411.png
2,FERPlus_1412.png
2,FERPlus_1413.png
2,FERPlus_1414.png
2,FERPlus_1415.png
2,FERPlus_1416.png
2,FERPlus_1417.png
2,FERPlus_1418.png
2,FERPlus_1419.png
2,FERPlus_1420.png
2,FERPlus_1421.png
2,FERPlus_1422.png
2,FERPlus_1423.png
2,FERPlus_1424.png
2,FERPlus_1425.png
2,FERPlus_1426.png
2,FERPlus_1427.png
2,FERPlus_1428.png
2,FERPlus_1429.png
2,FERPlus_1430.png
2,FERPlus_1431.png
2,FERPlus_1432.png
2,FERPlus_1433.png
2,FERPlus_1434.png
2,FERPlus_1435.png
2,FERPlus_1436.png
2,FERPlus_1437.png
2,FERPlus_1438.png
2,FERPlus_1439.png
2,FERPlus_1440.png
2,FERPlus_1441.png
2,FERPlus_1442.png
2,FERPlus_1443.png
2,FERPlus_1444.png
2,FERPlus_1445.png
2,FERPlus_1446.png
2,FERPlus_1447.png
2,FERPlus_1448.png
2,FERPlus_1449.png
2,FERPlus_1450.png
2,FERPlus_1451.png
2,FERPlus_1452.png
2,FERPlus_1453.png
2,FERPlus_1454.png
2,FERPlus_1455.png
2,FERPlus_1456.png
2,FERPlus_1457.png
2,FERPlus_1458.png
2,FERPlus_1459.png
2,FERPlus_1460.png
2,FERPlus_1461.png
2,FERPlus_1462.png
2,FERPlus_1463.png
2,FERPlus_1464.png
2,FERPlus_1465.png
2,FERPlus_1466.png
2,FERPlus_1467.png
2,FERPlus_1468.png
2,FERPlus_1469.png
2,FERPlus_1470.png
2,FERPlus_1471.png
2,FERPlus_1472.png
2,FERPlus_1473.png
2,FERPlus_1474.png
2,FERPlus_1475.png
2,FERPlus_1476.png
2,FERPlus_1477.png
2,FERPlus_1478.png
2,FERPlus_1479.png
2,FERPlus_1480.png
2,FERPlus_1481.png
2,FERPlus_1482.png
2,FERPlus_1483.png
2,FERPlus_1484.png
2,FERPlus_1485.png
2,FERPlus_1486.png
2,FERPlus_1487.png
2,FERPlus_1488.png
2,FERPlus_1489.png
2,FERPlus_1490.png
2,FERPlus_1491.png
2,FERPlus_1492.png
2,FERPlus_1493.png
2,FERPlus_1494.png
2,FERPlus_1495.png
2,FERPlus_1496.png
2,FERPlus_1497.png
2,FERPlus_1498.png
2,FERPlus_1499.png
2,FERPlus_1500.png
2,FERPlus_1501.png
2,FERPlus_1502.png
2,FERPlus_1503.png
2,FERPlus_1504.png
2,FERPlus_1505.png
2,FERPlus_1506.png
2,FERPlus_1507.png
2,FERPlus_1508.png
2,FERPlus_1509.png
2,FERPlus_1510.png
2,FERPlus_1511.png
2,FERPlus_1512.png
2,FERPlus_1513.png
2,FERPlus_1514.png
2,FERPlus_1515.png
2,FERPlus_1516.png
2,FERPlus_1517.png
2,FERPlus_1518.png
2,FERPlus_1519.png
2,FERPlus_1520.png
2,FERPlus_1521.png
2,FERPlus_1522.png
2,FERPlus_1523.png
2,FERPlus_1524.png
2,FERPlus_1525.png
2,FERPlus_1526.png
2,FERPlus_1527.png
2,FERPlus_1528.png
2,FERPlus_1529.png
2,FERPlus_1530.png
2,FERPlus_1531.png
2,FERPlus_1532.png
2,FERPlus_1533.png
2,FERPlus_1534.png
2,FERPlus_1535.png
2,FERPlus_1536.png
2,FERPlus_1537.png
2,FERPlus_1538.png
2,FERPlus_1539.png
2,FERPlus_1540.png
2,FERPlus_1541.png
2,FERPlus_1542.png
2,FERPlus_1543.png
2,FERPlus_1544.png
2,FERPlus_1545.png
2,FERPlus_1546.png
2,FERPlus_1547.png
2,FERPlus_1548.png
2,FERPlus_1549.png
2,FERPlus_1550.png
2,FERPlus_1551.png
2,FERPlus_1552.png
2,FERPlus_1553.png
2,FERPlus_1554.png
2,FERPlus_1555.png
2,FERPlus_1556.png
2,FERPlus_1557.png
2,FERPlus_1558.png
2,FERPlus_1559.png
2,FERPlus_1560.png
2,FERPlus_1561.png
2,FERPlus_1562.png
2,FERPlus_1563.png
2,FERPlus_1564.png
2,FERPlus_1565.png
2,FERPlus_1566.png
2,FERPlus_1567.png
2,FERPlus_1568.png
2,FERPlus_1569.png
2,FERPlus_1570.png
2,FERPlus_1571.png
2,FERPlus_1572.png
2,FERPlus_1573.png
2,FERPlus_1574.png
2,FERPlus_1575.png
2,FERPlus_1576.png
2,FERPlus_1577.png
2,FERPlus_1578.png
2,FERPlus_1579.png
2,FERPlus_1580.png
2,FERPlus_1581.png
2,FERPlus_1582.png
2,FERPlus_1583.png
2,FERPlus_1584.png
2,FERPlus_1585.png
2,FERPlus_1586.png
2,FERPlus_1587.png
2,FERPlus_1588.png
2,FERPlus_1589.png
2,FERPlus_1590.png
2,FERPlus_1591.png
2,FERPlus_1592.png
2,FERPlus_1593.png
2,FERPlus_1594.png
2,FERPlus_1595.png
2,FERPlus_1596.png
2,FERPlus_1597.png
2,FERPlus_1598.png
2,FERPlus_1599.png
2,FERPlus_1600.png
2,FERPlus_1601.png
2,FERPlus_1602.png
2,FERPlus_1603.png
2,FERPlus_1604.png
2,FERPlus_1605.png
2,FERPlus_1606.png
2,FERPlus_1607.png
2,FERPlus_1608.png
2,FERPlus_1609.png
2,FERPlus_1610.png
2,FERPlus_1611.png
2,FERPlus_1612.png
2,FERPlus_1613.png
2,FERPlus_1614.png
2,FERPlus_1615.png
2,FERPlus_1616.png
2,FERPlus_1617.png
2,FERPlus_1618.png
2,FERPlus_1619.png
2,FERPlus_1620.png
2,FERPlus_1621.png
2,FERPlus_1622.png
2,FERPlus_1623.png
2,FERPlus_1624.png
2,FERPlus_1625.png
2,FERPlus_1626.png
2,FERPlus_1627.png
2,FERPlus_1628.png
2,FERPlus_1629.png
2,FERPlus_1630.png
2,FERPlus_1631.png
2,FERPlus_1632.png
2,FERPlus_1633.png
2,FERPlus_1634.png
2,FERPlus_1635.png
2,FERPlus_1636.png
2,FERPlus_1637.png
2,FERPlus_1638.png
2,FERPlus_1639.png
2,FERPlus_1640.png
2,FERPlus_1641.png
2,FERPlus_1642.png
2,FERPlus_1643.png
2,FERPlus_1644.png
2,FERPlus_1645.png
2,FERPlus_1646.png
2,FERPlus_1647.png
2,FERPlus_1648.png
2,FERPlus_1649.png
2,FERPlus_1650.png
2,FERPlus_1651.png
2,FERPlus_1652.png
2,FERPlus_1653.png
2,FERPlus_1654.png
2,FERPlus_1655.png
2,FERPlus_1656.png
2,FERPlus_1657.png
2,FERPlus_1658.png
2,FERPlus_1659.png
2,FERPlus_1660.png
2,FERPlus_1661.png
2,FERPlus_1662.png
2,FERPlus_1663.png
2,FERPlus_1664.png
2,FERPlus_1665.png
2,FERPlus_1666.png
2,FERPlus_1667.png
2,FERPlus_1668.png
2,FERPlus_1669.png
2,FERPlus_1670.png
2,FERPlus_1671.png
2,FERPlus_1672.png
2,FERPlus_1673.png
2,FERPlus_1674.png
2,FERPlus_1675.png
2,FERPlus_1676.png
2,FERPlus_1677.png
2,FERPlus_1678.png
2,FERPlus_1679.png
2,FERPlus_1680.png
2,FERPlus_1681.png
2,FERPlus_1682.png
2,FERPlus_1683.png
2,FERPlus_1684.png
2,FERPlus_1685.png
2,FERPlus_1686.png
2,FERPlus_1687.png
2,FERPlus_1688.png
2,FERPlus_1689.png
2,FERPlus_1690.png
2,FERPlus_1691.png
2,FERPlus_1692.png
2,FERPlus_1693.png
2,FERPlus_1694.png
2,FERPlus_1695.png
2,FERPlus_1696.png
2,FERPlus_1697.png
2,FERPlus_1698.png
2,FERPlus_1699.png
2,FERPlus_1700.png
2,FERPlus_1701.png
2,FERPlus_1702.png
2,FERPlus_1703.png
2,FERPlus_1704.png
2,FERPlus_1705.png
2,FERPlus_1706.png
2,FERPlus_1707.png
2,FERPlus_1708.png
2,FERPlus_1709.png
2,FERPlus_1710.png
2,FERPlus_1711.png
2,FERPlus_1712.png
2,FERPlus_1713.png
2,FERPlus_1714.png
2,FERPlus_1715.png
2,FERPlus_1716.png
2,FERPlus_1717.png
2,FERPlus_1718.png
2,FERPlus_1719.png
2,FERPlus_1720.png
2,FERPlus_1721.png
2,FERPlus_1722.png
2,FERPlus_1723.png
2,FERPlus_1724.png
2,FERPlus_1725.png
2,FERPlus_1726.png
2,FERPlus_1727.png
2,FERPlus_1728.png
2,FERPlus_1729.png
2,FERPlus_1730.png
2,FERPlus_1731.png
2,FERPlus_1732.png
2,FERPlus_1733.png
2,FERPlus_1734.png
2,FERPlus_1735.png
2,FERPlus_1736.png
2,FERPlus_1737.png
2,FERPlus_1738.png
2,FERPlus_1739.png
2,FERPlus_1740.png
2,FERPlus_1741.png
2,FERPlus_1742.png
2,FERPlus_1743.png
2,FERPlus_1744.png
2,FERPlus_1745.png
2,FERPlus_1746.png
2,FERPlus_1747.png
2,FERPlus_1748.png
2,FERPlus_1749.png
2,FERPlus_1750.png
2,FERPlus_1751.png
2,FERPlus_1752.png
2,FERPlus_1753.png
2,FERPlus_1754.png
2,FERPlus_1755.png
2,FERPlus_1756.png
2,FERPlus_1757.png
2,FERPlus_1758.png
2,FERPlus_1759.png
2,FERPlus_1760.png
2,FERPlus_1761.png
2,FERPlus_1762.png
2,FERPlus_1763.png
2,FERPlus_1764.png
2,FERPlus_1765.png
2,FERPlus_1766.png
2,FERPlus_1767.png
2,FERPlus_1768.png
2,FERPlus_1769.png
2,FERPlus_1770.png
2,FERPlus_1771.png
2,FERPlus_1772.png
2,FERPlus_1773.png
2,FERPlus_1774.png
2,FERPlus_1775.png
2,FERPlus_1776.png
2,FERPlus_1777.png
2,FERPlus_1778.png
2,FERPlus_1779.png
2,FERPlus_1780.png
2,FERPlus_1781.png
2,FERPlus_1782.png
2,FERPlus_1783.png
2,FERPlus_1784.png
2,FERPlus_1785.png
2,FERPlus_1786.png
2,FERPlus_1787.png
2,FERPlus_1788.png
2,FERPlus_1789.png
2,FERPlus_1790.png
2,FERPlus_1791.png
2,FERPlus_1792.png
2,FERPlus_1793.png
2,FERPlus_1794.png
2,FERPlus_1795.png
2,FERPlus_1796.png
2,FERPlus_1797.png
2,FERPlus_1798.png
2,FERPlus_1799.png
2,FERPlus_1800.png
2,FERPlus_1801.png
2,FERPlus_1802.png
2,FERPlus_1803.png
2,FERPlus_1804.png
2,FERPlus_1805.png
2,FERPlus_1806.png
2,FERPlus_1807.png
2,FERPlus_1808.png
2,FERPlus_1809.png
2,FERPlus_1810.png
2,FERPlus_1811.png
2,FERPlus_1812.png
2,FERPlus_1813.png
2,FERPlus_1814.png
2,FERPlus_1815.png
2,FERPlus_1816.png
2,FERPlus_1817.png
2,FERPlus_1818.png
2,FERPlus_1819.png
2,FERPlus_1820.png
2,FERPlus_1821.png
2,FERPlus_1822.png
2,FERPlus_1823.png
2,FERPlus_1824.png
2,FERPlus_1825.png
2,FERPlus_1826.png
2,FERPlus_1827.png
2,FERPlus_1828.png
2,FERPlus_1829.png
2,FERPlus_1830.png
2,FERPlus_1831.png
2,FERPlus_1832.png
2,FERPlus_1833.png
2,FERPlus_1834.png
2,FERPlus_1835.png
2,FERPlus_1836.png
2,FERPlus_1837.png
2,FERPlus_1838.png
2,FERPlus_1839.png
2,FERPlus_1840.png
2,FERPlus_1841.png
2,FERPlus_1842.png
2,FERPlus_1843.png
2,FERPlus_1844.png
2,FERPlus_1845.png
2,FERPlus_1846.png
2,FERPlus_1847.png
2,FERPlus_1848.png
2,FERPlus_1849.png
2,FERPlus_1850.png
2,FERPlus_1851.png
2,FERPlus_1852.png
2,FERPlus_1853.png
2,FERPlus_1854.png
2,FERPlus_1855.png
2,FERPlus_1856.png
2,FERPlus_1857.png
2,FERPlus_1858.png
2,FERPlus_1859.png
2,FERPlus_1860.png
2,FERPlus_1861.png
2,FERPlus_1862.png
2,FERPlus_1863.png
2,FERPlus_1864.png
2,FERPlus_1865.png
2,FERPlus_1866.png
2,FERPlus_1867.png
2,FERPlus_1868.png
2,FERPlus_1869.png
2,FERPlus_1870.png
2,FERPlus_1871.png
2,FERPlus_1872.png
2,FERPlus_1873.png
2,FERPlus_1874.png
2,FERPlus_1875.png
2,FERPlus_1876.png
2,FERPlus_1877.png
2,FERPlus_1878.png
2,FERPlus_1879.png
2,FERPlus_1880.png
2,FERPlus_1881.png
2,FERPlus_1882.png
2,FERPlus_1883.png
2,FERPlus_1884.png
2,FERPlus_1885.png
2,FERPlus_1886.png
2,FERPlus_1887.png
2,FERPlus_1888.png
2,FERPlus_1889.png
2,FERPlus_1890.png
2,FERPlus_1891.png
2,FERPlus_1892.png
2,FERPlus_1893.png
2,FERPlus_1894.png
2,FERPlus_1895.png
2,FERPlus_1896.png
2,FERPlus_1897.png
2,FERPlus_1898.png
2,FERPlus_1899.png
2,FERPlus_1900.png
2,FERPlus_1901.png
2,FERPlus_1902.png
2,FERPlus_1903.png
2,FERPlus_1904.png
2,FERPlus_1905.png
2,FERPlus_1906.png
2,FERPlus_1907.png
2,FERPlus_1908.png
2,FERPlus_1909.png
2,FERPlus_1910.png
2,FERPlus_1911.png
2,FERPlus_1912.png
2,FERPlus_1913.png
2,FERPlus_1914.png
2,FERPlus_1915.png
2,FERPlus_1916.png
2,FERPlus_1917.png
2,FERPlus_1918.png
2,FERPlus_1919.png
2,FERPlus_1920.png
2,FERPlus_1921.png
2,FERPlus_1922.png
2,FERPlus_1923.png
2,FERPlus_1924.png
2,FERPlus_1925.png
2,FERPlus_1926.png
2,FERPlus_1927.png
2,FERPlus_1928.png
2,FERPlus_1929.png
2,FERPlus_1930.png
2,FERPlus_1931.png
2,FERPlus_1932.png
2,FERPlus_1933.png
2,FERPlus_1934.png
2,FERPlus_1935.png
2,FERPlus_1936.png
2,FERPlus_1937.png
2,FERPlus_1938.png
2,FERPlus_1939.png
2,FERPlus_1940.png
2,FERPlus_1941.png
2,FERPlus_1942.png
2,FERPlus_1943.png
2,FERPlus_1944.png
2,FERPlus_1945.png
2,FERPlus_1946.png
2,FERPlus_1947.png
2,FERPlus_1948.png
2,FERPlus_1949.png
2,FERPlus_1950.png
2,FERPlus_1951.png
2,FERPlus_1952.png
2,FERPlus_1953.png
2,FERPlus_1954.png
2,FERPlus_1955.png
2,FERPlus_1956.png
2,FERPlus_1957.png
2,FERPlus_1958.png
2,FERPlus_1959.png
2,FERPlus_1960.png
2,FERPlus_1961.png
2,FERPlus_1962.png
2,FERPlus_1963.png
2,FERPlus_1964.png
2,FERPlus_1965.png
2,FERPlus_1966.png
2,FERPlus_1967.png
2,FERPlus_1968.png
2,FERPlus_1969.png
2,FERPlus_1970.png
2,FERPlus_1971.png
2,FERPlus_1972.png
2,FERPlus_1973.png
2,FERPlus_1974.png
2,FERPlus_1975.png
2,FERPlus_1976.png
2,FERPlus_1977.png
2,FERPlus_1978.png
2,FERPlus_1979.png
2,FERPlus_1980.png
2,FERPlus_1981.png
2,FERPlus_1982.png
2,FERPlus_1983.png
2,FERPlus_1984.png
2,FERPlus_1985.png
2,FERPlus_1986.png
2,FERPlus_1987.png
2,FERPlus_1988.png
2,FERPlus_1989.png
2,FERPlus_1990.png
2,FERPlus_1991.png
2,FERPlus_1992.png
2,FERPlus_1993.png
2,FERPlus_1994.png
2,FERPlus_1995.png
2,FERPlus_1996.png
2,FERPlus_1997.png
2,FERPlus_1998.png
2,FERPlus_1999.png
2,FERPlus_2000.png
2,FERPlus_2001.png
2,FERPlus_2002.png
2,FERPlus_2003.png
2,FERPlus_2004.png
2,FERPlus_2005.png
2,FERPlus_2006.png
2,FERPlus_2007.png
2,FERPlus_2008.png
2,FERPlus_2009.png
2,FERPlus_2010.png
2,FERPlus_2011.png
2,FERPlus_2012.png
2,FERPlus_2013.png
2,FERPlus_2014.png
2,FERPlus_2015.png
2,FERPlus_2016.png
2,FERPlus_2017.png
2,FERPlus_2018.png
2,FERPlus_2019.png
2,FERPlus_2020.png
2,FERPlus_2021.png
2,FERPlus_2022.png
2,FERPlus_2023.png
2,FERPlus_2024.png
2,FERPlus_2025.png
2,FERPlus_2026.png
2,FERPlus_2027.png
2,FERPlus_2028.png
2,FERPlus_2029.png
2,FERPlus_2030.png
2,FERPlus_2031.png
2,FERPlus_2032.png
2,FERPlus_2033.png
2,FERPlus_2034.png
2,FERPlus_2035.png
2,FERPlus_2036.png
2,FERPlus_2037.png
2,FERPlus_2038.png
2,FERPlus_2039.png
2,FERPlus_2040.png
2,FERPlus_2041.png
2,FERPlus_2042.png
2,FERPlus_2043.png
2,FERPlus_2044.png
2,FERPlus_2045.png
2,FERPlus_2046.png
2,FERPlus_2047.png
2,FERPlus_2048.png
2,FERPlus_2049.png
2,FERPlus_2050.png
2,FERPlus_2051.png
2,FERPlus_2052.png
2,FERPlus_2053.png
2,FERPlus_2054.png
2,FERPlus_2055.png
2,FERPlus_2056.png
2,FERPlus_2057.png
2,FERPlus_2058.png
2,FERPlus_2059.png
2,FERPlus_2060.png
2,FERPlus_2061.png
2,FERPlus_2062.png
2,FERPlus_2063.png
2,FERPlus_2064.png
2,FERPlus_2065.png
2,FERPlus_2066.png
2,FERPlus_2067.png
2,FERPlus_2068.png
2,FERPlus_2069.png
2,FERPlus_2070.png
2,FERPlus_2071.png
2,FERPlus_2072.png
2,FERPlus_2073.png
2,FERPlus_2074.png
2,FERPlus_2075.png
2,FERPlus_2076.png
2,FERPlus_2077.png
2,FERPlus_2078.png
2,FERPlus_2079.png
2,FERPlus_2080.png
2,FERPlus_2081.png
2,FERPlus_2082.png
2,FERPlus_2083.png
2,FERPlus_2084.png
2,FERPlus_2085.png
2,FERPlus_2086.png
2,FERPlus_2087.png
2,FERPlus_2088.png
2,FERPlus_2089.png
2,FERPlus_2090.png
2,FERPlus_2091.png
2,FERPlus_2092.png
2,FERPlus_2093.png
2,FERPlus_2094.png
2,FERPlus_2095.png
2,FERPlus_2096.png
2,FERPlus_2097.png
2,FERPlus_2098.png
2,FERPlus_2099.png
2,FERPlus_2100.png
2,FERPlus_2101.png
2,FERPlus_2102.png
2,FERPlus_2103.png
2,FERPlus_2104.png
2,FERPlus_2105.png
2,FERPlus_2106.png
2,FERPlus_2107.png
2,FERPlus_2108.png
2,FERPlus_2109.png
2,FERPlus_2110.png
2,FERPlus_2111.png
2,FERPlus_2112.png
2,FERPlus_2113.png
2,FERPlus_2114.png
2,FERPlus_2115.png
2,FERPlus_2116.png
2,FERPlus_2117.png
2,FERPlus_2118.png
2,FERPlus_2119.png
2,FERPlus_2120.png
2,FERPlus_2121.png
2,FERPlus_2122.png
2,FERPlus_2123.png
2,FERPlus_2124.png
2,FERPlus_2125.png
2,FERPlus_2126.png
2,FERPlus_2127.png
2,FERPlus_2128.png
2,FERPlus_2129.png
2,FERPlus_2130.png
2,FERPlus_2131.png
2,FERPlus_2132.png
2,FERPlus_2133.png
2,FERPlus_2134.png
2,FERPlus_2135.png
2,FERPlus_2136.png
2,FERPlus_2137.png
2,FERPlus_2138.png
2,FERPlus_2139.png
2,FERPlus_2140.png
2,FERPlus_2141.png
2,FERPlus_2142.png
2,FERPlus_2143.png
2,FERPlus_2144.png
2,FERPlus_2145.png
2,FERPlus_2146.png
2,FERPlus_2147.png
2,FERPlus_2148.png
2,FERPlus_2149.png
2,FERPlus_2150.png
2,FERPlus_2151.png
2,FERPlus_2152.png
2,FERPlus_2153.png
2,FERPlus_2154.png
2,FERPlus_2155.png
2,FERPlus_2156.png
2,FERPlus_2157.png
2,FERPlus_2158.png
2,FERPlus_2159.png
2,FERPlus_2160.png
2,FERPlus_2161.png
2,FERPlus_2162.png
2,FERPlus_2163.png
2,FERPlus_2164.png
2,FERPlus_2165.png
2,FERPlus_2166.png
2,FERPlus_2167.png
2,FERPlus_2168.png
2,FERPlus_2169.png
2,FERPlus_2170.png
2,FERPlus_2171.png
2,FERPlus_2172.png
2,FERPlus_2173.png
2,FERPlus_2174.png
2,FERPlus_2175.png
2,FERPlus_2176.png
2,FERPlus_2177.png
2,FERPlus_2178.png
2,FERPlus_2179.png
2,FERPlus_2180.png
2,FERPlus_2181.png
2,FERPlus_2182.png
2,FERPlus_2183.png
2,FERPlus_2184.png
2,FERPlus_2185.png
2,FERPlus_2186.png
2,FERPlus_2187.png
2,FERPlus_2188.png
2,FERPlus_2189.png
2,FERPlus_2190.png
2,FERPlus_2191.png
2,FERPlus_2192.png
2,FERPlus_2193.png
2,FERPlus_2194.png
2,FERPlus_2195.png
2,FERPlus_2196.png
2,FERPlus_2197.png
2,FERPlus_2198.png
2,FERPlus_2199.png
2,FERPlus_2200.png
2,FERPlus_2201.png
2,FERPlus_2202.png
2,FERPlus_2203.png
2,FERPlus_2204.png
2,FERPlus_2205.png
2,FERPlus_2206.png
2,FERPlus_2207.png
2,FERPlus_2208.png
2,FERPlus_2209.png
2,FERPlus_2210.png
2,FERPlus_2211.png
2,FERPlus_2212.png
2,FERPlus_2213.png
2,FERPlus_2214.png
2,FERPlus_2215.png
2,FERPlus_2216.png
2,FERPlus_2217.png
2,FERPlus_2218.png
2,FERPlus_2219.png
2,FERPlus_2220.png
2,FERPlus_2221.png
2,FERPlus_2222.png
2,FERPlus_2223.png
2,FERPlus_2224.png
2,FERPlus_2225.png
2,FERPlus_2226.png
2,FERPlus_2227.png
2,FERPlus_2228.png
2,FERPlus_2229.png
2,FERPlus_2230.png
2,FERPlus_2231.png
2,FERPlus_2232.png
2,FERPlus_2233.png
2,FERPlus_2234.png
2,FERPlus_2235.png
2,FERPlus_2236.png
2,FERPlus_2237.png
2,FERPlus_2238.png
2,FERPlus_2239.png
2,FERPlus_2240.png
2,FERPlus_2241.png
2,FERPlus_2242.png
2,FERPlus_2243.png
2,FERPlus_2244.png
2,FERPlus_2245.png
2,FERPlus_2246.png
2,FERPlus_2247.png
2,FERPlus_2248.png
2,FERPlus_2249.png
2,FERPlus_2250.png
2,FERPlus_2251.png
2,FERPlus_2252.png
2,FERPlus_2253.png
2,FERPlus_2254.png
2,FERPlus_2255.png
2,FERPlus_2256.png
2,FERPlus_2257.png
2,FERPlus_2258.png
2,FERPlus_2259.png
2,FERPlus_2260.png
2,FERPlus_2261.png
2,FERPlus_2262.png
2,FERPlus_2263.png
2,FERPlus_2264.png
2,FERPlus_2265.png
2,FERPlus_2266.png
2,FERPlus_2267.png
2,FERPlus_2268.png
2,FERPlus_2269.png
2,FERPlus_2270.png
2,FERPlus_2271.png
2,FERPlus_2272.png
2,FERPlus_2273.png
2,FERPlus_2274.png
2,FERPlus_2275.png
2,FERPlus_2276.png
2,FERPlus_2277.png
2,FERPlus_2278.png
2,FERPlus_2279.png
2,FERPlus_2280.png
2,FERPlus_2281.png
2,FERPlus_2282.png
2,FERPlus_2283.png
2,FERPlus_2284.png
2,FERPlus_2285.png
2,FERPlus_2286.png
2,FERPlus_2287.png
2,FERPlus_2288.png
2,FERPlus_2289.png
2,FERPlus_2290.png
2,FERPlus_2291.png
2,FERPlus_2292.png
2,FERPlus_2293.png
2,FERPlus_2294.png
2,FERPlus_2295.png
2,FERPlus_2296.png
2,FERPlus_2297.png
2,FERPlus_2298.png
2,FERPlus_2299.png
2,FERPlus_2300.png
2,FERPlus_2301.png
2,FERPlus_2302.png
2,FERPlus_2303.png
2,FERPlus_2304.png
2,FERPlus_2305.png
2,FERPlus_2306.png
2,FERPlus_2307.png
2,FERPlus_2308.png
2,FERPlus_2309.png
2,FERPlus_2310.png
2,FERPlus_2311.png
2,FERPlus_2312.png
2,FERPlus_2313.png
2,FERPlus_2314.png
2,FERPlus_2315.png
2,FERPlus_2316.png
2,FERPlus_2317.png
2,FERPlus_2318.png
2,FERPlus_2319.png
2,FERPlus_2320.png
2,FERPlus_2321.png
2,FERPlus_2322.png
2,FERPlus_2323.png
2,FERPlus_2324.png
2,FERPlus_2325.png
2,FERPlus_2326.png
2,FERPlus_2327.png
2,FERPlus_2328.png
2,FERPlus_2329.png
2,FERPlus_2330.png
2,FERPlus_2331.png
2,FERPlus_2332.png
2,FERPlus_2333.png
2,FERPlus_2334.png
2,FERPlus_2335.png
2,FERPlus_2336.png
2,FERPlus_2337.png
2,FERPlus_2338.png
2,FERPlus_2339.png
2,FERPlus_2340.png
2,FERPlus_2341.png
2,FERPlus_2342.png
2,FERPlus_2343.png
2,FERPlus_2344.png
2,FERPlus_2345.png
2,FERPlus_2346.png
2,FERPlus_2347.png
2,FERPlus_2348.png
2,FERPlus_2349.png
2,FERPlus_2350.png
2,FERPlus_2351.png
2,FERPlus_2352.png
2,FERPlus_2353.png
2,FERPlus_2354.png
2,FERPlus_2355.png
2,FERPlus_2356.png
2,FERPlus_2357.png
2,FERPlus_2358.png
2,FERPlus_2359.png
2,FERPlus_2360.png
2,FERPlus_2361.png
2,FERPlus_2362.png
2,FERPlus_2363.png
2,FERPlus_2364.png
2,FERPlus_2365.png
2,FERPlus_2366.png
2,FERPlus_2367.png
2,FERPlus_2368.png
2,FERPlus_2369.png
2,FERPlus_2370.png
2,FERPlus_2371.png
2,FERPlus_2372.png
2,FERPlus_2373.png
2,FERPlus_2374.png
2,FERPlus_2375.png
2,FERPlus_2376.png
2,FERPlus_2377.png
2,FERPlus_2378.png
2,FERPlus_2379.png
2,FERPlus_2380.png
2,FERPlus_2381.png
2,FERPlus_2382.png
2,FERPlus_2383.png
2,FERPlus_2384.png
2,FERPlus_2385.png
2,FERPlus_2386.png
2,FERPlus_2387.png
2,FERPlus_2388.png
2,FERPlus_2389.png
2,FERPlus_2390.png
2,FERPlus_2391.png
2,FERPlus_2392.png
2,FERPlus_2393.png
2,FERPlus_2394.png
2,FERPlus_2395.png
2,FERPlus_2396.png
2,FERPlus_2397.png
2,FERPlus_2398.png
2,FERPlus_2399.png
2,FERPlus_2400.png
2,FERPlus_2401.png
2,FERPlus_2402.png
2,FERPlus_2403.png
2,FERPlus_2404.png
2,FERPlus_2405.png
2,FERPlus_2406.png
2,FERPlus_2407.png
2,FERPlus_2408.png
2,FERPlus_2409.png
2,FERPlus_2410.png
2,FERPlus_2411.png
2,FERPlus_2412.png
2,FERPlus_2413.png
2,FERPlus_2414.png
2,FERPlus_2415.png
2,FERPlus_2416.png
2,FERPlus_2417.png
2,FERPlus_2418.png
2,FERPlus_2419.png
2,FERPlus_2420.png
2,FERPlus_2421.png
2,FERPlus_2422.png
2,FERPlus_2423.png
2,FERPlus_2424.png
2,FERPlus_2425.png
2,FERPlus_2426.png
2,FERPlus_2427.png
2,FERPlus_2428.png
2,FERPlus_2429.png
2,FERPlus_2430.png
2,FERPlus_2431.png
2,FERPlus_2432.png
2,FERPlus_2433.png
2,FERPlus_2434.png
2,FERPlus_2435.png
2,FERPlus_2436.png
2,FERPlus_2437.png
2,FERPlus_2438.png
2,FERPlus_2439.png
2,FERPlus_2440.png
2,FERPlus_2441.png
2,FERPlus_2442.png
2,FERPlus_2443.png
2,FERPlus_2444.png
2,FERPlus_2445.png
2,FERPlus_2446.png
2,FERPlus_2447.png
2,FERPlus_2448.png
2,FERPlus_2449.png
2,FERPlus_2450.png
2,FERPlus_2451.png
2,FERPlus_2452.png
2,FERPlus_2453.png
2,FERPlus_2454.png
2,FERPlus_2455.png
2,FERPlus_2456.png
2,FERPlus_2457.png
2,FERPlus_2458.png
2,FERPlus_2459.png
2,FERPlus_2460.png
2,FERPlus_2461.png
2,FERPlus_2462.png
2,FERPlus_2463.png
2,FERPlus_2464.png
2,FERPlus_2465.png
2,FERPlus_2466.png
2,FERPlus_2467.png
2,FERPlus_2468.png
2,FERPlus_2469.png
2,FERPlus_2470.png
2,FERPlus_2471.png
2,FERPlus_2472.png
2,FERPlus_2473.png
2,FERPlus_2474.png
2,FERPlus_2475.png
2,FERPlus_2476.png
2,FERPlus_2477.png
2,FERPlus_2478.png
2,FERPlus_2479.png
2,FERPlus_2480.png
2,FERPlus_2481.png
2,FERPlus_2482.png
2,FERPlus_2483.png
2,FERPlus_2484.png
2,FERPlus_2485.png
2,FERPlus_2486.png
2,FERPlus_2487.png
2,FERPlus_2488.png
2,FERPlus_2489.png
2,FERPlus_2490.png
2,FERPlus_2491.png
2,FERPlus_2492.png
2,FERPlus_2493.png
2,FERPlus_2494.png
2,FERPlus_2495.png
2,FERPlus_2496.png
2,FERPlus_2497.png
2,FERPlus_2498.png
2,FERPlus_2499.png
2,FERPlus_2500.png
2,FERPlus_2501.png
2,FERPlus_2502.png
2,FERPlus_2503.png
2,FERPlus_2504.png
2,FERPlus_2505.png
2,FERPlus_2506.png
2,FERPlus_2507.png
2,FERPlus_2508.png
2,FERPlus_2509.png
2,FERPlus_2510.png
2,FERPlus_2511.png
2,FERPlus_2512.png
2,FERPlus_2513.png
2,FERPlus_2514.png
2,FERPlus_2515.png
2,FERPlus_2516.png
2,FERPlus_2517.png
2,FERPlus_2518.png
2,FERPlus_2519.png
2,FERPlus_2520.png
2,FERPlus_2521.png
2,FERPlus_2522.png
2,FERPlus_2523.png
2,FERPlus_2524.png
2,FERPlus_2525.png
2,FERPlus_2526.png
2,FERPlus_2527.png
2,FERPlus_2528.png
2,FERPlus_2529.png
2,FERPlus_2530.png
2,FERPlus_2531.png
2,FERPlus_2532.png
2,FERPlus_2533.png
2,FERPlus_2534.png
2,FERPlus_2535.png
2,FERPlus_2536.png
2,FERPlus_2537.png
2,FERPlus_2538.png
2,FERPlus_2539.png
2,FERPlus_2540.png
2,FERPlus_2541.png
2,FERPlus_2542.png
2,FERPlus_2543.png
2,FERPlus_2544.png
2,FERPlus_2545.png
2,FERPlus_2546.png
2,FERPlus_2547.png
2,FERPlus_2548.png
2,FERPlus_2549.png
2,FERPlus_2550.png
2,FERPlus_2551.png
2,FERPlus_2552.png
2,FERPlus_2553.png
2,FERPlus_2554.png
2,FERPlus_2555.png
2,FERPlus_2556.png
2,FERPlus_2557.png
2,FERPlus_2558.png
2,FERPlus_2559.png
2,FERPlus_2560.png
2,FERPlus_2561.png
2,FERPlus_2562.png
2,FERPlus_2563.png
2,FERPlus_2564.png
2,FERPlus_2565.png
2,FERPlus_2566.png
2,FERPlus_2567.png
2,FERPlus_2568.png
2,FERPlus_2569.png
2,FERPlus_2570.png
2,FERPlus_2571.png
2,FERPlus_2572.png
2,FERPlus_2573.png
2,FERPlus_2574.png
2,FERPlus_2575.png
2,FERPlus_2576.png
2,FERPlus_2577.png
2,FERPlus_2578.png
2,FERPlus_2579.png
2,FERPlus_2580.png
2,FERPlus_2581.png
2,FERPlus_2582.png
2,FERPlus_2583.png
2,FERPlus_2584.png
2,FERPlus_2585.png
2,FERPlus_2586.png
2,FERPlus_2587.png
2,FERPlus_2588.png
2,FERPlus_2589.png
2,FERPlus_2590.png
2,FERPlus_2591.png
2,FERPlus_2592.png
2,FERPlus_2593.png
2,FERPlus_2594.png
2,FERPlus_2595.png
2,FERPlus_2596.png
2,FERPlus_2597.png
2,FERPlus_2598.png
2,FERPlus_2599.png
2,FERPlus_2600.png
2,FERPlus_2601.png
2,FERPlus_2602.png
2,FERPlus_2603.png
2,FERPlus_2604.png
2,FERPlus_2605.png
2,FERPlus_2606.png
2,FERPlus_2607.png
2,FERPlus_2608.png
2,FERPlus_2609.png
2,FERPlus_2610.png
2,FERPlus_2611.png
2,FERPlus_2612.png
2,FERPlus_2613.png
2,FERPlus_2614.png
2,FERPlus_2615.png
2,FERPlus_2616.png
2,FERPlus_2617.png
2,FERPlus_2618.png
2,FERPlus_2619.png
2,FERPlus_2620.png
2,FERPlus_2621.png
2,FERPlus_2622.png
2,FERPlus_2623.png
2,FERPlus_2624.png
2,FERPlus_2625.png
2,FERPlus_2626.png
2,FERPlus_2627.png
2,FERPlus_2628.png
2,FERPlus_2629.png
2,FERPlus_2630.png
2,FERPlus_2631.png
2,FERPlus_2632.png
2,FERPlus_2633.png
2,FERPlus_2634.png
2,FERPlus_2635.png
2,FERPlus_2636.png
2,FERPlus_2637.png
2,FERPlus_2638.png
2,FERPlus_2639.png
2,FERPlus_2640.png
2,FERPlus_2641.png
2,FERPlus_2642.png
2,FERPlus_2643.png
2,FERPlus_2644.png
2,FERPlus_2645.png
2,FERPlus_2646.png
2,FERPlus_2647.png
2,FERPlus_2648.png
2,FERPlus_2649.png
2,FERPlus_2650.png
2,FERPlus_2651.png
2,FERPlus_2652.png
2,FERPlus_2653.png
2,FERPlus_2654.png
2,FERPlus_2655.png
2,FERPlus_2656.png
2,FERPlus_2657.png
2,FERPlus_2658.png
2,FERPlus_2659.png
2,FERPlus_2660.png
2,FERPlus_2661.png
2,FERPlus_2662.png
2,FERPlus_2663.png
2,FERPlus_2664.png
2,FERPlus_2665.png
2,FERPlus_2666.png
2,FERPlus_2667.png
2,FERPlus_2668.png
2,FERPlus_2669.png
2,FERPlus_2670.png
2,FERPlus_2671.png
2,FERPlus_2672.png
2,FERPlus_2673.png
2,FERPlus_2674.png
2,FERPlus_2675.png
2,FERPlus_2676.png
2,FERPlus_2677.png
2,FERPlus_2678.png
2,FERPlus_2679.png
2,FERPlus_2680.png
2,FERPlus_2681.png
2,FERPlus_2682.png
2,FERPlus_2683.png
2,FERPlus_2684.png
2,FERPlus_2685.png
2,FERPlus_2686.png
2,FERPlus_2687.png
2,FERPlus_2688.png
2,FERPlus_2689.png
2,FERPlus_2690.png
2,FERPlus_2691.png
2,FERPlus_2692.png
2,FERPlus_2693.png
2,FERPlus_2694.png
2,FERPlus_2695.png
2,FERPlus_2696.png
2,FERPlus_2697.png
2,FERPlus_2698.png
2,FERPlus_2699.png
2,FERPlus_2700.png
2,FERPlus_2701.png
2,FERPlus_2702.png
2,FERPlus_2703.png
2,FERPlus_2704.png
2,FERPlus_2705.png
2,FERPlus_2706.png
2,FERPlus_2707.png
2,FERPlus_2708.png
2,FERPlus_2709.png
2,FERPlus_2710.png
2,FERPlus_2711.png
2,FERPlus_2712.png
2,FERPlus_2713.png
2,FERPlus_2714.png
2,FERPlus_2715.png
2,FERPlus_2716.png
2,FERPlus_2717.png
2,FERPlus_2718.png
2,FERPlus_2719.png
2,FERPlus_2720.png
2,FERPlus_2721.png
2,FERPlus_2722.png
2,FERPlus_2723.png
2,FERPlus_2724.png
2,FERPlus_2725.png
2,FERPlus_2726.png
2,FERPlus_2727.png
2,FERPlus_2728.png
2,FERPlus_2729.png
2,FERPlus_2730.png
2,FERPlus_2731.png
2,FERPlus_2732.png
2,FERPlus_2733.png
2,FERPlus_2734.png
2,FERPlus_2735.png
2,FERPlus_2736.png
2,FERPlus_2737.png
2,FERPlus_2738.png
2,FERPlus_2739.png
2,FERPlus_2740.png
2,FERPlus_2741.png
2,FERPlus_2742.png
2,FERPlus_2743.png
2,FERPlus_2744.png
2,FERPlus_2745.png
2,FERPlus_2746.png
2,FERPlus_2747.png
2,FERPlus_2748.png
2,FERPlus_2749.png
2,FERPlus_2750.png
2,FERPlus_2751.png
2,FERPlus_2752.png
2,FERPlus_2753.png
2,FERPlus_2754.png
2,FERPlus_2755.png
2,FERPlus_2756.png
2,FERPlus_2757.png
2,FERPlus_2758.png
2,FERPlus_2759.png
2,FERPlus_2760.png
2,FERPlus_2761.png
2,FERPlus_2762.png
2,FERPlus_2763.png
2,FERPlus_2764.png
2,FERPlus_2765.png
2,FERPlus_2766.png
2,FERPlus_2767.png
2,FERPlus_2768.png
2,FERPlus_2769.png
2,FERPlus_2770.png
2,FERPlus_2771.png
2,FERPlus_2772.png
2,FERPlus_2773.png
2,FERPlus_2774.png
2,FERPlus_2775.png
2,FERPlus_2776.png
2,FERPlus_2777.png
2,FERPlus_2778.png
2,FERPlus_2779.png
2,FERPlus_2780.png
2,FERPlus_2781.png
2,FERPlus_2782.png
2,FERPlus_2783.png
2,FERPlus_2784.png
2,FERPlus_2785.png
2,FERPlus_2786.png
2,FERPlus_2787.png
2,FERPlus_2788.png
2,FERPlus_2789.png
2,FERPlus_2790.png
2,FERPlus_2791.png
2,FERPlus_2792.png
2,FERPlus_2793.png
2,FERPlus_2794.png
2,FERPlus_2795.png
2,FERPlus_2796.png
2,FERPlus_2797.png
2,FERPlus_2798.png
2,FERPlus_2799.png
2,FERPlus_2800.png
2,FERPlus_2801.png
2,FERPlus_2802.png
2,FERPlus_2803.png
2,FERPlus_2804.png
2,FERPlus_2805.png
2,FERPlus_2806.png
2,FERPlus_2807.png
2,FERPlus_2808.png
2,FERPlus_2809.png
2,FERPlus_2810.png
2,FERPlus_2811.png
2,FERPlus_2812.png
2,FERPlus_2813.png
2,FERPlus_2814.png
2,FERPlus_2815.png
2,FERPlus_2816.png
2,FERPlus_2817.png
2,FERPlus_2818.png
2,FERPlus_2819.png
2,FERPlus_2820.png
2,FERPlus_2821.png
2,FERPlus_2822.png
2,FERPlus_2823.png
2,FERPlus_2824.png
2,FERPlus_2825.png
2,FERPlus_2826.png
2,FERPlus_2827.png
2,FERPlus_2828.png
2,FERPlus_2829.png
2,FERPlus_2830.png
2,FERPlus_2831.png
2,FERPlus_2832.png
2,FERPlus_2833.png
2,FERPlus_2834.png
2,FERPlus_2835.png
2,FERPlus_2836.png
2,FERPlus_2837.png
2,FERPlus_2838.png
2,FERPlus_2839.png
2,FERPlus_2840.png
2,FERPlus_2841.png
2,FERPlus_2842.png
2,FERPlus_2843.png
2,FERPlus_2844.png
2,FERPlus_2845.png
2,FERPlus_2846.png
2,FERPlus_2847.png
2,FERPlus_2848.png
2,FERPlus_2849.png
2,FERPlus_2850.png
2,FERPlus_2851.png
2,FERPlus_2852.png
2,FERPlus_2853.png
2,FERPlus_2854.png
2,FERPlus_2855.png
2,FERPlus_2856.png
2,FERPlus_2857.png
2,FERPlus_2858.png
2,FERPlus_2859.png
2,FERPlus_2860.png
2,FERPlus_2861.png
2,FERPlus_2862.png
2,FERPlus_2863.png
2,FERPlus_2864.png
2,FERPlus_2865.png
2,FERPlus_2866.png
2,FERPlus_2867.png
2,FERPlus_2868.png
2,FERPlus_2869.png
2,FERPlus_2870.png
2,FERPlus_2871.png
2,FERPlus_2872.png
2,FERPlus_2873.png
2,FERPlus_2874.png
2,FERPlus_2875.png
2,FERPlus_2876.png
2,FERPlus_2877.png
2,FERPlus_2878.png
2,FERPlus_2879.png
2,FERPlus_2880.png
2,FERPlus_2881.png
2,FERPlus_2882.png
2,FERPlus_2883.png
2,FERPlus_2884.png
2,FERPlus_2885.png
2,FERPlus_2886.png
2,FERPlus_2887.png
2,FERPlus_2888.png
2,FERPlus_2889.png
2,FERPlus_2890.png
2,FERPlus_2891.png
2,FERPlus_2892.png
2,FERPlus_2893.png
2,FERPlus_2894.png
2,FERPlus_2895.png
2,FERPlus_2896.png
2,FERPlus_2897.png
2,FERPlus_2898.png
2,FERPlus_2899.png
2,FERPlus_2900.png
2,FERPlus_2901.png
2,FERPlus_2902.png
2,FERPlus_2903.png
2,FERPlus_2904.png
2,FERPlus_2905.png
2,FERPlus_2906.png
2,FERPlus_2907.png
2,FERPlus_2908.png
2,FERPlus_2909.png
2,FERPlus_2910.png
2,FERPlus_2911.png
2,FERPlus_2912.png
2,FERPlus_2913.png
2,FERPlus_2914.png
2,FERPlus_2915.png
2,FERPlus_2916.png
2,FERPlus_2917.png
2,FERPlus_2918.png
2,FERPlus_2919.png
2,FERPlus_2920.png
2,FERPlus_2921.png
2,FERPlus_2922.png
2,FERPlus_2923.png
2,FERPlus_2924.png
2,FERPlus_2925.png
2,FERPlus_2926.png
2,FERPlus_2927.png
2,FERPlus_2928.png
2,FERPlus_2929.png
2,FERPlus_2930.png
2,FERPlus_2931.png
2,FERPlus_2932.png
2,FERPlus_2933.png
2,FERPlus_2934.png
2,FERPlus_2935.png
2,FERPlus_2936.png
2,FERPlus_2937.png
2,FERPlus_2938.png
2,FERPlus_2939.png
2,FERPlus_2940.png
2,FERPlus_2941.png
2,FERPlus_2942.png
2,FERPlus_2943.png
2,FERPlus_2944.png
2,FERPlus_2945.png
2,FERPlus_2946.png
2,FERPlus_2947.png
2,FERPlus_2948.png
2,FERPlus_2949.png
2,FERPlus_2950.png
2,FERPlus_2951.png
2,FERPlus_2952.png
2,FERPlus_2953.png
2,FERPlus_2954.png
2,FERPlus_2955.png
2,FERPlus_2956.png
2,FERPlus_2957.png
2,FERPlus_2958.png
2,FERPlus_2959.png
2,FERPlus_2960.png
2,FERPlus_2961.png
2,FERPlus_2962.png
2,FERPlus_2963.png
2,FERPlus_2964.png
2,FERPlus_2965.png
2,FERPlus_2966.png
2,FERPlus_2967.png
2,FERPlus_2968.png
2,FERPlus_2969.png
2,FERPlus_2970.png
2,FERPlus_2971.png
2,FERPlus_2972.png
2,FERPlus_2973.png
2,FERPlus_2974.png
2,FERPlus_2975.png
2,FERPlus_2976.png
2,FERPlus_2977.png
2,FERPlus_2978.png
2,FERPlus_2979.png
2,FERPlus_2980.png
2,FERPlus_2981.png
2,FERPlus_2982.png
2,FERPlus_2983.png
2,FERPlus_2984.png
2,FERPlus_2985.png
2,FERPlus_2986.png
2,FERPlus_2987.png
2,FERPlus_2988.png
2,FERPlus_2989.png
2,FERPlus_2990.png
2,FERPlus_2991.png
2,FERPlus_2992.png
2,FERPlus_2993.png
2,FERPlus_2994.png
2,FERPlus_2995.png
2,FERPlus_2996.png
2,FERPlus_2997.png
2,FERPlus_2998.png
2,FERPlus_2999.png
2,FERPlus_3000.png
2,FERPlus_3001.png
2,FERPlus_3002.png
2,FERPlus_3003.png
2,FERPlus_3004.png
2,FERPlus_3005.png
2,FERPlus_3006.png
2,FERPlus_3007.png
2,FERPlus_3008.png
2,FERPlus_3009.png
2,FERPlus_3010.png
2,FERPlus_3011.png
2,FERPlus_3012.png
2,FERPlus_3013.png
2,FERPlus_3014.png
2,FERPlus_3015.png
2,FERPlus_3016.png
2,FERPlus_3017.png
2,FERPlus_3018.png
2,FERPlus_3019.png
2,FERPlus_3020.png
2,FERPlus_3021.png
2,FERPlus_3022.png
2,FERPlus_3023.png
2,FERPlus_3024.png
2,FERPlus_3025.png
2,FERPlus_3026.png
2,FERPlus_3027.png
2,FERPlus_3028.png
2,FERPlus_3029.png
2,FERPlus_3030.png
2,FERPlus_3031.png
2,FERPlus_3032.png
2,FERPlus_3033.png
2,FERPlus_3034.png
2,FERPlus_3035.png
2,FERPlus_3036.png
2,FERPlus_3037.png
2,FERPlus_3038.png
2,FERPlus_3039.png
2,FERPlus_3040.png
2,FERPlus_3041.png
2,FERPlus_3042.png
2,FERPlus_3043.png
2,FERPlus_3044.png
2,FERPlus_3045.png
2,FERPlus_3046.png
2,FERPlus_3047.png
2,FERPlus_3048.png
2,FERPlus_3049.png
2,FERPlus_3050.png
2,FERPlus_3051.png
2,FERPlus_3052.png
2,FERPlus_3053.png
2,FERPlus_3054.png
2,FERPlus_3055.png
2,FERPlus_3056.png
2,FERPlus_3057.png
2,FERPlus_3058.png
2,FERPlus_3059.png
2,FERPlus_3060.png
2,FERPlus_3061.png
2,FERPlus_3062.png
2,FERPlus_3063.png
2,FERPlus_3064.png
2,FERPlus_3065.png
2,FERPlus_3066.png
2,FERPlus_3067.png
2,FERPlus_3068.png
2,FERPlus_3069.png
2,FERPlus_3070.png
2,FERPlus_3071.png
2,FERPlus_3072.png
2,FERPlus_3073.png
2,FERPlus_3074.png
2,FERPlus_3075.png
2,FERPlus_3076.png
2,FERPlus_3077.png
2,FERPlus_3078.png
2,FERPlus_3079.png
2,FERPlus_3080.png
2,FERPlus_3081.png
2,FERPlus_3082.png
2,FERPlus_3083.png
2,FERPlus_3084.png
2,FERPlus_3085.png
2,FERPlus_3086.png
2,FERPlus_3087.png
2,FERPlus_3088.png
2,FERPlus_3089.png
2,FERPlus_3090.png
2,FERPlus_3091.png
2,FERPlus_3092.png
2,FERPlus_3093.png
2,FERPlus_3094.png
2,FERPlus_3095.png
2,FERPlus_3096.png
2,FERPlus_3097.png
2,FERPlus_3098.png
2,FERPlus_3099.png
2,FERPlus_3100.png
2,FERPlus_3101.png
2,FERPlus_3102.png
2,FERPlus_3103.png
2,FERPlus_3104.png
2,FERPlus_3105.png
2,FERPlus_3106.png
2,FERPlus_3107.png
2,FERPlus_3108.png
2,FERPlus_3109.png
2,FERPlus_3110.png
2,FERPlus_3111.png
2,FERPlus_3112.png
2,FERPlus_3113.png
2,FERPlus_3114.png
2,FERPlus_3115.png
2,FERPlus_3116.png
2,FERPlus_3117.png
2,FERPlus_3118.png
2,FERPlus_3119.png
2,FERPlus_3120.png
2,FERPlus_3121.png
2,FERPlus_3122.png
2,FERPlus_3123.png
2,FERPlus_3124.png
2,FERPlus_3125.png
2,FERPlus_3126.png
2,FERPlus_3127.png
2,FERPlus_3128.png
2,FERPlus_3129.png
2,FERPlus_3130.png
2,FERPlus_3131.png
2,FERPlus_3132.png
2,FERPlus_3133.png
2,FERPlus_3134.png
2,FERPlus_3135.png
2,FERPlus_3136.png
2,FERPlus_3137.png
2,FERPlus_3138.png
2,FERPlus_3139.png
2,FERPlus_3140.png
2,FERPlus_3141.png
2,FERPlus_3142.png
2,FERPlus_3143.png
2,FERPlus_3144.png
2,FERPlus_3145.png
2,FERPlus_3146.png
2,FERPlus_3147.png
2,FERPlus_3148.png
2,FERPlus_3149.png
2,FERPlus_3150.png
2,FERPlus_3151.png
2,FERPlus_3152.png
2,FERPlus_3153.png
2,FERPlus_3154.png
2,FERPlus_3155.png
2,FERPlus_3156.png
2,FERPlus_3157.png
2,FERPlus_3158.png
2,FERPlus_3159.png
2,FERPlus_3160.png
2,FERPlus_3161.png
2,FERPlus_3162.png
2,FERPlus_3163.png
2,FERPlus_3164.png
2,FERPlus_3165.png
2,FERPlus_3166.png
2,FERPlus_3167.png
2,FERPlus_3168.png
2,FERPlus_3169.png
2,FERPlus_3170.png
2,FERPlus_3171.png
2,FERPlus_3172.png
2,FERPlus_3173.png
2,FERPlus_3174.png
2,FERPlus_3175.png
2,FERPlus_3176.png
2,FERPlus_3177.png
2,FERPlus_3178.png
2,FERPlus_3179.png
2,FERPlus_3180.png
2,FERPlus_3181.png
2,FERPlus_3182.png
2,FERPlus_3183.png
2,FERPlus_3184.png
2,FERPlus_3185.png
2,FERPlus_3186.png
2,FERPlus_3187.png
2,FERPlus_3188.png
2,FERPlus_3189.png
2,FERPlus_3190.png
2,FERPlus_3191.png
2,FERPlus_3192.png
2,FERPlus_3193.png
2,FERPlus_3194.png
2,FERPlus_3195.png
2,FERPlus_3196.png
2,FERPlus_3197.png
2,FERPlus_3198.png
2,FERPlus_3199.png
2,FERPlus_3200.png
2,FERPlus_3201.png
2,FERPlus_3202.png
2,FERPlus_3203.png
2,FERPlus_3204.png
2,FERPlus_3205.png
2,FERPlus_3206.png
2,FERPlus_3207.png
2,FERPlus_3208.png
2,FERPlus_3209.png
2,FERPlus_3210.png
2,FERPlus_3211.png
2,FERPlus_3212.png
2,FERPlus_3213.png
2,FERPlus_3214.png
2,FERPlus_3215.png
2,FERPlus_3216.png
2,FERPlus_3217.png
2,FERPlus_3218.png
2,FERPlus_3219.png
2,FERPlus_3220.png
2,FERPlus_3221.png
2,FERPlus_3222.png
2,FERPlus_3223.png
2,FERPlus_3224.png
2,FERPlus_3225.png
2,FERPlus_3226.png
2,FERPlus_3227.png
2,FERPlus_3228.png
2,FERPlus_3229.png
2,FERPlus_3230.png
2,FERPlus_3231.png
2,FERPlus_3232.png
2,FERPlus_3233.png
2,FERPlus_3234.png
2,FERPlus_3235.png
2,FERPlus_3236.png
2,FERPlus_3237.png
2,FERPlus_3238.png
2,FERPlus_3239.png
2,FERPlus_3240.png
2,FERPlus_3241.png
2,FERPlus_3242.png
2,FERPlus_3243.png
2,FERPlus_3244.png
2,FERPlus_3245.png
2,FERPlus_3246.png
2,FERPlus_3247.png
2,FERPlus_3248.png
2,FERPlus_3249.png
2,FERPlus_3250.png
2,FERPlus_3251.png
2,FERPlus_3252.png
2,FERPlus_3253.png
2,FERPlus_3254.png
2,FERPlus_3255.png
2,FERPlus_3256.png
2,FERPlus_3257.png
2,FERPlus_3258.png
2,FERPlus_3259.png
2,FERPlus_3260.png
2,FERPlus_3261.png
2,FERPlus_3262.png
2,FERPlus_3263.png
2,FERPlus_3264.png
2,FERPlus_3265.png
2,FERPlus_3266.png
2,FERPlus_3267.png
2,FERPlus_3268.png
2,FERPlus_3269.png
2,FERPlus_3270.png
2,FERPlus_3271.png
2,FERPlus_3272.png
2,FERPlus_3273.png
2,FERPlus_3274.png
2,FERPlus_3275.png
2,FERPlus_3276.png
2,FERPlus_3277.png
2,FERPlus_3278.png
2,FERPlus_3279.png
2,FERPlus_3280.png
2,FERPlus_3281.png
2,FERPlus_3282.png
2,FERPlus_3283.png
2,FERPlus_3284.png
2,FERPlus_3285.png
2,FERPlus_3286.png
2,FERPlus_3287.png
2,FERPlus_3288.png
2,FERPlus_3289.png
2,FERPlus_3290.png
2,FERPlus_3291.png
2,FERPlus_3292.png
2,FERPlus_3293.png
2,FERPlus_3294.png
2,FERPlus_3295.png
2,FERPlus_3296.png
2,FERPlus_3297.png
2,FERPlus_3298.png
2,FERPlus_3299.png
2,FERPlus_3300.png
2,FERPlus_3301.png
2,FERPlus_3302.png
2,FERPlus_3303.png
2,FERPlus_3304.png
2,FERPlus_3305.png
2,FERPlus_3306.png
2,FERPlus_3307.png
2,FERPlus_3308.png
2,FERPlus_3309.png
2,FERPlus_3310.png
2,FERPlus_3311.png
2,FERPlus_3312.png
2,FERPlus_3313.png
2,FERPlus_3314.png
2,FERPlus_3315.png
2,FERPlus_3316.png
2,FERPlus_3317.png
2,FERPlus_3318.png
2,FERPlus_3319.png
2,FERPlus_3320.png
2,FERPlus_3321.png
2,FERPlus_3322.png
2,FERPlus_3323.png
2,FERPlus_3324.png
2,FERPlus_3325.png
2,FERPlus_3326.png
2,FERPlus_3327.png
2,FERPlus_3328.png
2,FERPlus_3329.png
2,FERPlus_3330.png
2,FERPlus_3331.png
2,FERPlus_3332.png
2,FERPlus_3333.png
2,FERPlus_3334.png
2,FERPlus_3335.png
2,FERPlus_3336.png
2,FERPlus_3337.png
2,FERPlus_3338.png
2,FERPlus_3339.png
2,FERPlus_3340.png
2,FERPlus_3341.png
2,FERPlus_3342.png
2,FERPlus_3343.png
2,FERPlus_3344.png
2,FERPlus_3345.png
2,FERPlus_3346.png
2,FERPlus_3347.png
2,FERPlus_3348.png
2,FERPlus_3349.png
2,FERPlus_3350.png
2,FERPlus_3351.png
2,FERPlus_3352.png
2,FERPlus_3353.png
2,FERPlus_3354.png
2,FERPlus_3355.png
2,FERPlus_3356.png
2,FERPlus_3357.png
2,FERPlus_3358.png
2,FERPlus_3359.png
2,FERPlus_3360.png
2,FERPlus_3361.png
2,FERPlus_3362.png
2,FERPlus_3363.png
2,FERPlus_3364.png
2,FERPlus_3365.png
2,FERPlus_3366.png
2,FERPlus_3367.png
2,FERPlus_3368.png
2,FERPlus_3369.png
2,FERPlus_3370.png
2,FERPlus_3371.png
2,FERPlus_3372.png
2,FERPlus_3373.png
2,FERPlus_3374.png
2,FERPlus_3375.png
2,FERPlus_3376.png
2,FERPlus_3377.png
2,FERPlus_3378.png
2,FERPlus_3379.png
2,FERPlus_3380.png
2,FERPlus_3381.png
2,FERPlus_3382.png
2,FERPlus_3383.png
2,FERPlus_3384.png
2,FERPlus_3385.png
2,FERPlus_3386.png
2,FERPlus_3387.png
2,FERPlus_3388.png
2,FERPlus_3389.png
2,FERPlus_3390.png
2,FERPlus_3391.png
2,FERPlus_3392.png
2,FERPlus_3393.png
2,FERPlus_3394.png
2,FERPlus_3395.png
2,FERPlus_3396.png
2,FERPlus_3397.png
2,FERPlus_3398.png
2,FERPlus_3399.png
2,FERPlus_3400.png
2,FERPlus_3401.png
2,FERPlus_3402.png
2,FERPlus_3403.png
2,FERPlus_3404.png
2,FERPlus_3405.png
2,FERPlus_3406.png
2,FERPlus_3407.png
2,FERPlus_3408.png
2,FERPlus_3409.png
2,FERPlus_3410.png
2,FERPlus_3411.png
2,FERPlus_3412.png
2,FERPlus_3413.png
2,FERPlus_3414.png
2,FERPlus_3415.png
2,FERPlus_3416.png
2,FERPlus_3417.png
2,FERPlus_3418.png
2,FERPlus_3419.png
2,FERPlus_3420.png
2,FERPlus_3421.png
2,FERPlus_3422.png
2,FERPlus_3423.png
2,FERPlus_3424.png
2,FERPlus_3425.png
2,FERPlus_3426.png
2,FERPlus_3427.png
2,FERPlus_3428.png
2,FERPlus_3429.png
2,FERPlus_3430.png
2,FERPlus_3431.png
2,FERPlus_3432.png
2,FERPlus_3433.png
2,FERPlus_3434.png
2,FERPlus_3435.png
2,FERPlus_3436.png
2,FERPlus_3437.png
2,FERPlus_3438.png
2,FERPlus_3439.png
2,FERPlus_3440.png
2,FERPlus_3441.png
2,FERPlus_3442.png
2,FERPlus_3443.png
2,FERPlus_3444.png
2,FERPlus_3445.png
2,FERPlus_3446.png
2,FERPlus_3447.png
2,FERPlus_3448.png
2,FERPlus_3449.png
2,FERPlus_3450.png
2,FERPlus_3451.png
2,FERPlus_3452.png
2,FERPlus_3453.png
2,FERPlus_3454.png
2,FERPlus_3455.png
2,FERPlus_3456.png
2,FERPlus_3457.png
2,FERPlus_3458.png
2,FERPlus_3459.png
2,FERPlus_3460.png
2,FERPlus_3461.png
2,FERPlus_3462.png
2,FERPlus_3463.png
2,FERPlus_3464.png
2,FERPlus_3465.png
2,FERPlus_3466.png
2,FERPlus_3467.png
2,FERPlus_3468.png
2,FERPlus_3469.png
2,FERPlus_3470.png
2,FERPlus_3471.png
2,FERPlus_3472.png
2,FERPlus_3473.png
2,FERPlus_3474.png
2,FERPlus_3475.png
2,FERPlus_3476.png
2,FERPlus_3477.png
2,FERPlus_3478.png
2,FERPlus_3479.png
2,FERPlus_3480.png
2,FERPlus_3481.png
2,FERPlus_3482.png
2,FERPlus_3483.png
2,FERPlus_3484.png
2,FERPlus_3485.png
2,FERPlus_3486.png
2,FERPlus_3487.png
2,FERPlus_3488.png
2,FERPlus_3489.png
2,FERPlus_3490.png
2,FERPlus_3491.png
2,FERPlus_3492.png
2,FERPlus_3493.png
2,FERPlus_3494.png
2,FERPlus_3495.png
2,FERPlus_3496.png
2,FERPlus_3497.png
2,FERPlus_3498.png
2,FERPlus_3499.png
2,FERPlus_3500.png
2,FERPlus_3501.png
2,FERPlus_3502.png
2,FERPlus_3503.png
2,FERPlus_3504.png
2,FERPlus_3505.png
2,FERPlus_3506.png
2,FERPlus_3507.png
2,FERPlus_3508.png
2,FERPlus_3509.png
2,FERPlus_3510.png
2,FERPlus_3511.png
2,FERPlus_3512.png
2,FERPlus_3513.png
2,FERPlus_3514.png
2,FERPlus_3515.png
2,FERPlus_3516.png
2,FERPlus_3517.png
2,FERPlus_3518.png
2,FERPlus_3519.png
2,FERPlus_3520.png
2,FERPlus_3521.png
2,FERPlus_3522.png
2,FERPlus_3523.png
2,FERPlus_3524.png
2,FERPlus_3525.png
2,FERPlus_3526.png
2,FERPlus_3527.png
2,FERPlus_3528.png
2,FERPlus_3529.png
2,FERPlus_3530.png
2,FERPlus_3531.png
2,FERPlus_3532.png
2,FERPlus_3533.png
2,FERPlus_3534.png
2,FERPlus_3535.png
2,FERPlus_3536.png
2,FERPlus_3537.png
2,FERPlus_3538.png
2,FERPlus_3539.png
2,FERPlus_3540.png
2,FERPlus_3541.png
2,FERPlus_3542.png
2,FERPlus_3543.png
2,FERPlus_3544.png
2,FERPlus_3545.png
2,FERPlus_3546.png
2,FERPlus_3547.png
2,FERPlus_3548.png
2,FERPlus_3549.png
2,FERPlus_3550.png
2,FERPlus_3551.png
2,FERPlus_3552.png
2,FERPlus_3553.png
2,FERPlus_3554.png
2,FERPlus_3555.png
2,FERPlus_3556.png
2,FERPlus_3557.png
2,FERPlus_3558.png
2,FERPlus_3559.png
2,FERPlus_3560.png
2,FERPlus_3561.png
2,FERPlus_3562.png
2,FERPlus_3563.png
2,FERPlus_3564.png
2,FERPlus_3565.png
2,FERPlus_3566.png
2,FERPlus_3567.png
2,FERPlus_3568.png
2,FERPlus_3569.png
2,FERPlus_3570.png
2,FERPlus_3571.png
2,FERPlus_3572.png
2,FERPlus_3573.png
2,FERPlus_3574.png
2,FERPlus_3575.png
2,FERPlus_3576.png
2,FERPlus_3577.png
2,FERPlus_3578.png
2,FERPlus_3579.png
2,FERPlus_3580.png
2,FERPlus_3581.png
2,FERPlus_3582.png
2,FERPlus_3583.png
2,FERPlus_3584.png
2,FERPlus_3585.png
2,FERPlus_3586.png
2,FERPlus_3587.png
2,FERPlus_3588.png
2,FERPlus_3589.png
2,FERPlus_3590.png
2,FERPlus_3591.png
2,FERPlus_3592.png
2,FERPlus_3593.png
2,FERPlus_3594.png
2,FERPlus_3595.png
2,FERPlus_3596.png
2,FERPlus_3597.png
2,FERPlus_3598.png
2,FERPlus_3599.png
2,FERPlus_3600.png
2,FERPlus_3601.png
2,FERPlus_3602.png
2,FERPlus_3603.png
2,FERPlus_3604.png
2,FERPlus_3605.png
2,FERPlus_3606.png
2,FERPlus_3607.png
2,FERPlus_3608.png
2,FERPlus_3609.png
2,FERPlus_3610.png
2,FERPlus_3611.png
2,FERPlus_3612.png
2,FERPlus_3613.png
2,FERPlus_3614.png
2,FERPlus_3615.png
2,FERPlus_3616.png
2,FERPlus_3617.png
2,FERPlus_3618.png
2,FERPlus_3619.png
2,FERPlus_3620.png
2,FERPlus_3621.png
2,FERPlus_3622.png
2,FERPlus_3623.png
2,FERPlus_3624.png
2,FERPlus_3625.png
2,FERPlus_3626.png
2,FERPlus_3627.png
2,FERPlus_3628.png
2,FERPlus_3629.png
2,FERPlus_3630.png
2,FERPlus_3631.png
2,FERPlus_3632.png
2,FERPlus_3633.png
2,FERPlus_3634.png
2,FERPlus_3635.png
2,FERPlus_3636.png
2,FERPlus_3637.png
2,FERPlus_3638.png
2,FERPlus_3639.png
2,FERPlus_3640.png
2,FERPlus_3641.png
2,FERPlus_3642.png
2,FERPlus_3643.png
2,FERPlus_3644.png
2,FERPlus_3645.png
2,FERPlus_3646.png
2,FERPlus_3647.png
2,FERPlus_3648.png
2,FERPlus_3649.png
2,FERPlus_3650.png
2,FERPlus_3651.png
2,FERPlus_3652.png
2,FERPlus_3653.png
2,FERPlus_3654.png
2,FERPlus_3655.png
2,FERPlus_3656.png
2,FERPlus_3657.png
2,FERPlus_3658.png
2,FERPlus_3659.png
2,FERPlus_3660.png
2,FERPlus_3661.png
2,FERPlus_3662.png
2,FERPlus_3663.png
2,FERPlus_3664.png
2,FERPlus_3665.png
2,FERPlus_3666.png
2,FERPlus_3667.png
2,FERPlus_3668.png
2,FERPlus_3669.png
2,FERPlus_3670.png
2,FERPlus_3671.png
2,FERPlus_3672.png
2,FERPlus_3673.png
2,FERPlus_3674.png
2,FERPlus_3675.png
2,FERPlus_3676.png
2,FERPlus_3677.png
2,FERPlus_3678.png
2,FERPlus_3679.png
2,FERPlus_3680.png
2,FERPlus_3681.png
2,FERPlus_3682.png
2,FERPlus_3683.png
2,FERPlus_3684.png
2,FERPlus_3685.png
2,FERPlus_3686.png
2,FERPlus_3687.png
2,FERPlus_3688.png
2,FERPlus_3689.png
2,FERPlus_3690.png
2,FERPlus_3691.png
2,FERPlus_3692.png
2,FERPlus_3693.png
2,FERPlus_3694.png
2,FERPlus_3695.png
2,FERPlus_3696.png
2,FERPlus_3697.png
2,FERPlus_3698.png
2,FERPlus_3699.png
2,FERPlus_3700.png
2,FERPlus_3701.png
2,FERPlus_3702.png
2,FERPlus_3703.png
2,FERPlus_3704.png
2,FERPlus_3705.png
2,FERPlus_3706.png
2,FERPlus_3707.png
2,FERPlus_3708.png
2,FERPlus_3709.png
2,FERPlus_3710.png
2,FERPlus_3711.png
2,FERPlus_3712.png
2,FERPlus_3713.png
2,FERPlus_3714.png
2,FERPlus_3715.png
2,FERPlus_3716.png
2,FERPlus_3717.png
2,FERPlus_3718.png
2,FERPlus_3719.png
2,FERPlus_3720.png
2,FERPlus_3721.png
2,FERPlus_3722.png
2,FERPlus_3723.png
2,FERPlus_3724.png
2,FERPlus_3725.png
2,FERPlus_3726.png
2,FERPlus_3727.png
2,FERPlus_3728.png
2,FERPlus_3729.png
2,FERPlus_3730.png
2,FERPlus_3731.png
2,FERPlus_3732.png
2,FERPlus_3733.png
2,FERPlus_3734.png
2,FERPlus_3735.png
2,FERPlus_3736.png
2,FERPlus_3737.png
2,FERPlus_3738.png
2,FERPlus_3739.png
2,FERPlus_3740.png
2,FERPlus_3741.png
2,FERPlus_3742.png
2,FERPlus_3743.png
2,FERPlus_3744.png
2,FERPlus_3745.png
2,FERPlus_3746.png
2,FERPlus_3747.png
2,FERPlus_3748.png
2,FERPlus_3749.png
2,FERPlus_3750.png
2,FERPlus_3751.png
2,FERPlus_3752.png
2,FERPlus_3753.png
2,FERPlus_3754.png
2,FERPlus_3755.png
2,FERPlus_3756.png
2,FERPlus_3757.png
2,FERPlus_3758.png
2,FERPlus_3759.png
2,FERPlus_3760.png
2,FERPlus_3761.png
2,FERPlus_3762.png
2,FERPlus_3763.png
2,FERPlus_3764.png
2,FERPlus_3765.png
2,FERPlus_3766.png
2,FERPlus_3767.png
2,FERPlus_3768.png
2,FERPlus_3769.png
2,FERPlus_3770.png
2,FERPlus_3771.png
2,FERPlus_3772.png
2,FERPlus_3773.png
2,FERPlus_3774.png
2,FERPlus_3775.png
2,FERPlus_3776.png
2,FERPlus_3777.png
2,FERPlus_3778.png
2,FERPlus_3779.png
2,FERPlus_3780.png
2,FERPlus_3781.png
2,FERPlus_3782.png
2,FERPlus_3783.png
2,FERPlus_3784.png
2,FERPlus_3785.png
2,FERPlus_3786.png
2,FERPlus_3787.png
2,FERPlus_3788.png
2,FERPlus_3789.png
2,FERPlus_3790.png
2,FERPlus_3791.png
2,FERPlus_3792.png
2,FERPlus_3793.png
2,FERPlus_3794.png
2,FERPlus_3795.png
2,FERPlus_3796.png
2,FERPlus_3797.png
2,FERPlus_3798.png
2,FERPlus_3799.png
2,FERPlus_3800.png
2,FERPlus_3801.png
2,FERPlus_3802.png
2,FERPlus_3803.png
2,FERPlus_3804.png
2,FERPlus_3805.png
2,FERPlus_3806.png
2,FERPlus_3807.png
2,FERPlus_3808.png
2,FERPlus_3809.png
2,FERPlus_3810.png
2,FERPlus_3811.png
2,FERPlus_3812.png
2,FERPlus_3813.png
2,FERPlus_3814.png
2,FERPlus_3815.png
2,FERPlus_3816.png
2,FERPlus_3817.png
2,FERPlus_3818.png
2,FERPlus_3819.png
2,FERPlus_3820.png
2,FERPlus_3821.png
2,FERPlus_3822.png
2,FERPlus_3823.png
2,FERPlus_3824.png
2,FERPlus_3825.png
2,FERPlus_3826.png
2,FERPlus_3827.png
2,FERPlus_3828.png
2,FERPlus_3829.png
2,FERPlus_3830.png
2,FERPlus_3831.png
2,FERPlus_3832.png
2,FERPlus_3833.png
2,FERPlus_3834.png
2,FERPlus_3835.png
2,FERPlus_3836.png
2,FERPlus_3837.png
2,FERPlus_3838.png
2,FERPlus_3839.png
2,FERPlus_3840.png
2,FERPlus_3841.png
2,FERPlus_3842.png
2,FERPlus_3843.png
2,FERPlus_3844.png
2,FERPlus_3845.png
2,FERPlus_3846.png
2,FERPlus_3847.png
2,FERPlus_3848.png
2,FERPlus_3849.png
2,FERPlus_3850.png
2,FERPlus_3851.png
2,FERPlus_3852.png
2,FERPlus_3853.png
2,FERPlus_3854.png
2,FERPlus_3855.png
2,FERPlus_3856.png
2,FERPlus_3857.png
2,FERPlus_3858.png
2,FERPlus_3859.png
2,FERPlus_3860.png
2,FERPlus_3861.png
2,FERPlus_3862.png
2,FERPlus_3863.png
2,FERPlus_3864.png
2,FERPlus_3865.png
2,FERPlus_3866.png
2,FERPlus_3867.png
2,FERPlus_3868.png
2,FERPlus_3869.png
2,FERPlus_3870.png
2,FERPlus_3871.png
2,FERPlus_3872.png
2,FERPlus_3873.png
2,FERPlus_3874.png
2,FERPlus_3875.png
2,FERPlus_3876.png
2,FERPlus_3877.png
2,FERPlus_3878.png
2,FERPlus_3879.png
2,FERPlus_3880.png
2,FERPlus_3881.png
2,FERPlus_3882.png
2,FERPlus_3883.png
2,FERPlus_3884.png
2,FERPlus_3885.png
2,FERPlus_3886.png
2,FERPlus_3887.png
2,FERPlus_3888.png
2,FERPlus_3889.png
2,FERPlus_3890.png
2,FERPlus_3891.png
2,FERPlus_3892.png
2,FERPlus_3893.png
2,FERPlus_3894.png
2,FERPlus_3895.png
2,FERPlus_3896.png
2,FERPlus_3897.png
2,FERPlus_3898.png
2,FERPlus_3899.png
2,FERPlus_3900.png
2,FERPlus_3901.png
2,FERPlus_3902.png
2,FERPlus_3903.png
2,FERPlus_3904.png
2,FERPlus_3905.png
2,FERPlus_3906.png
2,FERPlus_3907.png
2,FERPlus_3908.png
2,FERPlus_3909.png
2,FERPlus_3910.png
2,FERPlus_3911.png
2,FERPlus_3912.png
2,FERPlus_3913.png
2,FERPlus_3914.png
2,FERPlus_3915.png
2,FERPlus_3916.png
2,FERPlus_3917.png
2,FERPlus_3918.png
2,FERPlus_3919.png
2,FERPlus_3920.png
2,FERPlus_3921.png
2,FERPlus_3922.png
2,FERPlus_3923.png
2,FERPlus_3924.png
2,FERPlus_3925.png
2,FERPlus_3926.png
2,FERPlus_3927.png
2,FERPlus_3928.png
2,FERPlus_3929.png
2,FERPlus_3930.png
2,FERPlus_3931.png
2,FERPlus_3932.png
2,FERPlus_3933.png
2,FERPlus_3934.png
2,FERPlus_3935.png
2,FERPlus_3936.png
2,FERPlus_3937.png
2,FERPlus_3938.png
2,FERPlus_3939.png
2,FERPlus_3940.png
2,FERPlus_3941.png
2,FERPlus_3942.png
2,FERPlus_3943.png
2,FERPlus_3944.png
2,FERPlus_3945.png
2,FERPlus_3946.png
2,FERPlus_3947.png
2,FERPlus_3948.png
2,FERPlus_3949.png
2,FERPlus_3950.png
2,FERPlus_3951.png
2,FERPlus_3952.png
2,FERPlus_3953.png
2,FERPlus_3954.png
2,FERPlus_3955.png
2,FERPlus_3956.png
2,FERPlus_3957.png
2,FERPlus_3958.png
2,FERPlus_3959.png
2,FERPlus_3960.png
2,FERPlus_3961.png
2,FERPlus_3962.png
2,FERPlus_3963.png
2,FERPlus_3964.png
2,FERPlus_3965.png
2,FERPlus_3966.png
2,FERPlus_3967.png
2,FERPlus_3968.png
2,FERPlus_3969.png
2,FERPlus_3970.png
2,FERPlus_3971.png
2,FERPlus_3972.png
2,FERPlus_3973.png
2,FERPlus_3974.png
2,FERPlus_3975.png
2,FERPlus_3976.png
2,FERPlus_3977.png
2,FERPlus_3978.png
2,FERPlus_3979.png
2,FERPlus_3980.png
2,FERPlus_3981.png
2,FERPlus_3982.png
2,FERPlus_3983.png
2,FERPlus_3984.png
2,FERPlus_3985.png
2,FERPlus_3986.png
2,FERPlus_3987.png
2,FERPlus_3988.png
2,FERPlus_3989.png
2,FERPlus_3990.png
2,FERPlus_3991.png
2,FERPlus_3992.png
2,FERPlus_3993.png
2,FERPlus_3994.png
2,FERPlus_3995.png
2,FERPlus_3996.png
2,FERPlus_3997.png
2,FERPlus_3998.png
2,FERPlus_3999.png
2,FERPlus_4000.png
2,FERPlus_4001.png
2,FERPlus_4002.png
2,FERPlus_4003.png
2,FERPlus_4004.png
2,FERPlus_4005.png
2,FERPlus_4006.png
2,FERPlus_4007.png
2,FERPlus_4008.png
2,FERPlus_4009.png
2,FERPlus_4010.png
2,FERPlus_4011.png
2,FERPlus_4012.png
2,FERPlus_4013.png
2,FERPlus_4014.png
2,FERPlus_4015.png
2,FERPlus_4016.png
2,FERPlus_4017.png
2,FERPlus_4018.png
2,FERPlus_4019.png
2,FERPlus_4020.png
2,FERPlus_4021.png
2,FERPlus_4022.png
2,FERPlus_4023.png
2,FERPlus_4024.png
2,FERPlus_4025.png
2,FERPlus_4026.png
2,FERPlus_4027.png
2,FERPlus_4028.png
2,FERPlus_4029.png
2,FERPlus_4030.png
2,FERPlus_4031.png
2,FERPlus_4032.png
2,FERPlus_4033.png
2,FERPlus_4034.png
2,FERPlus_4035.png
2,FERPlus_4036.png
2,FERPlus_4037.png
2,FERPlus_4038.png
2,FERPlus_4039.png
2,FERPlus_4040.png
2,FERPlus_4041.png
2,FERPlus_4042.png
2,FERPlus_4043.png
2,FERPlus_4044.png
2,FERPlus_4045.png
2,FERPlus_4046.png
2,FERPlus_4047.png
2,FERPlus_4048.png
2,FERPlus_4049.png
2,FERPlus_4050.png
2,FERPlus_4051.png
2,FERPlus_4052.png
2,FERPlus_4053.png
2,FERPlus_4054.png
2,FERPlus_4055.png
2,FERPlus_4056.png
2,FERPlus_4057.png
2,FERPlus_4058.png
2,FERPlus_4059.png
2,FERPlus_4060.png
2,FERPlus_4061.png
2,FERPlus_4062.png
2,FERPlus_4063.png
2,FERPlus_4064.png
2,FERPlus_4065.png
2,FERPlus_4066.png
2,FERPlus_4067.png
2,FERPlus_4068.png
2,FERPlus_4069.png
2,FERPlus_4070.png
2,FERPlus_4071.png
2,FERPlus_4072.png
2,FERPlus_4073.png
2,FERPlus_4074.png
2,FERPlus_4075.png
2,FERPlus_4076.png
2,FERPlus_4077.png
2,FERPlus_4078.png
2,FERPlus_4079.png
2,FERPlus_4080.png
2,FERPlus_4081.png
2,FERPlus_4082.png
2,FERPlus_4083.png
2,FERPlus_4084.png
2,FERPlus_4085.png
2,FERPlus_4086.png
2,FERPlus_4087.png
2,FERPlus_4088.png
2,FERPlus_4089.png
2,FERPlus_4090.png
2,FERPlus_4091.png
2,FERPlus_4092.png
2,FERPlus_4093.png
2,FERPlus_4094.png
2,FERPlus_4095.png
2,FERPlus_4096.png
2,FERPlus_4097.png
2,FERPlus_4098.png
2,FERPlus_4099.png
2,FERPlus_4100.png
2,FERPlus_4101.png
2,FERPlus_4102.png
2,FERPlus_4103.png
2,FERPlus_4104.png
2,FERPlus_4105.png
2,FERPlus_4106.png
2,FERPlus_4107.png
2,FERPlus_4108.png
2,FERPlus_4109.png
2,FERPlus_4110.png
2,FERPlus_4111.png
2,FERPlus_4112.png
2,FERPlus_4113.png
2,FERPlus_4114.png
2,FERPlus_4115.png
2,FERPlus_4116.png
2,FERPlus_4117.png
2,FERPlus_4118.png
2,FERPlus_4119.png
2,FERPlus_4120.png
2,FERPlus_4121.png
2,FERPlus_4122.png
2,FERPlus_4123.png
2,FERPlus_4124.png
2,FERPlus_4125.png
2,FERPlus_4126.png
2,FERPlus_4127.png
2,FERPlus_4128.png
2,FERPlus_4129.png
2,FERPlus_4130.png
2,FERPlus_4131.png
2,FERPlus_4132.png
2,FERPlus_4133.png
2,FERPlus_4134.png
2,FERPlus_4135.png
2,FERPlus_4136.png
2,FERPlus_4137.png
2,FERPlus_4138.png
2,FERPlus_4139.png
2,FERPlus_4140.png
2,FERPlus_4141.png
2,FERPlus_4142.png
2,FERPlus_4143.png
2,FERPlus_4144.png
2,FERPlus_4145.png
2,FERPlus_4146.png
2,FERPlus_4147.png
2,FERPlus_4148.png
2,FERPlus_4149.png
2,FERPlus_4150.png
2,FERPlus_4151.png
2,FERPlus_4152.png
2,FERPlus_4153.png
2,FERPlus_4154.png
2,FERPlus_4155.png
2,FERPlus_4156.png
2,FERPlus_4157.png
2,FERPlus_4158.png
2,FERPlus_4159.png
2,FERPlus_4160.png
2,FERPlus_4161.png
2,FERPlus_4162.png
2,FERPlus_4163.png
2,FERPlus_4164.png
2,FERPlus_4165.png
2,FERPlus_4166.png
2,FERPlus_4167.png
2,FERPlus_4168.png
2,FERPlus_4169.png
2,FERPlus_4170.png
2,FERPlus_4171.png
2,FERPlus_4172.png
2,FERPlus_4173.png
2,FERPlus_4174.png
2,FERPlus_4175.png
2,FERPlus_4176.png
2,FERPlus_4177.png
2,FERPlus_4178.png
2,FERPlus_4179.png
2,FERPlus_4180.png
2,FERPlus_4181.png
2,FERPlus_4182.png
2,FERPlus_4183.png
2,FERPlus_4184.png
2,FERPlus_4185.png
2,FERPlus_4186.png
2,FERPlus_4187.png
2,FERPlus_4188.png
2,FERPlus_4189.png
2,FERPlus_4190.png
2,FERPlus_4191.png
2,FERPlus_4192.png
2,FERPlus_4193.png
2,FERPlus_4194.png
2,FERPlus_4195.png
2,FERPlus_4196.png
2,FERPlus_4197.png
2,FERPlus_4198.png
2,FERPlus_4199.png
2,FERPlus_4200.png
2,FERPlus_4201.png
2,FERPlus_4202.png
2,FERPlus_4203.png
2,FERPlus_4204.png
2,FERPlus_4205.png
2,FERPlus_4206.png
2,FERPlus_4207.png
2,FERPlus_4208.png
2,FERPlus_4209.png
2,FERPlus_4210.png
2,FERPlus_4211.png
2,FERPlus_4212.png
2,FERPlus_4213.png
2,FERPlus_4214.png
2,FERPlus_4215.png
2,FERPlus_4216.png
2,FERPlus_4217.png
2,FERPlus_4218.png
2,FERPlus_4219.png
2,FERPlus_4220.png
2,FERPlus_4221.png
2,FERPlus_4222.png
2,FERPlus_4223.png
2,FERPlus_4224.png
2,FERPlus_4225.png
2,FERPlus_4226.png
2,FERPlus_4227.png
2,FERPlus_4228.png
2,FERPlus_4229.png
2,FERPlus_4230.png
2,FERPlus_4231.png
2,FERPlus_4232.png
2,FERPlus_4233.png
2,FERPlus_4234.png
2,FERPlus_4235.png
2,FERPlus_4236.png
2,FERPlus_4237.png
2,FERPlus_4238.png
2,FERPlus_4239.png
2,FERPlus_4240.png
2,FERPlus_4241.png
2,FERPlus_4242.png
2,FERPlus_4243.png
2,FERPlus_4244.png
2,FERPlus_4245.png
2,FERPlus_4246.png
2,FERPlus_4247.png
2,FERPlus_4248.png
2,FERPlus_4249.png
2,FERPlus_4250.png
2,FERPlus_4251.png
2,FERPlus_4252.png
2,FERPlus_4253.png
2,FERPlus_4254.png
2,FERPlus_4255.png
2,FERPlus_4256.png
2,FERPlus_4257.png
2,FERPlus_4258.png
2,FERPlus_4259.png
2,FERPlus_4260.png
2,FERPlus_4261.png
2,FERPlus_4262.png
2,FERPlus_4263.png
2,FERPlus_4264.png
2,FERPlus_4265.png
2,FERPlus_4266.png
2,FERPlus_4267.png
2,FERPlus_4268.png
2,FERPlus_4269.png
2,FERPlus_4270.png
2,FERPlus_4271.png
2,FERPlus_4272.png
2,FERPlus_4273.png
2,FERPlus_4274.png
2,FERPlus_4275.png
2,FERPlus_4276.png
2,FERPlus_4277.png
2,FERPlus_4278.png
2,FERPlus_4279.png
2,FERPlus_4280.png
2,FERPlus_4281.png
2,FERPlus_4282.png
2,FERPlus_4283.png
2,FERPlus_4284.png
2,FERPlus_4285.png
2,FERPlus_4286.png
2,FERPlus_4287.png
2,FERPlus_4288.png
2,FERPlus_4289.png
2,FERPlus_4290.png
2,FERPlus_4291.png
2,FERPlus_4292.png
2,FERPlus_4293.png
2,FERPlus_4294.png
2,FERPlus_4295.png
2,FERPlus_4296.png
2,FERPlus_4297.png
2,FERPlus_4298.png
2,FERPlus_4299.png
2,FERPlus_4300.png
2,FERPlus_4301.png
2,FERPlus_4302.png
2,FERPlus_4303.png
2,FERPlus_4304.png
2,FERPlus_4305.png
2,FERPlus_4306.png
2,FERPlus_4307.png
2,FERPlus_4308.png
2,FERPlus_4309.png
2,FERPlus_4310.png
2,FERPlus_4311.png
2,FERPlus_4312.png
2,FERPlus_4313.png
2,FERPlus_4314.png
2,FERPlus_4315.png
2,FERPlus_4316.png
2,FERPlus_4317.png
2,FERPlus_4318.png
2,FERPlus_4319.png
2,FERPlus_4320.png
2,FERPlus_4321.png
2,FERPlus_4322.png
2,FERPlus_4323.png
2,FERPlus_4324.png
2,FERPlus_4325.png
2,FERPlus_4326.png
2,FERPlus_4327.png
2,FERPlus_4328.png
2,FERPlus_4329.png
2,FERPlus_4330.png
2,FERPlus_4331.png
2,FERPlus_4332.png
2,FERPlus_4333.png
2,FERPlus_4334.png
2,FERPlus_4335.png
2,FERPlus_4336.png
2,FERPlus_4337.png
2,FERPlus_4338.png
2,FERPlus_4339.png
2,FERPlus_4340.png
2,FERPlus_4341.png
2,FERPlus_4342.png
2,FERPlus_4343.png
2,FERPlus_4344.png
2,FERPlus_4345.png
2,FERPlus_4346.png
2,FERPlus_4347.png
2,FERPlus_4348.png
2,FERPlus_4349.png
2,FERPlus_4350.png
2,FERPlus_4351.png
2,FERPlus_4352.png
2,FERPlus_4353.png
2,FERPlus_4354.png
2,FERPlus_4355.png
2,FERPlus_4356.png
2,FERPlus_4357.png
2,FERPlus_4358.png
2,FERPlus_4359.png
2,FERPlus_4360.png
2,FERPlus_4361.png
2,FERPlus_4362.png
2,FERPlus_4363.png
2,FERPlus_4364.png
2,FERPlus_4365.png
2,FERPlus_4366.png
2,FERPlus_4367.png
2,FERPlus_4368.png
2,FERPlus_4369.png
2,FERPlus_4370.png
2,FERPlus_4371.png
2,FERPlus_4372.png
2,FERPlus_4373.png
2,FERPlus_4374.png
2,FERPlus_4375.png
2,FERPlus_4376.png
2,FERPlus_4377.png
2,FERPlus_4378.png
2,FERPlus_4379.png
2,FERPlus_4380.png
2,FERPlus_4381.png
2,FERPlus_4382.png
2,FERPlus_4383.png
2,FERPlus_4384.png
2,FERPlus_4385.png
2,FERPlus_4386.png
2,FERPlus_4387.png
2,FERPlus_4388.png
2,FERPlus_4389.png
2,FERPlus_4390.png
2,FERPlus_4391.png
2,FERPlus_4392.png
2,FERPlus_4393.png
2,FERPlus_4394.png
2,FERPlus_4395.png
2,FERPlus_4396.png
2,FERPlus_4397.png
2,FERPlus_4398.png
2,FERPlus_4399.png
2,FERPlus_4400.png
2,FERPlus_4401.png
2,FERPlus_4402.png
2,FERPlus_4403.png
2,FERPlus_4404.png
2,FERPlus_4405.png
2,FERPlus_4406.png
2,FERPlus_4407.png
2,FERPlus_4408.png
2,FERPlus_4409.png
2,FERPlus_4410.png
2,FERPlus_4411.png
2,FERPlus_4412.png
2,FERPlus_4413.png
2,FERPlus_4414.png
2,FERPlus_4415.png
2,FERPlus_4416.png
2,FERPlus_4417.png
2,FERPlus_4418.png
2,FERPlus_4419.png
2,FERPlus_4420.png
2,FERPlus_4421.png
2,FERPlus_4422.png
2,FERPlus_4423.png
2,FERPlus_4424.png
2,FERPlus_4425.png
2,FERPlus_4426.png
2,FERPlus_4427.png
2,FERPlus_4428.png
2,FERPlus_4429.png
2,FERPlus_4430.png
2,FERPlus_4431.png
2,FERPlus_4432.png
2,FERPlus_4433.png
2,FERPlus_4434.png
2,FERPlus_4435.png
2,FERPlus_4436.png
2,FERPlus_4437.png
2,FERPlus_4438.png
2,FERPlus_4439.png
2,FERPlus_4440.png
2,FERPlus_4441.png
2,FERPlus_4442.png
2,FERPlus_4443.png
2,FERPlus_4444.png
2,FERPlus_4445.png
2,FERPlus_4446.png
2,FERPlus_4447.png
2,FERPlus_4448.png
2,FERPlus_4449.png
2,FERPlus_4450.png
2,FERPlus_4451.png
2,FERPlus_4452.png
2,FERPlus_4453.png
2,FERPlus_4454.png
2,FERPlus_4455.png
2,FERPlus_4456.png
2,FERPlus_4457.png
2,FERPlus_4458.png
2,FERPlus_4459.png
2,FERPlus_4460.png
2,FERPlus_4461.png
2,FERPlus_4462.png
2,FERPlus_4463.png
2,FERPlus_4464.png
2,FERPlus_4465.png
2,FERPlus_4466.png
2,FERPlus_4467.png
2,FERPlus_4468.png
2,FERPlus_4469.png
2,FERPlus_4470.png
2,FERPlus_4471.png
2,FERPlus_4472.png
2,FERPlus_4473.png
2,FERPlus_4474.png
2,FERPlus_4475.png
2,FERPlus_4476.png
2,FERPlus_4477.png
2,FERPlus_4478.png
2,FERPlus_4479.png
2,FERPlus_4480.png
2,FERPlus_4481.png
2,FERPlus_4482.png
2,FERPlus_4483.png
2,FERPlus_4484.png
2,FERPlus_4485.png
2,FERPlus_4486.png
2,FERPlus_4487.png
2,FERPlus_4488.png
2,FERPlus_4489.png
2,FERPlus_4490.png
2,FERPlus_4491.png
2,FERPlus_4492.png
2,FERPlus_4493.png
2,FERPlus_4494.png
2,FERPlus_4495.png
2,FERPlus_4496.png
2,FERPlus_4497.png
2,FERPlus_4498.png
2,FERPlus_4499.png
2,FERPlus_4500.png
2,FERPlus_4501.png
2,FERPlus_4502.png
2,FERPlus_4503.png
2,FERPlus_4504.png
2,FERPlus_4505.png
2,FERPlus_4506.png
2,FERPlus_4507.png
2,FERPlus_4508.png
2,FERPlus_4509.png
2,FERPlus_4510.png
2,FERPlus_4511.png
2,FERPlus_4512.png
2,FERPlus_4513.png
2,FERPlus_4514.png
2,FERPlus_4515.png
2,FERPlus_4516.png
2,FERPlus_4517.png
2,FERPlus_4518.png
2,FERPlus_4519.png
2,FERPlus_4520.png
2,FERPlus_4521.png
2,FERPlus_4522.png
2,FERPlus_4523.png
2,FERPlus_4524.png
2,FERPlus_4525.png
2,FERPlus_4526.png
2,FERPlus_4527.png
2,FERPlus_4528.png
2,FERPlus_4529.png
2,FERPlus_4530.png
2,FERPlus_4531.png
2,FERPlus_4532.png
2,FERPlus_4533.png
2,FERPlus_4534.png
2,FERPlus_4535.png
2,FERPlus_4536.png
2,FERPlus_4537.png
2,FERPlus_4538.png
2,FERPlus_4539.png
2,FERPlus_4540.png
2,FERPlus_4541.png
2,FERPlus_4542.png
2,FERPlus_4543.png
2,FERPlus_4544.png
2,FERPlus_4545.png
2,FERPlus_4546.png
2,FERPlus_4547.png
2,FERPlus_4548.png
2,FERPlus_4549.png
2,FERPlus_4550.png
2,FERPlus_4551.png
2,FERPlus_4552.png
2,FERPlus_4553.png
2,FERPlus_4554.png
2,FERPlus_4555.png
2,FERPlus_4556.png
2,FERPlus_4557.png
2,FERPlus_4558.png
2,FERPlus_4559.png
2,FERPlus_4560.png
2,FERPlus_4561.png
2,FERPlus_4562.png
2,FERPlus_4563.png
2,FERPlus_4564.png
2,FERPlus_4565.png
2,FERPlus_4566.png
2,FERPlus_4567.png
2,FERPlus_4568.png
2,FERPlus_4569.png
2,FERPlus_4570.png
2,FERPlus_4571.png
2,FERPlus_4572.png
2,FERPlus_4573.png
2,FERPlus_4574.png
2,FERPlus_4575.png
2,FERPlus_4576.png
2,FERPlus_4577.png
2,FERPlus_4578.png
2,FERPlus_4579.png
2,FERPlus_4580.png
2,FERPlus_4581.png
2,FERPlus_4582.png
2,FERPlus_4583.png
2,FERPlus_4584.png
2,FERPlus_4585.png
2,FERPlus_4586.png
2,FERPlus_4587.png
2,FERPlus_4588.png
2,FERPlus_4589.png
2,FERPlus_4590.png
2,FERPlus_4591.png
2,FERPlus_4592.png
2,FERPlus_4593.png
2,FERPlus_4594.png
2,FERPlus_4595.png
2,FERPlus_4596.png
2,FERPlus_4597.png
2,FERPlus_4598.png
2,FERPlus_4599.png
2,FERPlus_4600.png
2,FERPlus_4601.png
2,FERPlus_4602.png
2,FERPlus_4603.png
2,FERPlus_4604.png
2,FERPlus_4605.png
2,FERPlus_4606.png
2,FERPlus_4607.png
2,FERPlus_4608.png
2,FERPlus_4609.png
2,FERPlus_4610.png
2,FERPlus_4611.png
2,FERPlus_4612.png
2,FERPlus_4613.png
2,FERPlus_4614.png
2,FERPlus_4615.png
2,FERPlus_4616.png
2,FERPlus_4617.png
2,FERPlus_4618.png
2,FERPlus_4619.png
2,FERPlus_4620.png
2,FERPlus_4621.png
2,FERPlus_4622.png
2,FERPlus_4623.png
2,FERPlus_4624.png
2,FERPlus_4625.png
2,FERPlus_4626.png
2,FERPlus_4627.png
2,FERPlus_4628.png
2,FERPlus_4629.png
2,FERPlus_4630.png
2,FERPlus_4631.png
2,FERPlus_4632.png
2,FERPlus_4633.png
2,FERPlus_4634.png
2,FERPlus_4635.png
2,FERPlus_4636.png
2,FERPlus_4637.png
2,FERPlus_4638.png
2,FERPlus_4639.png
2,FERPlus_4640.png
2,FERPlus_4641.png
2,FERPlus_4642.png
2,FERPlus_4643.png
2,FERPlus_4644.png
2,FERPlus_4645.png
2,FERPlus_4646.png
2,FERPlus_4647.png
2,FERPlus_4648.png
2,FERPlus_4649.png
2,FERPlus_4650.png
2,FERPlus_4651.png
2,FERPlus_4652.png
2,FERPlus_4653.png
2,FERPlus_4654.png
2,FERPlus_4655.png
2,FERPlus_4656.png
2,FERPlus_4657.png
2,FERPlus_4658.png
2,FERPlus_4659.png
2,FERPlus_4660.png
2,FERPlus_4661.png
2,FERPlus_4662.png
2,FERPlus_4663.png
2,FERPlus_4664.png
2,FERPlus_4665.png
2,FERPlus_4666.png
2,FERPlus_4667.png
2,FERPlus_4668.png
2,FERPlus_4669.png
2,FERPlus_4670.png
2,FERPlus_4671.png
2,FERPlus_4672.png
2,FERPlus_4673.png
2,FERPlus_4674.png
2,FERPlus_4675.png
2,FERPlus_4676.png
2,FERPlus_4677.png
2,FERPlus_4678.png
2,FERPlus_4679.png
2,FERPlus_4680.png
2,FERPlus_4681.png
2,FERPlus_4682.png
2,FERPlus_4683.png
2,FERPlus_4684.png
2,FERPlus_4685.png
2,FERPlus_4686.png
2,FERPlus_4687.png
2,FERPlus_4688.png
2,FERPlus_4689.png
2,FERPlus_4690.png
2,FERPlus_4691.png
2,FERPlus_4692.png
2,FERPlus_4693.png
2,FERPlus_4694.png
2,FERPlus_4695.png
2,FERPlus_4696.png
2,FERPlus_4697.png
2,FERPlus_4698.png
2,FERPlus_4699.png
2,FERPlus_4700.png
2,FERPlus_4701.png
2,FERPlus_4702.png
2,FERPlus_4703.png
2,FERPlus_4704.png
2,FERPlus_4705.png
2,FERPlus_4706.png
2,FERPlus_4707.png
2,FERPlus_4708.png
2,FERPlus_4709.png
2,FERPlus_4710.png
2,FERPlus_4711.png
2,FERPlus_4712.png
2,FERPlus_4713.png
2,FERPlus_4714.png
2,FERPlus_4715.png
2,FERPlus_4716.png
2,FERPlus_4717.png
2,FERPlus_4718.png
2,FERPlus_4719.png
2,FERPlus_4720.png
2,FERPlus_4721.png
2,FERPlus_4722.png
2,FERPlus_4723.png
2,FERPlus_4724.png
2,FERPlus_4725.png
2,FERPlus_4726.png
2,FERPlus_4727.png
2,FERPlus_4728.png
2,FERPlus_4729.png
2,FERPlus_4730.png
2,FERPlus_4731.png
2,FERPlus_4732.png
2,FERPlus_4733.png
2,FERPlus_4734.png
2,FERPlus_4735.png
2,FERPlus_4736.png
2,FERPlus_4737.png
2,FERPlus_4738.png
2,FERPlus_4739.png
2,FERPlus_4740.png
2,FERPlus_4741.png
2,FERPlus_4742.png
2,FERPlus_4743.png
2,FERPlus_4744.png
2,FERPlus_4745.png
2,FERPlus_4746.png
2,FERPlus_4747.png
2,FERPlus_4748.png
2,FERPlus_4749.png
2,FERPlus_4750.png
2,FERPlus_4751.png
2,FERPlus_4752.png
2,FERPlus_4753.png
2,FERPlus_4754.png
2,FERPlus_4755.png
2,FERPlus_4756.png
2,FERPlus_4757.png
2,FERPlus_4758.png
2,FERPlus_4759.png
2,FERPlus_4760.png
2,FERPlus_4761.png
2,FERPlus_4762.png
2,FERPlus_4763.png
2,FERPlus_4764.png
2,FERPlus_4765.png
2,FERPlus_4766.png
2,FERPlus_4767.png
2,FERPlus_4768.png
2,FERPlus_4769.png
2,FERPlus_4770.png
2,FERPlus_4771.png
2,FERPlus_4772.png
2,FERPlus_4773.png
2,FERPlus_4774.png
2,FERPlus_4775.png
2,FERPlus_4776.png
2,FERPlus_4777.png
2,FERPlus_4778.png
2,FERPlus_4779.png
2,FERPlus_4780.png
2,FERPlus_4781.png
2,FERPlus_4782.png
2,FERPlus_4783.png
2,FERPlus_4784.png
2,FERPlus_4785.png
2,FERPlus_4786.png
2,FERPlus_4787.png
2,FERPlus_4788.png
2,FERPlus_4789.png
2,FERPlus_4790.png
2,FERPlus_4791.png
2,FERPlus_4792.png
2,FERPlus_4793.png
2,FERPlus_4794.png
2,FERPlus_4795.png
2,FERPlus_4796.png
2,FERPlus_4797.png
2,FERPlus_4798.png
2,FERPlus_4799.png
2,FERPlus_4800.png
2,FERPlus_4801.png
2,FERPlus_4802.png
2,FERPlus_4803.png
2,FERPlus_4804.png
2,FERPlus_4805.png
2,FERPlus_4806.png
2,FERPlus_4807.png
2,FERPlus_4808.png
2,FERPlus_4809.png
2,FERPlus_4810.png
2,FERPlus_4811.png
2,FERPlus_4812.png
2,FERPlus_4813.png
2,FERPlus_4814.png
2,FERPlus_4815.png
2,FERPlus_4816.png
2,FERPlus_4817.png
2,FERPlus_4818.png
2,FERPlus_4819.png
2,FERPlus_4820.png
2,FERPlus_4821.png
2,FERPlus_4822.png
2,FERPlus_4823.png
2,FERPlus_4824.png
2,FERPlus_4825.png
2,FERPlus_4826.png
2,FERPlus_4827.png
2,FERPlus_4828.png
2,FERPlus_4829.png
2,FERPlus_4830.png
2,FERPlus_4831.png
2,FERPlus_4832.png
2,FERPlus_4833.png
2,FERPlus_4834.png
2,FERPlus_4835.png
2,FERPlus_4836.png
2,FERPlus_4837.png
2,FERPlus_4838.png
2,FERPlus_4839.png
2,FERPlus_4840.png
2,FERPlus_4841.png
2,FERPlus_4842.png
2,FERPlus_4843.png
2,FERPlus_4844.png
2,FERPlus_4845.png
2,FERPlus_4846.png
2,FERPlus_4847.png
2,FERPlus_4848.png
2,FERPlus_4849.png
2,FERPlus_4850.png
2,FERPlus_4851.png
2,FERPlus_4852.png
2,FERPlus_4853.png
2,FERPlus_4854.png
2,FERPlus_4855.png
2,FERPlus_4856.png
2,FERPlus_4857.png
2,FERPlus_4858.png
2,FERPlus_4859.png
2,FERPlus_4860.png
2,FERPlus_4861.png
2,FERPlus_4862.png
2,FERPlus_4863.png
2,FERPlus_4864.png
2,FERPlus_4865.png
2,FERPlus_4866.png
2,FERPlus_4867.png
2,FERPlus_4868.png
2,FERPlus_4869.png
2,FERPlus_4870.png
2,FERPlus_4871.png
2,FERPlus_4872.png
2,FERPlus_4873.png
2,FERPlus_4874.png
2,FERPlus_4875.png
2,FERPlus_4876.png
2,FERPlus_4877.png
2,FERPlus_4878.png
2,FERPlus_4879.png
2,FERPlus_4880.png
2,FERPlus_4881.png
2,FERPlus_4882.png
2,FERPlus_4883.png
2,FERPlus_4884.png
2,FERPlus_4885.png
2,FERPlus_4886.png
2,FERPlus_4887.png
2,FERPlus_4888.png
2,FERPlus_4889.png
2,FERPlus_4890.png
2,FERPlus_4891.png
2,FERPlus_4892.png
2,FERPlus_4893.png
2,FERPlus_4894.png
2,FERPlus_4895.png
2,FERPlus_4896.png
2,FERPlus_4897.png
2,FERPlus_4898.png
2,FERPlus_4899.png
2,FERPlus_4900.png
2,FERPlus_4901.png
2,FERPlus_4902.png
2,FERPlus_4903.png
2,FERPlus_4904.png
2,FERPlus_4905.png
2,FERPlus_4906.png
2,FERPlus_4907.png
2,FERPlus_4908.png
2,FERPlus_4909.png
2,FERPlus_4910.png
2,FERPlus_4911.png
2,FERPlus_4912.png
2,FERPlus_4913.png
2,FERPlus_4914.png
2,FERPlus_4915.png
2,FERPlus_4916.png
2,FERPlus_4917.png
2,FERPlus_4918.png
2,FERPlus_4919.png
2,FERPlus_4920.png
2,FERPlus_4921.png
2,FERPlus_4922.png
2,FERPlus_4923.png
2,FERPlus_4924.png
2,FERPlus_4925.png
2,FERPlus_4926.png
2,FERPlus_4927.png
2,FERPlus_4928.png
2,FERPlus_4929.png
2,FERPlus_4930.png
2,FERPlus_4931.png
2,FERPlus_4932.png
2,FERPlus_4933.png
2,FERPlus_4934.png
2,FERPlus_4935.png
2,FERPlus_4936.png
2,FERPlus_4937.png
2,FERPlus_4938.png
2,FERPlus_4939.png
2,FERPlus_4940.png
2,FERPlus_4941.png
2,FERPlus_4942.png
2,FERPlus_4943.png
2,FERPlus_4944.png
2,FERPlus_4945.png
2,FERPlus_4946.png
2,FERPlus_4947.png
2,FERPlus_4948.png
2,FERPlus_4949.png
2,FERPlus_4950.png
2,FERPlus_4951.png
2,FERPlus_4952.png
2,FERPlus_4953.png
2,FERPlus_4954.png
2,FERPlus_4955.png
2,FERPlus_4956.png
2,FERPlus_4957.png
2,FERPlus_4958.png
2,FERPlus_4959.png
2,FERPlus_4960.png
2,FERPlus_4961.png
2,FERPlus_4962.png
2,FERPlus_4963.png
2,FERPlus_4964.png
2,FERPlus_4965.png
2,FERPlus_4966.png
2,FERPlus_4967.png
2,FERPlus_4968.png
2,FERPlus_4969.png
2,FERPlus_4970.png
2,FERPlus_4971.png
2,FERPlus_4972.png
2,FERPlus_4973.png
2,FERPlus_4974.png
2,FERPlus_4975.png
2,FERPlus_4976.png
2,FERPlus_4977.png
2,FERPlus_4978.png
2,FERPlus_4979.png
2,FERPlus_4980.png
2,FERPlus_4981.png
2,FERPlus_4982.png
2,FERPlus_4983.png
2,FERPlus_4984.png
2,FERPlus_4985.png
2,FERPlus_4986.png
2,FERPlus_4987.png
2,FERPlus_4988.png
2,FERPlus_4989.png
2,FERPlus_4990.png
2,FERPlus_4991.png
2,FERPlus_4992.png
2,FERPlus_4993.png
2,FERPlus_4994.png
2,FERPlus_4995.png
2,FERPlus_4996.png
2,FERPlus_4997.png
2,FERPlus_4998.png
2,FERPlus_4999.png
2,FERPlus_5000.png
2,FERPlus_5001.png
2,FERPlus_5002.png
2,FERPlus_5003.png
2,FERPlus_5004.png
2,FERPlus_5005.png
2,FERPlus_5006.png
2,FERPlus_5007.png
2,FERPlus_5008.png
2,FERPlus_5009.png
2,FERPlus_5010.png
2,FERPlus_5011.png
2,FERPlus_5012.png
2,FERPlus_5013.png
2,FERPlus_5014.png
2,FERPlus_5015.png
2,FERPlus_5016.png
2,FERPlus_5017.png
2,FERPlus_5018.png
2,FERPlus_5019.png
2,FERPlus_5020.png
2,FERPlus_5021.png
2,FERPlus_5022.png
2,FERPlus_5023.png
2,FERPlus_5024.png
2,FERPlus_5025.png
2,FERPlus_5026.png
2,FERPlus_5027.png
2,FERPlus_5028.png
2,FERPlus_5029.png
2,FERPlus_5030.png
2,FERPlus_5031.png
2,FERPlus_5032.png
2,FERPlus_5033.png
2,FERPlus_5034.png
2,FERPlus_5035.png
2,FERPlus_5036.png
2,FERPlus_5037.png
2,FERPlus_5038.png
2,FERPlus_5039.png
2,FERPlus_5040.png
2,FERPlus_5041.png
2,FERPlus_5042.png
2,FERPlus_5043.png
2,FERPlus_5044.png
2,FERPlus_5045.png
2,FERPlus_5046.png
2,FERPlus_5047.png
2,FERPlus_5048.png
2,FERPlus_5049.png
2,FERPlus_5050.png
2,FERPlus_5051.png
2,FERPlus_5052.png
2,FERPlus_5053.png
2,FERPlus_5054.png
2,FERPlus_5055.png
2,FERPlus_5056.png
2,FERPlus_5057.png
2,FERPlus_5058.png
2,FERPlus_5059.png
2,FERPlus_5060.png
2,FERPlus_5061.png
2,FERPlus_5062.png
2,FERPlus_5063.png
2,FERPlus_5064.png
2,FERPlus_5065.png
2,FERPlus_5066.png
2,FERPlus_5067.png
2,FERPlus_5068.png
2,FERPlus_5069.png
2,FERPlus_5070.png
2,FERPlus_5071.png
2,FERPlus_5072.png
2,FERPlus_5073.png
2,FERPlus_5074.png
2,FERPlus_5075.png
2,FERPlus_5076.png
2,FERPlus_5077.png
2,FERPlus_5078.png
2,FERPlus_5079.png
2,FERPlus_5080.png
2,FERPlus_5081.png
2,FERPlus_5082.png
2,FERPlus_5083.png
2,FERPlus_5084.png
2,FERPlus_5085.png
2,FERPlus_5086.png
2,FERPlus_5087.png
2,FERPlus_5088.png
2,FERPlus_5089.png
2,FERPlus_5090.png
2,FERPlus_5091.png
2,FERPlus_5092.png
2,FERPlus_5093.png
2,FERPlus_5094.png
2,FERPlus_5095.png
2,FERPlus_5096.png
2,FERPlus_5097.png
2,FERPlus_5098.png
2,FERPlus_5099.png
2,FERPlus_5100.png
2,FERPlus_5101.png
2,FERPlus_5102.png
2,FERPlus_5103.png
2,FERPlus_5104.png
2,FERPlus_5105.png
2,FERPlus_5106.png
2,FERPlus_5107.png
2,FERPlus_5108.png
2,FERPlus_5109.png
2,FERPlus_5110.png
2,FERPlus_5111.png
2,FERPlus_5112.png
2,FERPlus_5113.png
2,FERPlus_5114.png
2,FERPlus_5115.png
2,FERPlus_5116.png
2,FERPlus_5117.png
2,FERPlus_5118.png
2,FERPlus_5119.png
2,FERPlus_5120.png
2,FERPlus_5121.png
2,FERPlus_5122.png
2,FERPlus_5123.png
2,FERPlus_5124.png
2,FERPlus_5125.png
2,FERPlus_5126.png
2,FERPlus_5127.png
2,FERPlus_5128.png
2,FERPlus_5129.png
2,FERPlus_5130.png
2,FERPlus_5131.png
2,FERPlus_5132.png
2,FERPlus_5133.png
2,FERPlus_5134.png
2,FERPlus_5135.png
2,FERPlus_5136.png
2,FERPlus_5137.png
2,FERPlus_5138.png
2,FERPlus_5139.png
2,FERPlus_5140.png
2,FERPlus_5141.png
2,FERPlus_5142.png
2,FERPlus_5143.png
2,FERPlus_5144.png
2,FERPlus_5145.png
2,FERPlus_5146.png
2,FERPlus_5147.png
2,FERPlus_5148.png
2,FERPlus_5149.png
2,FERPlus_5150.png
2,FERPlus_5151.png
2,FERPlus_5152.png
2,FERPlus_5153.png
2,FERPlus_5154.png
2,FERPlus_5155.png
2,FERPlus_5156.png
2,FERPlus_5157.png
2,FERPlus_5158.png
2,FERPlus_5159.png
2,FERPlus_5160.png
2,FERPlus_5161.png
2,FERPlus_5162.png
2,FERPlus_5163.png
2,FERPlus_5164.png
2,FERPlus_5165.png
2,FERPlus_5166.png
2,FERPlus_5167.png
2,FERPlus_5168.png
2,FERPlus_5169.png
2,FERPlus_5170.png
2,FERPlus_5171.png
2,FERPlus_5172.png
2,FERPlus_5173.png
2,FERPlus_5174.png
2,FERPlus_5175.png
2,FERPlus_5176.png
2,FERPlus_5177.png
2,FERPlus_5178.png
2,FERPlus_5179.png
2,FERPlus_5180.png
2,FERPlus_5181.png
2,FERPlus_5182.png
2,FERPlus_5183.png
2,FERPlus_5184.png
2,FERPlus_5185.png
2,FERPlus_5186.png
2,FERPlus_5187.png
2,FERPlus_5188.png
2,FERPlus_5189.png
2,FERPlus_5190.png
2,FERPlus_5191.png
2,FERPlus_5192.png
2,FERPlus_5193.png
2,FERPlus_5194.png
2,FERPlus_5195.png
2,FERPlus_5196.png
2,FERPlus_5197.png
2,FERPlus_5198.png
2,FERPlus_5199.png
2,FERPlus_5200.png
2,FERPlus_5201.png
2,FERPlus_5202.png
2,FERPlus_5203.png
2,FERPlus_5204.png
2,FERPlus_5205.png
2,FERPlus_5206.png
2,FERPlus_5207.png
2,FERPlus_5208.png
2,FERPlus_5209.png
2,FERPlus_5210.png
2,FERPlus_5211.png
2,FERPlus_5212.png
2,FERPlus_5213.png
2,FERPlus_5214.png
2,FERPlus_5215.png
2,FERPlus_5216.png
2,FERPlus_5217.png
2,FERPlus_5218.png
2,FERPlus_5219.png
2,FERPlus_5220.png
2,FERPlus_5221.png
2,FERPlus_5222.png
2,FERPlus_5223.png
2,FERPlus_5224.png
2,FERPlus_5225.png
2,FERPlus_5226.png
2,FERPlus_5227.png
2,FERPlus_5228.png
2,FERPlus_5229.png
2,FERPlus_5230.png
2,FERPlus_5231.png
2,FERPlus_5232.png
2,FERPlus_5233.png
2,FERPlus_5234.png
2,FERPlus_5235.png
2,FERPlus_5236.png
2,FERPlus_5237.png
2,FERPlus_5238.png
2,FERPlus_5239.png
2,FERPlus_5240.png
2,FERPlus_5241.png
2,FERPlus_5242.png
2,FERPlus_5243.png
2,FERPlus_5244.png
2,FERPlus_5245.png
2,FERPlus_5246.png
2,FERPlus_5247.png
2,FERPlus_5248.png
2,FERPlus_5249.png
2,FERPlus_5250.png
2,FERPlus_5251.png
2,FERPlus_5252.png
2,FERPlus_5253.png
2,FERPlus_5254.png
2,FERPlus_5255.png
2,FERPlus_5256.png
2,FERPlus_5257.png
2,FERPlus_5258.png
2,FERPlus_5259.png
2,FERPlus_5260.png
2,FERPlus_5261.png
2,FERPlus_5262.png
2,FERPlus_5263.png
2,FERPlus_5264.png
2,FERPlus_5265.png
2,FERPlus_5266.png
2,FERPlus_5267.png
2,FERPlus_5268.png
2,FERPlus_5269.png
2,FERPlus_5270.png
2,FERPlus_5271.png
2,FERPlus_5272.png
2,FERPlus_5273.png
2,FERPlus_5274.png
2,FERPlus_5275.png
2,FERPlus_5276.png
2,FERPlus_5277.png
2,FERPlus_5278.png
2,FERPlus_5279.png
2,FERPlus_5280.png
2,FERPlus_5281.png
2,FERPlus_5282.png
2,FERPlus_5283.png
2,FERPlus_5284.png
2,FERPlus_5285.png
2,FERPlus_5286.png
2,FERPlus_5287.png
2,FERPlus_5288.png
2,FERPlus_5289.png
2,FERPlus_5290.png
2,FERPlus_5291.png
2,FERPlus_5292.png
2,FERPlus_5293.png
2,FERPlus_5294.png
2,FERPlus_5295.png
2,FERPlus_5296.png
2,FERPlus_5297.png
2,FERPlus_5298.png
2,FERPlus_5299.png
2,FERPlus_5300.png
2,FERPlus_5301.png
2,FERPlus_5302.png
2,FERPlus_5303.png
2,FERPlus_5304.png
2,FERPlus_5305.png
2,FERPlus_5306.png
2,FERPlus_5307.png
2,FERPlus_5308.png
2,FERPlus_5309.png
2,FERPlus_5310.png
2,FERPlus_5311.png
2,FERPlus_5312.png
2,FERPlus_5313.png
2,FERPlus_5314.png
2,FERPlus_5315.png
2,FERPlus_5316.png
2,FERPlus_5317.png
2,FERPlus_5318.png
2,FERPlus_5319.png
2,FERPlus_5320.png
2,FERPlus_5321.png
2,FERPlus_5322.png
2,FERPlus_5323.png
2,FERPlus_5324.png
2,FERPlus_5325.png
2,FERPlus_5326.png
2,FERPlus_5327.png
2,FERPlus_5328.png
2,FERPlus_5329.png
2,FERPlus_5330.png
2,FERPlus_5331.png
2,FERPlus_5332.png
2,FERPlus_5333.png
2,FERPlus_5334.png
2,FERPlus_5335.png
2,FERPlus_5336.png
2,FERPlus_5337.png
2,FERPlus_5338.png
2,FERPlus_5339.png
2,FERPlus_5340.png
2,FERPlus_5341.png
2,FERPlus_5342.png
2,FERPlus_5343.png
2,FERPlus_5344.png
2,FERPlus_5345.png
2,FERPlus_5346.png
2,FERPlus_5347.png
2,FERPlus_5348.png
2,FERPlus_5349.png
2,FERPlus_5350.png
2,FERPlus_5351.png
2,FERPlus_5352.png
2,FERPlus_5353.png
2,FERPlus_5354.png
2,FERPlus_5355.png
2,FERPlus_5356.png
2,FERPlus_5357.png
2,FERPlus_5358.png
2,FERPlus_5359.png
2,FERPlus_5360.png
2,FERPlus_5361.png
2,FERPlus_5362.png
2,FERPlus_5363.png
2,FERPlus_5364.png
2,FERPlus_5365.png
2,FERPlus_5366.png
2,FERPlus_5367.png
2,FERPlus_5368.png
2,FERPlus_5369.png
2,FERPlus_5370.png
2,FERPlus_5371.png
2,FERPlus_5372.png
2,FERPlus_5373.png
2,FERPlus_5374.png
2,FERPlus_5375.png
2,FERPlus_5376.png
2,FERPlus_5377.png
2,FERPlus_5378.png
2,FERPlus_5379.png
2,FERPlus_5380.png
2,FERPlus_5381.png
2,FERPlus_5382.png
2,FERPlus_5383.png
2,FERPlus_5384.png
2,FERPlus_5385.png
2,FERPlus_5386.png
2,FERPlus_5387.png
2,FERPlus_5388.png
2,FERPlus_5389.png
2,FERPlus_5390.png
2,FERPlus_5391.png
2,FERPlus_5392.png
2,FERPlus_5393.png
2,FERPlus_5394.png
2,FERPlus_5395.png
2,FERPlus_5396.png
2,FERPlus_5397.png
2,FERPlus_5398.png
2,FERPlus_5399.png
2,FERPlus_5400.png
2,FERPlus_5401.png
2,FERPlus_5402.png
2,FERPlus_5403.png
2,FERPlus_5404.png
2,FERPlus_5405.png
2,FERPlus_5406.png
2,FERPlus_5407.png
2,FERPlus_5408.png
2,FERPlus_5409.png
2,FERPlus_5410.png
2,FERPlus_5411.png
2,FERPlus_5412.png
2,FERPlus_5413.png
2,FERPlus_5414.png
2,FERPlus_5415.png
2,FERPlus_5416.png
2,FERPlus_5417.png
2,FERPlus_5418.png
2,FERPlus_5419.png
2,FERPlus_5420.png
2,FERPlus_5421.png
2,FERPlus_5422.png
2,FERPlus_5423.png
2,FERPlus_5424.png
2,FERPlus_5425.png
2,FERPlus_5426.png
2,FERPlus_5427.png
2,FERPlus_5428.png
2,FERPlus_5429.png
2,FERPlus_5430.png
2,FERPlus_5431.png
2,FERPlus_5432.png
2,FERPlus_5433.png
2,FERPlus_5434.png
2,FERPlus_5435.png
2,FERPlus_5436.png
2,FERPlus_5437.png
2,FERPlus_5438.png
2,FERPlus_5439.png
2,FERPlus_5440.png
2,FERPlus_5441.png
2,FERPlus_5442.png
2,FERPlus_5443.png
2,FERPlus_5444.png
2,FERPlus_5445.png
2,FERPlus_5446.png
2,FERPlus_5447.png
2,FERPlus_5448.png
2,FERPlus_5449.png
2,FERPlus_5450.png
2,FERPlus_5451.png
2,FERPlus_5452.png
2,FERPlus_5453.png
2,FERPlus_5454.png
2,FERPlus_5455.png
2,FERPlus_5456.png
2,FERPlus_5457.png
2,FERPlus_5458.png
2,FERPlus_5459.png
2,FERPlus_5460.png
2,FERPlus_5461.png
2,FERPlus_5462.png
2,FERPlus_5463.png
2,FERPlus_5464.png
2,FERPlus_5465.png
2,FERPlus_5466.png
2,FERPlus_5467.png
2,FERPlus_5468.png
2,FERPlus_5469.png
2,FERPlus_5470.png
2,FERPlus_5471.png
2,FERPlus_5472.png
2,FERPlus_5473.png
2,FERPlus_5474.png
2,FERPlus_5475.png
2,FERPlus_5476.png
2,FERPlus_5477.png
2,FERPlus_5478.png
2,FERPlus_5479.png
2,FERPlus_5480.png
2,FERPlus_5481.png
2,FERPlus_5482.png
2,FERPlus_5483.png
2,FERPlus_5484.png
2,FERPlus_5485.png
2,FERPlus_5486.png
2,FERPlus_5487.png
2,FERPlus_5488.png
2,FERPlus_5489.png
2,FERPlus_5490.png
2,FERPlus_5491.png
2,FERPlus_5492.png
2,FERPlus_5493.png
2,FERPlus_5494.png
2,FERPlus_5495.png
2,FERPlus_5496.png
2,FERPlus_5497.png
2,FERPlus_5498.png
2,FERPlus_5499.png
2,FERPlus_5500.png
2,FERPlus_5501.png
2,FERPlus_5502.png
2,FERPlus_5503.png
2,FERPlus_5504.png
2,FERPlus_5505.png
2,FERPlus_5506.png
2,FERPlus_5507.png
2,FERPlus_5508.png
2,FERPlus_5509.png
2,FERPlus_5510.png
2,FERPlus_5511.png
2,FERPlus_5512.png
2,FERPlus_5513.png
2,FERPlus_5514.png
2,FERPlus_5515.png
2,FERPlus_5516.png
2,FERPlus_5517.png
2,FERPlus_5518.png
2,FERPlus_5519.png
2,FERPlus_5520.png
2,FERPlus_5521.png
2,FERPlus_5522.png
2,FERPlus_5523.png
2,FERPlus_5524.png
2,FERPlus_5525.png
2,FERPlus_5526.png
2,FERPlus_5527.png
2,FERPlus_5528.png
2,FERPlus_5529.png
2,FERPlus_5530.png
2,FERPlus_5531.png
2,FERPlus_5532.png
2,FERPlus_5533.png
2,FERPlus_5534.png
2,FERPlus_5535.png
2,FERPlus_5536.png
2,FERPlus_5537.png
2,FERPlus_5538.png
2,FERPlus_5539.png
2,FERPlus_5540.png
2,FERPlus_5541.png
2,FERPlus_5542.png
2,FERPlus_5543.png
2,FERPlus_5544.png
2,FERPlus_5545.png
2,FERPlus_5546.png
2,FERPlus_5547.png
2,FERPlus_5548.png
2,FERPlus_5549.png
2,FERPlus_5550.png
2,FERPlus_5551.png
2,FERPlus_5552.png
2,FERPlus_5553.png
2,FERPlus_5554.png
2,FERPlus_5555.png
2,FERPlus_5556.png
2,FERPlus_5557.png
2,FERPlus_5558.png
2,FERPlus_5559.png
2,FERPlus_5560.png
2,FERPlus_5561.png
2,FERPlus_5562.png
2,FERPlus_5563.png
2,FERPlus_5564.png
2,FERPlus_5565.png
2,FERPlus_5566.png
2,FERPlus_5567.png
2,FERPlus_5568.png
2,FERPlus_5569.png
2,FERPlus_5570.png
2,FERPlus_5571.png
2,FERPlus_5572.png
2,FERPlus_5573.png
2,FERPlus_5574.png
2,FERPlus_5575.png
2,FERPlus_5576.png
2,FERPlus_5577.png
2,FERPlus_5578.png
2,FERPlus_5579.png
2,FERPlus_5580.png
2,FERPlus_5581.png
2,FERPlus_5582.png
2,FERPlus_5583.png
2,FERPlus_5584.png
2,FERPlus_5585.png
2,FERPlus_5586.png
2,FERPlus_5587.png
2,FERPlus_5588.png
2,FERPlus_5589.png
2,FERPlus_5590.png
2,FERPlus_5591.png
2,FERPlus_5592.png
2,FERPlus_5593.png
2,FERPlus_5594.png
2,FERPlus_5595.png
2,FERPlus_5596.png
2,FERPlus_5597.png
2,FERPlus_5598.png
2,FERPlus_5599.png
2,FERPlus_5600.png
2,FERPlus_5601.png
2,FERPlus_5602.png
2,FERPlus_5603.png
2,FERPlus_5604.png
2,FERPlus_5605.png
2,FERPlus_5606.png
2,FERPlus_5607.png
2,FERPlus_5608.png
2,FERPlus_5609.png
2,FERPlus_5610.png
2,FERPlus_5611.png
2,FERPlus_5612.png
2,FERPlus_5613.png
2,FERPlus_5614.png
2,FERPlus_5615.png
2,FERPlus_5616.png
2,FERPlus_5617.png
2,FERPlus_5618.png
2,FERPlus_5619.png
2,FERPlus_5620.png
2,FERPlus_5621.png
2,FERPlus_5622.png
2,FERPlus_5623.png
2,FERPlus_5624.png
2,FERPlus_5625.png
2,FERPlus_5626.png
2,FERPlus_5627.png
2,FERPlus_5628.png
2,FERPlus_5629.png
2,FERPlus_5630.png
2,FERPlus_5631.png
2,FERPlus_5632.png
2,FERPlus_5633.png
2,FERPlus_5634.png
2,FERPlus_5635.png
2,FERPlus_5636.png
2,FERPlus_5637.png
2,FERPlus_5638.png
2,FERPlus_5639.png
2,FERPlus_5640.png
2,FERPlus_5641.png
2,FERPlus_5642.png
2,FERPlus_5643.png
2,FERPlus_5644.png
2,FERPlus_5645.png
2,FERPlus_5646.png
2,FERPlus_5647.png
2,FERPlus_5648.png
2,FERPlus_5649.png
2,FERPlus_5650.png
2,FERPlus_5651.png
2,FERPlus_5652.png
2,FERPlus_5653.png
2,FERPlus_5654.png
2,FERPlus_5655.png
2,FERPlus_5656.png
2,FERPlus_5657.png
2,FERPlus_5658.png
2,FERPlus_5659.png
2,FERPlus_5660.png
2,FERPlus_5661.png
2,FERPlus_5662.png
2,FERPlus_5663.png
2,FERPlus_5664.png
2,FERPlus_5665.png
2,FERPlus_5666.png
2,FERPlus_5667.png
2,FERPlus_5668.png
2,FERPlus_5669.png
2,FERPlus_5670.png
2,FERPlus_5671.png
2,FERPlus_5672.png
2,FERPlus_5673.png
2,FERPlus_5674.png
2,FERPlus_5675.png
2,FERPlus_5676.png
2,FERPlus_5677.png
2,FERPlus_5678.png
2,FERPlus_5679.png
2,FERPlus_5680.png
2,FERPlus_5681.png
2,FERPlus_5682.png
2,FERPlus_5683.png
2,FERPlus_5684.png
2,FERPlus_5685.png
2,FERPlus_5686.png
2,FERPlus_5687.png
2,FERPlus_5688.png
2,FERPlus_5689.png
2,FERPlus_5690.png
2,FERPlus_5691.png
2,FERPlus_5692.png
2,FERPlus_5693.png
2,FERPlus_5694.png
2,FERPlus_5695.png
2,FERPlus_5696.png
2,FERPlus_5697.png
2,FERPlus_5698.png
2,FERPlus_5699.png
2,FERPlus_5700.png
2,FERPlus_5701.png
2,FERPlus_5702.png
2,FERPlus_5703.png
2,FERPlus_5704.png
2,FERPlus_5705.png
2,FERPlus_5706.png
2,FERPlus_5707.png
2,FERPlus_5708.png
2,FERPlus_5709.png
2,FERPlus_5710.png
2,FERPlus_5711.png
2,FERPlus_5712.png
2,FERPlus_5713.png
2,FERPlus_5714.png
2,FERPlus_5715.png
2,FERPlus_5716.png
2,FERPlus_5717.png
2,FERPlus_5718.png
2,FERPlus_5719.png
2,FERPlus_5720.png
2,FERPlus_5721.png
2,FERPlus_5722.png
2,FERPlus_5723.png
2,FERPlus_5724.png
2,FERPlus_5725.png
2,FERPlus_5726.png
2,FERPlus_5727.png
2,FERPlus_5728.png
2,FERPlus_5729.png
2,FERPlus_5730.png
2,FERPlus_5731.png
2,FERPlus_5732.png
2,FERPlus_5733.png
2,FERPlus_5734.png
2,FERPlus_5735.png
2,FERPlus_5736.png
2,FERPlus_5737.png
2,FERPlus_5738.png
2,FERPlus_5739.png
2,FERPlus_5740.png
2,FERPlus_5741.png
2,FERPlus_5742.png
2,FERPlus_5743.png
2,FERPlus_5744.png
2,FERPlus_5745.png
2,FERPlus_5746.png
2,FERPlus_5747.png
2,FERPlus_5748.png
2,FERPlus_5749.png
2,FERPlus_5750.png
2,FERPlus_5751.png
2,FERPlus_5752.png
2,FERPlus_5753.png
2,FERPlus_5754.png
2,FERPlus_5755.png
2,FERPlus_5756.png
2,FERPlus_5757.png
2,FERPlus_5758.png
2,FERPlus_5759.png
2,FERPlus_5760.png
2,FERPlus_5761.png
2,FERPlus_5762.png
2,FERPlus_5763.png
2,FERPlus_5764.png
2,FERPlus_5765.png
2,FERPlus_5766.png
2,FERPlus_5767.png
2,FERPlus_5768.png
2,FERPlus_5769.png
2,FERPlus_5770.png
2,FERPlus_5771.png
2,FERPlus_5772.png
2,FERPlus_5773.png
2,FERPlus_5774.png
2,FERPlus_5775.png
2,FERPlus_5776.png
2,FERPlus_5777.png
2,FERPlus_5778.png
2,FERPlus_5779.png
2,FERPlus_5780.png
2,FERPlus_5781.png
2,FERPlus_5782.png
2,FERPlus_5783.png
2,FERPlus_5784.png
2,FERPlus_5785.png
2,FERPlus_5786.png
2,FERPlus_5787.png
2,FERPlus_5788.png
2,FERPlus_5789.png
2,FERPlus_5790.png
2,FERPlus_5791.png
2,FERPlus_5792.png
2,FERPlus_5793.png
2,FERPlus_5794.png
2,FERPlus_5795.png
2,FERPlus_5796.png
2,FERPlus_5797.png
2,FERPlus_5798.png
2,FERPlus_5799.png
2,FERPlus_5800.png
2,FERPlus_5801.png
2,FERPlus_5802.png
2,FERPlus_5803.png
2,FERPlus_5804.png
2,FERPlus_5805.png
2,FERPlus_5806.png
2,FERPlus_5807.png
2,FERPlus_5808.png
2,FERPlus_5809.png
2,FERPlus_5810.png
2,FERPlus_5811.png
2,FERPlus_5812.png
2,FERPlus_5813.png
2,FERPlus_5814.png
2,FERPlus_5815.png
2,FERPlus_5816.png
2,FERPlus_5817.png
2,FERPlus_5818.png
2,FERPlus_5819.png
2,FERPlus_5820.png
2,FERPlus_5821.png
2,FERPlus_5822.png
2,FERPlus_5823.png
2,FERPlus_5824.png
2,FERPlus_5825.png
2,FERPlus_5826.png
2,FERPlus_5827.png
2,FERPlus_5828.png
2,FERPlus_5829.png
2,FERPlus_5830.png
2,FERPlus_5831.png
2,FERPlus_5832.png
2,FERPlus_5833.png
2,FERPlus_5834.png
2,FERPlus_5835.png
2,FERPlus_5836.png
2,FERPlus_5837.png
2,FERPlus_5838.png
2,FERPlus_5839.png
2,FERPlus_5840.png
2,FERPlus_5841.png
2,FERPlus_5842.png
2,FERPlus_5843.png
2,FERPlus_5844.png
2,FERPlus_5845.png
2,FERPlus_5846.png
2,FERPlus_5847.png
2,FERPlus_5848.png
2,FERPlus_5849.png
2,FERPlus_5850.png
2,FERPlus_5851.png
2,FERPlus_5852.png
2,FERPlus_5853.png
2,FERPlus_5854.png
2,FERPlus_5855.png
2,FERPlus_5856.png
2,FERPlus_5857.png
2,FERPlus_5858.png
2,FERPlus_5859.png
2,FERPlus_5860.png
2,FERPlus_5861.png
2,FERPlus_5862.png
2,FERPlus_5863.png
2,FERPlus_5864.png
2,FERPlus_5865.png
2,FERPlus_5866.png
2,FERPlus_5867.png
2,FERPlus_5868.png
2,FERPlus_5869.png
2,FERPlus_5870.png
2,FERPlus_5871.png
2,FERPlus_5872.png
2,FERPlus_5873.png
2,FERPlus_5874.png
2,FERPlus_5875.png
2,FERPlus_5876.png
2,FERPlus_5877.png
2,FERPlus_5878.png
2,FERPlus_5879.png
2,FERPlus_5880.png
2,FERPlus_5881.png
2,FERPlus_5882.png
2,FERPlus_5883.png
2,FERPlus_5884.png
2,FERPlus_5885.png
2,FERPlus_5886.png
2,FERPlus_5887.png
2,FERPlus_5888.png
2,FERPlus_5889.png
2,FERPlus_5890.png
2,FERPlus_5891.png
2,FERPlus_5892.png
2,FERPlus_5893.png
2,FERPlus_5894.png
2,FERPlus_5895.png
2,FERPlus_5896.png
2,FERPlus_5897.png
2,FERPlus_5898.png
2,FERPlus_5899.png
2,FERPlus_5900.png
2,FERPlus_5901.png
2,FERPlus_5902.png
2,FERPlus_5903.png
2,FERPlus_5904.png
2,FERPlus_5905.png
2,FERPlus_5906.png
2,FERPlus_5907.png
2,FERPlus_5908.png
2,FERPlus_5909.png
2,FERPlus_5910.png
2,FERPlus_5911.png
2,FERPlus_5912.png
2,FERPlus_5913.png
2,FERPlus_5914.png
2,FERPlus_5915.png
2,FERPlus_5916.png
2,FERPlus_5917.png
2,FERPlus_5918.png
2,FERPlus_5919.png
2,FERPlus_5920.png
2,FERPlus_5921.png
2,FERPlus_5922.png
2,FERPlus_5923.png
2,FERPlus_5924.png
2,FERPlus_5925.png
2,FERPlus_5926.png
2,FERPlus_5927.png
2,FERPlus_5928.png
2,FERPlus_5929.png
2,FERPlus_5930.png
2,FERPlus_5931.png
2,FERPlus_5932.png
2,FERPlus_5933.png
2,FERPlus_5934.png
2,FERPlus_5935.png
2,FERPlus_5936.png
2,FERPlus_5937.png
2,FERPlus_5938.png
2,FERPlus_5939.png
2,FERPlus_5940.png
2,FERPlus_5941.png
2,FERPlus_5942.png
2,FERPlus_5943.png
2,FERPlus_5944.png
2,FERPlus_5945.png
2,FERPlus_5946.png
2,FERPlus_5947.png
2,FERPlus_5948.png
2,FERPlus_5949.png
2,FERPlus_5950.png
2,FERPlus_5951.png
2,FERPlus_5952.png
2,FERPlus_5953.png
2,FERPlus_5954.png
2,FERPlus_5955.png
2,FERPlus_5956.png
2,FERPlus_5957.png
2,FERPlus_5958.png
2,FERPlus_5959.png
2,FERPlus_5960.png
2,FERPlus_5961.png
2,FERPlus_5962.png
2,FERPlus_5963.png
2,FERPlus_5964.png
2,FERPlus_5965.png
2,FERPlus_5966.png
2,FERPlus_5967.png
2,FERPlus_5968.png
2,FERPlus_5969.png
2,FERPlus_5970.png
2,FERPlus_5971.png
2,FERPlus_5972.png
2,FERPlus_5973.png
2,FERPlus_5974.png
2,FERPlus_5975.png
2,FERPlus_5976.png
2,FERPlus_5977.png
2,FERPlus_5978.png
2,FERPlus_5979.png
2,FERPlus_5980.png
2,FERPlus_5981.png
2,FERPlus_5982.png
2,FERPlus_5983.png
2,FERPlus_5984.png
2,FERPlus_5985.png
2,FERPlus_5986.png
2,FERPlus_5987.png
2,FERPlus_5988.png
2,FERPlus_5989.png
2,FERPlus_5990.png
2,FERPlus_5991.png
2,FERPlus_5992.png
2,FERPlus_5993.png
2,FERPlus_5994.png
2,FERPlus_5995.png
2,FERPlus_5996.png
2,FERPlus_5997.png
2,FERPlus_5998.png
2,FERPlus_5999.png
2,FERPlus_6000.png
2,FERPlus_6001.png
2,FERPlus_6002.png
2,FERPlus_6003.png
2,FERPlus_6004.png
2,FERPlus_6005.png
2,FERPlus_6006.png
2,FERPlus_6007.png
2,FERPlus_6008.png
2,FERPlus_6009.png
2,FERPlus_6010.png
2,FERPlus_6011.png
2,FERPlus_6012.png
2,FERPlus_6013.png
2,FERPlus_6014.png
2,FERPlus_6015.png
2,FERPlus_6016.png
2,FERPlus_6017.png
2,FERPlus_6018.png
2,FERPlus_6019.png
2,FERPlus_6020.png
2,FERPlus_6021.png
2,FERPlus_6022.png
2,FERPlus_6023.png
2,FERPlus_6024.png
2,FERPlus_6025.png
2,FERPlus_6026.png
2,FERPlus_6027.png
2,FERPlus_6028.png
2,FERPlus_6029.png
2,FERPlus_6030.png
2,FERPlus_6031.png
2,FERPlus_6032.png
2,FERPlus_6033.png
2,FERPlus_6034.png
2,FERPlus_6035.png
2,FERPlus_6036.png
2,FERPlus_6037.png
2,FERPlus_6038.png
2,FERPlus_6039.png
2,FERPlus_6040.png
2,FERPlus_6041.png
2,FERPlus_6042.png
2,FERPlus_6043.png
2,FERPlus_6044.png
2,FERPlus_6045.png
2,FERPlus_6046.png
2,FERPlus_6047.png
2,FERPlus_6048.png
2,FERPlus_6049.png
2,FERPlus_6050.png
2,FERPlus_6051.png
2,FERPlus_6052.png
2,FERPlus_6053.png
2,FERPlus_6054.png
2,FERPlus_6055.png
2,FERPlus_6056.png
2,FERPlus_6057.png
2,FERPlus_6058.png
2,FERPlus_6059.png
2,FERPlus_6060.png
2,FERPlus_6061.png
2,FERPlus_6062.png
2,FERPlus_6063.png
2,FERPlus_6064.png
2,FERPlus_6065.png
2,FERPlus_6066.png
2,FERPlus_6067.png
2,FERPlus_6068.png
2,FERPlus_6069.png
2,FERPlus_6070.png
2,FERPlus_6071.png
2,FERPlus_6072.png
2,FERPlus_6073.png
2,FERPlus_6074.png
2,FERPlus_6075.png
2,FERPlus_6076.png
2,FERPlus_6077.png
2,FERPlus_6078.png
2,FERPlus_6079.png
2,FERPlus_6080.png
2,FERPlus_6081.png
2,FERPlus_6082.png
2,FERPlus_6083.png
2,FERPlus_6084.png
2,FERPlus_6085.png
2,FERPlus_6086.png
2,FERPlus_6087.png
2,FERPlus_6088.png
2,FERPlus_6089.png
2,FERPlus_6090.png
2,FERPlus_6091.png
2,FERPlus_6092.png
2,FERPlus_6093.png
2,FERPlus_6094.png
2,FERPlus_6095.png
2,FERPlus_6096.png
2,FERPlus_6097.png
2,FERPlus_6098.png
2,FERPlus_6099.png
2,FERPlus_6100.png
2,FERPlus_6101.png
2,FERPlus_6102.png
2,FERPlus_6103.png
2,FERPlus_6104.png
2,FERPlus_6105.png
2,FERPlus_6106.png
2,FERPlus_6107.png
2,FERPlus_6108.png
2,FERPlus_6109.png
2,FERPlus_6110.png
2,FERPlus_6111.png
2,FERPlus_6112.png
2,FERPlus_6113.png
2,FERPlus_6114.png
2,FERPlus_6115.png
2,FERPlus_6116.png
2,FERPlus_6117.png
2,FERPlus_6118.png
2,FERPlus_6119.png
2,FERPlus_6120.png
2,FERPlus_6121.png
2,FERPlus_6122.png
2,FERPlus_6123.png
2,FERPlus_6124.png
2,FERPlus_6125.png
2,FERPlus_6126.png
2,FERPlus_6127.png
2,FERPlus_6128.png
2,FERPlus_6129.png
2,FERPlus_6130.png
2,FERPlus_6131.png
2,FERPlus_6132.png
2,FERPlus_6133.png
2,FERPlus_6134.png
2,FERPlus_6135.png
2,FERPlus_6136.png
2,FERPlus_6137.png
2,FERPlus_6138.png
2,FERPlus_6139.png
2,FERPlus_6140.png
2,FERPlus_6141.png
2,FERPlus_6142.png
2,FERPlus_6143.png
2,FERPlus_6144.png
2,FERPlus_6145.png
2,FERPlus_6146.png
2,FERPlus_6147.png
2,FERPlus_6148.png
2,FERPlus_6149.png
2,FERPlus_6150.png
2,FERPlus_6151.png
2,FERPlus_6152.png
2,FERPlus_6153.png
2,FERPlus_6154.png
2,FERPlus_6155.png
2,FERPlus_6156.png
2,FERPlus_6157.png
2,FERPlus_6158.png
2,FERPlus_6159.png
2,FERPlus_6160.png
2,FERPlus_6161.png
2,FERPlus_6162.png
2,FERPlus_6163.png
2,FERPlus_6164.png
2,FERPlus_6165.png
2,FERPlus_6166.png
2,FERPlus_6167.png
2,FERPlus_6168.png
2,FERPlus_6169.png
2,FERPlus_6170.png
2,FERPlus_6171.png
2,FERPlus_6172.png
2,FERPlus_6173.png
2,FERPlus_6174.png
2,FERPlus_6175.png
2,FERPlus_6176.png
2,FERPlus_6177.png
2,FERPlus_6178.png
2,FERPlus_6179.png
2,FERPlus_6180.png
2,FERPlus_6181.png
2,FERPlus_6182.png
2,FERPlus_6183.png
2,FERPlus_6184.png
2,FERPlus_6185.png
2,FERPlus_6186.png
2,FERPlus_6187.png
2,FERPlus_6188.png
2,FERPlus_6189.png
2,FERPlus_6190.png
2,FERPlus_6191.png
2,FERPlus_6192.png
2,FERPlus_6193.png
2,FERPlus_6194.png
2,FERPlus_6195.png
2,FERPlus_6196.png
2,FERPlus_6197.png
2,FERPlus_6198.png
2,FERPlus_6199.png
2,FERPlus_6200.png
2,FERPlus_6201.png
2,FERPlus_6202.png
2,FERPlus_6203.png
2,FERPlus_6204.png
2,FERPlus_6205.png
2,FERPlus_6206.png
2,FERPlus_6207.png
2,FERPlus_6208.png
2,FERPlus_6209.png
2,FERPlus_6210.png
2,FERPlus_6211.png
2,FERPlus_6212.png
2,FERPlus_6213.png
2,FERPlus_6214.png
2,FERPlus_6215.png
2,FERPlus_6216.png
2,FERPlus_6217.png
2,FERPlus_6218.png
2,FERPlus_6219.png
2,FERPlus_6220.png
2,FERPlus_6221.png
2,FERPlus_6222.png
2,FERPlus_6223.png
2,FERPlus_6224.png
2,FERPlus_6225.png
2,FERPlus_6226.png
2,FERPlus_6227.png
2,FERPlus_6228.png
2,FERPlus_6229.png
2,FERPlus_6230.png
2,FERPlus_6231.png
2,FERPlus_6232.png
2,FERPlus_6233.png
2,FERPlus_6234.png
2,FERPlus_6235.png
2,FERPlus_6236.png
2,FERPlus_6237.png
2,FERPlus_6238.png
2,FERPlus_6239.png
2,FERPlus_6240.png
2,FERPlus_6241.png
2,FERPlus_6242.png
2,FERPlus_6243.png
2,FERPlus_6244.png
2,FERPlus_6245.png
2,FERPlus_6246.png
2,FERPlus_6247.png
2,FERPlus_6248.png
2,FERPlus_6249.png
2,FERPlus_6250.png
2,FERPlus_6251.png
2,FERPlus_6252.png
2,FERPlus_6253.png
2,FERPlus_6254.png
2,FERPlus_6255.png
2,FERPlus_6256.png
2,FERPlus_6257.png
2,FERPlus_6258.png
2,FERPlus_6259.png
2,FERPlus_6260.png
2,FERPlus_6261.png
2,FERPlus_6262.png
2,FERPlus_6263.png
2,FERPlus_6264.png
2,FERPlus_6265.png
2,FERPlus_6266.png
2,FERPlus_6267.png
2,FERPlus_6268.png
2,FERPlus_6269.png
2,FERPlus_6270.png
2,FERPlus_6271.png
2,FERPlus_6272.png
2,FERPlus_6273.png
2,FERPlus_6274.png
2,FERPlus_6275.png
2,FERPlus_6276.png
2,FERPlus_6277.png
2,FERPlus_6278.png
2,FERPlus_6279.png
2,FERPlus_6280.png
2,FERPlus_6281.png
2,FERPlus_6282.png
2,FERPlus_6283.png
2,FERPlus_6284.png
2,FERPlus_6285.png
2,FERPlus_6286.png
2,FERPlus_6287.png
2,FERPlus_6288.png
2,FERPlus_6289.png
2,FERPlus_6290.png
2,FERPlus_6291.png
2,FERPlus_6292.png
2,FERPlus_6293.png
2,FERPlus_6294.png
2,FERPlus_6295.png
2,FERPlus_6296.png
2,FERPlus_6297.png
2,FERPlus_6298.png
2,FERPlus_6299.png
2,FERPlus_6300.png
2,FERPlus_6301.png
2,FERPlus_6302.png
2,FERPlus_6303.png
2,FERPlus_6304.png
2,FERPlus_6305.png
2,FERPlus_6306.png
2,FERPlus_6307.png
2,FERPlus_6308.png
2,FERPlus_6309.png
2,FERPlus_6310.png
2,FERPlus_6311.png
2,FERPlus_6312.png
2,FERPlus_6313.png
2,FERPlus_6314.png
2,FERPlus_6315.png
2,FERPlus_6316.png
2,FERPlus_6317.png
2,FERPlus_6318.png
2,FERPlus_6319.png
2,FERPlus_6320.png
2,FERPlus_6321.png
2,FERPlus_6322.png
2,FERPlus_6323.png
2,FERPlus_6324.png
2,FERPlus_6325.png
2,FERPlus_6326.png
2,FERPlus_6327.png
2,FERPlus_6328.png
2,FERPlus_6329.png
2,FERPlus_6330.png
2,FERPlus_6331.png
2,FERPlus_6332.png
2,FERPlus_6333.png
2,FERPlus_6334.png
2,FERPlus_6335.png
2,FERPlus_6336.png
2,FERPlus_6337.png
2,FERPlus_6338.png
2,FERPlus_6339.png
2,FERPlus_6340.png
2,FERPlus_6341.png
2,FERPlus_6342.png
2,FERPlus_6343.png
2,FERPlus_6344.png
2,FERPlus_6345.png
2,FERPlus_6346.png
2,FERPlus_6347.png
2,FERPlus_6348.png
2,FERPlus_6349.png
2,FERPlus_6350.png
2,FERPlus_6351.png
2,FERPlus_6352.png
2,FERPlus_6353.png
2,FERPlus_6354.png
2,FERPlus_6355.png
2,FERPlus_6356.png
2,FERPlus_6357.png
2,FERPlus_6358.png
2,FERPlus_6359.png
2,FERPlus_6360.png
2,FERPlus_6361.png
2,FERPlus_6362.png
2,FERPlus_6363.png
2,FERPlus_6364.png
2,FERPlus_6365.png
2,FERPlus_6366.png
2,FERPlus_6367.png
2,FERPlus_6368.png
2,FERPlus_6369.png
2,FERPlus_6370.png
2,FERPlus_6371.png
2,FERPlus_6372.png
2,FERPlus_6373.png
2,FERPlus_6374.png
2,FERPlus_6375.png
2,FERPlus_6376.png
2,FERPlus_6377.png
2,FERPlus_6378.png
2,FERPlus_6379.png
2,FERPlus_6380.png
2,FERPlus_6381.png
2,FERPlus_6382.png
2,FERPlus_6383.png
2,FERPlus_6384.png
2,FERPlus_6385.png
2,FERPlus_6386.png
2,FERPlus_6387.png
2,FERPlus_6388.png
2,FERPlus_6389.png
2,FERPlus_6390.png
2,FERPlus_6391.png
2,FERPlus_6392.png
2,FERPlus_6393.png
2,FERPlus_6394.png
2,FERPlus_6395.png
2,FERPlus_6396.png
2,FERPlus_6397.png
2,FERPlus_6398.png
2,FERPlus_6399.png
2,FERPlus_6400.png
2,FERPlus_6401.png
2,FERPlus_6402.png
2,FERPlus_6403.png
2,FERPlus_6404.png
2,FERPlus_6405.png
2,FERPlus_6406.png
2,FERPlus_6407.png
2,FERPlus_6408.png
2,FERPlus_6409.png
2,FERPlus_6410.png
2,FERPlus_6411.png
2,FERPlus_6412.png
2,FERPlus_6413.png
2,FERPlus_6414.png
2,FERPlus_6415.png
2,FERPlus_6416.png
2,FERPlus_6417.png
2,FERPlus_6418.png
2,FERPlus_6419.png
2,FERPlus_6420.png
2,FERPlus_6421.png
2,FERPlus_6422.png
2,FERPlus_6423.png
2,FERPlus_6424.png
2,FERPlus_6425.png
2,FERPlus_6426.png
2,FERPlus_6427.png
2,FERPlus_6428.png
2,FERPlus_6429.png
2,FERPlus_6430.png
2,FERPlus_6431.png
2,FERPlus_6432.png
2,FERPlus_6433.png
2,FERPlus_6434.png
2,FERPlus_6435.png
2,FERPlus_6436.png
2,FERPlus_6437.png
2,FERPlus_6438.png
2,FERPlus_6439.png
2,FERPlus_6440.png
2,FERPlus_6441.png
2,FERPlus_6442.png
2,FERPlus_6443.png
2,FERPlus_6444.png
2,FERPlus_6445.png
2,FERPlus_6446.png
2,FERPlus_6447.png
2,FERPlus_6448.png
2,FERPlus_6449.png
2,FERPlus_6450.png
2,FERPlus_6451.png
2,FERPlus_6452.png
2,FERPlus_6453.png
2,FERPlus_6454.png
2,FERPlus_6455.png
2,FERPlus_6456.png
2,FERPlus_6457.png
2,FERPlus_6458.png
2,FERPlus_6459.png
2,FERPlus_6460.png
2,FERPlus_6461.png
2,FERPlus_6462.png
2,FERPlus_6463.png
2,FERPlus_6464.png
2,FERPlus_6465.png
2,FERPlus_6466.png
2,FERPlus_6467.png
2,FERPlus_6468.png
2,FERPlus_6469.png
2,FERPlus_6470.png
2,FERPlus_6471.png
2,FERPlus_6472.png
2,FERPlus_6473.png
2,FERPlus_6474.png
2,FERPlus_6475.png
2,FERPlus_6476.png
2,FERPlus_6477.png
2,FERPlus_6478.png
2,FERPlus_6479.png
2,FERPlus_6480.png
2,FERPlus_6481.png
2,FERPlus_6482.png
2,FERPlus_6483.png
2,FERPlus_6484.png
2,FERPlus_6485.png
2,FERPlus_6486.png
2,FERPlus_6487.png
2,FERPlus_6488.png
2,FERPlus_6489.png
2,FERPlus_6490.png
2,FERPlus_6491.png
2,FERPlus_6492.png
2,FERPlus_6493.png
2,FERPlus_6494.png
2,FERPlus_6495.png
2,FERPlus_6496.png
2,FERPlus_6497.png
2,FERPlus_6498.png
2,FERPlus_6499.png
2,FERPlus_6500.png
2,FERPlus_6501.png
2,FERPlus_6502.png
2,FERPlus_6503.png
2,FERPlus_6504.png
2,FERPlus_6505.png
2,FERPlus_6506.png
2,FERPlus_6507.png
2,FERPlus_6508.png
2,FERPlus_6509.png
2,FERPlus_6510.png
2,FERPlus_6511.png
2,FERPlus_6512.png
2,FERPlus_6513.png
2,FERPlus_6514.png
2,FERPlus_6515.png
2,FERPlus_6516.png
2,FERPlus_6517.png
2,FERPlus_6518.png
2,FERPlus_6519.png
2,FERPlus_6520.png
2,FERPlus_6521.png
2,FERPlus_6522.png
2,FERPlus_6523.png
2,FERPlus_6524.png
2,FERPlus_6525.png
2,FERPlus_6526.png
2,FERPlus_6527.png
2,FERPlus_6528.png
2,FERPlus_6529.png
2,FERPlus_6530.png
2,FERPlus_6531.png
2,FERPlus_6532.png
2,FERPlus_6533.png
2,FERPlus_6534.png
2,FERPlus_6535.png
2,FERPlus_6536.png
2,FERPlus_6537.png
2,FERPlus_6538.png
2,FERPlus_6539.png
2,FERPlus_6540.png
2,FERPlus_6541.png
2,FERPlus_6542.png
2,FERPlus_6543.png
2,FERPlus_6544.png
2,FERPlus_6545.png
2,FERPlus_6546.png
2,FERPlus_6547.png
2,FERPlus_6548.png
2,FERPlus_6549.png
2,FERPlus_6550.png
2,FERPlus_6551.png
2,FERPlus_6552.png
2,FERPlus_6553.png
2,FERPlus_6554.png
2,FERPlus_6555.png
2,FERPlus_6556.png
2,FERPlus_6557.png
2,FERPlus_6558.png
2,FERPlus_6559.png
2,FERPlus_6560.png
2,FERPlus_6561.png
2,FERPlus_6562.png
2,FERPlus_6563.png
2,FERPlus_6564.png
2,FERPlus_6565.png
2,FERPlus_6566.png
2,FERPlus_6567.png
2,FERPlus_6568.png
2,FERPlus_6569.png
2,FERPlus_6570.png
2,FERPlus_6571.png
2,FERPlus_6572.png
2,FERPlus_6573.png
2,FERPlus_6574.png
2,FERPlus_6575.png
2,FERPlus_6576.png
2,FERPlus_6577.png
2,FERPlus_6578.png
2,FERPlus_6579.png
2,FERPlus_6580.png
2,FERPlus_6581.png
2,FERPlus_6582.png
2,FERPlus_6583.png
2,FERPlus_6584.png
2,FERPlus_6585.png
2,FERPlus_6586.png
2,FERPlus_6587.png
2,FERPlus_6588.png
2,FERPlus_6589.png
2,FERPlus_6590.png
2,FERPlus_6591.png
2,FERPlus_6592.png
2,FERPlus_6593.png
2,FERPlus_6594.png
2,FERPlus_6595.png
2,FERPlus_6596.png
2,FERPlus_6597.png
2,FERPlus_6598.png
2,FERPlus_6599.png
2,FERPlus_6600.png
2,FERPlus_6601.png
2,FERPlus_6602.png
2,FERPlus_6603.png
2,FERPlus_6604.png
2,FERPlus_6605.png
2,FERPlus_6606.png
2,FERPlus_6607.png
2,FERPlus_6608.png
2,FERPlus_6609.png
2,FERPlus_6610.png
2,FERPlus_6611.png
2,FERPlus_6612.png
2,FERPlus_6613.png
2,FERPlus_6614.png
2,FERPlus_6615.png
2,FERPlus_6616.png
2,FERPlus_6617.png
2,FERPlus_6618.png
2,FERPlus_6619.png
2,FERPlus_6620.png
2,FERPlus_6621.png
2,FERPlus_6622.png
2,FERPlus_6623.png
2,FERPlus_6624.png
2,FERPlus_6625.png
2,FERPlus_6626.png
2,FERPlus_6627.png
2,FERPlus_6628.png
2,FERPlus_6629.png
2,FERPlus_6630.png
2,FERPlus_6631.png
2,FERPlus_6632.png
2,FERPlus_6633.png
2,FERPlus_6634.png
2,FERPlus_6635.png
2,FERPlus_6636.png
2,FERPlus_6637.png
2,FERPlus_6638.png
2,FERPlus_6639.png
2,FERPlus_6640.png
2,FERPlus_6641.png
2,FERPlus_6642.png
2,FERPlus_6643.png
2,FERPlus_6644.png
2,FERPlus_6645.png
2,FERPlus_6646.png
2,FERPlus_6647.png
2,FERPlus_6648.png
2,FERPlus_6649.png
2,FERPlus_6650.png
2,FERPlus_6651.png
2,FERPlus_6652.png
2,FERPlus_6653.png
2,FERPlus_6654.png
2,FERPlus_6655.png
2,FERPlus_6656.png
2,FERPlus_6657.png
2,FERPlus_6658.png
2,FERPlus_6659.png
2,FERPlus_6660.png
2,FERPlus_6661.png
2,FERPlus_6662.png
2,FERPlus_6663.png
2,FERPlus_6664.png
2,FERPlus_6665.png
2,FERPlus_6666.png
2,FERPlus_6667.png
2,FERPlus_6668.png
2,FERPlus_6669.png
2,FERPlus_6670.png
2,FERPlus_6671.png
2,FERPlus_6672.png
2,FERPlus_6673.png
2,FERPlus_6674.png
2,FERPlus_6675.png
2,FERPlus_6676.png
2,FERPlus_6677.png
2,FERPlus_6678.png
2,FERPlus_6679.png
2,FERPlus_6680.png
2,FERPlus_6681.png
2,FERPlus_6682.png
2,FERPlus_6683.png
2,FERPlus_6684.png
2,FERPlus_6685.png
2,FERPlus_6686.png
2,FERPlus_6687.png
2,FERPlus_6688.png
2,FERPlus_6689.png
2,FERPlus_6690.png
2,FERPlus_6691.png
2,FERPlus_6692.png
2,FERPlus_6693.png
2,FERPlus_6694.png
2,FERPlus_6695.png
2,FERPlus_6696.png
2,FERPlus_6697.png
2,FERPlus_6698.png
2,FERPlus_6699.png
2,FERPlus_6700.png
2,FERPlus_6701.png
2,FERPlus_6702.png
2,FERPlus_6703.png
2,FERPlus_6704.png
2,FERPlus_6705.png
2,FERPlus_6706.png
2,FERPlus_6707.png
2,FERPlus_6708.png
2,FERPlus_6709.png
2,FERPlus_6710.png
2,FERPlus_6711.png
2,FERPlus_6712.png
2,FERPlus_6713.png
2,FERPlus_6714.png
2,FERPlus_6715.png
2,FERPlus_6716.png
2,FERPlus_6717.png
2,FERPlus_6718.png
2,FERPlus_6719.png
2,FERPlus_6720.png
2,FERPlus_6721.png
2,FERPlus_6722.png
2,FERPlus_6723.png
2,FERPlus_6724.png
2,FERPlus_6725.png
2,FERPlus_6726.png
2,FERPlus_6727.png
2,FERPlus_6728.png
2,FERPlus_6729.png
2,FERPlus_6730.png
2,FERPlus_6731.png
2,FERPlus_6732.png
2,FERPlus_6733.png
2,FERPlus_6734.png
2,FERPlus_6735.png
2,FERPlus_6736.png
2,FERPlus_6737.png
2,FERPlus_6738.png
2,FERPlus_6739.png
2,FERPlus_6740.png
2,FERPlus_6741.png
2,FERPlus_6742.png
2,FERPlus_6743.png
2,FERPlus_6744.png
2,FERPlus_6745.png
2,FERPlus_6746.png
2,FERPlus_6747.png
2,FERPlus_6748.png
2,FERPlus_6749.png
2,FERPlus_6750.png
2,FERPlus_6751.png
2,FERPlus_6752.png
2,FERPlus_6753.png
2,FERPlus_6754.png
2,FERPlus_6755.png
2,FERPlus_6756.png
2,FERPlus_6757.png
2,FERPlus_6758.png
2,FERPlus_6759.png
2,FERPlus_6760.png
2,FERPlus_6761.png
2,FERPlus_6762.png
2,FERPlus_6763.png
2,FERPlus_6764.png
2,FERPlus_6765.png
2,FERPlus_6766.png
2,FERPlus_6767.png
2,FERPlus_6768.png
2,FERPlus_6769.png
2,FERPlus_6770.png
2,FERPlus_6771.png
2,FERPlus_6772.png
2,FERPlus_6773.png
2,FERPlus_6774.png
2,FERPlus_6775.png
2,FERPlus_6776.png
2,FERPlus_6777.png
2,FERPlus_6778.png
2,FERPlus_6779.png
2,FERPlus_6780.png
2,FERPlus_6781.png
2,FERPlus_6782.png
2,FERPlus_6783.png
2,FERPlus_6784.png
2,FERPlus_6785.png
2,FERPlus_6786.png
2,FERPlus_6787.png
2,FERPlus_6788.png
2,FERPlus_6789.png
2,FERPlus_6790.png
2,FERPlus_6791.png
2,FERPlus_6792.png
2,FERPlus_6793.png
2,FERPlus_6794.png
2,FERPlus_6795.png
2,FERPlus_6796.png
2,FERPlus_6797.png
2,FERPlus_6798.png
2,FERPlus_6799.png
2,FERPlus_6800.png
2,FERPlus_6801.png
2,FERPlus_6802.png
2,FERPlus_6803.png
2,FERPlus_6804.png
2,FERPlus_6805.png
2,FERPlus_6806.png
2,FERPlus_6807.png
2,FERPlus_6808.png
2,FERPlus_6809.png
2,FERPlus_6810.png
2,FERPlus_6811.png
2,FERPlus_6812.png
2,FERPlus_6813.png
2,FERPlus_6814.png
2,FERPlus_6815.png
2,FERPlus_6816.png
2,FERPlus_6817.png
2,FERPlus_6818.png
2,FERPlus_6819.png
2,FERPlus_6820.png
2,FERPlus_6821.png
2,FERPlus_6822.png
2,FERPlus_6823.png
2,FERPlus_6824.png
2,FERPlus_6825.png
2,FERPlus_6826.png
2,FERPlus_6827.png
2,FERPlus_6828.png
2,FERPlus_6829.png
2,FERPlus_6830.png
2,FERPlus_6831.png
2,FERPlus_6832.png
2,FERPlus_6833.png
2,FERPlus_6834.png
2,FERPlus_6835.png
2,FERPlus_6836.png
2,FERPlus_6837.png
2,FERPlus_6838.png
2,FERPlus_6839.png
2,FERPlus_6840.png
2,FERPlus_6841.png
2,FERPlus_6842.png
2,FERPlus_6843.png
2,FERPlus_6844.png
2,FERPlus_6845.png
2,FERPlus_6846.png
2,FERPlus_6847.png
2,FERPlus_6848.png
2,FERPlus_6849.png
2,FERPlus_6850.png
2,FERPlus_6851.png
2,FERPlus_6852.png
2,FERPlus_6853.png
2,FERPlus_6854.png
2,FERPlus_6855.png
2,FERPlus_6856.png
2,FERPlus_6857.png
2,FERPlus_6858.png
2,FERPlus_6859.png
2,FERPlus_6860.png
2,FERPlus_6861.png
2,FERPlus_6862.png
2,FERPlus_6863.png
2,FERPlus_6864.png
2,FERPlus_6865.png
2,FERPlus_6866.png
2,FERPlus_6867.png
2,FERPlus_6868.png
2,FERPlus_6869.png
2,FERPlus_6870.png
2,FERPlus_6871.png
2,FERPlus_6872.png
2,FERPlus_6873.png
2,FERPlus_6874.png
2,FERPlus_6875.png
2,FERPlus_6876.png
2,FERPlus_6877.png
2,FERPlus_6878.png
2,FERPlus_6879.png
2,FERPlus_6880.png
2,FERPlus_6881.png
2,FERPlus_6882.png
2,FERPlus_6883.png
2,FERPlus_6884.png
2,FERPlus_6885.png
2,FERPlus_6886.png
2,FERPlus_6887.png
2,FERPlus_6888.png
2,FERPlus_6889.png
2,FERPlus_6890.png
2,FERPlus_6891.png
2,FERPlus_6892.png
2,FERPlus_6893.png
2,FERPlus_6894.png
2,FERPlus_6895.png
2,FERPlus_6896.png
2,FERPlus_6897.png
2,FERPlus_6898.png
2,FERPlus_6899.png
2,FERPlus_6900.png
2,FERPlus_6901.png
2,FERPlus_6902.png
2,FERPlus_6903.png
2,FERPlus_6904.png
2,FERPlus_6905.png
2,FERPlus_6906.png
2,FERPlus_6907.png
2,FERPlus_6908.png
2,FERPlus_6909.png
2,FERPlus_6910.png
2,FERPlus_6911.png
2,FERPlus_6912.png
2,FERPlus_6913.png
2,FERPlus_6914.png
2,FERPlus_6915.png
2,FERPlus_6916.png
2,FERPlus_6917.png
2,FERPlus_6918.png
2,FERPlus_6919.png
2,FERPlus_6920.png
2,FERPlus_6921.png
2,FERPlus_6922.png
2,FERPlus_6923.png
2,FERPlus_6924.png
2,FERPlus_6925.png
2,FERPlus_6926.png
2,FERPlus_6927.png
2,FERPlus_6928.png
2,FERPlus_6929.png
2,FERPlus_6930.png
2,FERPlus_6931.png
2,FERPlus_6932.png
2,FERPlus_6933.png
2,FERPlus_6934.png
2,FERPlus_6935.png
2,FERPlus_6936.png
2,FERPlus_6937.png
2,FERPlus_6938.png
2,FERPlus_6939.png
2,FERPlus_6940.png
2,FERPlus_6941.png
2,FERPlus_6942.png
2,FERPlus_6943.png
2,FERPlus_6944.png
2,FERPlus_6945.png
2,FERPlus_6946.png
2,FERPlus_6947.png
2,FERPlus_6948.png
2,FERPlus_6949.png
2,FERPlus_6950.png
2,FERPlus_6951.png
2,FERPlus_6952.png
2,FERPlus_6953.png
2,FERPlus_6954.png
2,FERPlus_6955.png
2,FERPlus_6956.png
2,FERPlus_6957.png
2,FERPlus_6958.png
2,FERPlus_6959.png
2,FERPlus_6960.png
2,FERPlus_6961.png
2,FERPlus_6962.png
2,FERPlus_6963.png
2,FERPlus_6964.png
2,FERPlus_6965.png
2,FERPlus_6966.png
2,FERPlus_6967.png
2,FERPlus_6968.png
2,FERPlus_6969.png
2,FERPlus_6970.png
2,FERPlus_6971.png
2,FERPlus_6972.png
2,FERPlus_6973.png
2,FERPlus_6974.png
2,FERPlus_6975.png
2,FERPlus_6976.png
2,FERPlus_6977.png
2,FERPlus_6978.png
2,FERPlus_6979.png
2,FERPlus_6980.png
2,FERPlus_6981.png
2,FERPlus_6982.png
2,FERPlus_6983.png
2,FERPlus_6984.png
2,FERPlus_6985.png
2,FERPlus_6986.png
2,FERPlus_6987.png
2,FERPlus_6988.png
2,FERPlus_6989.png
2,FERPlus_6990.png
2,FERPlus_6991.png
2,FERPlus_6992.png
2,FERPlus_6993.png
2,FERPlus_6994.png
2,FERPlus_6995.png
2,FERPlus_6996.png
2,FERPlus_6997.png
2,FERPlus_6998.png
2,FERPlus_6999.png
2,FERPlus_7000.png
2,FERPlus_7001.png
2,FERPlus_7002.png
2,FERPlus_7003.png
2,FERPlus_7004.png
2,FERPlus_7005.png
2,FERPlus_7006.png
2,FERPlus_7007.png
2,FERPlus_7008.png
2,FERPlus_7009.png
2,FERPlus_7010.png
2,FERPlus_7011.png
2,FERPlus_7012.png
2,FERPlus_7013.png
2,FERPlus_7014.png
2,FERPlus_7015.png
2,FERPlus_7016.png
2,FERPlus_7017.png
2,FERPlus_7018.png
2,FERPlus_7019.png
2,FERPlus_7020.png
2,FERPlus_7021.png
2,FERPlus_7022.png
2,FERPlus_7023.png
2,FERPlus_7024.png
2,FERPlus_7025.png
2,FERPlus_7026.png
2,FERPlus_7027.png
2,FERPlus_7028.png
2,FERPlus_7029.png
2,FERPlus_7030.png
2,FERPlus_7031.png
2,FERPlus_7032.png
2,FERPlus_7033.png
2,FERPlus_7034.png
2,FERPlus_7035.png
2,FERPlus_7036.png
2,FERPlus_7037.png
2,FERPlus_7038.png
2,FERPlus_7039.png
2,FERPlus_7040.png
2,FERPlus_7041.png
2,FERPlus_7042.png
2,FERPlus_7043.png
2,FERPlus_7044.png
2,FERPlus_7045.png
2,FERPlus_7046.png
2,FERPlus_7047.png
2,FERPlus_7048.png
2,FERPlus_7049.png
2,FERPlus_7050.png
2,FERPlus_7051.png
2,FERPlus_7052.png
2,FERPlus_7053.png
2,FERPlus_7054.png
2,FERPlus_7055.png
2,FERPlus_7056.png
2,FERPlus_7057.png
2,FERPlus_7058.png
2,FERPlus_7059.png
2,FERPlus_7060.png
2,FERPlus_7061.png
2,FERPlus_7062.png
2,FERPlus_7063.png
2,FERPlus_7064.png
2,FERPlus_7065.png
2,FERPlus_7066.png
2,FERPlus_7067.png
2,FERPlus_7068.png
2,FERPlus_7069.png
2,FERPlus_7070.png
2,FERPlus_7071.png
2,FERPlus_7072.png
2,FERPlus_7073.png
2,FERPlus_7074.png
2,FERPlus_7075.png
2,FERPlus_7076.png
2,FERPlus_7077.png
2,FERPlus_7078.png
2,FERPlus_7079.png
2,FERPlus_7080.png
2,FERPlus_7081.png
2,FERPlus_7082.png
2,FERPlus_7083.png
2,FERPlus_7084.png
2,FERPlus_7085.png
2,FERPlus_7086.png
2,FERPlus_7087.png
2,FERPlus_7088.png
2,FERPlus_7089.png
2,FERPlus_7090.png
2,FERPlus_7091.png
2,FERPlus_7092.png
2,FERPlus_7093.png
2,FERPlus_7094.png
2,FERPlus_7095.png
2,FERPlus_7096.png
2,FERPlus_7097.png
2,FERPlus_7098.png
2,FERPlus_7099.png
2,FERPlus_7100.png
2,FERPlus_7101.png
2,FERPlus_7102.png
2,FERPlus_7103.png
2,FERPlus_7104.png
2,FERPlus_7105.png
2,FERPlus_7106.png
2,FERPlus_7107.png
2,FERPlus_7108.png
2,FERPlus_7109.png
2,FERPlus_7110.png
2,FERPlus_7111.png
2,FERPlus_7112.png
2,FERPlus_7113.png
2,FERPlus_7114.png
2,FERPlus_7115.png
2,FERPlus_7116.png
2,FERPlus_7117.png
2,FERPlus_7118.png
2,FERPlus_7119.png
2,FERPlus_7120.png
2,FERPlus_7121.png
2,FERPlus_7122.png
2,FERPlus_7123.png
2,FERPlus_7124.png
2,FERPlus_7125.png
2,FERPlus_7126.png
2,FERPlus_7127.png
2,FERPlus_7128.png
2,FERPlus_7129.png
2,FERPlus_7130.png
2,FERPlus_7131.png
2,FERPlus_7132.png
2,FERPlus_7133.png
2,FERPlus_7134.png
2,FERPlus_7135.png
2,FERPlus_7136.png
2,FERPlus_7137.png
2,FERPlus_7138.png
2,FERPlus_7139.png
2,FERPlus_7140.png
2,FERPlus_7141.png
2,FERPlus_7142.png
2,FERPlus_7143.png
2,FERPlus_7144.png
2,FERPlus_7145.png
2,FERPlus_7146.png
2,FERPlus_7147.png
2,FERPlus_7148.png
2,FERPlus_7149.png
2,FERPlus_7150.png
2,FERPlus_7151.png
2,FERPlus_7152.png
2,FERPlus_7153.png
2,FERPlus_7154.png
2,FERPlus_7155.png
2,FERPlus_7156.png
2,FERPlus_7157.png
2,FERPlus_7158.png
2,FERPlus_7159.png
2,FERPlus_7160.png
2,FERPlus_7161.png
2,FERPlus_7162.png
2,FERPlus_7163.png
2,FERPlus_7164.png
2,FERPlus_7165.png
2,FERPlus_7166.png
2,FERPlus_7167.png
2,FERPlus_7168.png
2,FERPlus_7169.png
2,FERPlus_7170.png
2,FERPlus_7171.png
2,FERPlus_7172.png
2,FERPlus_7173.png
2,FERPlus_7174.png
2,FERPlus_7175.png
2,FERPlus_7176.png
2,FERPlus_7177.png
2,FERPlus_7178.png
2,FERPlus_7179.png
2,FERPlus_7180.png
2,FERPlus_7181.png
2,FERPlus_7182.png
2,FERPlus_7183.png
2,FERPlus_7184.png
2,FERPlus_7185.png
2,FERPlus_7186.png
2,FERPlus_7187.png
2,FERPlus_7188.png
2,FERPlus_7189.png
2,FERPlus_7190.png
2,FERPlus_7191.png
2,FERPlus_7192.png
2,FERPlus_7193.png
2,FERPlus_7194.png
2,FERPlus_7195.png
2,FERPlus_7196.png
2,FERPlus_7197.png
2,FERPlus_7198.png
2,FERPlus_7199.png
2,FERPlus_7200.png
2,FERPlus_7201.png
2,FERPlus_7202.png
2,FERPlus_7203.png
2,FERPlus_7204.png
2,FERPlus_7205.png
2,FERPlus_7206.png
2,FERPlus_7207.png
2,FERPlus_7208.png
2,FERPlus_7209.png
2,FERPlus_7210.png
2,FERPlus_7211.png
2,FERPlus_7212.png
2,FERPlus_7213.png
2,FERPlus_7214.png
2,FERPlus_7215.png
2,FERPlus_7216.png
2,FERPlus_7217.png
2,FERPlus_7218.png
2,FERPlus_7219.png
2,FERPlus_7220.png
2,FERPlus_7221.png
2,FERPlus_7222.png
2,FERPlus_7223.png
2,FERPlus_7224.png
2,FERPlus_7225.png
2,FERPlus_7226.png
2,FERPlus_7227.png
2,FERPlus_7228.png
2,FERPlus_7229.png
2,FERPlus_7230.png
2,FERPlus_7231.png
2,FERPlus_7232.png
2,FERPlus_7233.png
2,FERPlus_7234.png
2,FERPlus_7235.png
2,FERPlus_7236.png
2,FERPlus_7237.png
2,FERPlus_7238.png
2,FERPlus_7239.png
2,FERPlus_7240.png
2,FERPlus_7241.png
2,FERPlus_7242.png
2,FERPlus_7243.png
2,FERPlus_7244.png
2,FERPlus_7245.png
2,FERPlus_7246.png
2,FERPlus_7247.png
2,FERPlus_7248.png
2,FERPlus_7249.png
2,FERPlus_7250.png
2,FERPlus_7251.png
2,FERPlus_7252.png
2,FERPlus_7253.png
2,FERPlus_7254.png
2,FERPlus_7255.png
2,FERPlus_7256.png
2,FERPlus_7257.png
2,FERPlus_7258.png
2,FERPlus_7259.png
2,FERPlus_7260.png
2,FERPlus_7261.png
2,FERPlus_7262.png
2,FERPlus_7263.png
2,FERPlus_7264.png
2,FERPlus_7265.png
2,FERPlus_7266.png
2,FERPlus_7267.png
2,FERPlus_7268.png
2,FERPlus_7269.png
2,FERPlus_7270.png
2,FERPlus_7271.png
2,FERPlus_7272.png
2,FERPlus_7273.png
2,FERPlus_7274.png
2,FERPlus_7275.png
2,FERPlus_7276.png
2,FERPlus_7277.png
2,FERPlus_7278.png
2,FERPlus_7279.png
2,FERPlus_7280.png
2,FERPlus_7281.png
2,FERPlus_7282.png
2,FERPlus_7283.png
2,FERPlus_7284.png
2,FERPlus_7285.png
2,FERPlus_7286.png
2,FERPlus_7287.png
2,FERPlus_7288.png
2,FERPlus_7289.png
2,FERPlus_7290.png
2,FERPlus_7291.png
2,FERPlus_7292.png
2,FERPlus_7293.png
2,FERPlus_7294.png
2,FERPlus_7295.png
2,FERPlus_7296.png
2,FERPlus_7297.png
2,FERPlus_7298.png
2,FERPlus_7299.png
2,FERPlus_7300.png
2,FERPlus_7301.png
2,FERPlus_7302.png
2,FERPlus_7303.png
2,FERPlus_7304.png
2,FERPlus_7305.png
2,FERPlus_7306.png
2,FERPlus_7307.png
2,FERPlus_7308.png
2,FERPlus_7309.png
2,FERPlus_7310.png
2,FERPlus_7311.png
2,FERPlus_7312.png
2,FERPlus_7313.png
2,FERPlus_7314.png
2,FERPlus_7315.png
2,FERPlus_7316.png
2,FERPlus_7317.png
2,FERPlus_7318.png
2,FERPlus_7319.png
2,FERPlus_7320.png
2,FERPlus_7321.png
2,FERPlus_7322.png
2,FERPlus_7323.png
2,FERPlus_7324.png
2,FERPlus_7325.png
2,FERPlus_7326.png
2,FERPlus_7327.png
2,FERPlus_7328.png
2,FERPlus_7329.png
2,FERPlus_7330.png
2,FERPlus_7331.png
2,FERPlus_7332.png
2,FERPlus_7333.png
2,FERPlus_7334.png
2,FERPlus_7335.png
2,FERPlus_7336.png
2,FERPlus_7337.png
2,FERPlus_7338.png
2,FERPlus_7339.png
2,FERPlus_7340.png
2,FERPlus_7341.png
2,FERPlus_7342.png
2,FERPlus_7343.png
2,FERPlus_7344.png
2,FERPlus_7345.png
2,FERPlus_7346.png
2,FERPlus_7347.png
2,FERPlus_7348.png
2,FERPlus_7349.png
2,FERPlus_7350.png
2,FERPlus_7351.png
2,FERPlus_7352.png
2,FERPlus_7353.png
2,FERPlus_7354.png
2,FERPlus_7355.png
2,FERPlus_7356.png
2,FERPlus_7357.png
2,FERPlus_7358.png
2,FERPlus_7359.png
2,FERPlus_7360.png
2,FERPlus_7361.png
2,FERPlus_7362.png
2,FERPlus_7363.png
2,FERPlus_7364.png
2,FERPlus_7365.png
2,FERPlus_7366.png
2,FERPlus_7367.png
2,FERPlus_7368.png
2,FERPlus_7369.png
2,FERPlus_7370.png
2,FERPlus_7371.png
2,FERPlus_7372.png
2,FERPlus_7373.png
2,FERPlus_7374.png
2,FERPlus_7375.png
2,FERPlus_7376.png
2,FERPlus_7377.png
2,FERPlus_7378.png
2,FERPlus_7379.png
2,FERPlus_7380.png
2,FERPlus_7381.png
2,FERPlus_7382.png
2,FERPlus_7383.png
2,FERPlus_7384.png
2,FERPlus_7385.png
2,FERPlus_7386.png
2,FERPlus_7387.png
2,FERPlus_7388.png
2,FERPlus_7389.png
2,FERPlus_7390.png
2,FERPlus_7391.png
2,FERPlus_7392.png
2,FERPlus_7393.png
2,FERPlus_7394.png
2,FERPlus_7395.png
2,FERPlus_7396.png
2,FERPlus_7397.png
2,FERPlus_7398.png
2,FERPlus_7399.png
2,FERPlus_7400.png
2,FERPlus_7401.png
2,FERPlus_7402.png
2,FERPlus_7403.png
2,FERPlus_7404.png
2,FERPlus_7405.png
2,FERPlus_7406.png
2,FERPlus_7407.png
2,FERPlus_7408.png
2,FERPlus_7409.png
2,FERPlus_7410.png
2,FERPlus_7411.png
2,FERPlus_7412.png
2,FERPlus_7413.png
2,FERPlus_7414.png
2,FERPlus_7415.png
2,FERPlus_7416.png
2,FERPlus_7417.png
2,FERPlus_7418.png
2,FERPlus_7419.png
2,FERPlus_7420.png
2,FERPlus_7421.png
2,FERPlus_7422.png
2,FERPlus_7423.png
2,FERPlus_7424.png
2,FERPlus_7425.png
2,FERPlus_7426.png
2,FERPlus_7427.png
2,FERPlus_7428.png
2,FERPlus_7429.png
2,FERPlus_7430.png
2,FERPlus_7431.png
2,FERPlus_7432.png
2,FERPlus_7433.png
2,FERPlus_7434.png
2,FERPlus_7435.png
2,FERPlus_7436.png
2,FERPlus_7437.png
2,FERPlus_7438.png
2,FERPlus_7439.png
2,FERPlus_7440.png
2,FERPlus_7441.png
2,FERPlus_7442.png
2,FERPlus_7443.png
2,FERPlus_7444.png
2,FERPlus_7445.png
2,FERPlus_7446.png
2,FERPlus_7447.png
2,FERPlus_7448.png
2,FERPlus_7449.png
2,FERPlus_7450.png
2,FERPlus_7451.png
2,FERPlus_7452.png
2,FERPlus_7453.png
2,FERPlus_7454.png
2,FERPlus_7455.png
2,FERPlus_7456.png
2,FERPlus_7457.png
2,FERPlus_7458.png
2,FERPlus_7459.png
2,FERPlus_7460.png
2,FERPlus_7461.png
2,FERPlus_7462.png
2,FERPlus_7463.png
2,FERPlus_7464.png
2,FERPlus_7465.png
2,FERPlus_7466.png
2,FERPlus_7467.png
2,FERPlus_7468.png
2,FERPlus_7469.png
2,FERPlus_7470.png
2,FERPlus_7471.png
2,FERPlus_7472.png
2,FERPlus_7473.png
2,FERPlus_7474.png
2,FERPlus_7475.png
2,FERPlus_7476.png
2,FERPlus_7477.png
2,FERPlus_7478.png
2,FERPlus_7479.png
2,FERPlus_7480.png
2,FERPlus_7481.png
2,FERPlus_7482.png
2,FERPlus_7483.png
2,FERPlus_7484.png
2,FERPlus_7485.png
2,FERPlus_7486.png
2,FERPlus_7487.png
2,FERPlus_7488.png
2,FERPlus_7489.png
2,FERPlus_7490.png
2,FERPlus_7491.png
2,FERPlus_7492.png
2,FERPlus_7493.png
2,FERPlus_7494.png
2,FERPlus_7495.png
2,FERPlus_7496.png
2,FERPlus_7497.png
2,FERPlus_7498.png
2,FERPlus_7499.png
2,FERPlus_7500.png
2,FERPlus_7501.png
2,FERPlus_7502.png
2,FERPlus_7503.png
2,FERPlus_7504.png
2,FERPlus_7505.png
2,FERPlus_7506.png
2,FERPlus_7507.png
2,FERPlus_7508.png
2,FERPlus_7509.png
2,FERPlus_7510.png
2,FERPlus_7511.png
2,FERPlus_7512.png
2,FERPlus_7513.png
2,FERPlus_7514.png
2,FERPlus_7515.png
2,FERPlus_7516.png
2,FERPlus_7517.png
2,FERPlus_7518.png
2,FERPlus_7519.png
2,FERPlus_7520.png
2,FERPlus_7521.png
2,FERPlus_7522.png
2,FERPlus_7523.png
2,FERPlus_7524.png
2,FERPlus_7525.png
2,FERPlus_7526.png
2,FERPlus_7527.png
2,FERPlus_7528.png
2,FERPlus_7529.png
2,FERPlus_7530.png
2,FERPlus_7531.png
2,FERPlus_7532.png
2,FERPlus_7533.png
2,FERPlus_7534.png
2,FERPlus_7535.png
2,FERPlus_7536.png
2,FERPlus_7537.png
2,FERPlus_7538.png
2,FERPlus_7539.png
2,FERPlus_7540.png
2,FERPlus_7541.png
2,FERPlus_7542.png
2,FERPlus_7543.png
2,FERPlus_7544.png
2,FERPlus_7545.png
2,FERPlus_7546.png
2,FERPlus_7547.png
2,FERPlus_7548.png
2,FERPlus_7549.png
2,FERPlus_7550.png
2,FERPlus_7551.png
2,FERPlus_7552.png
2,FERPlus_7553.png
2,FERPlus_7554.png
2,FERPlus_7555.png
2,FERPlus_7556.png
2,FERPlus_7557.png
2,FERPlus_7558.png
2,FERPlus_7559.png
2,FERPlus_7560.png
2,FERPlus_7561.png
2,FERPlus_7562.png
2,FERPlus_7563.png
2,FERPlus_7564.png
2,FERPlus_7565.png
2,FERPlus_7566.png
2,FERPlus_7567.png
2,FERPlus_7568.png
2,FERPlus_7569.png
2,FERPlus_7570.png
2,FERPlus_7571.png
2,FERPlus_7572.png
2,FERPlus_7573.png
2,FERPlus_7574.png
2,FERPlus_7575.png
2,FERPlus_7576.png
2,FERPlus_7577.png
2,FERPlus_7578.png
2,FERPlus_7579.png
2,FERPlus_7580.png
2,FERPlus_7581.png
2,FERPlus_7582.png
2,FERPlus_7583.png
2,FERPlus_7584.png
2,FERPlus_7585.png
2,FERPlus_7586.png
2,FERPlus_7587.png
2,FERPlus_7588.png
2,FERPlus_7589.png
2,FERPlus_7590.png
2,FERPlus_7591.png
2,FERPlus_7592.png
2,FERPlus_7593.png
2,FERPlus_7594.png
2,FERPlus_7595.png
2,FERPlus_7596.png
2,FERPlus_7597.png
2,FERPlus_7598.png
2,FERPlus_7599.png
2,FERPlus_7600.png
2,FERPlus_7601.png
2,FERPlus_7602.png
2,FERPlus_7603.png
2,FERPlus_7604.png
2,FERPlus_7605.png
2,FERPlus_7606.png
2,FERPlus_7607.png
2,FERPlus_7608.png
2,FERPlus_7609.png
2,FERPlus_7610.png
2,FERPlus_7611.png
2,FERPlus_7612.png
2,FERPlus_7613.png
2,FERPlus_7614.png
2,FERPlus_7615.png
2,FERPlus_7616.png
2,FERPlus_7617.png
2,FERPlus_7618.png
2,FERPlus_7619.png
2,FERPlus_7620.png
2,FERPlus_7621.png
2,FERPlus_7622.png
2,FERPlus_7623.png
2,FERPlus_7624.png
2,FERPlus_7625.png
2,FERPlus_7626.png
2,FERPlus_7627.png
2,FERPlus_7628.png
2,FERPlus_7629.png
2,FERPlus_7630.png
2,FERPlus_7631.png
2,FERPlus_7632.png
2,FERPlus_7633.png
2,FERPlus_7634.png
2,FERPlus_7635.png
2,FERPlus_7636.png
2,FERPlus_7637.png
2,FERPlus_7638.png
2,FERPlus_7639.png
2,FERPlus_7640.png
2,FERPlus_7641.png
2,FERPlus_7642.png
2,FERPlus_7643.png
2,FERPlus_7644.png
2,FERPlus_7645.png
2,FERPlus_7646.png
2,FERPlus_7647.png
2,FERPlus_7648.png
2,FERPlus_7649.png
2,FERPlus_7650.png
2,FERPlus_7651.png
2,FERPlus_7652.png
2,FERPlus_7653.png
2,FERPlus_7654.png
2,FERPlus_7655.png
2,FERPlus_7656.png
2,FERPlus_7657.png
2,FERPlus_7658.png
2,FERPlus_7659.png
2,FERPlus_7660.png
2,FERPlus_7661.png
2,FERPlus_7662.png
2,FERPlus_7663.png
2,FERPlus_7664.png
2,FERPlus_7665.png
2,FERPlus_7666.png
2,FERPlus_7667.png
2,FERPlus_7668.png
2,FERPlus_7669.png
2,FERPlus_7670.png
2,FERPlus_7671.png
2,FERPlus_7672.png
2,FERPlus_7673.png
2,FERPlus_7674.png
2,FERPlus_7675.png
2,FERPlus_7676.png
2,FERPlus_7677.png
2,FERPlus_7678.png
2,FERPlus_7679.png
2,FERPlus_7680.png
2,FERPlus_7681.png
2,FERPlus_7682.png
2,FERPlus_7683.png
2,FERPlus_7684.png
2,FERPlus_7685.png
2,FERPlus_7686.png
2,FERPlus_7687.png
2,FERPlus_7688.png
2,FERPlus_7689.png
2,FERPlus_7690.png
2,FERPlus_7691.png
2,FERPlus_7692.png
2,FERPlus_7693.png
2,FERPlus_7694.png
2,FERPlus_7695.png
2,FERPlus_7696.png
2,FERPlus_7697.png
2,FERPlus_7698.png
2,FERPlus_7699.png
2,FERPlus_7700.png
2,FERPlus_7701.png
2,FERPlus_7702.png
2,FERPlus_7703.png
2,FERPlus_7704.png
2,FERPlus_7705.png
2,FERPlus_7706.png
2,FERPlus_7707.png
2,FERPlus_7708.png
2,FERPlus_7709.png
2,FERPlus_7710.png
2,FERPlus_7711.png
2,FERPlus_7712.png
2,FERPlus_7713.png
2,FERPlus_7714.png
2,FERPlus_7715.png
2,FERPlus_7716.png
2,FERPlus_7717.png
2,FERPlus_7718.png
2,FERPlus_7719.png
2,FERPlus_7720.png
2,FERPlus_7721.png
2,FERPlus_7722.png
2,FERPlus_7723.png
2,FERPlus_7724.png
2,FERPlus_7725.png
2,FERPlus_7726.png
2,FERPlus_7727.png
2,FERPlus_7728.png
2,FERPlus_7729.png
2,FERPlus_7730.png
2,FERPlus_7731.png
2,FERPlus_7732.png
2,FERPlus_7733.png
2,FERPlus_7734.png
2,FERPlus_7735.png
2,FERPlus_7736.png
2,FERPlus_7737.png
2,FERPlus_7738.png
2,FERPlus_7739.png
2,FERPlus_7740.png
2,FERPlus_7741.png
2,FERPlus_7742.png
2,FERPlus_7743.png
2,FERPlus_7744.png
2,FERPlus_7745.png
2,FERPlus_7746.png
2,FERPlus_7747.png
2,FERPlus_7748.png
2,FERPlus_7749.png
2,FERPlus_7750.png
2,FERPlus_7751.png
2,FERPlus_7752.png
2,FERPlus_7753.png
2,FERPlus_7754.png
2,FERPlus_7755.png
2,FERPlus_7756.png
2,FERPlus_7757.png
2,FERPlus_7758.png
2,FERPlus_7759.png
2,FERPlus_7760.png
2,FERPlus_7761.png
2,FERPlus_7762.png
2,FERPlus_7763.png
2,FERPlus_7764.png
2,FERPlus_7765.png
2,FERPlus_7766.png
2,FERPlus_7767.png
2,FERPlus_7768.png
2,FERPlus_7769.png
2,FERPlus_7770.png
2,FERPlus_7771.png
2,FERPlus_7772.png
2,FERPlus_7773.png
2,FERPlus_7774.png
2,FERPlus_7775.png
2,FERPlus_7776.png
2,FERPlus_7777.png
2,FERPlus_7778.png
2,FERPlus_7779.png
2,FERPlus_7780.png
2,FERPlus_7781.png
2,FERPlus_7782.png
2,FERPlus_7783.png
2,FERPlus_7784.png
2,FERPlus_7785.png
2,FERPlus_7786.png
2,FERPlus_7787.png
2,FERPlus_7788.png
2,FERPlus_7789.png
2,FERPlus_7790.png
2,FERPlus_7791.png
2,FERPlus_7792.png
2,FERPlus_7793.png
2,FERPlus_7794.png
2,FERPlus_7795.png
2,FERPlus_7796.png
2,FERPlus_7797.png
2,FERPlus_7798.png
2,FERPlus_7799.png
2,FERPlus_7800.png
2,FERPlus_7801.png
2,FERPlus_7802.png
2,FERPlus_7803.png
2,FERPlus_7804.png
2,FERPlus_7805.png
2,FERPlus_7806.png
2,FERPlus_7807.png
2,FERPlus_7808.png
2,FERPlus_7809.png
2,FERPlus_7810.png
2,FERPlus_7811.png
2,FERPlus_7812.png
2,FERPlus_7813.png
2,FERPlus_7814.png
2,FERPlus_7815.png
2,FERPlus_7816.png
2,FERPlus_7817.png
2,FERPlus_7818.png
2,FERPlus_7819.png
2,FERPlus_7820.png
2,FERPlus_7821.png
2,FERPlus_7822.png
2,FERPlus_7823.png
2,FERPlus_7824.png
2,FERPlus_7825.png
2,FERPlus_7826.png
2,FERPlus_7827.png
2,FERPlus_7828.png
2,FERPlus_7829.png
2,FERPlus_7830.png
2,FERPlus_7831.png
2,FERPlus_7832.png
2,FERPlus_7833.png
2,FERPlus_7834.png
2,FERPlus_7835.png
2,FERPlus_7836.png
2,FERPlus_7837.png
2,FERPlus_7838.png
2,FERPlus_7839.png
2,FERPlus_7840.png
2,FERPlus_7841.png
2,FERPlus_7842.png
2,FERPlus_7843.png
2,FERPlus_7844.png
2,FERPlus_7845.png
2,FERPlus_7846.png
2,FERPlus_7847.png
2,FERPlus_7848.png
2,FERPlus_7849.png
2,FERPlus_7850.png
2,FERPlus_7851.png
2,FERPlus_7852.png
2,FERPlus_7853.png
2,FERPlus_7854.png
2,FERPlus_7855.png
2,FERPlus_7856.png
2,FERPlus_7857.png
2,FERPlus_7858.png
2,FERPlus_7859.png
2,FERPlus_7860.png
2,FERPlus_7861.png
2,FERPlus_7862.png
2,FERPlus_7863.png
2,FERPlus_7864.png
2,FERPlus_7865.png
2,FERPlus_7866.png
2,FERPlus_7867.png
2,FERPlus_7868.png
2,FERPlus_7869.png
2,FERPlus_7870.png
2,FERPlus_7871.png
2,FERPlus_7872.png
2,FERPlus_7873.png
2,FERPlus_7874.png
2,FERPlus_7875.png
2,FERPlus_7876.png
2,FERPlus_7877.png
2,FERPlus_7878.png
2,FERPlus_7879.png
2,FERPlus_7880.png
2,FERPlus_7881.png
2,FERPlus_7882.png
2,FERPlus_7883.png
2,FERPlus_7884.png
2,FERPlus_7885.png
2,FERPlus_7886.png
2,FERPlus_7887.png
2,FERPlus_7888.png
2,FERPlus_7889.png
2,FERPlus_7890.png
2,FERPlus_7891.png
2,FERPlus_7892.png
2,FERPlus_7893.png
2,FERPlus_7894.png
2,FERPlus_7895.png
2,FERPlus_7896.png
2,FERPlus_7897.png
2,FERPlus_7898.png
2,FERPlus_7899.png
2,FERPlus_7900.png
2,FERPlus_7901.png
2,FERPlus_7902.png
2,FERPlus_7903.png
2,FERPlus_7904.png
2,FERPlus_7905.png
2,FERPlus_7906.png
2,FERPlus_7907.png
2,FERPlus_7908.png
2,FERPlus_7909.png
2,FERPlus_7910.png
2,FERPlus_7911.png
2,FERPlus_7912.png
2,FERPlus_7913.png
2,FERPlus_7914.png
2,FERPlus_7915.png
2,FERPlus_7916.png
2,FERPlus_7917.png
2,FERPlus_7918.png
2,FERPlus_7919.png
2,FERPlus_7920.png
2,FERPlus_7921.png
2,FERPlus_7922.png
2,FERPlus_7923.png
2,FERPlus_7924.png
2,FERPlus_7925.png
2,FERPlus_7926.png
2,FERPlus_7927.png
2,FERPlus_7928.png
2,FERPlus_7929.png
2,FERPlus_7930.png
2,FERPlus_7931.png
2,FERPlus_7932.png
2,FERPlus_7933.png
2,FERPlus_7934.png
2,FERPlus_7935.png
2,FERPlus_7936.png
2,FERPlus_7937.png
2,FERPlus_7938.png
2,FERPlus_7939.png
2,FERPlus_7940.png
2,FERPlus_7941.png
2,FERPlus_7942.png
2,FERPlus_7943.png
2,FERPlus_7944.png
2,FERPlus_7945.png
2,FERPlus_7946.png
2,FERPlus_7947.png
2,FERPlus_7948.png
2,FERPlus_7949.png
2,FERPlus_7950.png
2,FERPlus_7951.png
2,FERPlus_7952.png
2,FERPlus_7953.png
2,FERPlus_7954.png
2,FERPlus_7955.png
2,FERPlus_7956.png
2,FERPlus_7957.png
2,FERPlus_7958.png
2,FERPlus_7959.png
2,FERPlus_7960.png
2,FERPlus_7961.png
2,FERPlus_7962.png
2,FERPlus_7963.png
2,FERPlus_7964.png
2,FERPlus_7965.png
2,FERPlus_7966.png
2,FERPlus_7967.png
2,FERPlus_7968.png
2,FERPlus_7969.png
2,FERPlus_7970.png
2,FERPlus_7971.png
2,FERPlus_7972.png
2,FERPlus_7973.png
2,FERPlus_7974.png
2,FERPlus_7975.png
2,FERPlus_7976.png
2,FERPlus_7977.png
2,FERPlus_7978.png
2,FERPlus_7979.png
2,FERPlus_7980.png
2,FERPlus_7981.png
2,FERPlus_7982.png
2,FERPlus_7983.png
2,FERPlus_7984.png
2,FERPlus_7985.png
2,FERPlus_7986.png
2,FERPlus_7987.png
2,FERPlus_7988.png
2,FERPlus_7989.png
2,FERPlus_7990.png
2,FERPlus_7991.png
2,FERPlus_7992.png
2,FERPlus_7993.png
2,FERPlus_7994.png
2,FERPlus_7995.png
2,FERPlus_7996.png
2,FERPlus_7997.png
2,FERPlus_7998.png
2,FERPlus_7999.png
2,FERPlus_8000.png
2,FERPlus_8001.png
2,FERPlus_8002.png
2,FERPlus_8003.png
2,FERPlus_8004.png
2,FERPlus_8005.png
2,FERPlus_8006.png
2,FERPlus_8007.png
2,FERPlus_8008.png
2,FERPlus_8009.png
2,FERPlus_8010.png
2,FERPlus_8011.png
2,FERPlus_8012.png
2,FERPlus_8013.png
2,FERPlus_8014.png
2,FERPlus_8015.png
2,FERPlus_8016.png
2,FERPlus_8017.png
2,FERPlus_8018.png
2,FERPlus_8019.png
2,FERPlus_8020.png
2,FERPlus_8021.png
2,FERPlus_8022.png
2,FERPlus_8023.png
2,FERPlus_8024.png
2,FERPlus_8025.png
2,FERPlus_8026.png
2,FERPlus_8027.png
2,FERPlus_8028.png
2,FERPlus_8029.png
2,FERPlus_8030.png
2,FERPlus_8031.png
2,FERPlus_8032.png
2,FERPlus_8033.png
2,FERPlus_8034.png
2,FERPlus_8035.png
2,FERPlus_8036.png
2,FERPlus_8037.png
2,FERPlus_8038.png
2,FERPlus_8039.png
2,FERPlus_8040.png
2,FERPlus_8041.png
2,FERPlus_8042.png
2,FERPlus_8043.png
2,FERPlus_8044.png
2,FERPlus_8045.png
2,FERPlus_8046.png
2,FERPlus_8047.png
2,FERPlus_8048.png
2,FERPlus_8049.png
2,FERPlus_8050.png
2,FERPlus_8051.png
2,FERPlus_8052.png
2,FERPlus_8053.png
2,FERPlus_8054.png
2,FERPlus_8055.png
2,FERPlus_8056.png
2,FERPlus_8057.png
2,FERPlus_8058.png
2,FERPlus_8059.png
2,FERPlus_8060.png
2,FERPlus_8061.png
2,FERPlus_8062.png
2,FERPlus_8063.png
2,FERPlus_8064.png
2,FERPlus_8065.png
2,FERPlus_8066.png
2,FERPlus_8067.png
2,FERPlus_8068.png
2,FERPlus_8069.png
2,FERPlus_8070.png
2,FERPlus_8071.png
2,FERPlus_8072.png
2,FERPlus_8073.png
2,FERPlus_8074.png
2,FERPlus_8075.png
2,FERPlus_8076.png
2,FERPlus_8077.png
2,FERPlus_8078.png
2,FERPlus_8079.png
2,FERPlus_8080.png
2,FERPlus_8081.png
2,FERPlus_8082.png
2,FERPlus_8083.png
2,FERPlus_8084.png
2,FERPlus_8085.png
2,FERPlus_8086.png
2,FERPlus_8087.png
2,FERPlus_8088.png
2,FERPlus_8089.png
2,FERPlus_8090.png
2,FERPlus_8091.png
2,FERPlus_8092.png
2,FERPlus_8093.png
2,FERPlus_8094.png
2,FERPlus_8095.png
2,FERPlus_8096.png
2,FERPlus_8097.png
2,FERPlus_8098.png
2,FERPlus_8099.png
2,FERPlus_8100.png
2,FERPlus_8101.png
2,FERPlus_8102.png
2,FERPlus_8103.png
2,FERPlus_8104.png
2,FERPlus_8105.png
2,FERPlus_8106.png
2,FERPlus_8107.png
2,FERPlus_8108.png
2,FERPlus_8109.png
2,FERPlus_8110.png
2,FERPlus_8111.png
2,FERPlus_8112.png
2,FERPlus_8113.png
2,FERPlus_8114.png
2,FERPlus_8115.png
2,FERPlus_8116.png
2,FERPlus_8117.png
2,FERPlus_8118.png
2,FERPlus_8119.png
2,FERPlus_8120.png
2,FERPlus_8121.png
2,FERPlus_8122.png
2,FERPlus_8123.png
2,FERPlus_8124.png
2,FERPlus_8125.png
2,FERPlus_8126.png
2,FERPlus_8127.png
2,FERPlus_8128.png
2,FERPlus_8129.png
2,FERPlus_8130.png
2,FERPlus_8131.png
2,FERPlus_8132.png
2,FERPlus_8133.png
2,FERPlus_8134.png
2,FERPlus_8135.png
2,FERPlus_8136.png
2,FERPlus_8137.png
2,FERPlus_8138.png
2,FERPlus_8139.png
2,FERPlus_8140.png
2,FERPlus_8141.png
2,FERPlus_8142.png
2,FERPlus_8143.png
2,FERPlus_8144.png
2,FERPlus_8145.png
2,FERPlus_8146.png
2,FERPlus_8147.png
2,FERPlus_8148.png
2,FERPlus_8149.png
2,FERPlus_8150.png
2,FERPlus_8151.png
2,FERPlus_8152.png
2,FERPlus_8153.png
2,FERPlus_8154.png
2,FERPlus_8155.png
2,FERPlus_8156.png
2,FERPlus_8157.png
2,FERPlus_8158.png
2,FERPlus_8159.png
2,FERPlus_8160.png
2,FERPlus_8161.png
2,FERPlus_8162.png
2,FERPlus_8163.png
2,FERPlus_8164.png
2,FERPlus_8165.png
2,FERPlus_8166.png
2,FERPlus_8167.png
2,FERPlus_8168.png
2,FERPlus_8169.png
4,FERPlus_0.png
4,FERPlus_1.png
4,FERPlus_2.png
4,FERPlus_3.png
4,FERPlus_4.png
4,FERPlus_5.png
4,FERPlus_6.png
4,FERPlus_7.png
4,FERPlus_8.png
4,FERPlus_9.png
4,FERPlus_10.png
4,FERPlus_11.png
4,FERPlus_12.png
4,FERPlus_13.png
4,FERPlus_14.png
4,FERPlus_15.png
4,FERPlus_16.png
4,FERPlus_17.png
4,FERPlus_18.png
4,FERPlus_19.png
4,FERPlus_20.png
4,FERPlus_21.png
4,FERPlus_22.png
4,FERPlus_23.png
4,FERPlus_24.png
4,FERPlus_25.png
4,FERPlus_26.png
4,FERPlus_27.png
4,FERPlus_28.png
4,FERPlus_29.png
4,FERPlus_30.png
4,FERPlus_31.png
4,FERPlus_32.png
4,FERPlus_33.png
4,FERPlus_34.png
4,FERPlus_35.png
4,FERPlus_36.png
4,FERPlus_37.png
4,FERPlus_38.png
4,FERPlus_39.png
4,FERPlus_40.png
4,FERPlus_41.png
4,FERPlus_42.png
4,FERPlus_43.png
4,FERPlus_44.png
4,FERPlus_45.png
4,FERPlus_46.png
4,FERPlus_47.png
4,FERPlus_48.png
4,FERPlus_49.png
4,FERPlus_50.png
4,FERPlus_51.png
4,FERPlus_52.png
4,FERPlus_53.png
4,FERPlus_54.png
4,FERPlus_55.png
4,FERPlus_56.png
4,FERPlus_57.png
4,FERPlus_58.png
4,FERPlus_59.png
4,FERPlus_60.png
4,FERPlus_61.png
4,FERPlus_62.png
4,FERPlus_63.png
4,FERPlus_64.png
4,FERPlus_65.png
4,FERPlus_66.png
4,FERPlus_67.png
4,FERPlus_68.png
4,FERPlus_69.png
4,FERPlus_70.png
4,FERPlus_71.png
4,FERPlus_72.png
4,FERPlus_73.png
4,FERPlus_74.png
4,FERPlus_75.png
4,FERPlus_76.png
4,FERPlus_77.png
4,FERPlus_78.png
4,FERPlus_79.png
4,FERPlus_80.png
4,FERPlus_81.png
4,FERPlus_82.png
4,FERPlus_83.png
4,FERPlus_84.png
4,FERPlus_85.png
4,FERPlus_86.png
4,FERPlus_87.png
4,FERPlus_88.png
4,FERPlus_89.png
4,FERPlus_90.png
4,FERPlus_91.png
4,FERPlus_92.png
4,FERPlus_93.png
4,FERPlus_94.png
4,FERPlus_95.png
4,FERPlus_96.png
4,FERPlus_97.png
4,FERPlus_98.png
4,FERPlus_99.png
4,FERPlus_100.png
4,FERPlus_101.png
4,FERPlus_102.png
4,FERPlus_103.png
4,FERPlus_104.png
4,FERPlus_105.png
4,FERPlus_106.png
4,FERPlus_107.png
4,FERPlus_108.png
4,FERPlus_109.png
4,FERPlus_110.png
4,FERPlus_111.png
4,FERPlus_112.png
4,FERPlus_113.png
4,FERPlus_114.png
4,FERPlus_115.png
4,FERPlus_116.png
4,FERPlus_117.png
4,FERPlus_118.png
4,FERPlus_119.png
4,FERPlus_120.png
4,FERPlus_121.png
4,FERPlus_122.png
4,FERPlus_123.png
4,FERPlus_124.png
4,FERPlus_125.png
4,FERPlus_126.png
4,FERPlus_127.png
4,FERPlus_128.png
4,FERPlus_129.png
4,FERPlus_130.png
4,FERPlus_131.png
4,FERPlus_132.png
4,FERPlus_133.png
4,FERPlus_134.png
4,FERPlus_135.png
4,FERPlus_136.png
4,FERPlus_137.png
4,FERPlus_138.png
4,FERPlus_139.png
4,FERPlus_140.png
4,FERPlus_141.png
4,FERPlus_142.png
4,FERPlus_143.png
4,FERPlus_144.png
4,FERPlus_145.png
4,FERPlus_146.png
4,FERPlus_147.png
4,FERPlus_148.png
4,FERPlus_149.png
4,FERPlus_150.png
4,FERPlus_151.png
4,FERPlus_152.png
4,FERPlus_153.png
4,FERPlus_154.png
4,FERPlus_155.png
4,FERPlus_156.png
4,FERPlus_157.png
4,FERPlus_158.png
4,FERPlus_159.png
4,FERPlus_160.png
4,FERPlus_161.png
4,FERPlus_162.png
4,FERPlus_163.png
4,FERPlus_164.png
4,FERPlus_165.png
4,FERPlus_166.png
4,FERPlus_167.png
4,FERPlus_168.png
4,FERPlus_169.png
4,FERPlus_170.png
4,FERPlus_171.png
4,FERPlus_172.png
4,FERPlus_173.png
4,FERPlus_174.png
4,FERPlus_175.png
4,FERPlus_176.png
4,FERPlus_177.png
4,FERPlus_178.png
4,FERPlus_179.png
4,FERPlus_180.png
4,FERPlus_181.png
4,FERPlus_182.png
4,FERPlus_183.png
4,FERPlus_184.png
4,FERPlus_185.png
4,FERPlus_186.png
4,FERPlus_187.png
4,FERPlus_188.png
4,FERPlus_189.png
4,FERPlus_190.png
4,FERPlus_191.png
4,FERPlus_192.png
4,FERPlus_193.png
4,FERPlus_194.png
4,FERPlus_195.png
4,FERPlus_196.png
4,FERPlus_197.png
4,FERPlus_198.png
4,FERPlus_199.png
4,FERPlus_200.png
4,FERPlus_201.png
4,FERPlus_202.png
4,FERPlus_203.png
4,FERPlus_204.png
4,FERPlus_205.png
4,FERPlus_206.png
4,FERPlus_207.png
4,FERPlus_208.png
4,FERPlus_209.png
4,FERPlus_210.png
4,FERPlus_211.png
4,FERPlus_212.png
4,FERPlus_213.png
4,FERPlus_214.png
4,FERPlus_215.png
4,FERPlus_216.png
4,FERPlus_217.png
4,FERPlus_218.png
4,FERPlus_219.png
4,FERPlus_220.png
4,FERPlus_221.png
4,FERPlus_222.png
4,FERPlus_223.png
4,FERPlus_224.png
4,FERPlus_225.png
4,FERPlus_226.png
4,FERPlus_227.png
4,FERPlus_228.png
4,FERPlus_229.png
4,FERPlus_230.png
4,FERPlus_231.png
4,FERPlus_232.png
4,FERPlus_233.png
4,FERPlus_234.png
4,FERPlus_235.png
4,FERPlus_236.png
4,FERPlus_237.png
4,FERPlus_238.png
4,FERPlus_239.png
4,FERPlus_240.png
4,FERPlus_241.png
4,FERPlus_242.png
4,FERPlus_243.png
4,FERPlus_244.png
4,FERPlus_245.png
4,FERPlus_246.png
4,FERPlus_247.png
4,FERPlus_248.png
4,FERPlus_249.png
4,FERPlus_250.png
4,FERPlus_251.png
4,FERPlus_252.png
4,FERPlus_253.png
4,FERPlus_254.png
4,FERPlus_255.png
4,FERPlus_256.png
4,FERPlus_257.png
4,FERPlus_258.png
4,FERPlus_259.png
4,FERPlus_260.png
4,FERPlus_261.png
4,FERPlus_262.png
4,FERPlus_263.png
4,FERPlus_264.png
4,FERPlus_265.png
4,FERPlus_266.png
4,FERPlus_267.png
4,FERPlus_268.png
4,FERPlus_269.png
4,FERPlus_270.png
4,FERPlus_271.png
4,FERPlus_272.png
4,FERPlus_273.png
4,FERPlus_274.png
4,FERPlus_275.png
4,FERPlus_276.png
4,FERPlus_277.png
4,FERPlus_278.png
4,FERPlus_279.png
4,FERPlus_280.png
4,FERPlus_281.png
4,FERPlus_282.png
4,FERPlus_283.png
4,FERPlus_284.png
4,FERPlus_285.png
4,FERPlus_286.png
4,FERPlus_287.png
4,FERPlus_288.png
4,FERPlus_289.png
4,FERPlus_290.png
4,FERPlus_291.png
4,FERPlus_292.png
4,FERPlus_293.png
4,FERPlus_294.png
4,FERPlus_295.png
4,FERPlus_296.png
4,FERPlus_297.png
4,FERPlus_298.png
4,FERPlus_299.png
4,FERPlus_300.png
4,FERPlus_301.png
4,FERPlus_302.png
4,FERPlus_303.png
4,FERPlus_304.png
4,FERPlus_305.png
4,FERPlus_306.png
4,FERPlus_307.png
4,FERPlus_308.png
4,FERPlus_309.png
4,FERPlus_310.png
4,FERPlus_311.png
4,FERPlus_312.png
4,FERPlus_313.png
4,FERPlus_314.png
4,FERPlus_315.png
4,FERPlus_316.png
4,FERPlus_317.png
4,FERPlus_318.png
4,FERPlus_319.png
4,FERPlus_320.png
4,FERPlus_321.png
4,FERPlus_322.png
4,FERPlus_323.png
4,FERPlus_324.png
4,FERPlus_325.png
4,FERPlus_326.png
4,FERPlus_327.png
4,FERPlus_328.png
4,FERPlus_329.png
4,FERPlus_330.png
4,FERPlus_331.png
4,FERPlus_332.png
4,FERPlus_333.png
4,FERPlus_334.png
4,FERPlus_335.png
4,FERPlus_336.png
4,FERPlus_337.png
4,FERPlus_338.png
4,FERPlus_339.png
4,FERPlus_340.png
4,FERPlus_341.png
4,FERPlus_342.png
4,FERPlus_343.png
4,FERPlus_344.png
4,FERPlus_345.png
4,FERPlus_346.png
4,FERPlus_347.png
4,FERPlus_348.png
4,FERPlus_349.png
4,FERPlus_350.png
4,FERPlus_351.png
4,FERPlus_352.png
4,FERPlus_353.png
4,FERPlus_354.png
4,FERPlus_355.png
4,FERPlus_356.png
4,FERPlus_357.png
4,FERPlus_358.png
4,FERPlus_359.png
4,FERPlus_360.png
4,FERPlus_361.png
4,FERPlus_362.png
4,FERPlus_363.png
4,FERPlus_364.png
4,FERPlus_365.png
4,FERPlus_366.png
4,FERPlus_367.png
4,FERPlus_368.png
4,FERPlus_369.png
4,FERPlus_370.png
4,FERPlus_371.png
4,FERPlus_372.png
4,FERPlus_373.png
4,FERPlus_374.png
4,FERPlus_375.png
4,FERPlus_376.png
4,FERPlus_377.png
4,FERPlus_378.png
4,FERPlus_379.png
4,FERPlus_380.png
4,FERPlus_381.png
4,FERPlus_382.png
4,FERPlus_383.png
4,FERPlus_384.png
4,FERPlus_385.png
4,FERPlus_386.png
4,FERPlus_387.png
4,FERPlus_388.png
4,FERPlus_389.png
4,FERPlus_390.png
4,FERPlus_391.png
4,FERPlus_392.png
4,FERPlus_393.png
4,FERPlus_394.png
4,FERPlus_395.png
4,FERPlus_396.png
4,FERPlus_397.png
4,FERPlus_398.png
4,FERPlus_399.png
4,FERPlus_400.png
4,FERPlus_401.png
4,FERPlus_402.png
4,FERPlus_403.png
4,FERPlus_404.png
4,FERPlus_405.png
4,FERPlus_406.png
4,FERPlus_407.png
4,FERPlus_408.png
4,FERPlus_409.png
4,FERPlus_410.png
4,FERPlus_411.png
4,FERPlus_412.png
4,FERPlus_413.png
4,FERPlus_414.png
4,FERPlus_415.png
4,FERPlus_416.png
4,FERPlus_417.png
4,FERPlus_418.png
4,FERPlus_419.png
4,FERPlus_420.png
4,FERPlus_421.png
4,FERPlus_422.png
4,FERPlus_423.png
4,FERPlus_424.png
4,FERPlus_425.png
4,FERPlus_426.png
4,FERPlus_427.png
4,FERPlus_428.png
4,FERPlus_429.png
4,FERPlus_430.png
4,FERPlus_431.png
4,FERPlus_432.png
4,FERPlus_433.png
4,FERPlus_434.png
4,FERPlus_435.png
4,FERPlus_436.png
4,FERPlus_437.png
4,FERPlus_438.png
4,FERPlus_439.png
4,FERPlus_440.png
4,FERPlus_441.png
4,FERPlus_442.png
4,FERPlus_443.png
4,FERPlus_444.png
4,FERPlus_445.png
4,FERPlus_446.png
4,FERPlus_447.png
4,FERPlus_448.png
4,FERPlus_449.png
4,FERPlus_450.png
4,FERPlus_451.png
4,FERPlus_452.png
4,FERPlus_453.png
4,FERPlus_454.png
4,FERPlus_455.png
4,FERPlus_456.png
4,FERPlus_457.png
4,FERPlus_458.png
4,FERPlus_459.png
4,FERPlus_460.png
4,FERPlus_461.png
4,FERPlus_462.png
4,FERPlus_463.png
4,FERPlus_464.png
4,FERPlus_465.png
4,FERPlus_466.png
4,FERPlus_467.png
4,FERPlus_468.png
4,FERPlus_469.png
4,FERPlus_470.png
4,FERPlus_471.png
4,FERPlus_472.png
4,FERPlus_473.png
4,FERPlus_474.png
4,FERPlus_475.png
4,FERPlus_476.png
4,FERPlus_477.png
4,FERPlus_478.png
4,FERPlus_479.png
4,FERPlus_480.png
4,FERPlus_481.png
4,FERPlus_482.png
4,FERPlus_483.png
4,FERPlus_484.png
4,FERPlus_485.png
4,FERPlus_486.png
4,FERPlus_487.png
4,FERPlus_488.png
4,FERPlus_489.png
4,FERPlus_490.png
4,FERPlus_491.png
4,FERPlus_492.png
4,FERPlus_493.png
4,FERPlus_494.png
4,FERPlus_495.png
4,FERPlus_496.png
4,FERPlus_497.png
4,FERPlus_498.png
4,FERPlus_499.png
4,FERPlus_500.png
4,FERPlus_501.png
4,FERPlus_502.png
4,FERPlus_503.png
4,FERPlus_504.png
4,FERPlus_505.png
4,FERPlus_506.png
4,FERPlus_507.png
4,FERPlus_508.png
4,FERPlus_509.png
4,FERPlus_510.png
4,FERPlus_511.png
4,FERPlus_512.png
4,FERPlus_513.png
4,FERPlus_514.png
4,FERPlus_515.png
4,FERPlus_516.png
4,FERPlus_517.png
4,FERPlus_518.png
4,FERPlus_519.png
4,FERPlus_520.png
4,FERPlus_521.png
4,FERPlus_522.png
4,FERPlus_523.png
4,FERPlus_524.png
4,FERPlus_525.png
4,FERPlus_526.png
4,FERPlus_527.png
4,FERPlus_528.png
4,FERPlus_529.png
4,FERPlus_530.png
4,FERPlus_531.png
4,FERPlus_532.png
4,FERPlus_533.png
4,FERPlus_534.png
4,FERPlus_535.png
4,FERPlus_536.png
4,FERPlus_537.png
4,FERPlus_538.png
4,FERPlus_539.png
4,FERPlus_540.png
4,FERPlus_541.png
4,FERPlus_542.png
4,FERPlus_543.png
4,FERPlus_544.png
4,FERPlus_545.png
4,FERPlus_546.png
4,FERPlus_547.png
4,FERPlus_548.png
4,FERPlus_549.png
4,FERPlus_550.png
4,FERPlus_551.png
4,FERPlus_552.png
4,FERPlus_553.png
4,FERPlus_554.png
4,FERPlus_555.png
4,FERPlus_556.png
4,FERPlus_557.png
4,FERPlus_558.png
4,FERPlus_559.png
4,FERPlus_560.png
4,FERPlus_561.png
4,FERPlus_562.png
4,FERPlus_563.png
4,FERPlus_564.png
4,FERPlus_565.png
4,FERPlus_566.png
4,FERPlus_567.png
4,FERPlus_568.png
4,FERPlus_569.png
4,FERPlus_570.png
4,FERPlus_571.png
4,FERPlus_572.png
4,FERPlus_573.png
4,FERPlus_574.png
4,FERPlus_575.png
4,FERPlus_576.png
4,FERPlus_577.png
4,FERPlus_578.png
4,FERPlus_579.png
4,FERPlus_580.png
4,FERPlus_581.png
4,FERPlus_582.png
4,FERPlus_583.png
4,FERPlus_584.png
4,FERPlus_585.png
4,FERPlus_586.png
4,FERPlus_587.png
4,FERPlus_588.png
4,FERPlus_589.png
4,FERPlus_590.png
4,FERPlus_591.png
4,FERPlus_592.png
4,FERPlus_593.png
4,FERPlus_594.png
4,FERPlus_595.png
4,FERPlus_596.png
4,FERPlus_597.png
4,FERPlus_598.png
4,FERPlus_599.png
4,FERPlus_600.png
4,FERPlus_601.png
4,FERPlus_602.png
4,FERPlus_603.png
4,FERPlus_604.png
4,FERPlus_605.png
4,FERPlus_606.png
4,FERPlus_607.png
4,FERPlus_608.png
4,FERPlus_609.png
4,FERPlus_610.png
4,FERPlus_611.png
4,FERPlus_612.png
4,FERPlus_613.png
4,FERPlus_614.png
4,FERPlus_615.png
4,FERPlus_616.png
4,FERPlus_617.png
4,FERPlus_618.png
4,FERPlus_619.png
4,FERPlus_620.png
4,FERPlus_621.png
4,FERPlus_622.png
4,FERPlus_623.png
4,FERPlus_624.png
4,FERPlus_625.png
4,FERPlus_626.png
4,FERPlus_627.png
4,FERPlus_628.png
4,FERPlus_629.png
4,FERPlus_630.png
4,FERPlus_631.png
4,FERPlus_632.png
4,FERPlus_633.png
4,FERPlus_634.png
4,FERPlus_635.png
4,FERPlus_636.png
4,FERPlus_637.png
4,FERPlus_638.png
4,FERPlus_639.png
4,FERPlus_640.png
4,FERPlus_641.png
4,FERPlus_642.png
4,FERPlus_643.png
4,FERPlus_644.png
4,FERPlus_645.png
4,FERPlus_646.png
4,FERPlus_647.png
4,FERPlus_648.png
4,FERPlus_649.png
4,FERPlus_650.png
4,FERPlus_651.png
4,FERPlus_652.png
4,FERPlus_653.png
4,FERPlus_654.png
4,FERPlus_655.png
4,FERPlus_656.png
4,FERPlus_657.png
4,FERPlus_658.png
4,FERPlus_659.png
4,FERPlus_660.png
4,FERPlus_661.png
4,FERPlus_662.png
4,FERPlus_663.png
4,FERPlus_664.png
4,FERPlus_665.png
4,FERPlus_666.png
4,FERPlus_667.png
4,FERPlus_668.png
4,FERPlus_669.png
4,FERPlus_670.png
4,FERPlus_671.png
4,FERPlus_672.png
4,FERPlus_673.png
4,FERPlus_674.png
4,FERPlus_675.png
4,FERPlus_676.png
4,FERPlus_677.png
4,FERPlus_678.png
4,FERPlus_679.png
4,FERPlus_680.png
4,FERPlus_681.png
4,FERPlus_682.png
4,FERPlus_683.png
4,FERPlus_684.png
4,FERPlus_685.png
4,FERPlus_686.png
4,FERPlus_687.png
4,FERPlus_688.png
4,FERPlus_689.png
4,FERPlus_690.png
4,FERPlus_691.png
4,FERPlus_692.png
4,FERPlus_693.png
4,FERPlus_694.png
4,FERPlus_695.png
4,FERPlus_696.png
4,FERPlus_697.png
4,FERPlus_698.png
4,FERPlus_699.png
4,FERPlus_700.png
4,FERPlus_701.png
4,FERPlus_702.png
4,FERPlus_703.png
4,FERPlus_704.png
4,FERPlus_705.png
4,FERPlus_706.png
4,FERPlus_707.png
4,FERPlus_708.png
4,FERPlus_709.png
4,FERPlus_710.png
4,FERPlus_711.png
4,FERPlus_712.png
4,FERPlus_713.png
4,FERPlus_714.png
4,FERPlus_715.png
4,FERPlus_716.png
4,FERPlus_717.png
4,FERPlus_718.png
4,FERPlus_719.png
4,FERPlus_720.png
4,FERPlus_721.png
4,FERPlus_722.png
4,FERPlus_723.png
4,FERPlus_724.png
4,FERPlus_725.png
4,FERPlus_726.png
4,FERPlus_727.png
4,FERPlus_728.png
4,FERPlus_729.png
4,FERPlus_730.png
4,FERPlus_731.png
4,FERPlus_732.png
4,FERPlus_733.png
4,FERPlus_734.png
4,FERPlus_735.png
4,FERPlus_736.png
4,FERPlus_737.png
4,FERPlus_738.png
4,FERPlus_739.png
4,FERPlus_740.png
4,FERPlus_741.png
4,FERPlus_742.png
4,FERPlus_743.png
4,FERPlus_744.png
4,FERPlus_745.png
4,FERPlus_746.png
4,FERPlus_747.png
4,FERPlus_748.png
4,FERPlus_749.png
4,FERPlus_750.png
4,FERPlus_751.png
4,FERPlus_752.png
4,FERPlus_753.png
4,FERPlus_754.png
4,FERPlus_755.png
4,FERPlus_756.png
4,FERPlus_757.png
4,FERPlus_758.png
4,FERPlus_759.png
4,FERPlus_760.png
4,FERPlus_761.png
4,FERPlus_762.png
4,FERPlus_763.png
4,FERPlus_764.png
4,FERPlus_765.png
4,FERPlus_766.png
4,FERPlus_767.png
4,FERPlus_768.png
4,FERPlus_769.png
4,FERPlus_770.png
4,FERPlus_771.png
4,FERPlus_772.png
4,FERPlus_773.png
4,FERPlus_774.png
4,FERPlus_775.png
4,FERPlus_776.png
4,FERPlus_777.png
4,FERPlus_778.png
4,FERPlus_779.png
4,FERPlus_780.png
4,FERPlus_781.png
4,FERPlus_782.png
4,FERPlus_783.png
4,FERPlus_784.png
4,FERPlus_785.png
4,FERPlus_786.png
4,FERPlus_787.png
4,FERPlus_788.png
4,FERPlus_789.png
4,FERPlus_790.png
4,FERPlus_791.png
4,FERPlus_792.png
4,FERPlus_793.png
4,FERPlus_794.png
4,FERPlus_795.png
4,FERPlus_796.png
4,FERPlus_797.png
4,FERPlus_798.png
4,FERPlus_799.png
4,FERPlus_800.png
4,FERPlus_801.png
4,FERPlus_802.png
4,FERPlus_803.png
4,FERPlus_804.png
4,FERPlus_805.png
4,FERPlus_806.png
4,FERPlus_807.png
4,FERPlus_808.png
4,FERPlus_809.png
4,FERPlus_810.png
4,FERPlus_811.png
4,FERPlus_812.png
4,FERPlus_813.png
4,FERPlus_814.png
4,FERPlus_815.png
4,FERPlus_816.png
4,FERPlus_817.png
4,FERPlus_818.png
4,FERPlus_819.png
4,FERPlus_820.png
4,FERPlus_821.png
4,FERPlus_822.png
4,FERPlus_823.png
4,FERPlus_824.png
4,FERPlus_825.png
4,FERPlus_826.png
4,FERPlus_827.png
4,FERPlus_828.png
4,FERPlus_829.png
4,FERPlus_830.png
4,FERPlus_831.png
4,FERPlus_832.png
4,FERPlus_833.png
4,FERPlus_834.png
4,FERPlus_835.png
4,FERPlus_836.png
4,FERPlus_837.png
4,FERPlus_838.png
4,FERPlus_839.png
4,FERPlus_840.png
4,FERPlus_841.png
4,FERPlus_842.png
4,FERPlus_843.png
4,FERPlus_844.png
4,FERPlus_845.png
4,FERPlus_846.png
4,FERPlus_847.png
4,FERPlus_848.png
4,FERPlus_849.png
4,FERPlus_850.png
4,FERPlus_851.png
4,FERPlus_852.png
4,FERPlus_853.png
4,FERPlus_854.png
4,FERPlus_855.png
4,FERPlus_856.png
4,FERPlus_857.png
4,FERPlus_858.png
4,FERPlus_859.png
4,FERPlus_860.png
4,FERPlus_861.png
4,FERPlus_862.png
4,FERPlus_863.png
4,FERPlus_864.png
4,FERPlus_865.png
4,FERPlus_866.png
4,FERPlus_867.png
4,FERPlus_868.png
4,FERPlus_869.png
4,FERPlus_870.png
4,FERPlus_871.png
4,FERPlus_872.png
4,FERPlus_873.png
4,FERPlus_874.png
4,FERPlus_875.png
4,FERPlus_876.png
4,FERPlus_877.png
4,FERPlus_878.png
4,FERPlus_879.png
4,FERPlus_880.png
4,FERPlus_881.png
4,FERPlus_882.png
4,FERPlus_883.png
4,FERPlus_884.png
4,FERPlus_885.png
4,FERPlus_886.png
4,FERPlus_887.png
4,FERPlus_888.png
4,FERPlus_889.png
4,FERPlus_890.png
4,FERPlus_891.png
4,FERPlus_892.png
4,FERPlus_893.png
4,FERPlus_894.png
4,FERPlus_895.png
4,FERPlus_896.png
4,FERPlus_897.png
4,FERPlus_898.png
4,FERPlus_899.png
4,FERPlus_900.png
4,FERPlus_901.png
4,FERPlus_902.png
4,FERPlus_903.png
4,FERPlus_904.png
4,FERPlus_905.png
4,FERPlus_906.png
4,FERPlus_907.png
4,FERPlus_908.png
4,FERPlus_909.png
4,FERPlus_910.png
4,FERPlus_911.png
4,FERPlus_912.png
4,FERPlus_913.png
4,FERPlus_914.png
4,FERPlus_915.png
4,FERPlus_916.png
4,FERPlus_917.png
4,FERPlus_918.png
4,FERPlus_919.png
4,FERPlus_920.png
4,FERPlus_921.png
4,FERPlus_922.png
4,FERPlus_923.png
4,FERPlus_924.png
4,FERPlus_925.png
4,FERPlus_926.png
4,FERPlus_927.png
4,FERPlus_928.png
4,FERPlus_929.png
4,FERPlus_930.png
4,FERPlus_931.png
4,FERPlus_932.png
4,FERPlus_933.png
4,FERPlus_934.png
4,FERPlus_935.png
4,FERPlus_936.png
4,FERPlus_937.png
4,FERPlus_938.png
4,FERPlus_939.png
4,FERPlus_940.png
4,FERPlus_941.png
4,FERPlus_942.png
4,FERPlus_943.png
4,FERPlus_944.png
4,FERPlus_945.png
4,FERPlus_946.png
4,FERPlus_947.png
4,FERPlus_948.png
4,FERPlus_949.png
4,FERPlus_950.png
4,FERPlus_951.png
4,FERPlus_952.png
4,FERPlus_953.png
4,FERPlus_954.png
4,FERPlus_955.png
4,FERPlus_956.png
4,FERPlus_957.png
4,FERPlus_958.png
4,FERPlus_959.png
4,FERPlus_960.png
4,FERPlus_961.png
4,FERPlus_962.png
4,FERPlus_963.png
4,FERPlus_964.png
4,FERPlus_965.png
4,FERPlus_966.png
4,FERPlus_967.png
4,FERPlus_968.png
4,FERPlus_969.png
4,FERPlus_970.png
4,FERPlus_971.png
4,FERPlus_972.png
4,FERPlus_973.png
4,FERPlus_974.png
4,FERPlus_975.png
4,FERPlus_976.png
4,FERPlus_977.png
4,FERPlus_978.png
4,FERPlus_979.png
4,FERPlus_980.png
4,FERPlus_981.png
4,FERPlus_982.png
4,FERPlus_983.png
4,FERPlus_984.png
4,FERPlus_985.png
4,FERPlus_986.png
4,FERPlus_987.png
4,FERPlus_988.png
4,FERPlus_989.png
4,FERPlus_990.png
4,FERPlus_991.png
4,FERPlus_992.png
4,FERPlus_993.png
4,FERPlus_994.png
4,FERPlus_995.png
4,FERPlus_996.png
4,FERPlus_997.png
4,FERPlus_998.png
4,FERPlus_999.png
4,FERPlus_1000.png
4,FERPlus_1001.png
4,FERPlus_1002.png
4,FERPlus_1003.png
4,FERPlus_1004.png
4,FERPlus_1005.png
4,FERPlus_1006.png
4,FERPlus_1007.png
4,FERPlus_1008.png
4,FERPlus_1009.png
4,FERPlus_1010.png
4,FERPlus_1011.png
4,FERPlus_1012.png
4,FERPlus_1013.png
4,FERPlus_1014.png
4,FERPlus_1015.png
4,FERPlus_1016.png
4,FERPlus_1017.png
4,FERPlus_1018.png
4,FERPlus_1019.png
4,FERPlus_1020.png
4,FERPlus_1021.png
4,FERPlus_1022.png
4,FERPlus_1023.png
4,FERPlus_1024.png
4,FERPlus_1025.png
4,FERPlus_1026.png
4,FERPlus_1027.png
4,FERPlus_1028.png
4,FERPlus_1029.png
4,FERPlus_1030.png
4,FERPlus_1031.png
4,FERPlus_1032.png
4,FERPlus_1033.png
4,FERPlus_1034.png
4,FERPlus_1035.png
4,FERPlus_1036.png
4,FERPlus_1037.png
4,FERPlus_1038.png
4,FERPlus_1039.png
4,FERPlus_1040.png
4,FERPlus_1041.png
4,FERPlus_1042.png
4,FERPlus_1043.png
4,FERPlus_1044.png
4,FERPlus_1045.png
4,FERPlus_1046.png
4,FERPlus_1047.png
4,FERPlus_1048.png
4,FERPlus_1049.png
4,FERPlus_1050.png
4,FERPlus_1051.png
4,FERPlus_1052.png
4,FERPlus_1053.png
4,FERPlus_1054.png
4,FERPlus_1055.png
4,FERPlus_1056.png
4,FERPlus_1057.png
4,FERPlus_1058.png
4,FERPlus_1059.png
4,FERPlus_1060.png
4,FERPlus_1061.png
4,FERPlus_1062.png
4,FERPlus_1063.png
4,FERPlus_1064.png
4,FERPlus_1065.png
4,FERPlus_1066.png
4,FERPlus_1067.png
4,FERPlus_1068.png
4,FERPlus_1069.png
4,FERPlus_1070.png
4,FERPlus_1071.png
4,FERPlus_1072.png
4,FERPlus_1073.png
4,FERPlus_1074.png
4,FERPlus_1075.png
4,FERPlus_1076.png
4,FERPlus_1077.png
4,FERPlus_1078.png
4,FERPlus_1079.png
4,FERPlus_1080.png
4,FERPlus_1081.png
4,FERPlus_1082.png
4,FERPlus_1083.png
4,FERPlus_1084.png
4,FERPlus_1085.png
4,FERPlus_1086.png
4,FERPlus_1087.png
4,FERPlus_1088.png
4,FERPlus_1089.png
4,FERPlus_1090.png
4,FERPlus_1091.png
4,FERPlus_1092.png
4,FERPlus_1093.png
4,FERPlus_1094.png
4,FERPlus_1095.png
4,FERPlus_1096.png
4,FERPlus_1097.png
4,FERPlus_1098.png
4,FERPlus_1099.png
4,FERPlus_1100.png
4,FERPlus_1101.png
4,FERPlus_1102.png
4,FERPlus_1103.png
4,FERPlus_1104.png
4,FERPlus_1105.png
4,FERPlus_1106.png
4,FERPlus_1107.png
4,FERPlus_1108.png
4,FERPlus_1109.png
4,FERPlus_1110.png
4,FERPlus_1111.png
4,FERPlus_1112.png
4,FERPlus_1113.png
4,FERPlus_1114.png
4,FERPlus_1115.png
4,FERPlus_1116.png
4,FERPlus_1117.png
4,FERPlus_1118.png
4,FERPlus_1119.png
4,FERPlus_1120.png
4,FERPlus_1121.png
4,FERPlus_1122.png
4,FERPlus_1123.png
4,FERPlus_1124.png
4,FERPlus_1125.png
4,FERPlus_1126.png
4,FERPlus_1127.png
4,FERPlus_1128.png
4,FERPlus_1129.png
4,FERPlus_1130.png
4,FERPlus_1131.png
4,FERPlus_1132.png
4,FERPlus_1133.png
4,FERPlus_1134.png
4,FERPlus_1135.png
4,FERPlus_1136.png
4,FERPlus_1137.png
4,FERPlus_1138.png
4,FERPlus_1139.png
4,FERPlus_1140.png
4,FERPlus_1141.png
4,FERPlus_1142.png
4,FERPlus_1143.png
4,FERPlus_1144.png
4,FERPlus_1145.png
4,FERPlus_1146.png
4,FERPlus_1147.png
4,FERPlus_1148.png
4,FERPlus_1149.png
4,FERPlus_1150.png
4,FERPlus_1151.png
4,FERPlus_1152.png
4,FERPlus_1153.png
4,FERPlus_1154.png
4,FERPlus_1155.png
4,FERPlus_1156.png
4,FERPlus_1157.png
4,FERPlus_1158.png
4,FERPlus_1159.png
4,FERPlus_1160.png
4,FERPlus_1161.png
4,FERPlus_1162.png
4,FERPlus_1163.png
4,FERPlus_1164.png
4,FERPlus_1165.png
4,FERPlus_1166.png
4,FERPlus_1167.png
4,FERPlus_1168.png
4,FERPlus_1169.png
4,FERPlus_1170.png
4,FERPlus_1171.png
4,FERPlus_1172.png
4,FERPlus_1173.png
4,FERPlus_1174.png
4,FERPlus_1175.png
4,FERPlus_1176.png
4,FERPlus_1177.png
4,FERPlus_1178.png
4,FERPlus_1179.png
4,FERPlus_1180.png
4,FERPlus_1181.png
4,FERPlus_1182.png
4,FERPlus_1183.png
4,FERPlus_1184.png
4,FERPlus_1185.png
4,FERPlus_1186.png
4,FERPlus_1187.png
4,FERPlus_1188.png
4,FERPlus_1189.png
4,FERPlus_1190.png
4,FERPlus_1191.png
4,FERPlus_1192.png
4,FERPlus_1193.png
4,FERPlus_1194.png
4,FERPlus_1195.png
4,FERPlus_1196.png
4,FERPlus_1197.png
4,FERPlus_1198.png
4,FERPlus_1199.png
4,FERPlus_1200.png
4,FERPlus_1201.png
4,FERPlus_1202.png
4,FERPlus_1203.png
4,FERPlus_1204.png
4,FERPlus_1205.png
4,FERPlus_1206.png
4,FERPlus_1207.png
4,FERPlus_1208.png
4,FERPlus_1209.png
4,FERPlus_1210.png
4,FERPlus_1211.png
4,FERPlus_1212.png
4,FERPlus_1213.png
4,FERPlus_1214.png
4,FERPlus_1215.png
4,FERPlus_1216.png
4,FERPlus_1217.png
4,FERPlus_1218.png
4,FERPlus_1219.png
4,FERPlus_1220.png
4,FERPlus_1221.png
4,FERPlus_1222.png
4,FERPlus_1223.png
4,FERPlus_1224.png
4,FERPlus_1225.png
4,FERPlus_1226.png
4,FERPlus_1227.png
4,FERPlus_1228.png
4,FERPlus_1229.png
4,FERPlus_1230.png
4,FERPlus_1231.png
4,FERPlus_1232.png
4,FERPlus_1233.png
4,FERPlus_1234.png
4,FERPlus_1235.png
4,FERPlus_1236.png
4,FERPlus_1237.png
4,FERPlus_1238.png
4,FERPlus_1239.png
4,FERPlus_1240.png
4,FERPlus_1241.png
4,FERPlus_1242.png
4,FERPlus_1243.png
4,FERPlus_1244.png
4,FERPlus_1245.png
4,FERPlus_1246.png
4,FERPlus_1247.png
4,FERPlus_1248.png
4,FERPlus_1249.png
4,FERPlus_1250.png
4,FERPlus_1251.png
4,FERPlus_1252.png
4,FERPlus_1253.png
4,FERPlus_1254.png
4,FERPlus_1255.png
4,FERPlus_1256.png
4,FERPlus_1257.png
4,FERPlus_1258.png
4,FERPlus_1259.png
4,FERPlus_1260.png
4,FERPlus_1261.png
4,FERPlus_1262.png
4,FERPlus_1263.png
4,FERPlus_1264.png
4,FERPlus_1265.png
4,FERPlus_1266.png
4,FERPlus_1267.png
4,FERPlus_1268.png
4,FERPlus_1269.png
4,FERPlus_1270.png
4,FERPlus_1271.png
4,FERPlus_1272.png
4,FERPlus_1273.png
4,FERPlus_1274.png
4,FERPlus_1275.png
4,FERPlus_1276.png
4,FERPlus_1277.png
4,FERPlus_1278.png
4,FERPlus_1279.png
4,FERPlus_1280.png
4,FERPlus_1281.png
4,FERPlus_1282.png
4,FERPlus_1283.png
4,FERPlus_1284.png
4,FERPlus_1285.png
4,FERPlus_1286.png
4,FERPlus_1287.png
4,FERPlus_1288.png
4,FERPlus_1289.png
4,FERPlus_1290.png
4,FERPlus_1291.png
4,FERPlus_1292.png
4,FERPlus_1293.png
4,FERPlus_1294.png
4,FERPlus_1295.png
4,FERPlus_1296.png
4,FERPlus_1297.png
4,FERPlus_1298.png
4,FERPlus_1299.png
4,FERPlus_1300.png
4,FERPlus_1301.png
4,FERPlus_1302.png
4,FERPlus_1303.png
4,FERPlus_1304.png
4,FERPlus_1305.png
4,FERPlus_1306.png
4,FERPlus_1307.png
4,FERPlus_1308.png
4,FERPlus_1309.png
4,FERPlus_1310.png
4,FERPlus_1311.png
4,FERPlus_1312.png
4,FERPlus_1313.png
4,FERPlus_1314.png
4,FERPlus_1315.png
4,FERPlus_1316.png
4,FERPlus_1317.png
4,FERPlus_1318.png
4,FERPlus_1319.png
4,FERPlus_1320.png
4,FERPlus_1321.png
4,FERPlus_1322.png
4,FERPlus_1323.png
4,FERPlus_1324.png
4,FERPlus_1325.png
4,FERPlus_1326.png
4,FERPlus_1327.png
4,FERPlus_1328.png
4,FERPlus_1329.png
4,FERPlus_1330.png
4,FERPlus_1331.png
4,FERPlus_1332.png
4,FERPlus_1333.png
4,FERPlus_1334.png
4,FERPlus_1335.png
4,FERPlus_1336.png
4,FERPlus_1337.png
4,FERPlus_1338.png
4,FERPlus_1339.png
4,FERPlus_1340.png
4,FERPlus_1341.png
4,FERPlus_1342.png
4,FERPlus_1343.png
4,FERPlus_1344.png
4,FERPlus_1345.png
4,FERPlus_1346.png
4,FERPlus_1347.png
4,FERPlus_1348.png
4,FERPlus_1349.png
4,FERPlus_1350.png
4,FERPlus_1351.png
4,FERPlus_1352.png
4,FERPlus_1353.png
4,FERPlus_1354.png
4,FERPlus_1355.png
4,FERPlus_1356.png
4,FERPlus_1357.png
4,FERPlus_1358.png
4,FERPlus_1359.png
4,FERPlus_1360.png
4,FERPlus_1361.png
4,FERPlus_1362.png
4,FERPlus_1363.png
4,FERPlus_1364.png
4,FERPlus_1365.png
4,FERPlus_1366.png
4,FERPlus_1367.png
4,FERPlus_1368.png
4,FERPlus_1369.png
4,FERPlus_1370.png
4,FERPlus_1371.png
4,FERPlus_1372.png
4,FERPlus_1373.png
4,FERPlus_1374.png
4,FERPlus_1375.png
4,FERPlus_1376.png
4,FERPlus_1377.png
4,FERPlus_1378.png
4,FERPlus_1379.png
4,FERPlus_1380.png
4,FERPlus_1381.png
4,FERPlus_1382.png
4,FERPlus_1383.png
4,FERPlus_1384.png
4,FERPlus_1385.png
4,FERPlus_1386.png
4,FERPlus_1387.png
4,FERPlus_1388.png
4,FERPlus_1389.png
4,FERPlus_1390.png
4,FERPlus_1391.png
4,FERPlus_1392.png
4,FERPlus_1393.png
4,FERPlus_1394.png
4,FERPlus_1395.png
4,FERPlus_1396.png
4,FERPlus_1397.png
4,FERPlus_1398.png
4,FERPlus_1399.png
4,FERPlus_1400.png
4,FERPlus_1401.png
4,FERPlus_1402.png
4,FERPlus_1403.png
4,FERPlus_1404.png
4,FERPlus_1405.png
4,FERPlus_1406.png
4,FERPlus_1407.png
4,FERPlus_1408.png
4,FERPlus_1409.png
4,FERPlus_1410.png
4,FERPlus_1411.png
4,FERPlus_1412.png
4,FERPlus_1413.png
4,FERPlus_1414.png
4,FERPlus_1415.png
4,FERPlus_1416.png
4,FERPlus_1417.png
4,FERPlus_1418.png
4,FERPlus_1419.png
4,FERPlus_1420.png
4,FERPlus_1421.png
4,FERPlus_1422.png
4,FERPlus_1423.png
4,FERPlus_1424.png
4,FERPlus_1425.png
4,FERPlus_1426.png
4,FERPlus_1427.png
4,FERPlus_1428.png
4,FERPlus_1429.png
4,FERPlus_1430.png
4,FERPlus_1431.png
4,FERPlus_1432.png
4,FERPlus_1433.png
4,FERPlus_1434.png
4,FERPlus_1435.png
4,FERPlus_1436.png
4,FERPlus_1437.png
4,FERPlus_1438.png
4,FERPlus_1439.png
4,FERPlus_1440.png
4,FERPlus_1441.png
4,FERPlus_1442.png
4,FERPlus_1443.png
4,FERPlus_1444.png
4,FERPlus_1445.png
4,FERPlus_1446.png
4,FERPlus_1447.png
4,FERPlus_1448.png
4,FERPlus_1449.png
4,FERPlus_1450.png
4,FERPlus_1451.png
4,FERPlus_1452.png
4,FERPlus_1453.png
4,FERPlus_1454.png
4,FERPlus_1455.png
4,FERPlus_1456.png
4,FERPlus_1457.png
4,FERPlus_1458.png
4,FERPlus_1459.png
4,FERPlus_1460.png
4,FERPlus_1461.png
4,FERPlus_1462.png
4,FERPlus_1463.png
4,FERPlus_1464.png
4,FERPlus_1465.png
4,FERPlus_1466.png
4,FERPlus_1467.png
4,FERPlus_1468.png
4,FERPlus_1469.png
4,FERPlus_1470.png
4,FERPlus_1471.png
4,FERPlus_1472.png
4,FERPlus_1473.png
4,FERPlus_1474.png
4,FERPlus_1475.png
4,FERPlus_1476.png
4,FERPlus_1477.png
4,FERPlus_1478.png
4,FERPlus_1479.png
4,FERPlus_1480.png
4,FERPlus_1481.png
4,FERPlus_1482.png
4,FERPlus_1483.png
4,FERPlus_1484.png
4,FERPlus_1485.png
4,FERPlus_1486.png
4,FERPlus_1487.png
4,FERPlus_1488.png
4,FERPlus_1489.png
4,FERPlus_1490.png
4,FERPlus_1491.png
4,FERPlus_1492.png
4,FERPlus_1493.png
4,FERPlus_1494.png
4,FERPlus_1495.png
4,FERPlus_1496.png
4,FERPlus_1497.png
4,FERPlus_1498.png
4,FERPlus_1499.png
4,FERPlus_1500.png
4,FERPlus_1501.png
4,FERPlus_1502.png
4,FERPlus_1503.png
4,FERPlus_1504.png
4,FERPlus_1505.png
4,FERPlus_1506.png
4,FERPlus_1507.png
4,FERPlus_1508.png
4,FERPlus_1509.png
4,FERPlus_1510.png
4,FERPlus_1511.png
4,FERPlus_1512.png
4,FERPlus_1513.png
4,FERPlus_1514.png
4,FERPlus_1515.png
4,FERPlus_1516.png
4,FERPlus_1517.png
4,FERPlus_1518.png
4,FERPlus_1519.png
4,FERPlus_1520.png
4,FERPlus_1521.png
4,FERPlus_1522.png
4,FERPlus_1523.png
4,FERPlus_1524.png
4,FERPlus_1525.png
4,FERPlus_1526.png
4,FERPlus_1527.png
4,FERPlus_1528.png
4,FERPlus_1529.png
4,FERPlus_1530.png
4,FERPlus_1531.png
4,FERPlus_1532.png
4,FERPlus_1533.png
4,FERPlus_1534.png
4,FERPlus_1535.png
4,FERPlus_1536.png
4,FERPlus_1537.png
4,FERPlus_1538.png
4,FERPlus_1539.png
4,FERPlus_1540.png
4,FERPlus_1541.png
4,FERPlus_1542.png
4,FERPlus_1543.png
4,FERPlus_1544.png
4,FERPlus_1545.png
4,FERPlus_1546.png
4,FERPlus_1547.png
4,FERPlus_1548.png
4,FERPlus_1549.png
4,FERPlus_1550.png
4,FERPlus_1551.png
4,FERPlus_1552.png
4,FERPlus_1553.png
4,FERPlus_1554.png
4,FERPlus_1555.png
4,FERPlus_1556.png
4,FERPlus_1557.png
4,FERPlus_1558.png
4,FERPlus_1559.png
4,FERPlus_1560.png
4,FERPlus_1561.png
4,FERPlus_1562.png
4,FERPlus_1563.png
4,FERPlus_1564.png
4,FERPlus_1565.png
4,FERPlus_1566.png
4,FERPlus_1567.png
4,FERPlus_1568.png
4,FERPlus_1569.png
4,FERPlus_1570.png
4,FERPlus_1571.png
4,FERPlus_1572.png
4,FERPlus_1573.png
4,FERPlus_1574.png
4,FERPlus_1575.png
4,FERPlus_1576.png
4,FERPlus_1577.png
4,FERPlus_1578.png
4,FERPlus_1579.png
4,FERPlus_1580.png
4,FERPlus_1581.png
4,FERPlus_1582.png
4,FERPlus_1583.png
4,FERPlus_1584.png
4,FERPlus_1585.png
4,FERPlus_1586.png
4,FERPlus_1587.png
4,FERPlus_1588.png
4,FERPlus_1589.png
4,FERPlus_1590.png
4,FERPlus_1591.png
4,FERPlus_1592.png
4,FERPlus_1593.png
4,FERPlus_1594.png
4,FERPlus_1595.png
4,FERPlus_1596.png
4,FERPlus_1597.png
4,FERPlus_1598.png
4,FERPlus_1599.png
4,FERPlus_1600.png
4,FERPlus_1601.png
4,FERPlus_1602.png
4,FERPlus_1603.png
4,FERPlus_1604.png
4,FERPlus_1605.png
4,FERPlus_1606.png
4,FERPlus_1607.png
4,FERPlus_1608.png
4,FERPlus_1609.png
4,FERPlus_1610.png
4,FERPlus_1611.png
4,FERPlus_1612.png
4,FERPlus_1613.png
4,FERPlus_1614.png
4,FERPlus_1615.png
4,FERPlus_1616.png
4,FERPlus_1617.png
4,FERPlus_1618.png
4,FERPlus_1619.png
4,FERPlus_1620.png
4,FERPlus_1621.png
4,FERPlus_1622.png
4,FERPlus_1623.png
4,FERPlus_1624.png
4,FERPlus_1625.png
4,FERPlus_1626.png
4,FERPlus_1627.png
4,FERPlus_1628.png
4,FERPlus_1629.png
4,FERPlus_1630.png
4,FERPlus_1631.png
4,FERPlus_1632.png
4,FERPlus_1633.png
4,FERPlus_1634.png
4,FERPlus_1635.png
4,FERPlus_1636.png
4,FERPlus_1637.png
4,FERPlus_1638.png
4,FERPlus_1639.png
4,FERPlus_1640.png
4,FERPlus_1641.png
4,FERPlus_1642.png
4,FERPlus_1643.png
4,FERPlus_1644.png
4,FERPlus_1645.png
4,FERPlus_1646.png
4,FERPlus_1647.png
4,FERPlus_1648.png
4,FERPlus_1649.png
4,FERPlus_1650.png
4,FERPlus_1651.png
4,FERPlus_1652.png
4,FERPlus_1653.png
4,FERPlus_1654.png
4,FERPlus_1655.png
4,FERPlus_1656.png
4,FERPlus_1657.png
4,FERPlus_1658.png
4,FERPlus_1659.png
4,FERPlus_1660.png
4,FERPlus_1661.png
4,FERPlus_1662.png
4,FERPlus_1663.png
4,FERPlus_1664.png
4,FERPlus_1665.png
4,FERPlus_1666.png
4,FERPlus_1667.png
4,FERPlus_1668.png
4,FERPlus_1669.png
4,FERPlus_1670.png
4,FERPlus_1671.png
4,FERPlus_1672.png
4,FERPlus_1673.png
4,FERPlus_1674.png
4,FERPlus_1675.png
4,FERPlus_1676.png
4,FERPlus_1677.png
4,FERPlus_1678.png
4,FERPlus_1679.png
4,FERPlus_1680.png
4,FERPlus_1681.png
4,FERPlus_1682.png
4,FERPlus_1683.png
4,FERPlus_1684.png
4,FERPlus_1685.png
4,FERPlus_1686.png
4,FERPlus_1687.png
4,FERPlus_1688.png
4,FERPlus_1689.png
4,FERPlus_1690.png
4,FERPlus_1691.png
4,FERPlus_1692.png
4,FERPlus_1693.png
4,FERPlus_1694.png
4,FERPlus_1695.png
4,FERPlus_1696.png
4,FERPlus_1697.png
4,FERPlus_1698.png
4,FERPlus_1699.png
4,FERPlus_1700.png
4,FERPlus_1701.png
4,FERPlus_1702.png
4,FERPlus_1703.png
4,FERPlus_1704.png
4,FERPlus_1705.png
4,FERPlus_1706.png
4,FERPlus_1707.png
4,FERPlus_1708.png
4,FERPlus_1709.png
4,FERPlus_1710.png
4,FERPlus_1711.png
4,FERPlus_1712.png
4,FERPlus_1713.png
4,FERPlus_1714.png
4,FERPlus_1715.png
4,FERPlus_1716.png
4,FERPlus_1717.png
4,FERPlus_1718.png
4,FERPlus_1719.png
4,FERPlus_1720.png
4,FERPlus_1721.png
4,FERPlus_1722.png
4,FERPlus_1723.png
4,FERPlus_1724.png
4,FERPlus_1725.png
4,FERPlus_1726.png
4,FERPlus_1727.png
4,FERPlus_1728.png
4,FERPlus_1729.png
4,FERPlus_1730.png
4,FERPlus_1731.png
4,FERPlus_1732.png
4,FERPlus_1733.png
4,FERPlus_1734.png
4,FERPlus_1735.png
4,FERPlus_1736.png
4,FERPlus_1737.png
4,FERPlus_1738.png
4,FERPlus_1739.png
4,FERPlus_1740.png
4,FERPlus_1741.png
4,FERPlus_1742.png
4,FERPlus_1743.png
4,FERPlus_1744.png
4,FERPlus_1745.png
4,FERPlus_1746.png
4,FERPlus_1747.png
4,FERPlus_1748.png
4,FERPlus_1749.png
4,FERPlus_1750.png
4,FERPlus_1751.png
4,FERPlus_1752.png
4,FERPlus_1753.png
4,FERPlus_1754.png
4,FERPlus_1755.png
4,FERPlus_1756.png
4,FERPlus_1757.png
4,FERPlus_1758.png
4,FERPlus_1759.png
4,FERPlus_1760.png
4,FERPlus_1761.png
4,FERPlus_1762.png
4,FERPlus_1763.png
4,FERPlus_1764.png
4,FERPlus_1765.png
4,FERPlus_1766.png
4,FERPlus_1767.png
4,FERPlus_1768.png
4,FERPlus_1769.png
4,FERPlus_1770.png
4,FERPlus_1771.png
4,FERPlus_1772.png
4,FERPlus_1773.png
4,FERPlus_1774.png
4,FERPlus_1775.png
4,FERPlus_1776.png
4,FERPlus_1777.png
4,FERPlus_1778.png
4,FERPlus_1779.png
4,FERPlus_1780.png
4,FERPlus_1781.png
4,FERPlus_1782.png
4,FERPlus_1783.png
4,FERPlus_1784.png
4,FERPlus_1785.png
4,FERPlus_1786.png
4,FERPlus_1787.png
4,FERPlus_1788.png
4,FERPlus_1789.png
4,FERPlus_1790.png
4,FERPlus_1791.png
4,FERPlus_1792.png
4,FERPlus_1793.png
4,FERPlus_1794.png
4,FERPlus_1795.png
4,FERPlus_1796.png
4,FERPlus_1797.png
4,FERPlus_1798.png
4,FERPlus_1799.png
4,FERPlus_1800.png
4,FERPlus_1801.png
4,FERPlus_1802.png
4,FERPlus_1803.png
4,FERPlus_1804.png
4,FERPlus_1805.png
4,FERPlus_1806.png
4,FERPlus_1807.png
4,FERPlus_1808.png
4,FERPlus_1809.png
4,FERPlus_1810.png
4,FERPlus_1811.png
4,FERPlus_1812.png
4,FERPlus_1813.png
4,FERPlus_1814.png
4,FERPlus_1815.png
4,FERPlus_1816.png
4,FERPlus_1817.png
4,FERPlus_1818.png
4,FERPlus_1819.png
4,FERPlus_1820.png
4,FERPlus_1821.png
4,FERPlus_1822.png
4,FERPlus_1823.png
4,FERPlus_1824.png
4,FERPlus_1825.png
4,FERPlus_1826.png
4,FERPlus_1827.png
4,FERPlus_1828.png
4,FERPlus_1829.png
4,FERPlus_1830.png
4,FERPlus_1831.png
4,FERPlus_1832.png
4,FERPlus_1833.png
4,FERPlus_1834.png
4,FERPlus_1835.png
4,FERPlus_1836.png
4,FERPlus_1837.png
4,FERPlus_1838.png
4,FERPlus_1839.png
4,FERPlus_1840.png
4,FERPlus_1841.png
4,FERPlus_1842.png
4,FERPlus_1843.png
4,FERPlus_1844.png
4,FERPlus_1845.png
4,FERPlus_1846.png
4,FERPlus_1847.png
4,FERPlus_1848.png
4,FERPlus_1849.png
4,FERPlus_1850.png
4,FERPlus_1851.png
4,FERPlus_1852.png
4,FERPlus_1853.png
4,FERPlus_1854.png
4,FERPlus_1855.png
4,FERPlus_1856.png
4,FERPlus_1857.png
4,FERPlus_1858.png
4,FERPlus_1859.png
4,FERPlus_1860.png
4,FERPlus_1861.png
4,FERPlus_1862.png
4,FERPlus_1863.png
4,FERPlus_1864.png
4,FERPlus_1865.png
4,FERPlus_1866.png
4,FERPlus_1867.png
4,FERPlus_1868.png
4,FERPlus_1869.png
4,FERPlus_1870.png
4,FERPlus_1871.png
4,FERPlus_1872.png
4,FERPlus_1873.png
4,FERPlus_1874.png
4,FERPlus_1875.png
4,FERPlus_1876.png
4,FERPlus_1877.png
4,FERPlus_1878.png
4,FERPlus_1879.png
4,FERPlus_1880.png
4,FERPlus_1881.png
4,FERPlus_1882.png
4,FERPlus_1883.png
4,FERPlus_1884.png
4,FERPlus_1885.png
4,FERPlus_1886.png
4,FERPlus_1887.png
4,FERPlus_1888.png
4,FERPlus_1889.png
4,FERPlus_1890.png
4,FERPlus_1891.png
4,FERPlus_1892.png
4,FERPlus_1893.png
4,FERPlus_1894.png
4,FERPlus_1895.png
4,FERPlus_1896.png
4,FERPlus_1897.png
4,FERPlus_1898.png
4,FERPlus_1899.png
4,FERPlus_1900.png
4,FERPlus_1901.png
4,FERPlus_1902.png
4,FERPlus_1903.png
4,FERPlus_1904.png
4,FERPlus_1905.png
4,FERPlus_1906.png
4,FERPlus_1907.png
4,FERPlus_1908.png
4,FERPlus_1909.png
4,FERPlus_1910.png
4,FERPlus_1911.png
4,FERPlus_1912.png
4,FERPlus_1913.png
4,FERPlus_1914.png
4,FERPlus_1915.png
4,FERPlus_1916.png
4,FERPlus_1917.png
4,FERPlus_1918.png
4,FERPlus_1919.png
4,FERPlus_1920.png
4,FERPlus_1921.png
4,FERPlus_1922.png
4,FERPlus_1923.png
4,FERPlus_1924.png
4,FERPlus_1925.png
4,FERPlus_1926.png
4,FERPlus_1927.png
4,FERPlus_1928.png
4,FERPlus_1929.png
4,FERPlus_1930.png
4,FERPlus_1931.png
4,FERPlus_1932.png
4,FERPlus_1933.png
4,FERPlus_1934.png
4,FERPlus_1935.png
4,FERPlus_1936.png
4,FERPlus_1937.png
4,FERPlus_1938.png
4,FERPlus_1939.png
4,FERPlus_1940.png
4,FERPlus_1941.png
4,FERPlus_1942.png
4,FERPlus_1943.png
4,FERPlus_1944.png
4,FERPlus_1945.png
4,FERPlus_1946.png
4,FERPlus_1947.png
4,FERPlus_1948.png
4,FERPlus_1949.png
4,FERPlus_1950.png
4,FERPlus_1951.png
4,FERPlus_1952.png
4,FERPlus_1953.png
4,FERPlus_1954.png
4,FERPlus_1955.png
4,FERPlus_1956.png
4,FERPlus_1957.png
4,FERPlus_1958.png
4,FERPlus_1959.png
4,FERPlus_1960.png
4,FERPlus_1961.png
4,FERPlus_1962.png
4,FERPlus_1963.png
4,FERPlus_1964.png
4,FERPlus_1965.png
4,FERPlus_1966.png
4,FERPlus_1967.png
4,FERPlus_1968.png
4,FERPlus_1969.png
4,FERPlus_1970.png
4,FERPlus_1971.png
4,FERPlus_1972.png
4,FERPlus_1973.png
4,FERPlus_1974.png
4,FERPlus_1975.png
4,FERPlus_1976.png
4,FERPlus_1977.png
4,FERPlus_1978.png
4,FERPlus_1979.png
4,FERPlus_1980.png
4,FERPlus_1981.png
4,FERPlus_1982.png
4,FERPlus_1983.png
4,FERPlus_1984.png
4,FERPlus_1985.png
4,FERPlus_1986.png
4,FERPlus_1987.png
4,FERPlus_1988.png
4,FERPlus_1989.png
4,FERPlus_1990.png
4,FERPlus_1991.png
4,FERPlus_1992.png
4,FERPlus_1993.png
4,FERPlus_1994.png
4,FERPlus_1995.png
4,FERPlus_1996.png
4,FERPlus_1997.png
4,FERPlus_1998.png
4,FERPlus_1999.png
4,FERPlus_2000.png
4,FERPlus_2001.png
4,FERPlus_2002.png
4,FERPlus_2003.png
4,FERPlus_2004.png
4,FERPlus_2005.png
4,FERPlus_2006.png
4,FERPlus_2007.png
4,FERPlus_2008.png
4,FERPlus_2009.png
4,FERPlus_2010.png
4,FERPlus_2011.png
4,FERPlus_2012.png
4,FERPlus_2013.png
4,FERPlus_2014.png
4,FERPlus_2015.png
4,FERPlus_2016.png
4,FERPlus_2017.png
4,FERPlus_2018.png
4,FERPlus_2019.png
4,FERPlus_2020.png
4,FERPlus_2021.png
4,FERPlus_2022.png
4,FERPlus_2023.png
4,FERPlus_2024.png
4,FERPlus_2025.png
4,FERPlus_2026.png
4,FERPlus_2027.png
4,FERPlus_2028.png
4,FERPlus_2029.png
4,FERPlus_2030.png
4,FERPlus_2031.png
4,FERPlus_2032.png
4,FERPlus_2033.png
4,FERPlus_2034.png
4,FERPlus_2035.png
4,FERPlus_2036.png
4,FERPlus_2037.png
4,FERPlus_2038.png
4,FERPlus_2039.png
4,FERPlus_2040.png
4,FERPlus_2041.png
4,FERPlus_2042.png
4,FERPlus_2043.png
4,FERPlus_2044.png
4,FERPlus_2045.png
4,FERPlus_2046.png
4,FERPlus_2047.png
4,FERPlus_2048.png
4,FERPlus_2049.png
4,FERPlus_2050.png
4,FERPlus_2051.png
4,FERPlus_2052.png
4,FERPlus_2053.png
4,FERPlus_2054.png
4,FERPlus_2055.png
4,FERPlus_2056.png
4,FERPlus_2057.png
4,FERPlus_2058.png
4,FERPlus_2059.png
4,FERPlus_2060.png
4,FERPlus_2061.png
4,FERPlus_2062.png
4,FERPlus_2063.png
4,FERPlus_2064.png
4,FERPlus_2065.png
4,FERPlus_2066.png
4,FERPlus_2067.png
4,FERPlus_2068.png
4,FERPlus_2069.png
4,FERPlus_2070.png
4,FERPlus_2071.png
4,FERPlus_2072.png
4,FERPlus_2073.png
4,FERPlus_2074.png
4,FERPlus_2075.png
4,FERPlus_2076.png
4,FERPlus_2077.png
4,FERPlus_2078.png
4,FERPlus_2079.png
4,FERPlus_2080.png
4,FERPlus_2081.png
4,FERPlus_2082.png
4,FERPlus_2083.png
4,FERPlus_2084.png
4,FERPlus_2085.png
4,FERPlus_2086.png
4,FERPlus_2087.png
4,FERPlus_2088.png
4,FERPlus_2089.png
4,FERPlus_2090.png
4,FERPlus_2091.png
4,FERPlus_2092.png
4,FERPlus_2093.png
4,FERPlus_2094.png
4,FERPlus_2095.png
4,FERPlus_2096.png
4,FERPlus_2097.png
4,FERPlus_2098.png
4,FERPlus_2099.png
4,FERPlus_2100.png
4,FERPlus_2101.png
4,FERPlus_2102.png
4,FERPlus_2103.png
4,FERPlus_2104.png
4,FERPlus_2105.png
4,FERPlus_2106.png
4,FERPlus_2107.png
4,FERPlus_2108.png
4,FERPlus_2109.png
4,FERPlus_2110.png
4,FERPlus_2111.png
4,FERPlus_2112.png
4,FERPlus_2113.png
4,FERPlus_2114.png
4,FERPlus_2115.png
4,FERPlus_2116.png
4,FERPlus_2117.png
4,FERPlus_2118.png
4,FERPlus_2119.png
4,FERPlus_2120.png
4,FERPlus_2121.png
4,FERPlus_2122.png
4,FERPlus_2123.png
4,FERPlus_2124.png
4,FERPlus_2125.png
4,FERPlus_2126.png
4,FERPlus_2127.png
4,FERPlus_2128.png
4,FERPlus_2129.png
4,FERPlus_2130.png
4,FERPlus_2131.png
4,FERPlus_2132.png
4,FERPlus_2133.png
4,FERPlus_2134.png
4,FERPlus_2135.png
4,FERPlus_2136.png
4,FERPlus_2137.png
4,FERPlus_2138.png
4,FERPlus_2139.png
4,FERPlus_2140.png
4,FERPlus_2141.png
4,FERPlus_2142.png
4,FERPlus_2143.png
4,FERPlus_2144.png
4,FERPlus_2145.png
4,FERPlus_2146.png
4,FERPlus_2147.png
4,FERPlus_2148.png
4,FERPlus_2149.png
4,FERPlus_2150.png
4,FERPlus_2151.png
4,FERPlus_2152.png
4,FERPlus_2153.png
4,FERPlus_2154.png
4,FERPlus_2155.png
4,FERPlus_2156.png
4,FERPlus_2157.png
4,FERPlus_2158.png
4,FERPlus_2159.png
4,FERPlus_2160.png
4,FERPlus_2161.png
4,FERPlus_2162.png
4,FERPlus_2163.png
4,FERPlus_2164.png
4,FERPlus_2165.png
4,FERPlus_2166.png
4,FERPlus_2167.png
4,FERPlus_2168.png
4,FERPlus_2169.png
4,FERPlus_2170.png
4,FERPlus_2171.png
4,FERPlus_2172.png
4,FERPlus_2173.png
4,FERPlus_2174.png
4,FERPlus_2175.png
4,FERPlus_2176.png
4,FERPlus_2177.png
4,FERPlus_2178.png
4,FERPlus_2179.png
4,FERPlus_2180.png
4,FERPlus_2181.png
4,FERPlus_2182.png
4,FERPlus_2183.png
4,FERPlus_2184.png
4,FERPlus_2185.png
4,FERPlus_2186.png
4,FERPlus_2187.png
4,FERPlus_2188.png
4,FERPlus_2189.png
4,FERPlus_2190.png
4,FERPlus_2191.png
4,FERPlus_2192.png
4,FERPlus_2193.png
4,FERPlus_2194.png
4,FERPlus_2195.png
4,FERPlus_2196.png
4,FERPlus_2197.png
4,FERPlus_2198.png
4,FERPlus_2199.png
4,FERPlus_2200.png
4,FERPlus_2201.png
4,FERPlus_2202.png
4,FERPlus_2203.png
4,FERPlus_2204.png
4,FERPlus_2205.png
4,FERPlus_2206.png
4,FERPlus_2207.png
4,FERPlus_2208.png
4,FERPlus_2209.png
4,FERPlus_2210.png
4,FERPlus_2211.png
4,FERPlus_2212.png
4,FERPlus_2213.png
4,FERPlus_2214.png
4,FERPlus_2215.png
4,FERPlus_2216.png
4,FERPlus_2217.png
4,FERPlus_2218.png
4,FERPlus_2219.png
4,FERPlus_2220.png
4,FERPlus_2221.png
4,FERPlus_2222.png
4,FERPlus_2223.png
4,FERPlus_2224.png
4,FERPlus_2225.png
4,FERPlus_2226.png
4,FERPlus_2227.png
4,FERPlus_2228.png
4,FERPlus_2229.png
4,FERPlus_2230.png
4,FERPlus_2231.png
4,FERPlus_2232.png
4,FERPlus_2233.png
4,FERPlus_2234.png
4,FERPlus_2235.png
4,FERPlus_2236.png
4,FERPlus_2237.png
4,FERPlus_2238.png
4,FERPlus_2239.png
4,FERPlus_2240.png
4,FERPlus_2241.png
4,FERPlus_2242.png
4,FERPlus_2243.png
4,FERPlus_2244.png
4,FERPlus_2245.png
4,FERPlus_2246.png
4,FERPlus_2247.png
4,FERPlus_2248.png
4,FERPlus_2249.png
4,FERPlus_2250.png
4,FERPlus_2251.png
4,FERPlus_2252.png
4,FERPlus_2253.png
4,FERPlus_2254.png
4,FERPlus_2255.png
4,FERPlus_2256.png
4,FERPlus_2257.png
4,FERPlus_2258.png
4,FERPlus_2259.png
4,FERPlus_2260.png
4,FERPlus_2261.png
4,FERPlus_2262.png
4,FERPlus_2263.png
4,FERPlus_2264.png
4,FERPlus_2265.png
4,FERPlus_2266.png
4,FERPlus_2267.png
4,FERPlus_2268.png
4,FERPlus_2269.png
4,FERPlus_2270.png
4,FERPlus_2271.png
4,FERPlus_2272.png
4,FERPlus_2273.png
4,FERPlus_2274.png
4,FERPlus_2275.png
4,FERPlus_2276.png
4,FERPlus_2277.png
4,FERPlus_2278.png
4,FERPlus_2279.png
4,FERPlus_2280.png
4,FERPlus_2281.png
4,FERPlus_2282.png
4,FERPlus_2283.png
4,FERPlus_2284.png
4,FERPlus_2285.png
4,FERPlus_2286.png
4,FERPlus_2287.png
4,FERPlus_2288.png
4,FERPlus_2289.png
4,FERPlus_2290.png
4,FERPlus_2291.png
4,FERPlus_2292.png
4,FERPlus_2293.png
4,FERPlus_2294.png
4,FERPlus_2295.png
4,FERPlus_2296.png
4,FERPlus_2297.png
4,FERPlus_2298.png
4,FERPlus_2299.png
4,FERPlus_2300.png
4,FERPlus_2301.png
4,FERPlus_2302.png
4,FERPlus_2303.png
4,FERPlus_2304.png
4,FERPlus_2305.png
4,FERPlus_2306.png
4,FERPlus_2307.png
4,FERPlus_2308.png
4,FERPlus_2309.png
4,FERPlus_2310.png
4,FERPlus_2311.png
4,FERPlus_2312.png
4,FERPlus_2313.png
4,FERPlus_2314.png
4,FERPlus_2315.png
4,FERPlus_2316.png
4,FERPlus_2317.png
4,FERPlus_2318.png
4,FERPlus_2319.png
4,FERPlus_2320.png
4,FERPlus_2321.png
4,FERPlus_2322.png
4,FERPlus_2323.png
4,FERPlus_2324.png
4,FERPlus_2325.png
4,FERPlus_2326.png
4,FERPlus_2327.png
4,FERPlus_2328.png
4,FERPlus_2329.png
4,FERPlus_2330.png
4,FERPlus_2331.png
4,FERPlus_2332.png
4,FERPlus_2333.png
4,FERPlus_2334.png
4,FERPlus_2335.png
4,FERPlus_2336.png
4,FERPlus_2337.png
4,FERPlus_2338.png
4,FERPlus_2339.png
4,FERPlus_2340.png
4,FERPlus_2341.png
4,FERPlus_2342.png
4,FERPlus_2343.png
4,FERPlus_2344.png
4,FERPlus_2345.png
4,FERPlus_2346.png
4,FERPlus_2347.png
4,FERPlus_2348.png
4,FERPlus_2349.png
4,FERPlus_2350.png
4,FERPlus_2351.png
4,FERPlus_2352.png
4,FERPlus_2353.png
4,FERPlus_2354.png
4,FERPlus_2355.png
4,FERPlus_2356.png
4,FERPlus_2357.png
4,FERPlus_2358.png
4,FERPlus_2359.png
4,FERPlus_2360.png
4,FERPlus_2361.png
4,FERPlus_2362.png
4,FERPlus_2363.png
4,FERPlus_2364.png
4,FERPlus_2365.png
4,FERPlus_2366.png
4,FERPlus_2367.png
4,FERPlus_2368.png
4,FERPlus_2369.png
4,FERPlus_2370.png
4,FERPlus_2371.png
4,FERPlus_2372.png
4,FERPlus_2373.png
4,FERPlus_2374.png
4,FERPlus_2375.png
4,FERPlus_2376.png
4,FERPlus_2377.png
4,FERPlus_2378.png
4,FERPlus_2379.png
4,FERPlus_2380.png
4,FERPlus_2381.png
4,FERPlus_2382.png
4,FERPlus_2383.png
4,FERPlus_2384.png
4,FERPlus_2385.png
4,FERPlus_2386.png
4,FERPlus_2387.png
4,FERPlus_2388.png
4,FERPlus_2389.png
4,FERPlus_2390.png
4,FERPlus_2391.png
4,FERPlus_2392.png
4,FERPlus_2393.png
4,FERPlus_2394.png
4,FERPlus_2395.png
4,FERPlus_2396.png
4,FERPlus_2397.png
4,FERPlus_2398.png
4,FERPlus_2399.png
4,FERPlus_2400.png
4,FERPlus_2401.png
4,FERPlus_2402.png
4,FERPlus_2403.png
4,FERPlus_2404.png
4,FERPlus_2405.png
4,FERPlus_2406.png
4,FERPlus_2407.png
4,FERPlus_2408.png
4,FERPlus_2409.png
4,FERPlus_2410.png
4,FERPlus_2411.png
4,FERPlus_2412.png
4,FERPlus_2413.png
4,FERPlus_2414.png
4,FERPlus_2415.png
4,FERPlus_2416.png
4,FERPlus_2417.png
4,FERPlus_2418.png
4,FERPlus_2419.png
4,FERPlus_2420.png
4,FERPlus_2421.png
4,FERPlus_2422.png
4,FERPlus_2423.png
4,FERPlus_2424.png
4,FERPlus_2425.png
4,FERPlus_2426.png
4,FERPlus_2427.png
4,FERPlus_2428.png
4,FERPlus_2429.png
4,FERPlus_2430.png
4,FERPlus_2431.png
4,FERPlus_2432.png
4,FERPlus_2433.png
4,FERPlus_2434.png
4,FERPlus_2435.png
4,FERPlus_2436.png
4,FERPlus_2437.png
4,FERPlus_2438.png
4,FERPlus_2439.png
4,FERPlus_2440.png
4,FERPlus_2441.png
4,FERPlus_2442.png
4,FERPlus_2443.png
4,FERPlus_2444.png
4,FERPlus_2445.png
4,FERPlus_2446.png
4,FERPlus_2447.png
4,FERPlus_2448.png
4,FERPlus_2449.png
4,FERPlus_2450.png
4,FERPlus_2451.png
4,FERPlus_2452.png
4,FERPlus_2453.png
4,FERPlus_2454.png
4,FERPlus_2455.png
4,FERPlus_2456.png
4,FERPlus_2457.png
4,FERPlus_2458.png
4,FERPlus_2459.png
4,FERPlus_2460.png
4,FERPlus_2461.png
4,FERPlus_2462.png
4,FERPlus_2463.png
4,FERPlus_2464.png
4,FERPlus_2465.png
4,FERPlus_2466.png
4,FERPlus_2467.png
4,FERPlus_2468.png
4,FERPlus_2469.png
4,FERPlus_2470.png
4,FERPlus_2471.png
4,FERPlus_2472.png
4,FERPlus_2473.png
4,FERPlus_2474.png
4,FERPlus_2475.png
4,FERPlus_2476.png
4,FERPlus_2477.png
4,FERPlus_2478.png
4,FERPlus_2479.png
4,FERPlus_2480.png
4,FERPlus_2481.png
4,FERPlus_2482.png
4,FERPlus_2483.png
4,FERPlus_2484.png
4,FERPlus_2485.png
4,FERPlus_2486.png
4,FERPlus_2487.png
4,FERPlus_2488.png
4,FERPlus_2489.png
4,FERPlus_2490.png
4,FERPlus_2491.png
4,FERPlus_2492.png
4,FERPlus_2493.png
4,FERPlus_2494.png
4,FERPlus_2495.png
4,FERPlus_2496.png
4,FERPlus_2497.png
4,FERPlus_2498.png
4,FERPlus_2499.png
4,FERPlus_2500.png
4,FERPlus_2501.png
4,FERPlus_2502.png
4,FERPlus_2503.png
4,FERPlus_2504.png
4,FERPlus_2505.png
4,FERPlus_2506.png
4,FERPlus_2507.png
4,FERPlus_2508.png
4,FERPlus_2509.png
4,FERPlus_2510.png
4,FERPlus_2511.png
4,FERPlus_2512.png
4,FERPlus_2513.png
4,FERPlus_2514.png
4,FERPlus_2515.png
4,FERPlus_2516.png
4,FERPlus_2517.png
4,FERPlus_2518.png
4,FERPlus_2519.png
4,FERPlus_2520.png
4,FERPlus_2521.png
4,FERPlus_2522.png
4,FERPlus_2523.png
4,FERPlus_2524.png
4,FERPlus_2525.png
4,FERPlus_2526.png
4,FERPlus_2527.png
4,FERPlus_2528.png
4,FERPlus_2529.png
4,FERPlus_2530.png
4,FERPlus_2531.png
4,FERPlus_2532.png
4,FERPlus_2533.png
4,FERPlus_2534.png
4,FERPlus_2535.png
4,FERPlus_2536.png
4,FERPlus_2537.png
4,FERPlus_2538.png
4,FERPlus_2539.png
4,FERPlus_2540.png
4,FERPlus_2541.png
4,FERPlus_2542.png
4,FERPlus_2543.png
4,FERPlus_2544.png
4,FERPlus_2545.png
4,FERPlus_2546.png
4,FERPlus_2547.png
4,FERPlus_2548.png
4,FERPlus_2549.png
4,FERPlus_2550.png
4,FERPlus_2551.png
4,FERPlus_2552.png
4,FERPlus_2553.png
4,FERPlus_2554.png
4,FERPlus_2555.png
4,FERPlus_2556.png
4,FERPlus_2557.png
4,FERPlus_2558.png
4,FERPlus_2559.png
4,FERPlus_2560.png
4,FERPlus_2561.png
4,FERPlus_2562.png
4,FERPlus_2563.png
4,FERPlus_2564.png
4,FERPlus_2565.png
4,FERPlus_2566.png
4,FERPlus_2567.png
4,FERPlus_2568.png
4,FERPlus_2569.png
4,FERPlus_2570.png
4,FERPlus_2571.png
4,FERPlus_2572.png
4,FERPlus_2573.png
4,FERPlus_2574.png
4,FERPlus_2575.png
4,FERPlus_2576.png
4,FERPlus_2577.png
4,FERPlus_2578.png
4,FERPlus_2579.png
4,FERPlus_2580.png
4,FERPlus_2581.png
4,FERPlus_2582.png
4,FERPlus_2583.png
4,FERPlus_2584.png
4,FERPlus_2585.png
4,FERPlus_2586.png
4,FERPlus_2587.png
4,FERPlus_2588.png
4,FERPlus_2589.png
4,FERPlus_2590.png
4,FERPlus_2591.png
4,FERPlus_2592.png
4,FERPlus_2593.png
4,FERPlus_2594.png
4,FERPlus_2595.png
4,FERPlus_2596.png
4,FERPlus_2597.png
4,FERPlus_2598.png
4,FERPlus_2599.png
4,FERPlus_2600.png
4,FERPlus_2601.png
4,FERPlus_2602.png
4,FERPlus_2603.png
4,FERPlus_2604.png
4,FERPlus_2605.png
4,FERPlus_2606.png
4,FERPlus_2607.png
4,FERPlus_2608.png
4,FERPlus_2609.png
4,FERPlus_2610.png
4,FERPlus_2611.png
4,FERPlus_2612.png
4,FERPlus_2613.png
4,FERPlus_2614.png
4,FERPlus_2615.png
4,FERPlus_2616.png
4,FERPlus_2617.png
4,FERPlus_2618.png
4,FERPlus_2619.png
4,FERPlus_2620.png
4,FERPlus_2621.png
4,FERPlus_2622.png
4,FERPlus_2623.png
4,FERPlus_2624.png
4,FERPlus_2625.png
4,FERPlus_2626.png
4,FERPlus_2627.png
4,FERPlus_2628.png
4,FERPlus_2629.png
4,FERPlus_2630.png
4,FERPlus_2631.png
4,FERPlus_2632.png
4,FERPlus_2633.png
4,FERPlus_2634.png
4,FERPlus_2635.png
4,FERPlus_2636.png
4,FERPlus_2637.png
4,FERPlus_2638.png
4,FERPlus_2639.png
4,FERPlus_2640.png
4,FERPlus_2641.png
4,FERPlus_2642.png
4,FERPlus_2643.png
4,FERPlus_2644.png
4,FERPlus_2645.png
4,FERPlus_2646.png
4,FERPlus_2647.png
4,FERPlus_2648.png
4,FERPlus_2649.png
4,FERPlus_2650.png
4,FERPlus_2651.png
4,FERPlus_2652.png
4,FERPlus_2653.png
4,FERPlus_2654.png
4,FERPlus_2655.png
4,FERPlus_2656.png
4,FERPlus_2657.png
4,FERPlus_2658.png
4,FERPlus_2659.png
4,FERPlus_2660.png
4,FERPlus_2661.png
4,FERPlus_2662.png
4,FERPlus_2663.png
4,FERPlus_2664.png
4,FERPlus_2665.png
4,FERPlus_2666.png
4,FERPlus_2667.png
4,FERPlus_2668.png
4,FERPlus_2669.png
4,FERPlus_2670.png
4,FERPlus_2671.png
4,FERPlus_2672.png
4,FERPlus_2673.png
4,FERPlus_2674.png
4,FERPlus_2675.png
4,FERPlus_2676.png
4,FERPlus_2677.png
4,FERPlus_2678.png
4,FERPlus_2679.png
4,FERPlus_2680.png
4,FERPlus_2681.png
4,FERPlus_2682.png
4,FERPlus_2683.png
4,FERPlus_2684.png
4,FERPlus_2685.png
4,FERPlus_2686.png
4,FERPlus_2687.png
4,FERPlus_2688.png
4,FERPlus_2689.png
4,FERPlus_2690.png
4,FERPlus_2691.png
4,FERPlus_2692.png
4,FERPlus_2693.png
4,FERPlus_2694.png
4,FERPlus_2695.png
4,FERPlus_2696.png
4,FERPlus_2697.png
4,FERPlus_2698.png
4,FERPlus_2699.png
4,FERPlus_2700.png
4,FERPlus_2701.png
4,FERPlus_2702.png
4,FERPlus_2703.png
4,FERPlus_2704.png
4,FERPlus_2705.png
4,FERPlus_2706.png
4,FERPlus_2707.png
4,FERPlus_2708.png
4,FERPlus_2709.png
4,FERPlus_2710.png
4,FERPlus_2711.png
4,FERPlus_2712.png
4,FERPlus_2713.png
4,FERPlus_2714.png
4,FERPlus_2715.png
4,FERPlus_2716.png
4,FERPlus_2717.png
4,FERPlus_2718.png
4,FERPlus_2719.png
4,FERPlus_2720.png
4,FERPlus_2721.png
4,FERPlus_2722.png
4,FERPlus_2723.png
4,FERPlus_2724.png
4,FERPlus_2725.png
4,FERPlus_2726.png
4,FERPlus_2727.png
4,FERPlus_2728.png
4,FERPlus_2729.png
4,FERPlus_2730.png
4,FERPlus_2731.png
4,FERPlus_2732.png
4,FERPlus_2733.png
4,FERPlus_2734.png
4,FERPlus_2735.png
4,FERPlus_2736.png
4,FERPlus_2737.png
4,FERPlus_2738.png
4,FERPlus_2739.png
4,FERPlus_2740.png
4,FERPlus_2741.png
4,FERPlus_2742.png
4,FERPlus_2743.png
4,FERPlus_2744.png
4,FERPlus_2745.png
4,FERPlus_2746.png
4,FERPlus_2747.png
4,FERPlus_2748.png
4,FERPlus_2749.png
4,FERPlus_2750.png
4,FERPlus_2751.png
4,FERPlus_2752.png
4,FERPlus_2753.png
4,FERPlus_2754.png
4,FERPlus_2755.png
4,FERPlus_2756.png
4,FERPlus_2757.png
4,FERPlus_2758.png
4,FERPlus_2759.png
4,FERPlus_2760.png
4,FERPlus_2761.png
4,FERPlus_2762.png
4,FERPlus_2763.png
4,FERPlus_2764.png
4,FERPlus_2765.png
4,FERPlus_2766.png
4,FERPlus_2767.png
4,FERPlus_2768.png
4,FERPlus_2769.png
4,FERPlus_2770.png
4,FERPlus_2771.png
4,FERPlus_2772.png
4,FERPlus_2773.png
4,FERPlus_2774.png
4,FERPlus_2775.png
4,FERPlus_2776.png
4,FERPlus_2777.png
4,FERPlus_2778.png
4,FERPlus_2779.png
4,FERPlus_2780.png
4,FERPlus_2781.png
4,FERPlus_2782.png
4,FERPlus_2783.png
4,FERPlus_2784.png
4,FERPlus_2785.png
4,FERPlus_2786.png
4,FERPlus_2787.png
4,FERPlus_2788.png
4,FERPlus_2789.png
4,FERPlus_2790.png
4,FERPlus_2791.png
4,FERPlus_2792.png
4,FERPlus_2793.png
4,FERPlus_2794.png
4,FERPlus_2795.png
4,FERPlus_2796.png
4,FERPlus_2797.png
4,FERPlus_2798.png
4,FERPlus_2799.png
4,FERPlus_2800.png
4,FERPlus_2801.png
4,FERPlus_2802.png
4,FERPlus_2803.png
4,FERPlus_2804.png
4,FERPlus_2805.png
4,FERPlus_2806.png
4,FERPlus_2807.png
4,FERPlus_2808.png
4,FERPlus_2809.png
4,FERPlus_2810.png
4,FERPlus_2811.png
4,FERPlus_2812.png
4,FERPlus_2813.png
4,FERPlus_2814.png
4,FERPlus_2815.png
4,FERPlus_2816.png
4,FERPlus_2817.png
4,FERPlus_2818.png
4,FERPlus_2819.png
4,FERPlus_2820.png
4,FERPlus_2821.png
4,FERPlus_2822.png
4,FERPlus_2823.png
4,FERPlus_2824.png
4,FERPlus_2825.png
4,FERPlus_2826.png
4,FERPlus_2827.png
4,FERPlus_2828.png
4,FERPlus_2829.png
4,FERPlus_2830.png
4,FERPlus_2831.png
4,FERPlus_2832.png
4,FERPlus_2833.png
4,FERPlus_2834.png
4,FERPlus_2835.png
4,FERPlus_2836.png
4,FERPlus_2837.png
4,FERPlus_2838.png
4,FERPlus_2839.png
4,FERPlus_2840.png
4,FERPlus_2841.png
4,FERPlus_2842.png
4,FERPlus_2843.png
4,FERPlus_2844.png
4,FERPlus_2845.png
4,FERPlus_2846.png
4,FERPlus_2847.png
4,FERPlus_2848.png
4,FERPlus_2849.png
4,FERPlus_2850.png
4,FERPlus_2851.png
4,FERPlus_2852.png
4,FERPlus_2853.png
4,FERPlus_2854.png
4,FERPlus_2855.png
4,FERPlus_2856.png
4,FERPlus_2857.png
4,FERPlus_2858.png
4,FERPlus_2859.png
4,FERPlus_2860.png
4,FERPlus_2861.png
4,FERPlus_2862.png
4,FERPlus_2863.png
4,FERPlus_2864.png
4,FERPlus_2865.png
4,FERPlus_2866.png
4,FERPlus_2867.png
4,FERPlus_2868.png
4,FERPlus_2869.png
4,FERPlus_2870.png
4,FERPlus_2871.png
4,FERPlus_2872.png
4,FERPlus_2873.png
4,FERPlus_2874.png
4,FERPlus_2875.png
4,FERPlus_2876.png
4,FERPlus_2877.png
4,FERPlus_2878.png
4,FERPlus_2879.png
4,FERPlus_2880.png
4,FERPlus_2881.png
4,FERPlus_2882.png
4,FERPlus_2883.png
4,FERPlus_2884.png
4,FERPlus_2885.png
4,FERPlus_2886.png
4,FERPlus_2887.png
4,FERPlus_2888.png
4,FERPlus_2889.png
4,FERPlus_2890.png
4,FERPlus_2891.png
4,FERPlus_2892.png
4,FERPlus_2893.png
4,FERPlus_2894.png
4,FERPlus_2895.png
4,FERPlus_2896.png
4,FERPlus_2897.png
4,FERPlus_2898.png
4,FERPlus_2899.png
4,FERPlus_2900.png
4,FERPlus_2901.png
4,FERPlus_2902.png
4,FERPlus_2903.png
4,FERPlus_2904.png
4,FERPlus_2905.png
4,FERPlus_2906.png
4,FERPlus_2907.png
4,FERPlus_2908.png
4,FERPlus_2909.png
4,FERPlus_2910.png
4,FERPlus_2911.png
4,FERPlus_2912.png
4,FERPlus_2913.png
4,FERPlus_2914.png
4,FERPlus_2915.png
4,FERPlus_2916.png
4,FERPlus_2917.png
4,FERPlus_2918.png
4,FERPlus_2919.png
4,FERPlus_2920.png
4,FERPlus_2921.png
4,FERPlus_2922.png
4,FERPlus_2923.png
4,FERPlus_2924.png
4,FERPlus_2925.png
4,FERPlus_2926.png
4,FERPlus_2927.png
4,FERPlus_2928.png
4,FERPlus_2929.png
4,FERPlus_2930.png
4,FERPlus_2931.png
4,FERPlus_2932.png
4,FERPlus_2933.png
4,FERPlus_2934.png
4,FERPlus_2935.png
4,FERPlus_2936.png
4,FERPlus_2937.png
4,FERPlus_2938.png
4,FERPlus_2939.png
4,FERPlus_2940.png
4,FERPlus_2941.png
4,FERPlus_2942.png
4,FERPlus_2943.png
4,FERPlus_2944.png
4,FERPlus_2945.png
4,FERPlus_2946.png
4,FERPlus_2947.png
4,FERPlus_2948.png
4,FERPlus_2949.png
4,FERPlus_2950.png
4,FERPlus_2951.png
4,FERPlus_2952.png
4,FERPlus_2953.png
4,FERPlus_2954.png
4,FERPlus_2955.png
4,FERPlus_2956.png
4,FERPlus_2957.png
4,FERPlus_2958.png
4,FERPlus_2959.png
4,FERPlus_2960.png
4,FERPlus_2961.png
4,FERPlus_2962.png
4,FERPlus_2963.png
4,FERPlus_2964.png
4,FERPlus_2965.png
4,FERPlus_2966.png
4,FERPlus_2967.png
4,FERPlus_2968.png
4,FERPlus_2969.png
4,FERPlus_2970.png
4,FERPlus_2971.png
4,FERPlus_2972.png
4,FERPlus_2973.png
4,FERPlus_2974.png
4,FERPlus_2975.png
4,FERPlus_2976.png
4,FERPlus_2977.png
4,FERPlus_2978.png
4,FERPlus_2979.png
4,FERPlus_2980.png
4,FERPlus_2981.png
4,FERPlus_2982.png
4,FERPlus_2983.png
4,FERPlus_2984.png
4,FERPlus_2985.png
4,FERPlus_2986.png
4,FERPlus_2987.png
4,FERPlus_2988.png
4,FERPlus_2989.png
4,FERPlus_2990.png
4,FERPlus_2991.png
4,FERPlus_2992.png
4,FERPlus_2993.png
4,FERPlus_2994.png
4,FERPlus_2995.png
4,FERPlus_2996.png
4,FERPlus_2997.png
4,FERPlus_2998.png
4,FERPlus_2999.png
4,FERPlus_3000.png
4,FERPlus_3001.png
4,FERPlus_3002.png
4,FERPlus_3003.png
4,FERPlus_3004.png
4,FERPlus_3005.png
4,FERPlus_3006.png
4,FERPlus_3007.png
4,FERPlus_3008.png
4,FERPlus_3009.png
4,FERPlus_3010.png
4,FERPlus_3011.png
4,FERPlus_3012.png
4,FERPlus_3013.png
4,FERPlus_3014.png
4,FERPlus_3015.png
4,FERPlus_3016.png
4,FERPlus_3017.png
4,FERPlus_3018.png
4,FERPlus_3019.png
4,FERPlus_3020.png
4,FERPlus_3021.png
4,FERPlus_3022.png
4,FERPlus_3023.png
4,FERPlus_3024.png
4,FERPlus_3025.png
4,FERPlus_3026.png
4,FERPlus_3027.png
4,FERPlus_3028.png
4,FERPlus_3029.png
4,FERPlus_3030.png
4,FERPlus_3031.png
4,FERPlus_3032.png
4,FERPlus_3033.png
4,FERPlus_3034.png
4,FERPlus_3035.png
4,FERPlus_3036.png
4,FERPlus_3037.png
4,FERPlus_3038.png
4,FERPlus_3039.png
4,FERPlus_3040.png
4,FERPlus_3041.png
4,FERPlus_3042.png
4,FERPlus_3043.png
4,FERPlus_3044.png
4,FERPlus_3045.png
4,FERPlus_3046.png
4,FERPlus_3047.png
4,FERPlus_3048.png
4,FERPlus_3049.png
4,FERPlus_3050.png
4,FERPlus_3051.png
4,FERPlus_3052.png
4,FERPlus_3053.png
4,FERPlus_3054.png
4,FERPlus_3055.png
4,FERPlus_3056.png
4,FERPlus_3057.png
4,FERPlus_3058.png
4,FERPlus_3059.png
4,FERPlus_3060.png
4,FERPlus_3061.png
4,FERPlus_3062.png
4,FERPlus_3063.png
4,FERPlus_3064.png
4,FERPlus_3065.png
4,FERPlus_3066.png
4,FERPlus_3067.png
4,FERPlus_3068.png
4,FERPlus_3069.png
4,FERPlus_3070.png
4,FERPlus_3071.png
4,FERPlus_3072.png
4,FERPlus_3073.png
4,FERPlus_3074.png
4,FERPlus_3075.png
4,FERPlus_3076.png
4,FERPlus_3077.png
4,FERPlus_3078.png
4,FERPlus_3079.png
4,FERPlus_3080.png
4,FERPlus_3081.png
4,FERPlus_3082.png
4,FERPlus_3083.png
4,FERPlus_3084.png
4,FERPlus_3085.png
4,FERPlus_3086.png
4,FERPlus_3087.png
4,FERPlus_3088.png
4,FERPlus_3089.png
4,FERPlus_3090.png
4,FERPlus_3091.png
4,FERPlus_3092.png
4,FERPlus_3093.png
4,FERPlus_3094.png
4,FERPlus_3095.png
4,FERPlus_3096.png
4,FERPlus_3097.png
4,FERPlus_3098.png
4,FERPlus_3099.png
4,FERPlus_3100.png
4,FERPlus_3101.png
4,FERPlus_3102.png
4,FERPlus_3103.png
4,FERPlus_3104.png
4,FERPlus_3105.png
4,FERPlus_3106.png
4,FERPlus_3107.png
4,FERPlus_3108.png
4,FERPlus_3109.png
4,FERPlus_3110.png
4,FERPlus_3111.png
4,FERPlus_3112.png
4,FERPlus_3113.png
4,FERPlus_3114.png
4,FERPlus_3115.png
4,FERPlus_3116.png
4,FERPlus_3117.png
4,FERPlus_3118.png
4,FERPlus_3119.png
4,FERPlus_3120.png
4,FERPlus_3121.png
4,FERPlus_3122.png
4,FERPlus_3123.png
4,FERPlus_3124.png
4,FERPlus_3125.png
4,FERPlus_3126.png
4,FERPlus_3127.png
4,FERPlus_3128.png
4,FERPlus_3129.png
4,FERPlus_3130.png
4,FERPlus_3131.png
4,FERPlus_3132.png
4,FERPlus_3133.png
4,FERPlus_3134.png
4,FERPlus_3135.png
4,FERPlus_3136.png
4,FERPlus_3137.png
4,FERPlus_3138.png
4,FERPlus_3139.png
4,FERPlus_3140.png
4,FERPlus_3141.png
4,FERPlus_3142.png
4,FERPlus_3143.png
4,FERPlus_3144.png
4,FERPlus_3145.png
4,FERPlus_3146.png
4,FERPlus_3147.png
4,FERPlus_3148.png
4,FERPlus_3149.png
4,FERPlus_3150.png
4,FERPlus_3151.png
4,FERPlus_3152.png
4,FERPlus_3153.png
4,FERPlus_3154.png
4,FERPlus_3155.png
4,FERPlus_3156.png
4,FERPlus_3157.png
4,FERPlus_3158.png
4,FERPlus_3159.png
4,FERPlus_3160.png
4,FERPlus_3161.png
4,FERPlus_3162.png
4,FERPlus_3163.png
4,FERPlus_3164.png
4,FERPlus_3165.png
4,FERPlus_3166.png
4,FERPlus_3167.png
4,FERPlus_3168.png
4,FERPlus_3169.png
4,FERPlus_3170.png
4,FERPlus_3171.png
4,FERPlus_3172.png
4,FERPlus_3173.png
4,FERPlus_3174.png
4,FERPlus_3175.png
4,FERPlus_3176.png
4,FERPlus_3177.png
4,FERPlus_3178.png
4,FERPlus_3179.png
4,FERPlus_3180.png
4,FERPlus_3181.png
4,FERPlus_3182.png
4,FERPlus_3183.png
4,FERPlus_3184.png
4,FERPlus_3185.png
4,FERPlus_3186.png
4,FERPlus_3187.png
4,FERPlus_3188.png
4,FERPlus_3189.png
4,FERPlus_3190.png
4,FERPlus_3191.png
4,FERPlus_3192.png
4,FERPlus_3193.png
4,FERPlus_3194.png
4,FERPlus_3195.png
4,FERPlus_3196.png
4,FERPlus_3197.png
4,FERPlus_3198.png
4,FERPlus_3199.png
4,FERPlus_3200.png
4,FERPlus_3201.png
4,FERPlus_3202.png
4,FERPlus_3203.png
4,FERPlus_3204.png
4,FERPlus_3205.png
4,FERPlus_3206.png
4,FERPlus_3207.png
4,FERPlus_3208.png
4,FERPlus_3209.png
4,FERPlus_3210.png
4,FERPlus_3211.png
4,FERPlus_3212.png
4,FERPlus_3213.png
4,FERPlus_3214.png
4,FERPlus_3215.png
4,FERPlus_3216.png
4,FERPlus_3217.png
4,FERPlus_3218.png
4,FERPlus_3219.png
4,FERPlus_3220.png
4,FERPlus_3221.png
4,FERPlus_3222.png
4,FERPlus_3223.png
4,FERPlus_3224.png
4,FERPlus_3225.png
4,FERPlus_3226.png
4,FERPlus_3227.png
4,FERPlus_3228.png
4,FERPlus_3229.png
4,FERPlus_3230.png
4,FERPlus_3231.png
4,FERPlus_3232.png
4,FERPlus_3233.png
4,FERPlus_3234.png
4,FERPlus_3235.png
4,FERPlus_3236.png
4,FERPlus_3237.png
4,FERPlus_3238.png
4,FERPlus_3239.png
4,FERPlus_3240.png
4,FERPlus_3241.png
4,FERPlus_3242.png
4,FERPlus_3243.png
4,FERPlus_3244.png
4,FERPlus_3245.png
4,FERPlus_3246.png
4,FERPlus_3247.png
4,FERPlus_3248.png
4,FERPlus_3249.png
4,FERPlus_3250.png
4,FERPlus_3251.png
4,FERPlus_3252.png
4,FERPlus_3253.png
4,FERPlus_3254.png
4,FERPlus_3255.png
4,FERPlus_3256.png
4,FERPlus_3257.png
4,FERPlus_3258.png
4,FERPlus_3259.png
4,FERPlus_3260.png
4,FERPlus_3261.png
4,FERPlus_3262.png
4,FERPlus_3263.png
4,FERPlus_3264.png
4,FERPlus_3265.png
4,FERPlus_3266.png
4,FERPlus_3267.png
4,FERPlus_3268.png
4,FERPlus_3269.png
4,FERPlus_3270.png
4,FERPlus_3271.png
4,FERPlus_3272.png
4,FERPlus_3273.png
4,FERPlus_3274.png
4,FERPlus_3275.png
4,FERPlus_3276.png
4,FERPlus_3277.png
4,FERPlus_3278.png
4,FERPlus_3279.png
4,FERPlus_3280.png
4,FERPlus_3281.png
4,FERPlus_3282.png
4,FERPlus_3283.png
4,FERPlus_3284.png
4,FERPlus_3285.png
4,FERPlus_3286.png
4,FERPlus_3287.png
4,FERPlus_3288.png
4,FERPlus_3289.png
4,FERPlus_3290.png
4,FERPlus_3291.png
4,FERPlus_3292.png
4,FERPlus_3293.png
4,FERPlus_3294.png
4,FERPlus_3295.png
4,FERPlus_3296.png
4,FERPlus_3297.png
4,FERPlus_3298.png
4,FERPlus_3299.png
4,FERPlus_3300.png
4,FERPlus_3301.png
4,FERPlus_3302.png
4,FERPlus_3303.png
4,FERPlus_3304.png
4,FERPlus_3305.png
4,FERPlus_3306.png
4,FERPlus_3307.png
4,FERPlus_3308.png
4,FERPlus_3309.png
4,FERPlus_3310.png
4,FERPlus_3311.png
4,FERPlus_3312.png
4,FERPlus_3313.png
4,FERPlus_3314.png
4,FERPlus_3315.png
4,FERPlus_3316.png
4,FERPlus_3317.png
4,FERPlus_3318.png
4,FERPlus_3319.png
4,FERPlus_3320.png
4,FERPlus_3321.png
4,FERPlus_3322.png
4,FERPlus_3323.png
4,FERPlus_3324.png
4,FERPlus_3325.png
4,FERPlus_3326.png
4,FERPlus_3327.png
4,FERPlus_3328.png
4,FERPlus_3329.png
4,FERPlus_3330.png
4,FERPlus_3331.png
4,FERPlus_3332.png
4,FERPlus_3333.png
4,FERPlus_3334.png
4,FERPlus_3335.png
4,FERPlus_3336.png
4,FERPlus_3337.png
4,FERPlus_3338.png
4,FERPlus_3339.png
4,FERPlus_3340.png
4,FERPlus_3341.png
4,FERPlus_3342.png
4,FERPlus_3343.png
4,FERPlus_3344.png
4,FERPlus_3345.png
4,FERPlus_3346.png
4,FERPlus_3347.png
4,FERPlus_3348.png
4,FERPlus_3349.png
4,FERPlus_3350.png
4,FERPlus_3351.png
4,FERPlus_3352.png
4,FERPlus_3353.png
4,FERPlus_3354.png
4,FERPlus_3355.png
4,FERPlus_3356.png
4,FERPlus_3357.png
4,FERPlus_3358.png
4,FERPlus_3359.png
4,FERPlus_3360.png
4,FERPlus_3361.png
4,FERPlus_3362.png
4,FERPlus_3363.png
4,FERPlus_3364.png
4,FERPlus_3365.png
4,FERPlus_3366.png
4,FERPlus_3367.png
4,FERPlus_3368.png
4,FERPlus_3369.png
4,FERPlus_3370.png
4,FERPlus_3371.png
4,FERPlus_3372.png
4,FERPlus_3373.png
4,FERPlus_3374.png
4,FERPlus_3375.png
4,FERPlus_3376.png
4,FERPlus_3377.png
4,FERPlus_3378.png
4,FERPlus_3379.png
4,FERPlus_3380.png
4,FERPlus_3381.png
4,FERPlus_3382.png
4,FERPlus_3383.png
4,FERPlus_3384.png
4,FERPlus_3385.png
4,FERPlus_3386.png
4,FERPlus_3387.png
4,FERPlus_3388.png
4,FERPlus_3389.png
4,FERPlus_3390.png
4,FERPlus_3391.png
4,FERPlus_3392.png
4,FERPlus_3393.png
4,FERPlus_3394.png
4,FERPlus_3395.png
4,FERPlus_3396.png
4,FERPlus_3397.png
4,FERPlus_3398.png
4,FERPlus_3399.png
4,FERPlus_3400.png
4,FERPlus_3401.png
4,FERPlus_3402.png
4,FERPlus_3403.png
4,FERPlus_3404.png
4,FERPlus_3405.png
4,FERPlus_3406.png
4,FERPlus_3407.png
4,FERPlus_3408.png
4,FERPlus_3409.png
4,FERPlus_3410.png
4,FERPlus_3411.png
4,FERPlus_3412.png
4,FERPlus_3413.png
4,FERPlus_3414.png
4,FERPlus_3415.png
4,FERPlus_3416.png
4,FERPlus_3417.png
4,FERPlus_3418.png
4,FERPlus_3419.png
4,FERPlus_3420.png
4,FERPlus_3421.png
4,FERPlus_3422.png
4,FERPlus_3423.png
4,FERPlus_3424.png
4,FERPlus_3425.png
4,FERPlus_3426.png
4,FERPlus_3427.png
4,FERPlus_3428.png
4,FERPlus_3429.png
4,FERPlus_3430.png
4,FERPlus_3431.png
4,FERPlus_3432.png
4,FERPlus_3433.png
4,FERPlus_3434.png
4,FERPlus_3435.png
4,FERPlus_3436.png
4,FERPlus_3437.png
4,FERPlus_3438.png
4,FERPlus_3439.png
4,FERPlus_3440.png
4,FERPlus_3441.png
4,FERPlus_3442.png
4,FERPlus_3443.png
4,FERPlus_3444.png
4,FERPlus_3445.png
4,FERPlus_3446.png
4,FERPlus_3447.png
4,FERPlus_3448.png
4,FERPlus_3449.png
4,FERPlus_3450.png
4,FERPlus_3451.png
4,FERPlus_3452.png
4,FERPlus_3453.png
4,FERPlus_3454.png
4,FERPlus_3455.png
4,FERPlus_3456.png
4,FERPlus_3457.png
4,FERPlus_3458.png
4,FERPlus_3459.png
4,FERPlus_3460.png
4,FERPlus_3461.png
4,FERPlus_3462.png
4,FERPlus_3463.png
4,FERPlus_3464.png
4,FERPlus_3465.png
4,FERPlus_3466.png
4,FERPlus_3467.png
4,FERPlus_3468.png
4,FERPlus_3469.png
4,FERPlus_3470.png
4,FERPlus_3471.png
4,FERPlus_3472.png
4,FERPlus_3473.png
4,FERPlus_3474.png
4,FERPlus_3475.png
4,FERPlus_3476.png
4,FERPlus_3477.png
4,FERPlus_3478.png
4,FERPlus_3479.png
4,FERPlus_3480.png
4,FERPlus_3481.png
4,FERPlus_3482.png
4,FERPlus_3483.png
4,FERPlus_3484.png
4,FERPlus_3485.png
4,FERPlus_3486.png
4,FERPlus_3487.png
4,FERPlus_3488.png
4,FERPlus_3489.png
4,FERPlus_3490.png
4,FERPlus_3491.png
4,FERPlus_3492.png
4,FERPlus_3493.png
4,FERPlus_3494.png
4,FERPlus_3495.png
4,FERPlus_3496.png
4,FERPlus_3497.png
4,FERPlus_3498.png
4,FERPlus_3499.png
4,FERPlus_3500.png
4,FERPlus_3501.png
4,FERPlus_3502.png
4,FERPlus_3503.png
4,FERPlus_3504.png
4,FERPlus_3505.png
4,FERPlus_3506.png
4,FERPlus_3507.png
4,FERPlus_3508.png
4,FERPlus_3509.png
4,FERPlus_3510.png
4,FERPlus_3511.png
4,FERPlus_3512.png
4,FERPlus_3513.png
4,FERPlus_3514.png
4,FERPlus_3515.png
4,FERPlus_3516.png
4,FERPlus_3517.png
4,FERPlus_3518.png
4,FERPlus_3519.png
4,FERPlus_3520.png
4,FERPlus_3521.png
4,FERPlus_3522.png
4,FERPlus_3523.png
4,FERPlus_3524.png
4,FERPlus_3525.png
4,FERPlus_3526.png
4,FERPlus_3527.png
4,FERPlus_3528.png
4,FERPlus_3529.png
4,FERPlus_3530.png
4,FERPlus_3531.png
4,FERPlus_3532.png
4,FERPlus_3533.png
4,FERPlus_3534.png
4,FERPlus_3535.png
4,FERPlus_3536.png
4,FERPlus_3537.png
4,FERPlus_3538.png
4,FERPlus_3539.png
4,FERPlus_3540.png
4,FERPlus_3541.png
4,FERPlus_3542.png
4,FERPlus_3543.png
4,FERPlus_3544.png
4,FERPlus_3545.png
4,FERPlus_3546.png
4,FERPlus_3547.png
4,FERPlus_3548.png
4,FERPlus_3549.png
4,FERPlus_3550.png
4,FERPlus_3551.png
4,FERPlus_3552.png
4,FERPlus_3553.png
4,FERPlus_3554.png
4,FERPlus_3555.png
4,FERPlus_3556.png
4,FERPlus_3557.png
4,FERPlus_3558.png
4,FERPlus_3559.png
4,FERPlus_3560.png
4,FERPlus_3561.png
4,FERPlus_3562.png
4,FERPlus_3563.png
4,FERPlus_3564.png
4,FERPlus_3565.png
4,FERPlus_3566.png
4,FERPlus_3567.png
4,FERPlus_3568.png
4,FERPlus_3569.png
4,FERPlus_3570.png
4,FERPlus_3571.png
4,FERPlus_3572.png
4,FERPlus_3573.png
4,FERPlus_3574.png
4,FERPlus_3575.png
4,FERPlus_3576.png
4,FERPlus_3577.png
4,FERPlus_3578.png
4,FERPlus_3579.png
4,FERPlus_3580.png
4,FERPlus_3581.png
4,FERPlus_3582.png
4,FERPlus_3583.png
4,FERPlus_3584.png
4,FERPlus_3585.png
4,FERPlus_3586.png
4,FERPlus_3587.png
4,FERPlus_3588.png
4,FERPlus_3589.png
4,FERPlus_3590.png
4,FERPlus_3591.png
4,FERPlus_3592.png
4,FERPlus_3593.png
4,FERPlus_3594.png
4,FERPlus_3595.png
4,FERPlus_3596.png
4,FERPlus_3597.png
4,FERPlus_3598.png
4,FERPlus_3599.png
4,FERPlus_3600.png
4,FERPlus_3601.png
4,FERPlus_3602.png
4,FERPlus_3603.png
4,FERPlus_3604.png
4,FERPlus_3605.png
4,FERPlus_3606.png
4,FERPlus_3607.png
4,FERPlus_3608.png
4,FERPlus_3609.png
4,FERPlus_3610.png
4,FERPlus_3611.png
4,FERPlus_3612.png
4,FERPlus_3613.png
4,FERPlus_3614.png
4,FERPlus_3615.png
4,FERPlus_3616.png
4,FERPlus_3617.png
4,FERPlus_3618.png
4,FERPlus_3619.png
4,FERPlus_3620.png
4,FERPlus_3621.png
4,FERPlus_3622.png
4,FERPlus_3623.png
4,FERPlus_3624.png
4,FERPlus_3625.png
4,FERPlus_3626.png
4,FERPlus_3627.png
4,FERPlus_3628.png
4,FERPlus_3629.png
4,FERPlus_3630.png
4,FERPlus_3631.png
4,FERPlus_3632.png
4,FERPlus_3633.png
4,FERPlus_3634.png
4,FERPlus_3635.png
4,FERPlus_3636.png
4,FERPlus_3637.png
4,FERPlus_3638.png
4,FERPlus_3639.png
4,FERPlus_3640.png
4,FERPlus_3641.png
4,FERPlus_3642.png
4,FERPlus_3643.png
4,FERPlus_3644.png
4,FERPlus_3645.png
4,FERPlus_3646.png
4,FERPlus_3647.png
4,FERPlus_3648.png
4,FERPlus_3649.png
4,FERPlus_3650.png
4,FERPlus_3651.png
4,FERPlus_3652.png
4,FERPlus_3653.png
4,FERPlus_3654.png
4,FERPlus_3655.png
4,FERPlus_3656.png
4,FERPlus_3657.png
4,FERPlus_3658.png
4,FERPlus_3659.png
4,FERPlus_3660.png
4,FERPlus_3661.png
4,FERPlus_3662.png
4,FERPlus_3663.png
4,FERPlus_3664.png
4,FERPlus_3665.png
4,FERPlus_3666.png
4,FERPlus_3667.png
4,FERPlus_3668.png
4,FERPlus_3669.png
4,FERPlus_3670.png
4,FERPlus_3671.png
4,FERPlus_3672.png
4,FERPlus_3673.png
4,FERPlus_3674.png
4,FERPlus_3675.png
4,FERPlus_3676.png
4,FERPlus_3677.png
4,FERPlus_3678.png
4,FERPlus_3679.png
4,FERPlus_3680.png
4,FERPlus_3681.png
4,FERPlus_3682.png
4,FERPlus_3683.png
4,FERPlus_3684.png
4,FERPlus_3685.png
4,FERPlus_3686.png
4,FERPlus_3687.png
4,FERPlus_3688.png
4,FERPlus_3689.png
4,FERPlus_3690.png
4,FERPlus_3691.png
4,FERPlus_3692.png
4,FERPlus_3693.png
4,FERPlus_3694.png
4,FERPlus_3695.png
4,FERPlus_3696.png
4,FERPlus_3697.png
4,FERPlus_3698.png
4,FERPlus_3699.png
4,FERPlus_3700.png
4,FERPlus_3701.png
4,FERPlus_3702.png
4,FERPlus_3703.png
4,FERPlus_3704.png
4,FERPlus_3705.png
4,FERPlus_3706.png
4,FERPlus_3707.png
4,FERPlus_3708.png
4,FERPlus_3709.png
4,FERPlus_3710.png
4,FERPlus_3711.png
4,FERPlus_3712.png
4,FERPlus_3713.png
4,FERPlus_3714.png
4,FERPlus_3715.png
4,FERPlus_3716.png
4,FERPlus_3717.png
4,FERPlus_3718.png
4,FERPlus_3719.png
4,FERPlus_3720.png
4,FERPlus_3721.png
4,FERPlus_3722.png
4,FERPlus_3723.png
4,FERPlus_3724.png
4,FERPlus_3725.png
4,FERPlus_3726.png
4,FERPlus_3727.png
4,FERPlus_3728.png
4,FERPlus_3729.png
4,FERPlus_3730.png
4,FERPlus_3731.png
4,FERPlus_3732.png
4,FERPlus_3733.png
4,FERPlus_3734.png
4,FERPlus_3735.png
4,FERPlus_3736.png
4,FERPlus_3737.png
4,FERPlus_3738.png
4,FERPlus_3739.png
4,FERPlus_3740.png
4,FERPlus_3741.png
4,FERPlus_3742.png
4,FERPlus_3743.png
4,FERPlus_3744.png
4,FERPlus_3745.png
4,FERPlus_3746.png
4,FERPlus_3747.png
4,FERPlus_3748.png
4,FERPlus_3749.png
4,FERPlus_3750.png
4,FERPlus_3751.png
4,FERPlus_3752.png
4,FERPlus_3753.png
4,FERPlus_3754.png
4,FERPlus_3755.png
4,FERPlus_3756.png
4,FERPlus_3757.png
4,FERPlus_3758.png
4,FERPlus_3759.png
4,FERPlus_3760.png
4,FERPlus_3761.png
4,FERPlus_3762.png
4,FERPlus_3763.png
4,FERPlus_3764.png
4,FERPlus_3765.png
4,FERPlus_3766.png
4,FERPlus_3767.png
4,FERPlus_3768.png
4,FERPlus_3769.png
4,FERPlus_3770.png
4,FERPlus_3771.png
4,FERPlus_3772.png
4,FERPlus_3773.png
4,FERPlus_3774.png
4,FERPlus_3775.png
4,FERPlus_3776.png
4,FERPlus_3777.png
4,FERPlus_3778.png
4,FERPlus_3779.png
4,FERPlus_3780.png
4,FERPlus_3781.png
4,FERPlus_3782.png
4,FERPlus_3783.png
4,FERPlus_3784.png
4,FERPlus_3785.png
4,FERPlus_3786.png
4,FERPlus_3787.png
4,FERPlus_3788.png
4,FERPlus_3789.png
4,FERPlus_3790.png
4,FERPlus_3791.png
4,FERPlus_3792.png
4,FERPlus_3793.png
4,FERPlus_3794.png
4,FERPlus_3795.png
4,FERPlus_3796.png
4,FERPlus_3797.png
4,FERPlus_3798.png
4,FERPlus_3799.png
4,FERPlus_3800.png
4,FERPlus_3801.png
4,FERPlus_3802.png
4,FERPlus_3803.png
4,FERPlus_3804.png
4,FERPlus_3805.png
4,FERPlus_3806.png
4,FERPlus_3807.png
4,FERPlus_3808.png
4,FERPlus_3809.png
4,FERPlus_3810.png
4,FERPlus_3811.png
4,FERPlus_3812.png
4,FERPlus_3813.png
4,FERPlus_3814.png
4,FERPlus_3815.png
4,FERPlus_3816.png
4,FERPlus_3817.png
4,FERPlus_3818.png
4,FERPlus_3819.png
4,FERPlus_3820.png
4,FERPlus_3821.png
4,FERPlus_3822.png
4,FERPlus_3823.png
4,FERPlus_3824.png
4,FERPlus_3825.png
4,FERPlus_3826.png
4,FERPlus_3827.png
4,FERPlus_3828.png
4,FERPlus_3829.png
4,FERPlus_3830.png
4,FERPlus_3831.png
4,FERPlus_3832.png
4,FERPlus_3833.png
4,FERPlus_3834.png
4,FERPlus_3835.png
4,FERPlus_3836.png
4,FERPlus_3837.png
4,FERPlus_3838.png
4,FERPlus_3839.png
4,FERPlus_3840.png
4,FERPlus_3841.png
4,FERPlus_3842.png
4,FERPlus_3843.png
4,FERPlus_3844.png
4,FERPlus_3845.png
4,FERPlus_3846.png
4,FERPlus_3847.png
4,FERPlus_3848.png
4,FERPlus_3849.png
4,FERPlus_3850.png
4,FERPlus_3851.png
4,FERPlus_3852.png
4,FERPlus_3853.png
4,FERPlus_3854.png
4,FERPlus_3855.png
4,FERPlus_3856.png
4,FERPlus_3857.png
4,FERPlus_3858.png
4,FERPlus_3859.png
4,FERPlus_3860.png
4,FERPlus_3861.png
4,FERPlus_3862.png
4,FERPlus_3863.png
4,FERPlus_3864.png
4,FERPlus_3865.png
4,FERPlus_3866.png
4,FERPlus_3867.png
4,FERPlus_3868.png
4,FERPlus_3869.png
4,FERPlus_3870.png
4,FERPlus_3871.png
4,FERPlus_3872.png
4,FERPlus_3873.png
4,FERPlus_3874.png
4,FERPlus_3875.png
4,FERPlus_3876.png
4,FERPlus_3877.png
4,FERPlus_3878.png
4,FERPlus_3879.png
4,FERPlus_3880.png
4,FERPlus_3881.png
4,FERPlus_3882.png
4,FERPlus_3883.png
4,FERPlus_3884.png
4,FERPlus_3885.png
4,FERPlus_3886.png
4,FERPlus_3887.png
4,FERPlus_3888.png
4,FERPlus_3889.png
4,FERPlus_3890.png
4,FERPlus_3891.png
4,FERPlus_3892.png
4,FERPlus_3893.png
4,FERPlus_3894.png
4,FERPlus_3895.png
4,FERPlus_3896.png
4,FERPlus_3897.png
4,FERPlus_3898.png
4,FERPlus_3899.png
4,FERPlus_3900.png
4,FERPlus_3901.png
4,FERPlus_3902.png
4,FERPlus_3903.png
4,FERPlus_3904.png
4,FERPlus_3905.png
4,FERPlus_3906.png
4,FERPlus_3907.png
4,FERPlus_3908.png
4,FERPlus_3909.png
4,FERPlus_3910.png
4,FERPlus_3911.png
4,FERPlus_3912.png
4,FERPlus_3913.png
4,FERPlus_3914.png
4,FERPlus_3915.png
4,FERPlus_3916.png
4,FERPlus_3917.png
4,FERPlus_3918.png
4,FERPlus_3919.png
4,FERPlus_3920.png
4,FERPlus_3921.png
4,FERPlus_3922.png
4,FERPlus_3923.png
4,FERPlus_3924.png
4,FERPlus_3925.png
4,FERPlus_3926.png
4,FERPlus_3927.png
4,FERPlus_3928.png
4,FERPlus_3929.png
4,FERPlus_3930.png
4,FERPlus_3931.png
4,FERPlus_3932.png
4,FERPlus_3933.png
4,FERPlus_3934.png
4,FERPlus_3935.png
4,FERPlus_3936.png
4,FERPlus_3937.png
4,FERPlus_3938.png
4,FERPlus_3939.png
4,FERPlus_3940.png
4,FERPlus_3941.png
4,FERPlus_3942.png
4,FERPlus_3943.png
4,FERPlus_3944.png
4,FERPlus_3945.png
4,FERPlus_3946.png
4,FERPlus_3947.png
4,FERPlus_3948.png
4,FERPlus_3949.png
4,FERPlus_3950.png
4,FERPlus_3951.png
4,FERPlus_3952.png
4,FERPlus_3953.png
4,FERPlus_3954.png
4,FERPlus_3955.png
4,FERPlus_3956.png
4,FERPlus_3957.png
4,FERPlus_3958.png
4,FERPlus_3959.png
4,FERPlus_3960.png
4,FERPlus_3961.png
4,FERPlus_3962.png
4,FERPlus_3963.png
4,FERPlus_3964.png
4,FERPlus_3965.png
4,FERPlus_3966.png
4,FERPlus_3967.png
4,FERPlus_3968.png
4,FERPlus_3969.png
4,FERPlus_3970.png
4,FERPlus_3971.png
4,FERPlus_3972.png
4,FERPlus_3973.png
4,FERPlus_3974.png
4,FERPlus_3975.png
4,FERPlus_3976.png
4,FERPlus_3977.png
4,FERPlus_3978.png
4,FERPlus_3979.png
4,FERPlus_3980.png
4,FERPlus_3981.png
4,FERPlus_3982.png
4,FERPlus_3983.png
4,FERPlus_3984.png
4,FERPlus_3985.png
4,FERPlus_3986.png
4,FERPlus_3987.png
4,FERPlus_3988.png
4,FERPlus_3989.png
4,FERPlus_3990.png
4,FERPlus_3991.png
4,FERPlus_3992.png
4,FERPlus_3993.png
4,FERPlus_3994.png
4,FERPlus_3995.png
4,FERPlus_3996.png
4,FERPlus_3997.png
4,FERPlus_3998.png
4,FERPlus_3999.png
4,FERPlus_4000.png
4,FERPlus_4001.png
4,FERPlus_4002.png
4,FERPlus_4003.png
4,FERPlus_4004.png
4,FERPlus_4005.png
4,FERPlus_4006.png
4,FERPlus_4007.png
4,FERPlus_4008.png
4,FERPlus_4009.png
4,FERPlus_4010.png
4,FERPlus_4011.png
4,FERPlus_4012.png
4,FERPlus_4013.png
4,FERPlus_4014.png
4,FERPlus_4015.png
4,FERPlus_4016.png
4,FERPlus_4017.png
4,FERPlus_4018.png
4,FERPlus_4019.png
4,FERPlus_4020.png
4,FERPlus_4021.png
4,FERPlus_4022.png
4,FERPlus_4023.png
4,FERPlus_4024.png
4,FERPlus_4025.png
4,FERPlus_4026.png
4,FERPlus_4027.png
4,FERPlus_4028.png
4,FERPlus_4029.png
4,FERPlus_4030.png
4,FERPlus_4031.png
4,FERPlus_4032.png
4,FERPlus_4033.png
4,FERPlus_4034.png
4,FERPlus_4035.png
4,FERPlus_4036.png
4,FERPlus_4037.png
4,FERPlus_4038.png
4,FERPlus_4039.png
4,FERPlus_4040.png
4,FERPlus_4041.png
4,FERPlus_4042.png
4,FERPlus_4043.png
4,FERPlus_4044.png
4,FERPlus_4045.png
4,FERPlus_4046.png
4,FERPlus_4047.png
4,FERPlus_4048.png
4,FERPlus_4049.png
4,FERPlus_4050.png
4,FERPlus_4051.png
4,FERPlus_4052.png
4,FERPlus_4053.png
4,FERPlus_4054.png
4,FERPlus_4055.png
4,FERPlus_4056.png
4,FERPlus_4057.png
4,FERPlus_4058.png
4,FERPlus_4059.png
4,FERPlus_4060.png
4,FERPlus_4061.png
4,FERPlus_4062.png
4,FERPlus_4063.png
4,FERPlus_4064.png
4,FERPlus_4065.png
4,FERPlus_4066.png
4,FERPlus_4067.png
4,FERPlus_4068.png
4,FERPlus_4069.png
4,FERPlus_4070.png
4,FERPlus_4071.png
4,FERPlus_4072.png
4,FERPlus_4073.png
4,FERPlus_4074.png
4,FERPlus_4075.png
4,FERPlus_4076.png
4,FERPlus_4077.png
4,FERPlus_4078.png
4,FERPlus_4079.png
4,FERPlus_4080.png
4,FERPlus_4081.png
4,FERPlus_4082.png
4,FERPlus_4083.png
4,FERPlus_4084.png
4,FERPlus_4085.png
4,FERPlus_4086.png
4,FERPlus_4087.png
4,FERPlus_4088.png
4,FERPlus_4089.png
4,FERPlus_4090.png
4,FERPlus_4091.png
4,FERPlus_4092.png
4,FERPlus_4093.png
4,FERPlus_4094.png
4,FERPlus_4095.png
4,FERPlus_4096.png
4,FERPlus_4097.png
4,FERPlus_4098.png
4,FERPlus_4099.png
4,FERPlus_4100.png
4,FERPlus_4101.png
4,FERPlus_4102.png
4,FERPlus_4103.png
4,FERPlus_4104.png
4,FERPlus_4105.png
4,FERPlus_4106.png
4,FERPlus_4107.png
4,FERPlus_4108.png
4,FERPlus_4109.png
4,FERPlus_4110.png
4,FERPlus_4111.png
4,FERPlus_4112.png
4,FERPlus_4113.png
4,FERPlus_4114.png
4,FERPlus_4115.png
4,FERPlus_4116.png
4,FERPlus_4117.png
4,FERPlus_4118.png
4,FERPlus_4119.png
4,FERPlus_4120.png
4,FERPlus_4121.png
4,FERPlus_4122.png
4,FERPlus_4123.png
4,FERPlus_4124.png
4,FERPlus_4125.png
4,FERPlus_4126.png
4,FERPlus_4127.png
4,FERPlus_4128.png
4,FERPlus_4129.png
4,FERPlus_4130.png
4,FERPlus_4131.png
4,FERPlus_4132.png
4,FERPlus_4133.png
4,FERPlus_4134.png
4,FERPlus_4135.png
4,FERPlus_4136.png
4,FERPlus_4137.png
4,FERPlus_4138.png
4,FERPlus_4139.png
4,FERPlus_4140.png
4,FERPlus_4141.png
4,FERPlus_4142.png
4,FERPlus_4143.png
4,FERPlus_4144.png
4,FERPlus_4145.png
4,FERPlus_4146.png
4,FERPlus_4147.png
4,FERPlus_4148.png
4,FERPlus_4149.png
4,FERPlus_4150.png
4,FERPlus_4151.png
4,FERPlus_4152.png
4,FERPlus_4153.png
4,FERPlus_4154.png
4,FERPlus_4155.png
4,FERPlus_4156.png
4,FERPlus_4157.png
4,FERPlus_4158.png
4,FERPlus_4159.png
4,FERPlus_4160.png
4,FERPlus_4161.png
4,FERPlus_4162.png
4,FERPlus_4163.png
4,FERPlus_4164.png
4,FERPlus_4165.png
4,FERPlus_4166.png
4,FERPlus_4167.png
4,FERPlus_4168.png
4,FERPlus_4169.png
4,FERPlus_4170.png
4,FERPlus_4171.png
4,FERPlus_4172.png
4,FERPlus_4173.png
4,FERPlus_4174.png
4,FERPlus_4175.png
4,FERPlus_4176.png
4,FERPlus_4177.png
4,FERPlus_4178.png
4,FERPlus_4179.png
4,FERPlus_4180.png
4,FERPlus_4181.png
4,FERPlus_4182.png
4,FERPlus_4183.png
4,FERPlus_4184.png
4,FERPlus_4185.png
4,FERPlus_4186.png
4,FERPlus_4187.png
4,FERPlus_4188.png
4,FERPlus_4189.png
4,FERPlus_4190.png
4,FERPlus_4191.png
4,FERPlus_4192.png
4,FERPlus_4193.png
4,FERPlus_4194.png
4,FERPlus_4195.png
4,FERPlus_4196.png
4,FERPlus_4197.png
4,FERPlus_4198.png
4,FERPlus_4199.png
4,FERPlus_4200.png
4,FERPlus_4201.png
4,FERPlus_4202.png
4,FERPlus_4203.png
4,FERPlus_4204.png
4,FERPlus_4205.png
4,FERPlus_4206.png
4,FERPlus_4207.png
4,FERPlus_4208.png
4,FERPlus_4209.png
4,FERPlus_4210.png
4,FERPlus_4211.png
4,FERPlus_4212.png
4,FERPlus_4213.png
4,FERPlus_4214.png
4,FERPlus_4215.png
4,FERPlus_4216.png
4,FERPlus_4217.png
4,FERPlus_4218.png
4,FERPlus_4219.png
4,FERPlus_4220.png
4,FERPlus_4221.png
4,FERPlus_4222.png
4,FERPlus_4223.png
4,FERPlus_4224.png
4,FERPlus_4225.png
4,FERPlus_4226.png
4,FERPlus_4227.png
4,FERPlus_4228.png
4,FERPlus_4229.png
4,FERPlus_4230.png
4,FERPlus_4231.png
4,FERPlus_4232.png
4,FERPlus_4233.png
4,FERPlus_4234.png
4,FERPlus_4235.png
4,FERPlus_4236.png
4,FERPlus_4237.png
4,FERPlus_4238.png
4,FERPlus_4239.png
4,FERPlus_4240.png
4,FERPlus_4241.png
4,FERPlus_4242.png
4,FERPlus_4243.png
4,FERPlus_4244.png
4,FERPlus_4245.png
4,FERPlus_4246.png
4,FERPlus_4247.png
4,FERPlus_4248.png
4,FERPlus_4249.png
4,FERPlus_4250.png
4,FERPlus_4251.png
4,FERPlus_4252.png
4,FERPlus_4253.png
4,FERPlus_4254.png
4,FERPlus_4255.png
4,FERPlus_4256.png
4,FERPlus_4257.png
4,FERPlus_4258.png
4,FERPlus_4259.png
4,FERPlus_4260.png
4,FERPlus_4261.png
4,FERPlus_4262.png
4,FERPlus_4263.png
4,FERPlus_4264.png
4,FERPlus_4265.png
4,FERPlus_4266.png
4,FERPlus_4267.png
4,FERPlus_4268.png
4,FERPlus_4269.png
4,FERPlus_4270.png
4,FERPlus_4271.png
4,FERPlus_4272.png
4,FERPlus_4273.png
4,FERPlus_4274.png
4,FERPlus_4275.png
4,FERPlus_4276.png
4,FERPlus_4277.png
4,FERPlus_4278.png
4,FERPlus_4279.png
4,FERPlus_4280.png
4,FERPlus_4281.png
4,FERPlus_4282.png
4,FERPlus_4283.png
4,FERPlus_4284.png
4,FERPlus_4285.png
4,FERPlus_4286.png
4,FERPlus_4287.png
4,FERPlus_4288.png
4,FERPlus_4289.png
4,FERPlus_4290.png
4,FERPlus_4291.png
4,FERPlus_4292.png
4,FERPlus_4293.png
4,FERPlus_4294.png
4,FERPlus_4295.png
4,FERPlus_4296.png
4,FERPlus_4297.png
4,FERPlus_4298.png
4,FERPlus_4299.png
4,FERPlus_4300.png
4,FERPlus_4301.png
4,FERPlus_4302.png
4,FERPlus_4303.png
4,FERPlus_4304.png
4,FERPlus_4305.png
4,FERPlus_4306.png
4,FERPlus_4307.png
4,FERPlus_4308.png
4,FERPlus_4309.png
4,FERPlus_4310.png
4,FERPlus_4311.png
4,FERPlus_4312.png
4,FERPlus_4313.png
4,FERPlus_4314.png
4,FERPlus_4315.png
4,FERPlus_4316.png
4,FERPlus_4317.png
4,FERPlus_4318.png
4,FERPlus_4319.png
4,FERPlus_4320.png
4,FERPlus_4321.png
4,FERPlus_4322.png
4,FERPlus_4323.png
4,FERPlus_4324.png
4,FERPlus_4325.png
4,FERPlus_4326.png
4,FERPlus_4327.png
4,FERPlus_4328.png
4,FERPlus_4329.png
4,FERPlus_4330.png
4,FERPlus_4331.png
4,FERPlus_4332.png
4,FERPlus_4333.png
4,FERPlus_4334.png
4,FERPlus_4335.png
4,FERPlus_4336.png
4,FERPlus_4337.png
4,FERPlus_4338.png
4,FERPlus_4339.png
4,FERPlus_4340.png
4,FERPlus_4341.png
4,FERPlus_4342.png
4,FERPlus_4343.png
4,FERPlus_4344.png
4,FERPlus_4345.png
4,FERPlus_4346.png
4,FERPlus_4347.png
4,FERPlus_4348.png
4,FERPlus_4349.png
4,FERPlus_4350.png
4,FERPlus_4351.png
4,FERPlus_4352.png
4,FERPlus_4353.png
4,FERPlus_4354.png
4,FERPlus_4355.png
4,FERPlus_4356.png
4,FERPlus_4357.png
4,FERPlus_4358.png
4,FERPlus_4359.png
4,FERPlus_4360.png
4,FERPlus_4361.png
4,FERPlus_4362.png
4,FERPlus_4363.png
4,FERPlus_4364.png
4,FERPlus_4365.png
4,FERPlus_4366.png
4,FERPlus_4367.png
4,FERPlus_4368.png
4,FERPlus_4369.png
4,FERPlus_4370.png
4,FERPlus_4371.png
4,FERPlus_4372.png
4,FERPlus_4373.png
4,FERPlus_4374.png
4,FERPlus_4375.png
4,FERPlus_4376.png
4,FERPlus_4377.png
4,FERPlus_4378.png
4,FERPlus_4379.png
4,FERPlus_4380.png
4,FERPlus_4381.png
4,FERPlus_4382.png
4,FERPlus_4383.png
4,FERPlus_4384.png
4,FERPlus_4385.png
4,FERPlus_4386.png
4,FERPlus_4387.png
4,FERPlus_4388.png
4,FERPlus_4389.png
4,FERPlus_4390.png
4,FERPlus_4391.png
4,FERPlus_4392.png
4,FERPlus_4393.png
4,FERPlus_4394.png
4,FERPlus_4395.png
4,FERPlus_4396.png
4,FERPlus_4397.png
4,FERPlus_4398.png
4,FERPlus_4399.png
4,FERPlus_4400.png
4,FERPlus_4401.png
4,FERPlus_4402.png
4,FERPlus_4403.png
4,FERPlus_4404.png
4,FERPlus_4405.png
4,FERPlus_4406.png
4,FERPlus_4407.png
4,FERPlus_4408.png
4,FERPlus_4409.png
4,FERPlus_4410.png
4,FERPlus_4411.png
4,FERPlus_4412.png
4,FERPlus_4413.png
4,FERPlus_4414.png
4,FERPlus_4415.png
4,FERPlus_4416.png
4,FERPlus_4417.png
4,FERPlus_4418.png
4,FERPlus_4419.png
4,FERPlus_4420.png
4,FERPlus_4421.png
4,FERPlus_4422.png
4,FERPlus_4423.png
4,FERPlus_4424.png
4,FERPlus_4425.png
4,FERPlus_4426.png
4,FERPlus_4427.png
4,FERPlus_4428.png
4,FERPlus_4429.png
4,FERPlus_4430.png
4,FERPlus_4431.png
4,FERPlus_4432.png
4,FERPlus_4433.png
4,FERPlus_4434.png
4,FERPlus_4435.png
4,FERPlus_4436.png
4,FERPlus_4437.png
4,FERPlus_4438.png
4,FERPlus_4439.png
4,FERPlus_4440.png
4,FERPlus_4441.png
4,FERPlus_4442.png
4,FERPlus_4443.png
4,FERPlus_4444.png
4,FERPlus_4445.png
4,FERPlus_4446.png
4,FERPlus_4447.png
4,FERPlus_4448.png
4,FERPlus_4449.png
4,FERPlus_4450.png
4,FERPlus_4451.png
4,FERPlus_4452.png
4,FERPlus_4453.png
4,FERPlus_4454.png
4,FERPlus_4455.png
4,FERPlus_4456.png
4,FERPlus_4457.png
4,FERPlus_4458.png
4,FERPlus_4459.png
4,FERPlus_4460.png
4,FERPlus_4461.png
4,FERPlus_4462.png
4,FERPlus_4463.png
4,FERPlus_4464.png
4,FERPlus_4465.png
4,FERPlus_4466.png
4,FERPlus_4467.png
4,FERPlus_4468.png
4,FERPlus_4469.png
4,FERPlus_4470.png
4,FERPlus_4471.png
4,FERPlus_4472.png
4,FERPlus_4473.png
4,FERPlus_4474.png
4,FERPlus_4475.png
4,FERPlus_4476.png
4,FERPlus_4477.png
4,FERPlus_4478.png
4,FERPlus_4479.png
4,FERPlus_4480.png
4,FERPlus_4481.png
4,FERPlus_4482.png
4,FERPlus_4483.png
4,FERPlus_4484.png
4,FERPlus_4485.png
4,FERPlus_4486.png
4,FERPlus_4487.png
4,FERPlus_4488.png
4,FERPlus_4489.png
4,FERPlus_4490.png
4,FERPlus_4491.png
4,FERPlus_4492.png
4,FERPlus_4493.png
4,FERPlus_4494.png
4,FERPlus_4495.png
4,FERPlus_4496.png
4,FERPlus_4497.png
4,FERPlus_4498.png
4,FERPlus_4499.png
4,FERPlus_4500.png
4,FERPlus_4501.png
4,FERPlus_4502.png
4,FERPlus_4503.png
4,FERPlus_4504.png
4,FERPlus_4505.png
4,FERPlus_4506.png
4,FERPlus_4507.png
4,FERPlus_4508.png
4,FERPlus_4509.png
4,FERPlus_4510.png
4,FERPlus_4511.png
4,FERPlus_4512.png
4,FERPlus_4513.png
4,FERPlus_4514.png
4,FERPlus_4515.png
4,FERPlus_4516.png
4,FERPlus_4517.png
4,FERPlus_4518.png
4,FERPlus_4519.png
4,FERPlus_4520.png
4,FERPlus_4521.png
4,FERPlus_4522.png
4,FERPlus_4523.png
4,FERPlus_4524.png
4,FERPlus_4525.png
4,FERPlus_4526.png
4,FERPlus_4527.png
4,FERPlus_4528.png
4,FERPlus_4529.png
4,FERPlus_4530.png
4,FERPlus_4531.png
4,FERPlus_4532.png
4,FERPlus_4533.png
4,FERPlus_4534.png
4,FERPlus_4535.png
4,FERPlus_4536.png
4,FERPlus_4537.png
4,FERPlus_4538.png
4,FERPlus_4539.png
4,FERPlus_4540.png
4,FERPlus_4541.png
4,FERPlus_4542.png
4,FERPlus_4543.png
4,FERPlus_4544.png
4,FERPlus_4545.png
4,FERPlus_4546.png
4,FERPlus_4547.png
4,FERPlus_4548.png
4,FERPlus_4549.png
4,FERPlus_4550.png
4,FERPlus_4551.png
4,FERPlus_4552.png
4,FERPlus_4553.png
4,FERPlus_4554.png
4,FERPlus_4555.png
4,FERPlus_4556.png
4,FERPlus_4557.png
4,FERPlus_4558.png
4,FERPlus_4559.png
4,FERPlus_4560.png
4,FERPlus_4561.png
4,FERPlus_4562.png
4,FERPlus_4563.png
4,FERPlus_4564.png
4,FERPlus_4565.png
4,FERPlus_4566.png
4,FERPlus_4567.png
4,FERPlus_4568.png
4,FERPlus_4569.png
4,FERPlus_4570.png
4,FERPlus_4571.png
4,FERPlus_4572.png
4,FERPlus_4573.png
4,FERPlus_4574.png
4,FERPlus_4575.png
4,FERPlus_4576.png
4,FERPlus_4577.png
4,FERPlus_4578.png
4,FERPlus_4579.png
4,FERPlus_4580.png
4,FERPlus_4581.png
4,FERPlus_4582.png
4,FERPlus_4583.png
4,FERPlus_4584.png
4,FERPlus_4585.png
4,FERPlus_4586.png
4,FERPlus_4587.png
4,FERPlus_4588.png
4,FERPlus_4589.png
4,FERPlus_4590.png
4,FERPlus_4591.png
4,FERPlus_4592.png
4,FERPlus_4593.png
4,FERPlus_4594.png
4,FERPlus_4595.png
4,FERPlus_4596.png
4,FERPlus_4597.png
4,FERPlus_4598.png
4,FERPlus_4599.png
4,FERPlus_4600.png
4,FERPlus_4601.png
4,FERPlus_4602.png
4,FERPlus_4603.png
4,FERPlus_4604.png
4,FERPlus_4605.png
4,FERPlus_4606.png
4,FERPlus_4607.png
4,FERPlus_4608.png
4,FERPlus_4609.png
4,FERPlus_4610.png
4,FERPlus_4611.png
4,FERPlus_4612.png
4,FERPlus_4613.png
4,FERPlus_4614.png
4,FERPlus_4615.png
4,FERPlus_4616.png
4,FERPlus_4617.png
4,FERPlus_4618.png
4,FERPlus_4619.png
4,FERPlus_4620.png
4,FERPlus_4621.png
4,FERPlus_4622.png
4,FERPlus_4623.png
4,FERPlus_4624.png
4,FERPlus_4625.png
4,FERPlus_4626.png
4,FERPlus_4627.png
4,FERPlus_4628.png
4,FERPlus_4629.png
4,FERPlus_4630.png
4,FERPlus_4631.png
4,FERPlus_4632.png
4,FERPlus_4633.png
4,FERPlus_4634.png
4,FERPlus_4635.png
4,FERPlus_4636.png
4,FERPlus_4637.png
4,FERPlus_4638.png
4,FERPlus_4639.png
4,FERPlus_4640.png
4,FERPlus_4641.png
4,FERPlus_4642.png
4,FERPlus_4643.png
4,FERPlus_4644.png
4,FERPlus_4645.png
4,FERPlus_4646.png
4,FERPlus_4647.png
4,FERPlus_4648.png
4,FERPlus_4649.png
4,FERPlus_4650.png
4,FERPlus_4651.png
4,FERPlus_4652.png
4,FERPlus_4653.png
4,FERPlus_4654.png
4,FERPlus_4655.png
4,FERPlus_4656.png
4,FERPlus_4657.png
4,FERPlus_4658.png
4,FERPlus_4659.png
4,FERPlus_4660.png
4,FERPlus_4661.png
4,FERPlus_4662.png
4,FERPlus_4663.png
4,FERPlus_4664.png
4,FERPlus_4665.png
4,FERPlus_4666.png
4,FERPlus_4667.png
4,FERPlus_4668.png
4,FERPlus_4669.png
4,FERPlus_4670.png
4,FERPlus_4671.png
4,FERPlus_4672.png
4,FERPlus_4673.png
4,FERPlus_4674.png
4,FERPlus_4675.png
4,FERPlus_4676.png
4,FERPlus_4677.png
4,FERPlus_4678.png
4,FERPlus_4679.png
4,FERPlus_4680.png
4,FERPlus_4681.png
4,FERPlus_4682.png
4,FERPlus_4683.png
4,FERPlus_4684.png
4,FERPlus_4685.png
4,FERPlus_4686.png
4,FERPlus_4687.png
4,FERPlus_4688.png
4,FERPlus_4689.png
4,FERPlus_4690.png
4,FERPlus_4691.png
4,FERPlus_4692.png
4,FERPlus_4693.png
4,FERPlus_4694.png
4,FERPlus_4695.png
4,FERPlus_4696.png
4,FERPlus_4697.png
4,FERPlus_4698.png
4,FERPlus_4699.png
4,FERPlus_4700.png
4,FERPlus_4701.png
4,FERPlus_4702.png
4,FERPlus_4703.png
4,FERPlus_4704.png
4,FERPlus_4705.png
4,FERPlus_4706.png
4,FERPlus_4707.png
4,FERPlus_4708.png
4,FERPlus_4709.png
4,FERPlus_4710.png
4,FERPlus_4711.png
4,FERPlus_4712.png
4,FERPlus_4713.png
4,FERPlus_4714.png
4,FERPlus_4715.png
4,FERPlus_4716.png
4,FERPlus_4717.png
4,FERPlus_4718.png
4,FERPlus_4719.png
4,FERPlus_4720.png
4,FERPlus_4721.png
4,FERPlus_4722.png
4,FERPlus_4723.png
4,FERPlus_4724.png
4,FERPlus_4725.png
4,FERPlus_4726.png
4,FERPlus_4727.png
4,FERPlus_4728.png
4,FERPlus_4729.png
4,FERPlus_4730.png
4,FERPlus_4731.png
4,FERPlus_4732.png
4,FERPlus_4733.png
4,FERPlus_4734.png
4,FERPlus_4735.png
4,FERPlus_4736.png
4,FERPlus_4737.png
4,FERPlus_4738.png
4,FERPlus_4739.png
4,FERPlus_4740.png
4,FERPlus_4741.png
4,FERPlus_4742.png
4,FERPlus_4743.png
4,FERPlus_4744.png
4,FERPlus_4745.png
4,FERPlus_4746.png
4,FERPlus_4747.png
4,FERPlus_4748.png
4,FERPlus_4749.png
4,FERPlus_4750.png
4,FERPlus_4751.png
4,FERPlus_4752.png
4,FERPlus_4753.png
4,FERPlus_4754.png
4,FERPlus_4755.png
4,FERPlus_4756.png
4,FERPlus_4757.png
4,FERPlus_4758.png
4,FERPlus_4759.png
4,FERPlus_4760.png
4,FERPlus_4761.png
4,FERPlus_4762.png
4,FERPlus_4763.png
4,FERPlus_4764.png
4,FERPlus_4765.png
4,FERPlus_4766.png
4,FERPlus_4767.png
4,FERPlus_4768.png
4,FERPlus_4769.png
4,FERPlus_4770.png
4,FERPlus_4771.png
4,FERPlus_4772.png
4,FERPlus_4773.png
4,FERPlus_4774.png
4,FERPlus_4775.png
4,FERPlus_4776.png
4,FERPlus_4777.png
4,FERPlus_4778.png
4,FERPlus_4779.png
4,FERPlus_4780.png
4,FERPlus_4781.png
4,FERPlus_4782.png
4,FERPlus_4783.png
4,FERPlus_4784.png
4,FERPlus_4785.png
4,FERPlus_4786.png
4,FERPlus_4787.png
4,FERPlus_4788.png
4,FERPlus_4789.png
4,FERPlus_4790.png
4,FERPlus_4791.png
4,FERPlus_4792.png
4,FERPlus_4793.png
4,FERPlus_4794.png
4,FERPlus_4795.png
4,FERPlus_4796.png
4,FERPlus_4797.png
4,FERPlus_4798.png
4,FERPlus_4799.png
4,FERPlus_4800.png
4,FERPlus_4801.png
4,FERPlus_4802.png
4,FERPlus_4803.png
4,FERPlus_4804.png
4,FERPlus_4805.png
4,FERPlus_4806.png
4,FERPlus_4807.png
4,FERPlus_4808.png
4,FERPlus_4809.png
4,FERPlus_4810.png
4,FERPlus_4811.png
4,FERPlus_4812.png
4,FERPlus_4813.png
4,FERPlus_4814.png
4,FERPlus_4815.png
4,FERPlus_4816.png
4,FERPlus_4817.png
4,FERPlus_4818.png
4,FERPlus_4819.png
4,FERPlus_4820.png
4,FERPlus_4821.png
4,FERPlus_4822.png
4,FERPlus_4823.png
4,FERPlus_4824.png
4,FERPlus_4825.png
4,FERPlus_4826.png
4,FERPlus_4827.png
4,FERPlus_4828.png
4,FERPlus_4829.png
4,FERPlus_4830.png
4,FERPlus_4831.png
4,FERPlus_4832.png
4,FERPlus_4833.png
4,FERPlus_4834.png
4,FERPlus_4835.png
4,FERPlus_4836.png
4,FERPlus_4837.png
4,FERPlus_4838.png
4,FERPlus_4839.png
4,FERPlus_4840.png
4,FERPlus_4841.png
4,FERPlus_4842.png
4,FERPlus_4843.png
4,FERPlus_4844.png
4,FERPlus_4845.png
4,FERPlus_4846.png
4,FERPlus_4847.png
4,FERPlus_4848.png
4,FERPlus_4849.png
4,FERPlus_4850.png
4,FERPlus_4851.png
4,FERPlus_4852.png
4,FERPlus_4853.png
4,FERPlus_4854.png
4,FERPlus_4855.png
4,FERPlus_4856.png
4,FERPlus_4857.png
4,FERPlus_4858.png
4,FERPlus_4859.png
4,FERPlus_4860.png
4,FERPlus_4861.png
4,FERPlus_4862.png
4,FERPlus_4863.png
4,FERPlus_4864.png
4,FERPlus_4865.png
4,FERPlus_4866.png
4,FERPlus_4867.png
4,FERPlus_4868.png
4,FERPlus_4869.png
4,FERPlus_4870.png
4,FERPlus_4871.png
4,FERPlus_4872.png
4,FERPlus_4873.png
4,FERPlus_4874.png
4,FERPlus_4875.png
4,FERPlus_4876.png
4,FERPlus_4877.png
4,FERPlus_4878.png
4,FERPlus_4879.png
4,FERPlus_4880.png
4,FERPlus_4881.png
4,FERPlus_4882.png
4,FERPlus_4883.png
4,FERPlus_4884.png
4,FERPlus_4885.png
4,FERPlus_4886.png
4,FERPlus_4887.png
4,FERPlus_4888.png
4,FERPlus_4889.png
4,FERPlus_4890.png
4,FERPlus_4891.png
4,FERPlus_4892.png
4,FERPlus_4893.png
4,FERPlus_4894.png
4,FERPlus_4895.png
4,FERPlus_4896.png
4,FERPlus_4897.png
4,FERPlus_4898.png
4,FERPlus_4899.png
4,FERPlus_4900.png
4,FERPlus_4901.png
4,FERPlus_4902.png
4,FERPlus_4903.png
4,FERPlus_4904.png
4,FERPlus_4905.png
4,FERPlus_4906.png
4,FERPlus_4907.png
4,FERPlus_4908.png
4,FERPlus_4909.png
4,FERPlus_4910.png
4,FERPlus_4911.png
4,FERPlus_4912.png
4,FERPlus_4913.png
4,FERPlus_4914.png
4,FERPlus_4915.png
4,FERPlus_4916.png
4,FERPlus_4917.png
4,FERPlus_4918.png
4,FERPlus_4919.png
4,FERPlus_4920.png
4,FERPlus_4921.png
4,FERPlus_4922.png
4,FERPlus_4923.png
4,FERPlus_4924.png
4,FERPlus_4925.png
4,FERPlus_4926.png
4,FERPlus_4927.png
4,FERPlus_4928.png
4,FERPlus_4929.png
4,FERPlus_4930.png
4,FERPlus_4931.png
4,FERPlus_4932.png
4,FERPlus_4933.png
4,FERPlus_4934.png
4,FERPlus_4935.png
4,FERPlus_4936.png
4,FERPlus_4937.png
4,FERPlus_4938.png
4,FERPlus_4939.png
4,FERPlus_4940.png
4,FERPlus_4941.png
4,FERPlus_4942.png
4,FERPlus_4943.png
4,FERPlus_4944.png
4,FERPlus_4945.png
4,FERPlus_4946.png
4,FERPlus_4947.png
4,FERPlus_4948.png
4,FERPlus_4949.png
4,FERPlus_4950.png
4,FERPlus_4951.png
4,FERPlus_4952.png
4,FERPlus_4953.png
4,FERPlus_4954.png
4,FERPlus_4955.png
4,FERPlus_4956.png
4,FERPlus_4957.png
4,FERPlus_4958.png
4,FERPlus_4959.png
4,FERPlus_4960.png
4,FERPlus_4961.png
4,FERPlus_4962.png
4,FERPlus_4963.png
4,FERPlus_4964.png
4,FERPlus_4965.png
4,FERPlus_4966.png
4,FERPlus_4967.png
4,FERPlus_4968.png
4,FERPlus_4969.png
4,FERPlus_4970.png
4,FERPlus_4971.png
4,FERPlus_4972.png
4,FERPlus_4973.png
4,FERPlus_4974.png
4,FERPlus_4975.png
4,FERPlus_4976.png
4,FERPlus_4977.png
4,FERPlus_4978.png
4,FERPlus_4979.png
4,FERPlus_4980.png
4,FERPlus_4981.png
4,FERPlus_4982.png
4,FERPlus_4983.png
4,FERPlus_4984.png
4,FERPlus_4985.png
4,FERPlus_4986.png
4,FERPlus_4987.png
4,FERPlus_4988.png
4,FERPlus_4989.png
4,FERPlus_4990.png
4,FERPlus_4991.png
4,FERPlus_4992.png
4,FERPlus_4993.png
4,FERPlus_4994.png
4,FERPlus_4995.png
4,FERPlus_4996.png
4,FERPlus_4997.png
4,FERPlus_4998.png
4,FERPlus_4999.png
4,FERPlus_5000.png
4,FERPlus_5001.png
4,FERPlus_5002.png
4,FERPlus_5003.png
4,FERPlus_5004.png
4,FERPlus_5005.png
4,FERPlus_5006.png
4,FERPlus_5007.png
4,FERPlus_5008.png
4,FERPlus_5009.png
4,FERPlus_5010.png
4,FERPlus_5011.png
4,FERPlus_5012.png
4,FERPlus_5013.png
4,FERPlus_5014.png
4,FERPlus_5015.png
4,FERPlus_5016.png
4,FERPlus_5017.png
4,FERPlus_5018.png
4,FERPlus_5019.png
4,FERPlus_5020.png
4,FERPlus_5021.png
4,FERPlus_5022.png
4,FERPlus_5023.png
4,FERPlus_5024.png
4,FERPlus_5025.png
4,FERPlus_5026.png
4,FERPlus_5027.png
4,FERPlus_5028.png
4,FERPlus_5029.png
4,FERPlus_5030.png
4,FERPlus_5031.png
4,FERPlus_5032.png
4,FERPlus_5033.png
4,FERPlus_5034.png
4,FERPlus_5035.png
4,FERPlus_5036.png
4,FERPlus_5037.png
4,FERPlus_5038.png
4,FERPlus_5039.png
4,FERPlus_5040.png
4,FERPlus_5041.png
4,FERPlus_5042.png
4,FERPlus_5043.png
4,FERPlus_5044.png
4,FERPlus_5045.png
4,FERPlus_5046.png
4,FERPlus_5047.png
4,FERPlus_5048.png
4,FERPlus_5049.png
4,FERPlus_5050.png
4,FERPlus_5051.png
4,FERPlus_5052.png
4,FERPlus_5053.png
4,FERPlus_5054.png
4,FERPlus_5055.png
4,FERPlus_5056.png
4,FERPlus_5057.png
4,FERPlus_5058.png
4,FERPlus_5059.png
4,FERPlus_5060.png
4,FERPlus_5061.png
4,FERPlus_5062.png
4,FERPlus_5063.png
4,FERPlus_5064.png
4,FERPlus_5065.png
4,FERPlus_5066.png
4,FERPlus_5067.png
4,FERPlus_5068.png
4,FERPlus_5069.png
4,FERPlus_5070.png
4,FERPlus_5071.png
4,FERPlus_5072.png
4,FERPlus_5073.png
4,FERPlus_5074.png
4,FERPlus_5075.png
4,FERPlus_5076.png
4,FERPlus_5077.png
4,FERPlus_5078.png
4,FERPlus_5079.png
4,FERPlus_5080.png
4,FERPlus_5081.png
4,FERPlus_5082.png
4,FERPlus_5083.png
4,FERPlus_5084.png
4,FERPlus_5085.png
4,FERPlus_5086.png
4,FERPlus_5087.png
4,FERPlus_5088.png
4,FERPlus_5089.png
4,FERPlus_5090.png
4,FERPlus_5091.png
4,FERPlus_5092.png
4,FERPlus_5093.png
4,FERPlus_5094.png
4,FERPlus_5095.png
4,FERPlus_5096.png
4,FERPlus_5097.png
4,FERPlus_5098.png
4,FERPlus_5099.png
4,FERPlus_5100.png
4,FERPlus_5101.png
4,FERPlus_5102.png
4,FERPlus_5103.png
4,FERPlus_5104.png
4,FERPlus_5105.png
4,FERPlus_5106.png
4,FERPlus_5107.png
4,FERPlus_5108.png
4,FERPlus_5109.png
4,FERPlus_5110.png
4,FERPlus_5111.png
4,FERPlus_5112.png
4,FERPlus_5113.png
4,FERPlus_5114.png
4,FERPlus_5115.png
4,FERPlus_5116.png
4,FERPlus_5117.png
4,FERPlus_5118.png
4,FERPlus_5119.png
4,FERPlus_5120.png
4,FERPlus_5121.png
4,FERPlus_5122.png
4,FERPlus_5123.png
4,FERPlus_5124.png
4,FERPlus_5125.png
4,FERPlus_5126.png
4,FERPlus_5127.png
4,FERPlus_5128.png
4,FERPlus_5129.png
4,FERPlus_5130.png
4,FERPlus_5131.png
4,FERPlus_5132.png
4,FERPlus_5133.png
4,FERPlus_5134.png
4,FERPlus_5135.png
4,FERPlus_5136.png
4,FERPlus_5137.png
4,FERPlus_5138.png
4,FERPlus_5139.png
4,FERPlus_5140.png
4,FERPlus_5141.png
4,FERPlus_5142.png
4,FERPlus_5143.png
4,FERPlus_5144.png
4,FERPlus_5145.png
4,FERPlus_5146.png
4,FERPlus_5147.png
4,FERPlus_5148.png
4,FERPlus_5149.png
4,FERPlus_5150.png
4,FERPlus_5151.png
4,FERPlus_5152.png
4,FERPlus_5153.png
4,FERPlus_5154.png
4,FERPlus_5155.png
4,FERPlus_5156.png
4,FERPlus_5157.png
4,FERPlus_5158.png
4,FERPlus_5159.png
4,FERPlus_5160.png
4,FERPlus_5161.png
4,FERPlus_5162.png
4,FERPlus_5163.png
4,FERPlus_5164.png
4,FERPlus_5165.png
4,FERPlus_5166.png
4,FERPlus_5167.png
4,FERPlus_5168.png
4,FERPlus_5169.png
4,FERPlus_5170.png
4,FERPlus_5171.png
4,FERPlus_5172.png
4,FERPlus_5173.png
4,FERPlus_5174.png
4,FERPlus_5175.png
4,FERPlus_5176.png
4,FERPlus_5177.png
4,FERPlus_5178.png
4,FERPlus_5179.png
4,FERPlus_5180.png
4,FERPlus_5181.png
4,FERPlus_5182.png
4,FERPlus_5183.png
4,FERPlus_5184.png
4,FERPlus_5185.png
4,FERPlus_5186.png
4,FERPlus_5187.png
4,FERPlus_5188.png
4,FERPlus_5189.png
4,FERPlus_5190.png
4,FERPlus_5191.png
4,FERPlus_5192.png
4,FERPlus_5193.png
4,FERPlus_5194.png
4,FERPlus_5195.png
4,FERPlus_5196.png
4,FERPlus_5197.png
4,FERPlus_5198.png
4,FERPlus_5199.png
4,FERPlus_5200.png
4,FERPlus_5201.png
4,FERPlus_5202.png
4,FERPlus_5203.png
4,FERPlus_5204.png
4,FERPlus_5205.png
4,FERPlus_5206.png
4,FERPlus_5207.png
4,FERPlus_5208.png
4,FERPlus_5209.png
4,FERPlus_5210.png
4,FERPlus_5211.png
4,FERPlus_5212.png
4,FERPlus_5213.png
4,FERPlus_5214.png
4,FERPlus_5215.png
4,FERPlus_5216.png
4,FERPlus_5217.png
4,FERPlus_5218.png
4,FERPlus_5219.png
4,FERPlus_5220.png
4,FERPlus_5221.png
4,FERPlus_5222.png
4,FERPlus_5223.png
4,FERPlus_5224.png
4,FERPlus_5225.png
4,FERPlus_5226.png
4,FERPlus_5227.png
4,FERPlus_5228.png
4,FERPlus_5229.png
4,FERPlus_5230.png
4,FERPlus_5231.png
4,FERPlus_5232.png
4,FERPlus_5233.png
4,FERPlus_5234.png
4,FERPlus_5235.png
4,FERPlus_5236.png
4,FERPlus_5237.png
4,FERPlus_5238.png
4,FERPlus_5239.png
4,FERPlus_5240.png
4,FERPlus_5241.png
4,FERPlus_5242.png
4,FERPlus_5243.png
4,FERPlus_5244.png
4,FERPlus_5245.png
4,FERPlus_5246.png
4,FERPlus_5247.png
4,FERPlus_5248.png
4,FERPlus_5249.png
4,FERPlus_5250.png
4,FERPlus_5251.png
4,FERPlus_5252.png
4,FERPlus_5253.png
4,FERPlus_5254.png
4,FERPlus_5255.png
4,FERPlus_5256.png
4,FERPlus_5257.png
4,FERPlus_5258.png
4,FERPlus_5259.png
4,FERPlus_5260.png
4,FERPlus_5261.png
4,FERPlus_5262.png
4,FERPlus_5263.png
4,FERPlus_5264.png
4,FERPlus_5265.png
4,FERPlus_5266.png
4,FERPlus_5267.png
4,FERPlus_5268.png
4,FERPlus_5269.png
4,FERPlus_5270.png
4,FERPlus_5271.png
4,FERPlus_5272.png
4,FERPlus_5273.png
4,FERPlus_5274.png
4,FERPlus_5275.png
4,FERPlus_5276.png
4,FERPlus_5277.png
4,FERPlus_5278.png
4,FERPlus_5279.png
4,FERPlus_5280.png
4,FERPlus_5281.png
4,FERPlus_5282.png
4,FERPlus_5283.png
4,FERPlus_5284.png
4,FERPlus_5285.png
4,FERPlus_5286.png
4,FERPlus_5287.png
4,FERPlus_5288.png
4,FERPlus_5289.png
4,FERPlus_5290.png
4,FERPlus_5291.png
4,FERPlus_5292.png
4,FERPlus_5293.png
4,FERPlus_5294.png
4,FERPlus_5295.png
4,FERPlus_5296.png
4,FERPlus_5297.png
4,FERPlus_5298.png
4,FERPlus_5299.png
4,FERPlus_5300.png
4,FERPlus_5301.png
4,FERPlus_5302.png
4,FERPlus_5303.png
4,FERPlus_5304.png
4,FERPlus_5305.png
4,FERPlus_5306.png
4,FERPlus_5307.png
4,FERPlus_5308.png
4,FERPlus_5309.png
4,FERPlus_5310.png
4,FERPlus_5311.png
4,FERPlus_5312.png
4,FERPlus_5313.png
4,FERPlus_5314.png
4,FERPlus_5315.png
4,FERPlus_5316.png
4,FERPlus_5317.png
4,FERPlus_5318.png
4,FERPlus_5319.png
4,FERPlus_5320.png
4,FERPlus_5321.png
4,FERPlus_5322.png
4,FERPlus_5323.png
4,FERPlus_5324.png
4,FERPlus_5325.png
4,FERPlus_5326.png
4,FERPlus_5327.png
4,FERPlus_5328.png
4,FERPlus_5329.png
4,FERPlus_5330.png
4,FERPlus_5331.png
4,FERPlus_5332.png
4,FERPlus_5333.png
4,FERPlus_5334.png
4,FERPlus_5335.png
4,FERPlus_5336.png
4,FERPlus_5337.png
4,FERPlus_5338.png
4,FERPlus_5339.png
4,FERPlus_5340.png
4,FERPlus_5341.png
4,FERPlus_5342.png
4,FERPlus_5343.png
4,FERPlus_5344.png
4,FERPlus_5345.png
4,FERPlus_5346.png
4,FERPlus_5347.png
4,FERPlus_5348.png
4,FERPlus_5349.png
4,FERPlus_5350.png
4,FERPlus_5351.png
4,FERPlus_5352.png
4,FERPlus_5353.png
4,FERPlus_5354.png
4,FERPlus_5355.png
4,FERPlus_5356.png
4,FERPlus_5357.png
4,FERPlus_5358.png
4,FERPlus_5359.png
4,FERPlus_5360.png
4,FERPlus_5361.png
4,FERPlus_5362.png
4,FERPlus_5363.png
4,FERPlus_5364.png
4,FERPlus_5365.png
4,FERPlus_5366.png
4,FERPlus_5367.png
4,FERPlus_5368.png
4,FERPlus_5369.png
4,FERPlus_5370.png
4,FERPlus_5371.png
4,FERPlus_5372.png
4,FERPlus_5373.png
4,FERPlus_5374.png
4,FERPlus_5375.png
4,FERPlus_5376.png
4,FERPlus_5377.png
4,FERPlus_5378.png
4,FERPlus_5379.png
4,FERPlus_5380.png
4,FERPlus_5381.png
4,FERPlus_5382.png
4,FERPlus_5383.png
4,FERPlus_5384.png
4,FERPlus_5385.png
4,FERPlus_5386.png
4,FERPlus_5387.png
4,FERPlus_5388.png
4,FERPlus_5389.png
4,FERPlus_5390.png
4,FERPlus_5391.png
4,FERPlus_5392.png
4,FERPlus_5393.png
4,FERPlus_5394.png
4,FERPlus_5395.png
4,FERPlus_5396.png
4,FERPlus_5397.png
4,FERPlus_5398.png
4,FERPlus_5399.png
4,FERPlus_5400.png
4,FERPlus_5401.png
4,FERPlus_5402.png
4,FERPlus_5403.png
4,FERPlus_5404.png
4,FERPlus_5405.png
4,FERPlus_5406.png
4,FERPlus_5407.png
4,FERPlus_5408.png
4,FERPlus_5409.png
4,FERPlus_5410.png
4,FERPlus_5411.png
4,FERPlus_5412.png
4,FERPlus_5413.png
4,FERPlus_5414.png
4,FERPlus_5415.png
4,FERPlus_5416.png
4,FERPlus_5417.png
4,FERPlus_5418.png
4,FERPlus_5419.png
4,FERPlus_5420.png
4,FERPlus_5421.png
4,FERPlus_5422.png
4,FERPlus_5423.png
4,FERPlus_5424.png
4,FERPlus_5425.png
4,FERPlus_5426.png
4,FERPlus_5427.png
4,FERPlus_5428.png
4,FERPlus_5429.png
4,FERPlus_5430.png
4,FERPlus_5431.png
4,FERPlus_5432.png
4,FERPlus_5433.png
4,FERPlus_5434.png
4,FERPlus_5435.png
4,FERPlus_5436.png
4,FERPlus_5437.png
4,FERPlus_5438.png
4,FERPlus_5439.png
4,FERPlus_5440.png
4,FERPlus_5441.png
4,FERPlus_5442.png
4,FERPlus_5443.png
4,FERPlus_5444.png
4,FERPlus_5445.png
4,FERPlus_5446.png
4,FERPlus_5447.png
4,FERPlus_5448.png
4,FERPlus_5449.png
4,FERPlus_5450.png
4,FERPlus_5451.png
4,FERPlus_5452.png
4,FERPlus_5453.png
4,FERPlus_5454.png
4,FERPlus_5455.png
4,FERPlus_5456.png
4,FERPlus_5457.png
4,FERPlus_5458.png
4,FERPlus_5459.png
4,FERPlus_5460.png
4,FERPlus_5461.png
4,FERPlus_5462.png
4,FERPlus_5463.png
4,FERPlus_5464.png
4,FERPlus_5465.png
4,FERPlus_5466.png
4,FERPlus_5467.png
4,FERPlus_5468.png
4,FERPlus_5469.png
4,FERPlus_5470.png
4,FERPlus_5471.png
4,FERPlus_5472.png
4,FERPlus_5473.png
4,FERPlus_5474.png
4,FERPlus_5475.png
4,FERPlus_5476.png
4,FERPlus_5477.png
4,FERPlus_5478.png
4,FERPlus_5479.png
4,FERPlus_5480.png
4,FERPlus_5481.png
4,FERPlus_5482.png
4,FERPlus_5483.png
4,FERPlus_5484.png
4,FERPlus_5485.png
4,FERPlus_5486.png
4,FERPlus_5487.png
4,FERPlus_5488.png
4,FERPlus_5489.png
4,FERPlus_5490.png
4,FERPlus_5491.png
4,FERPlus_5492.png
4,FERPlus_5493.png
4,FERPlus_5494.png
4,FERPlus_5495.png
4,FERPlus_5496.png
4,FERPlus_5497.png
4,FERPlus_5498.png
4,FERPlus_5499.png
4,FERPlus_5500.png
4,FERPlus_5501.png
4,FERPlus_5502.png
4,FERPlus_5503.png
4,FERPlus_5504.png
4,FERPlus_5505.png
4,FERPlus_5506.png
4,FERPlus_5507.png
4,FERPlus_5508.png
4,FERPlus_5509.png
4,FERPlus_5510.png
4,FERPlus_5511.png
4,FERPlus_5512.png
4,FERPlus_5513.png
4,FERPlus_5514.png
4,FERPlus_5515.png
4,FERPlus_5516.png
4,FERPlus_5517.png
4,FERPlus_5518.png
4,FERPlus_5519.png
4,FERPlus_5520.png
4,FERPlus_5521.png
4,FERPlus_5522.png
4,FERPlus_5523.png
4,FERPlus_5524.png
4,FERPlus_5525.png
4,FERPlus_5526.png
4,FERPlus_5527.png
4,FERPlus_5528.png
4,FERPlus_5529.png
4,FERPlus_5530.png
4,FERPlus_5531.png
4,FERPlus_5532.png
4,FERPlus_5533.png
4,FERPlus_5534.png
4,FERPlus_5535.png
4,FERPlus_5536.png
4,FERPlus_5537.png
4,FERPlus_5538.png
4,FERPlus_5539.png
4,FERPlus_5540.png
4,FERPlus_5541.png
4,FERPlus_5542.png
4,FERPlus_5543.png
4,FERPlus_5544.png
4,FERPlus_5545.png
4,FERPlus_5546.png
4,FERPlus_5547.png
4,FERPlus_5548.png
4,FERPlus_5549.png
4,FERPlus_5550.png
4,FERPlus_5551.png
4,FERPlus_5552.png
4,FERPlus_5553.png
4,FERPlus_5554.png
4,FERPlus_5555.png
4,FERPlus_5556.png
4,FERPlus_5557.png
4,FERPlus_5558.png
4,FERPlus_5559.png
4,FERPlus_5560.png
4,FERPlus_5561.png
4,FERPlus_5562.png
4,FERPlus_5563.png
4,FERPlus_5564.png
4,FERPlus_5565.png
4,FERPlus_5566.png
4,FERPlus_5567.png
4,FERPlus_5568.png
4,FERPlus_5569.png
4,FERPlus_5570.png
4,FERPlus_5571.png
4,FERPlus_5572.png
4,FERPlus_5573.png
4,FERPlus_5574.png
4,FERPlus_5575.png
4,FERPlus_5576.png
4,FERPlus_5577.png
4,FERPlus_5578.png
4,FERPlus_5579.png
4,FERPlus_5580.png
4,FERPlus_5581.png
4,FERPlus_5582.png
4,FERPlus_5583.png
4,FERPlus_5584.png
4,FERPlus_5585.png
4,FERPlus_5586.png
4,FERPlus_5587.png
4,FERPlus_5588.png
4,FERPlus_5589.png
4,FERPlus_5590.png
4,FERPlus_5591.png
4,FERPlus_5592.png
4,FERPlus_5593.png
4,FERPlus_5594.png
4,FERPlus_5595.png
4,FERPlus_5596.png
4,FERPlus_5597.png
4,FERPlus_5598.png
4,FERPlus_5599.png
4,FERPlus_5600.png
4,FERPlus_5601.png
4,FERPlus_5602.png
4,FERPlus_5603.png
4,FERPlus_5604.png
4,FERPlus_5605.png
4,FERPlus_5606.png
4,FERPlus_5607.png
4,FERPlus_5608.png
4,FERPlus_5609.png
4,FERPlus_5610.png
4,FERPlus_5611.png
4,FERPlus_5612.png
4,FERPlus_5613.png
4,FERPlus_5614.png
4,FERPlus_5615.png
4,FERPlus_5616.png
4,FERPlus_5617.png
4,FERPlus_5618.png
4,FERPlus_5619.png
4,FERPlus_5620.png
4,FERPlus_5621.png
4,FERPlus_5622.png
4,FERPlus_5623.png
4,FERPlus_5624.png
4,FERPlus_5625.png
4,FERPlus_5626.png
4,FERPlus_5627.png
4,FERPlus_5628.png
4,FERPlus_5629.png
4,FERPlus_5630.png
4,FERPlus_5631.png
4,FERPlus_5632.png
4,FERPlus_5633.png
4,FERPlus_5634.png
4,FERPlus_5635.png
4,FERPlus_5636.png
4,FERPlus_5637.png
4,FERPlus_5638.png
4,FERPlus_5639.png
4,FERPlus_5640.png
4,FERPlus_5641.png
4,FERPlus_5642.png
4,FERPlus_5643.png
4,FERPlus_5644.png
4,FERPlus_5645.png
4,FERPlus_5646.png
4,FERPlus_5647.png
4,FERPlus_5648.png
4,FERPlus_5649.png
4,FERPlus_5650.png
4,FERPlus_5651.png
4,FERPlus_5652.png
4,FERPlus_5653.png
4,FERPlus_5654.png
4,FERPlus_5655.png
4,FERPlus_5656.png
4,FERPlus_5657.png
4,FERPlus_5658.png
4,FERPlus_5659.png
4,FERPlus_5660.png
4,FERPlus_5661.png
4,FERPlus_5662.png
4,FERPlus_5663.png
4,FERPlus_5664.png
4,FERPlus_5665.png
4,FERPlus_5666.png
4,FERPlus_5667.png
4,FERPlus_5668.png
4,FERPlus_5669.png
4,FERPlus_5670.png
4,FERPlus_5671.png
4,FERPlus_5672.png
4,FERPlus_5673.png
4,FERPlus_5674.png
4,FERPlus_5675.png
4,FERPlus_5676.png
4,FERPlus_5677.png
4,FERPlus_5678.png
4,FERPlus_5679.png
4,FERPlus_5680.png
4,FERPlus_5681.png
4,FERPlus_5682.png
4,FERPlus_5683.png
4,FERPlus_5684.png
4,FERPlus_5685.png
4,FERPlus_5686.png
4,FERPlus_5687.png
4,FERPlus_5688.png
4,FERPlus_5689.png
4,FERPlus_5690.png
4,FERPlus_5691.png
4,FERPlus_5692.png
4,FERPlus_5693.png
4,FERPlus_5694.png
4,FERPlus_5695.png
4,FERPlus_5696.png
4,FERPlus_5697.png
4,FERPlus_5698.png
4,FERPlus_5699.png
4,FERPlus_5700.png
4,FERPlus_5701.png
4,FERPlus_5702.png
4,FERPlus_5703.png
4,FERPlus_5704.png
4,FERPlus_5705.png
4,FERPlus_5706.png
4,FERPlus_5707.png
4,FERPlus_5708.png
4,FERPlus_5709.png
4,FERPlus_5710.png
4,FERPlus_5711.png
4,FERPlus_5712.png
4,FERPlus_5713.png
4,FERPlus_5714.png
4,FERPlus_5715.png
4,FERPlus_5716.png
4,FERPlus_5717.png
4,FERPlus_5718.png
4,FERPlus_5719.png
4,FERPlus_5720.png
4,FERPlus_5721.png
4,FERPlus_5722.png
4,FERPlus_5723.png
4,FERPlus_5724.png
4,FERPlus_5725.png
4,FERPlus_5726.png
4,FERPlus_5727.png
4,FERPlus_5728.png
4,FERPlus_5729.png
4,FERPlus_5730.png
4,FERPlus_5731.png
4,FERPlus_5732.png
4,FERPlus_5733.png
4,FERPlus_5734.png
4,FERPlus_5735.png
4,FERPlus_5736.png
4,FERPlus_5737.png
4,FERPlus_5738.png
4,FERPlus_5739.png
4,FERPlus_5740.png
4,FERPlus_5741.png
4,FERPlus_5742.png
4,FERPlus_5743.png
4,FERPlus_5744.png
4,FERPlus_5745.png
4,FERPlus_5746.png
4,FERPlus_5747.png
4,FERPlus_5748.png
4,FERPlus_5749.png
4,FERPlus_5750.png
4,FERPlus_5751.png
4,FERPlus_5752.png
4,FERPlus_5753.png
4,FERPlus_5754.png
4,FERPlus_5755.png
4,FERPlus_5756.png
4,FERPlus_5757.png
4,FERPlus_5758.png
4,FERPlus_5759.png
4,FERPlus_5760.png
4,FERPlus_5761.png
4,FERPlus_5762.png
4,FERPlus_5763.png
4,FERPlus_5764.png
4,FERPlus_5765.png
4,FERPlus_5766.png
4,FERPlus_5767.png
4,FERPlus_5768.png
4,FERPlus_5769.png
4,FERPlus_5770.png
4,FERPlus_5771.png
4,FERPlus_5772.png
4,FERPlus_5773.png
4,FERPlus_5774.png
4,FERPlus_5775.png
4,FERPlus_5776.png
4,FERPlus_5777.png
4,FERPlus_5778.png
4,FERPlus_5779.png
4,FERPlus_5780.png
4,FERPlus_5781.png
4,FERPlus_5782.png
4,FERPlus_5783.png
4,FERPlus_5784.png
4,FERPlus_5785.png
4,FERPlus_5786.png
4,FERPlus_5787.png
4,FERPlus_5788.png
4,FERPlus_5789.png
4,FERPlus_5790.png
4,FERPlus_5791.png
4,FERPlus_5792.png
4,FERPlus_5793.png
4,FERPlus_5794.png
4,FERPlus_5795.png
4,FERPlus_5796.png
4,FERPlus_5797.png
4,FERPlus_5798.png
4,FERPlus_5799.png
4,FERPlus_5800.png
4,FERPlus_5801.png
4,FERPlus_5802.png
4,FERPlus_5803.png
4,FERPlus_5804.png
4,FERPlus_5805.png
4,FERPlus_5806.png
4,FERPlus_5807.png
4,FERPlus_5808.png
4,FERPlus_5809.png
4,FERPlus_5810.png
4,FERPlus_5811.png
4,FERPlus_5812.png
4,FERPlus_5813.png
4,FERPlus_5814.png
4,FERPlus_5815.png
4,FERPlus_5816.png
4,FERPlus_5817.png
4,FERPlus_5818.png
4,FERPlus_5819.png
4,FERPlus_5820.png
4,FERPlus_5821.png
4,FERPlus_5822.png
4,FERPlus_5823.png
4,FERPlus_5824.png
4,FERPlus_5825.png
4,FERPlus_5826.png
4,FERPlus_5827.png
4,FERPlus_5828.png
4,FERPlus_5829.png
4,FERPlus_5830.png
4,FERPlus_5831.png
4,FERPlus_5832.png
4,FERPlus_5833.png
4,FERPlus_5834.png
4,FERPlus_5835.png
4,FERPlus_5836.png
4,FERPlus_5837.png
4,FERPlus_5838.png
4,FERPlus_5839.png
4,FERPlus_5840.png
4,FERPlus_5841.png
4,FERPlus_5842.png
4,FERPlus_5843.png
4,FERPlus_5844.png
4,FERPlus_5845.png
4,FERPlus_5846.png
4,FERPlus_5847.png
4,FERPlus_5848.png
4,FERPlus_5849.png
4,FERPlus_5850.png
4,FERPlus_5851.png
4,FERPlus_5852.png
4,FERPlus_5853.png
4,FERPlus_5854.png
4,FERPlus_5855.png
4,FERPlus_5856.png
4,FERPlus_5857.png
4,FERPlus_5858.png
4,FERPlus_5859.png
4,FERPlus_5860.png
4,FERPlus_5861.png
4,FERPlus_5862.png
4,FERPlus_5863.png
4,FERPlus_5864.png
4,FERPlus_5865.png
4,FERPlus_5866.png
4,FERPlus_5867.png
4,FERPlus_5868.png
4,FERPlus_5869.png
4,FERPlus_5870.png
4,FERPlus_5871.png
4,FERPlus_5872.png
4,FERPlus_5873.png
4,FERPlus_5874.png
4,FERPlus_5875.png
4,FERPlus_5876.png
4,FERPlus_5877.png
4,FERPlus_5878.png
4,FERPlus_5879.png
4,FERPlus_5880.png
4,FERPlus_5881.png
4,FERPlus_5882.png
4,FERPlus_5883.png
4,FERPlus_5884.png
4,FERPlus_5885.png
4,FERPlus_5886.png
4,FERPlus_5887.png
4,FERPlus_5888.png
4,FERPlus_5889.png
4,FERPlus_5890.png
4,FERPlus_5891.png
4,FERPlus_5892.png
4,FERPlus_5893.png
4,FERPlus_5894.png
4,FERPlus_5895.png
4,FERPlus_5896.png
4,FERPlus_5897.png
4,FERPlus_5898.png
4,FERPlus_5899.png
4,FERPlus_5900.png
4,FERPlus_5901.png
4,FERPlus_5902.png
4,FERPlus_5903.png
4,FERPlus_5904.png
4,FERPlus_5905.png
4,FERPlus_5906.png
4,FERPlus_5907.png
4,FERPlus_5908.png
4,FERPlus_5909.png
4,FERPlus_5910.png
4,FERPlus_5911.png
4,FERPlus_5912.png
4,FERPlus_5913.png
4,FERPlus_5914.png
4,FERPlus_5915.png
4,FERPlus_5916.png
4,FERPlus_5917.png
4,FERPlus_5918.png
4,FERPlus_5919.png
4,FERPlus_5920.png
4,FERPlus_5921.png
4,FERPlus_5922.png
4,FERPlus_5923.png
4,FERPlus_5924.png
4,FERPlus_5925.png
4,FERPlus_5926.png
4,FERPlus_5927.png
4,FERPlus_5928.png
4,FERPlus_5929.png
4,FERPlus_5930.png
4,FERPlus_5931.png
4,FERPlus_5932.png
4,FERPlus_5933.png
4,FERPlus_5934.png
4,FERPlus_5935.png
4,FERPlus_5936.png
4,FERPlus_5937.png
4,FERPlus_5938.png
4,FERPlus_5939.png
4,FERPlus_5940.png
4,FERPlus_5941.png
4,FERPlus_5942.png
4,FERPlus_5943.png
4,FERPlus_5944.png
4,FERPlus_5945.png
4,FERPlus_5946.png
4,FERPlus_5947.png
4,FERPlus_5948.png
4,FERPlus_5949.png
4,FERPlus_5950.png
4,FERPlus_5951.png
4,FERPlus_5952.png
4,FERPlus_5953.png
4,FERPlus_5954.png
4,FERPlus_5955.png
4,FERPlus_5956.png
4,FERPlus_5957.png
4,FERPlus_5958.png
4,FERPlus_5959.png
4,FERPlus_5960.png
4,FERPlus_5961.png
4,FERPlus_5962.png
4,FERPlus_5963.png
4,FERPlus_5964.png
4,FERPlus_5965.png
4,FERPlus_5966.png
4,FERPlus_5967.png
4,FERPlus_5968.png
4,FERPlus_5969.png
4,FERPlus_5970.png
4,FERPlus_5971.png
4,FERPlus_5972.png
4,FERPlus_5973.png
4,FERPlus_5974.png
4,FERPlus_5975.png
4,FERPlus_5976.png
4,FERPlus_5977.png
4,FERPlus_5978.png
4,FERPlus_5979.png
4,FERPlus_5980.png
4,FERPlus_5981.png
4,FERPlus_5982.png
4,FERPlus_5983.png
4,FERPlus_5984.png
4,FERPlus_5985.png
4,FERPlus_5986.png
4,FERPlus_5987.png
4,FERPlus_5988.png
4,FERPlus_5989.png
4,FERPlus_5990.png
4,FERPlus_5991.png
4,FERPlus_5992.png
4,FERPlus_5993.png
4,FERPlus_5994.png
4,FERPlus_5995.png
4,FERPlus_5996.png
4,FERPlus_5997.png
4,FERPlus_5998.png
4,FERPlus_5999.png
4,FERPlus_6000.png
4,FERPlus_6001.png
4,FERPlus_6002.png
4,FERPlus_6003.png
4,FERPlus_6004.png
4,FERPlus_6005.png
4,FERPlus_6006.png
4,FERPlus_6007.png
4,FERPlus_6008.png
4,FERPlus_6009.png
4,FERPlus_6010.png
4,FERPlus_6011.png
4,FERPlus_6012.png
4,FERPlus_6013.png
4,FERPlus_6014.png
4,FERPlus_6015.png
4,FERPlus_6016.png
4,FERPlus_6017.png
4,FERPlus_6018.png
4,FERPlus_6019.png
4,FERPlus_6020.png
4,FERPlus_6021.png
4,FERPlus_6022.png
4,FERPlus_6023.png
4,FERPlus_6024.png
4,FERPlus_6025.png
4,FERPlus_6026.png
4,FERPlus_6027.png
4,FERPlus_6028.png
4,FERPlus_6029.png
4,FERPlus_6030.png
4,FERPlus_6031.png
4,FERPlus_6032.png
4,FERPlus_6033.png
4,FERPlus_6034.png
4,FERPlus_6035.png
4,FERPlus_6036.png
4,FERPlus_6037.png
4,FERPlus_6038.png
4,FERPlus_6039.png
4,FERPlus_6040.png
4,FERPlus_6041.png
4,FERPlus_6042.png
4,FERPlus_6043.png
4,FERPlus_6044.png
4,FERPlus_6045.png
4,FERPlus_6046.png
4,FERPlus_6047.png
4,FERPlus_6048.png
4,FERPlus_6049.png
4,FERPlus_6050.png
4,FERPlus_6051.png
4,FERPlus_6052.png
4,FERPlus_6053.png
4,FERPlus_6054.png
4,FERPlus_6055.png
4,FERPlus_6056.png
4,FERPlus_6057.png
4,FERPlus_6058.png
4,FERPlus_6059.png
4,FERPlus_6060.png
4,FERPlus_6061.png
4,FERPlus_6062.png
4,FERPlus_6063.png
4,FERPlus_6064.png
4,FERPlus_6065.png
4,FERPlus_6066.png
4,FERPlus_6067.png
4,FERPlus_6068.png
4,FERPlus_6069.png
4,FERPlus_6070.png
4,FERPlus_6071.png
4,FERPlus_6072.png
4,FERPlus_6073.png
4,FERPlus_6074.png
4,FERPlus_6075.png
4,FERPlus_6076.png
4,FERPlus_6077.png
4,FERPlus_6078.png
4,FERPlus_6079.png
4,FERPlus_6080.png
4,FERPlus_6081.png
4,FERPlus_6082.png
4,FERPlus_6083.png
4,FERPlus_6084.png
4,FERPlus_6085.png
4,FERPlus_6086.png
4,FERPlus_6087.png
4,FERPlus_6088.png
4,FERPlus_6089.png
4,FERPlus_6090.png
4,FERPlus_6091.png
4,FERPlus_6092.png
4,FERPlus_6093.png
4,FERPlus_6094.png
4,FERPlus_6095.png
4,FERPlus_6096.png
4,FERPlus_6097.png
4,FERPlus_6098.png
4,FERPlus_6099.png
4,FERPlus_6100.png
4,FERPlus_6101.png
4,FERPlus_6102.png
4,FERPlus_6103.png
4,FERPlus_6104.png
4,FERPlus_6105.png
4,FERPlus_6106.png
4,FERPlus_6107.png
4,FERPlus_6108.png
4,FERPlus_6109.png
4,FERPlus_6110.png
4,FERPlus_6111.png
4,FERPlus_6112.png
4,FERPlus_6113.png
4,FERPlus_6114.png
4,FERPlus_6115.png
4,FERPlus_6116.png
4,FERPlus_6117.png
4,FERPlus_6118.png
4,FERPlus_6119.png
4,FERPlus_6120.png
4,FERPlus_6121.png
4,FERPlus_6122.png
4,FERPlus_6123.png
4,FERPlus_6124.png
4,FERPlus_6125.png
4,FERPlus_6126.png
4,FERPlus_6127.png
4,FERPlus_6128.png
4,FERPlus_6129.png
4,FERPlus_6130.png
4,FERPlus_6131.png
4,FERPlus_6132.png
4,FERPlus_6133.png
4,FERPlus_6134.png
4,FERPlus_6135.png
4,FERPlus_6136.png
4,FERPlus_6137.png
4,FERPlus_6138.png
4,FERPlus_6139.png
4,FERPlus_6140.png
4,FERPlus_6141.png
4,FERPlus_6142.png
4,FERPlus_6143.png
4,FERPlus_6144.png
4,FERPlus_6145.png
4,FERPlus_6146.png
4,FERPlus_6147.png
4,FERPlus_6148.png
4,FERPlus_6149.png
4,FERPlus_6150.png
4,FERPlus_6151.png
4,FERPlus_6152.png
4,FERPlus_6153.png
4,FERPlus_6154.png
4,FERPlus_6155.png
4,FERPlus_6156.png
4,FERPlus_6157.png
4,FERPlus_6158.png
4,FERPlus_6159.png
4,FERPlus_6160.png
4,FERPlus_6161.png
4,FERPlus_6162.png
4,FERPlus_6163.png
4,FERPlus_6164.png
4,FERPlus_6165.png
4,FERPlus_6166.png
4,FERPlus_6167.png
4,FERPlus_6168.png
4,FERPlus_6169.png
4,FERPlus_6170.png
4,FERPlus_6171.png
4,FERPlus_6172.png
4,FERPlus_6173.png
4,FERPlus_6174.png
4,FERPlus_6175.png
4,FERPlus_6176.png
4,FERPlus_6177.png
4,FERPlus_6178.png
4,FERPlus_6179.png
4,FERPlus_6180.png
4,FERPlus_6181.png
4,FERPlus_6182.png
4,FERPlus_6183.png
4,FERPlus_6184.png
4,FERPlus_6185.png
4,FERPlus_6186.png
4,FERPlus_6187.png
4,FERPlus_6188.png
4,FERPlus_6189.png
4,FERPlus_6190.png
4,FERPlus_6191.png
4,FERPlus_6192.png
4,FERPlus_6193.png
4,FERPlus_6194.png
4,FERPlus_6195.png
4,FERPlus_6196.png
4,FERPlus_6197.png
4,FERPlus_6198.png
4,FERPlus_6199.png
4,FERPlus_6200.png
4,FERPlus_6201.png
4,FERPlus_6202.png
4,FERPlus_6203.png
4,FERPlus_6204.png
4,FERPlus_6205.png
4,FERPlus_6206.png
4,FERPlus_6207.png
4,FERPlus_6208.png
4,FERPlus_6209.png
4,FERPlus_6210.png
4,FERPlus_6211.png
4,FERPlus_6212.png
4,FERPlus_6213.png
4,FERPlus_6214.png
4,FERPlus_6215.png
4,FERPlus_6216.png
4,FERPlus_6217.png
4,FERPlus_6218.png
4,FERPlus_6219.png
4,FERPlus_6220.png
4,FERPlus_6221.png
4,FERPlus_6222.png
4,FERPlus_6223.png
4,FERPlus_6224.png
4,FERPlus_6225.png
4,FERPlus_6226.png
4,FERPlus_6227.png
4,FERPlus_6228.png
4,FERPlus_6229.png
4,FERPlus_6230.png
4,FERPlus_6231.png
4,FERPlus_6232.png
4,FERPlus_6233.png
4,FERPlus_6234.png
4,FERPlus_6235.png
4,FERPlus_6236.png
4,FERPlus_6237.png
4,FERPlus_6238.png
4,FERPlus_6239.png
4,FERPlus_6240.png
4,FERPlus_6241.png
4,FERPlus_6242.png
4,FERPlus_6243.png
4,FERPlus_6244.png
4,FERPlus_6245.png
4,FERPlus_6246.png
4,FERPlus_6247.png
4,FERPlus_6248.png
4,FERPlus_6249.png
4,FERPlus_6250.png
4,FERPlus_6251.png
4,FERPlus_6252.png
4,FERPlus_6253.png
4,FERPlus_6254.png
4,FERPlus_6255.png
4,FERPlus_6256.png
4,FERPlus_6257.png
4,FERPlus_6258.png
4,FERPlus_6259.png
4,FERPlus_6260.png
4,FERPlus_6261.png
4,FERPlus_6262.png
4,FERPlus_6263.png
4,FERPlus_6264.png
4,FERPlus_6265.png
4,FERPlus_6266.png
4,FERPlus_6267.png
4,FERPlus_6268.png
4,FERPlus_6269.png
4,FERPlus_6270.png
4,FERPlus_6271.png
4,FERPlus_6272.png
4,FERPlus_6273.png
4,FERPlus_6274.png
4,FERPlus_6275.png
4,FERPlus_6276.png
4,FERPlus_6277.png
4,FERPlus_6278.png
4,FERPlus_6279.png
4,FERPlus_6280.png
4,FERPlus_6281.png
4,FERPlus_6282.png
4,FERPlus_6283.png
4,FERPlus_6284.png
4,FERPlus_6285.png
4,FERPlus_6286.png
4,FERPlus_6287.png
4,FERPlus_6288.png
4,FERPlus_6289.png
4,FERPlus_6290.png
4,FERPlus_6291.png
4,FERPlus_6292.png
4,FERPlus_6293.png
4,FERPlus_6294.png
4,FERPlus_6295.png
4,FERPlus_6296.png
4,FERPlus_6297.png
4,FERPlus_6298.png
4,FERPlus_6299.png
4,FERPlus_6300.png
4,FERPlus_6301.png
4,FERPlus_6302.png
4,FERPlus_6303.png
4,FERPlus_6304.png
4,FERPlus_6305.png
4,FERPlus_6306.png
4,FERPlus_6307.png
4,FERPlus_6308.png
4,FERPlus_6309.png
4,FERPlus_6310.png
4,FERPlus_6311.png
4,FERPlus_6312.png
4,FERPlus_6313.png
4,FERPlus_6314.png
4,FERPlus_6315.png
4,FERPlus_6316.png
4,FERPlus_6317.png
4,FERPlus_6318.png
4,FERPlus_6319.png
4,FERPlus_6320.png
4,FERPlus_6321.png
4,FERPlus_6322.png
4,FERPlus_6323.png
4,FERPlus_6324.png
4,FERPlus_6325.png
4,FERPlus_6326.png
4,FERPlus_6327.png
4,FERPlus_6328.png
4,FERPlus_6329.png
4,FERPlus_6330.png
4,FERPlus_6331.png
4,FERPlus_6332.png
4,FERPlus_6333.png
4,FERPlus_6334.png
4,FERPlus_6335.png
4,FERPlus_6336.png
4,FERPlus_6337.png
4,FERPlus_6338.png
4,FERPlus_6339.png
4,FERPlus_6340.png
4,FERPlus_6341.png
4,FERPlus_6342.png
4,FERPlus_6343.png
4,FERPlus_6344.png
4,FERPlus_6345.png
4,FERPlus_6346.png
4,FERPlus_6347.png
4,FERPlus_6348.png
4,FERPlus_6349.png
4,FERPlus_6350.png
4,FERPlus_6351.png
4,FERPlus_6352.png
4,FERPlus_6353.png
4,FERPlus_6354.png
4,FERPlus_6355.png
4,FERPlus_6356.png
4,FERPlus_6357.png
4,FERPlus_6358.png
4,FERPlus_6359.png
4,FERPlus_6360.png
4,FERPlus_6361.png
4,FERPlus_6362.png
4,FERPlus_6363.png
4,FERPlus_6364.png
4,FERPlus_6365.png
4,FERPlus_6366.png
4,FERPlus_6367.png
4,FERPlus_6368.png
4,FERPlus_6369.png
4,FERPlus_6370.png
4,FERPlus_6371.png
4,FERPlus_6372.png
4,FERPlus_6373.png
4,FERPlus_6374.png
4,FERPlus_6375.png
4,FERPlus_6376.png
4,FERPlus_6377.png
4,FERPlus_6378.png
4,FERPlus_6379.png
4,FERPlus_6380.png
4,FERPlus_6381.png
4,FERPlus_6382.png
4,FERPlus_6383.png
4,FERPlus_6384.png
4,FERPlus_6385.png
4,FERPlus_6386.png
4,FERPlus_6387.png
4,FERPlus_6388.png
4,FERPlus_6389.png
4,FERPlus_6390.png
4,FERPlus_6391.png
4,FERPlus_6392.png
4,FERPlus_6393.png
4,FERPlus_6394.png
4,FERPlus_6395.png
4,FERPlus_6396.png
4,FERPlus_6397.png
4,FERPlus_6398.png
4,FERPlus_6399.png
4,FERPlus_6400.png
4,FERPlus_6401.png
4,FERPlus_6402.png
4,FERPlus_6403.png
4,FERPlus_6404.png
4,FERPlus_6405.png
4,FERPlus_6406.png
4,FERPlus_6407.png
4,FERPlus_6408.png
4,FERPlus_6409.png
4,FERPlus_6410.png
4,FERPlus_6411.png
4,FERPlus_6412.png
4,FERPlus_6413.png
4,FERPlus_6414.png
4,FERPlus_6415.png
4,FERPlus_6416.png
4,FERPlus_6417.png
4,FERPlus_6418.png
4,FERPlus_6419.png
4,FERPlus_6420.png
4,FERPlus_6421.png
4,FERPlus_6422.png
4,FERPlus_6423.png
4,FERPlus_6424.png
4,FERPlus_6425.png
4,FERPlus_6426.png
4,FERPlus_6427.png
4,FERPlus_6428.png
4,FERPlus_6429.png
4,FERPlus_6430.png
4,FERPlus_6431.png
4,FERPlus_6432.png
4,FERPlus_6433.png
4,FERPlus_6434.png
4,FERPlus_6435.png
4,FERPlus_6436.png
4,FERPlus_6437.png
4,FERPlus_6438.png
4,FERPlus_6439.png
4,FERPlus_6440.png
4,FERPlus_6441.png
4,FERPlus_6442.png
4,FERPlus_6443.png
4,FERPlus_6444.png
4,FERPlus_6445.png
4,FERPlus_6446.png
4,FERPlus_6447.png
4,FERPlus_6448.png
4,FERPlus_6449.png
4,FERPlus_6450.png
4,FERPlus_6451.png
4,FERPlus_6452.png
4,FERPlus_6453.png
4,FERPlus_6454.png
4,FERPlus_6455.png
4,FERPlus_6456.png
4,FERPlus_6457.png
4,FERPlus_6458.png
4,FERPlus_6459.png
4,FERPlus_6460.png
4,FERPlus_6461.png
4,FERPlus_6462.png
4,FERPlus_6463.png
4,FERPlus_6464.png
4,FERPlus_6465.png
4,FERPlus_6466.png
4,FERPlus_6467.png
4,FERPlus_6468.png
4,FERPlus_6469.png
4,FERPlus_6470.png
4,FERPlus_6471.png
4,FERPlus_6472.png
4,FERPlus_6473.png
4,FERPlus_6474.png
4,FERPlus_6475.png
4,FERPlus_6476.png
4,FERPlus_6477.png
4,FERPlus_6478.png
4,FERPlus_6479.png
4,FERPlus_6480.png
4,FERPlus_6481.png
4,FERPlus_6482.png
4,FERPlus_6483.png
4,FERPlus_6484.png
4,FERPlus_6485.png
4,FERPlus_6486.png
4,FERPlus_6487.png
4,FERPlus_6488.png
4,FERPlus_6489.png
4,FERPlus_6490.png
4,FERPlus_6491.png
4,FERPlus_6492.png
4,FERPlus_6493.png
4,FERPlus_6494.png
4,FERPlus_6495.png
4,FERPlus_6496.png
4,FERPlus_6497.png
4,FERPlus_6498.png
4,FERPlus_6499.png
4,FERPlus_6500.png
4,FERPlus_6501.png
4,FERPlus_6502.png
4,FERPlus_6503.png
4,FERPlus_6504.png
4,FERPlus_6505.png
4,FERPlus_6506.png
4,FERPlus_6507.png
4,FERPlus_6508.png
4,FERPlus_6509.png
4,FERPlus_6510.png
4,FERPlus_6511.png
4,FERPlus_6512.png
4,FERPlus_6513.png
4,FERPlus_6514.png
4,FERPlus_6515.png
4,FERPlus_6516.png
4,FERPlus_6517.png
4,FERPlus_6518.png
4,FERPlus_6519.png
4,FERPlus_6520.png
4,FERPlus_6521.png
4,FERPlus_6522.png
4,FERPlus_6523.png
4,FERPlus_6524.png
4,FERPlus_6525.png
4,FERPlus_6526.png
4,FERPlus_6527.png
4,FERPlus_6528.png
4,FERPlus_6529.png
4,FERPlus_6530.png
4,FERPlus_6531.png
4,FERPlus_6532.png
4,FERPlus_6533.png
4,FERPlus_6534.png
4,FERPlus_6535.png
4,FERPlus_6536.png
4,FERPlus_6537.png
4,FERPlus_6538.png
4,FERPlus_6539.png
4,FERPlus_6540.png
4,FERPlus_6541.png
4,FERPlus_6542.png
4,FERPlus_6543.png
4,FERPlus_6544.png
4,FERPlus_6545.png
4,FERPlus_6546.png
4,FERPlus_6547.png
4,FERPlus_6548.png
4,FERPlus_6549.png
4,FERPlus_6550.png
4,FERPlus_6551.png
4,FERPlus_6552.png
4,FERPlus_6553.png
4,FERPlus_6554.png
4,FERPlus_6555.png
4,FERPlus_6556.png
4,FERPlus_6557.png
4,FERPlus_6558.png
4,FERPlus_6559.png
4,FERPlus_6560.png
4,FERPlus_6561.png
4,FERPlus_6562.png
4,FERPlus_6563.png
4,FERPlus_6564.png
4,FERPlus_6565.png
4,FERPlus_6566.png
4,FERPlus_6567.png
4,FERPlus_6568.png
4,FERPlus_6569.png
4,FERPlus_6570.png
4,FERPlus_6571.png
4,FERPlus_6572.png
4,FERPlus_6573.png
4,FERPlus_6574.png
4,FERPlus_6575.png
4,FERPlus_6576.png
4,FERPlus_6577.png
4,FERPlus_6578.png
4,FERPlus_6579.png
4,FERPlus_6580.png
4,FERPlus_6581.png
4,FERPlus_6582.png
4,FERPlus_6583.png
4,FERPlus_6584.png
4,FERPlus_6585.png
4,FERPlus_6586.png
4,FERPlus_6587.png
4,FERPlus_6588.png
4,FERPlus_6589.png
4,FERPlus_6590.png
4,FERPlus_6591.png
4,FERPlus_6592.png
4,FERPlus_6593.png
4,FERPlus_6594.png
4,FERPlus_6595.png
4,FERPlus_6596.png
4,FERPlus_6597.png
4,FERPlus_6598.png
4,FERPlus_6599.png
4,FERPlus_6600.png
4,FERPlus_6601.png
4,FERPlus_6602.png
4,FERPlus_6603.png
4,FERPlus_6604.png
4,FERPlus_6605.png
4,FERPlus_6606.png
4,FERPlus_6607.png
4,FERPlus_6608.png
4,FERPlus_6609.png
4,FERPlus_6610.png
4,FERPlus_6611.png
4,FERPlus_6612.png
4,FERPlus_6613.png
4,FERPlus_6614.png
4,FERPlus_6615.png
4,FERPlus_6616.png
4,FERPlus_6617.png
4,FERPlus_6618.png
4,FERPlus_6619.png
4,FERPlus_6620.png
4,FERPlus_6621.png
4,FERPlus_6622.png
4,FERPlus_6623.png
4,FERPlus_6624.png
4,FERPlus_6625.png
4,FERPlus_6626.png
4,FERPlus_6627.png
4,FERPlus_6628.png
4,FERPlus_6629.png
4,FERPlus_6630.png
4,FERPlus_6631.png
4,FERPlus_6632.png
4,FERPlus_6633.png
4,FERPlus_6634.png
4,FERPlus_6635.png
4,FERPlus_6636.png
4,FERPlus_6637.png
4,FERPlus_6638.png
4,FERPlus_6639.png
4,FERPlus_6640.png
4,FERPlus_6641.png
4,FERPlus_6642.png
4,FERPlus_6643.png
4,FERPlus_6644.png
4,FERPlus_6645.png
4,FERPlus_6646.png
4,FERPlus_6647.png
4,FERPlus_6648.png
4,FERPlus_6649.png
4,FERPlus_6650.png
4,FERPlus_6651.png
4,FERPlus_6652.png
4,FERPlus_6653.png
4,FERPlus_6654.png
4,FERPlus_6655.png
4,FERPlus_6656.png
4,FERPlus_6657.png
4,FERPlus_6658.png
4,FERPlus_6659.png
4,FERPlus_6660.png
4,FERPlus_6661.png
4,FERPlus_6662.png
4,FERPlus_6663.png
4,FERPlus_6664.png
4,FERPlus_6665.png
4,FERPlus_6666.png
4,FERPlus_6667.png
4,FERPlus_6668.png
4,FERPlus_6669.png
4,FERPlus_6670.png
4,FERPlus_6671.png
4,FERPlus_6672.png
4,FERPlus_6673.png
4,FERPlus_6674.png
4,FERPlus_6675.png
4,FERPlus_6676.png
4,FERPlus_6677.png
4,FERPlus_6678.png
4,FERPlus_6679.png
4,FERPlus_6680.png
4,FERPlus_6681.png
4,FERPlus_6682.png
4,FERPlus_6683.png
4,FERPlus_6684.png
4,FERPlus_6685.png
4,FERPlus_6686.png
4,FERPlus_6687.png
4,FERPlus_6688.png
4,FERPlus_6689.png
4,FERPlus_6690.png
4,FERPlus_6691.png
4,FERPlus_6692.png
4,FERPlus_6693.png
4,FERPlus_6694.png
4,FERPlus_6695.png
4,FERPlus_6696.png
4,FERPlus_6697.png
4,FERPlus_6698.png
4,FERPlus_6699.png
4,FERPlus_6700.png
4,FERPlus_6701.png
4,FERPlus_6702.png
4,FERPlus_6703.png
4,FERPlus_6704.png
4,FERPlus_6705.png
4,FERPlus_6706.png
4,FERPlus_6707.png
4,FERPlus_6708.png
4,FERPlus_6709.png
4,FERPlus_6710.png
4,FERPlus_6711.png
4,FERPlus_6712.png
4,FERPlus_6713.png
4,FERPlus_6714.png
4,FERPlus_6715.png
4,FERPlus_6716.png
4,FERPlus_6717.png
4,FERPlus_6718.png
4,FERPlus_6719.png
4,FERPlus_6720.png
4,FERPlus_6721.png
4,FERPlus_6722.png
4,FERPlus_6723.png
4,FERPlus_6724.png
4,FERPlus_6725.png
4,FERPlus_6726.png
4,FERPlus_6727.png
4,FERPlus_6728.png
4,FERPlus_6729.png
4,FERPlus_6730.png
4,FERPlus_6731.png
4,FERPlus_6732.png
4,FERPlus_6733.png
4,FERPlus_6734.png
4,FERPlus_6735.png
4,FERPlus_6736.png
4,FERPlus_6737.png
4,FERPlus_6738.png
4,FERPlus_6739.png
4,FERPlus_6740.png
4,FERPlus_6741.png
4,FERPlus_6742.png
4,FERPlus_6743.png
4,FERPlus_6744.png
4,FERPlus_6745.png
4,FERPlus_6746.png
4,FERPlus_6747.png
4,FERPlus_6748.png
4,FERPlus_6749.png
4,FERPlus_6750.png
4,FERPlus_6751.png
4,FERPlus_6752.png
4,FERPlus_6753.png
4,FERPlus_6754.png
4,FERPlus_6755.png
4,FERPlus_6756.png
4,FERPlus_6757.png
4,FERPlus_6758.png
4,FERPlus_6759.png
4,FERPlus_6760.png
4,FERPlus_6761.png
4,FERPlus_6762.png
4,FERPlus_6763.png
4,FERPlus_6764.png
4,FERPlus_6765.png
4,FERPlus_6766.png
4,FERPlus_6767.png
4,FERPlus_6768.png
4,FERPlus_6769.png
4,FERPlus_6770.png
4,FERPlus_6771.png
4,FERPlus_6772.png
4,FERPlus_6773.png
4,FERPlus_6774.png
4,FERPlus_6775.png
4,FERPlus_6776.png
4,FERPlus_6777.png
4,FERPlus_6778.png
4,FERPlus_6779.png
4,FERPlus_6780.png
4,FERPlus_6781.png
4,FERPlus_6782.png
4,FERPlus_6783.png
4,FERPlus_6784.png
4,FERPlus_6785.png
4,FERPlus_6786.png
4,FERPlus_6787.png
4,FERPlus_6788.png
4,FERPlus_6789.png
4,FERPlus_6790.png
4,FERPlus_6791.png
4,FERPlus_6792.png
4,FERPlus_6793.png
4,FERPlus_6794.png
4,FERPlus_6795.png
4,FERPlus_6796.png
4,FERPlus_6797.png
4,FERPlus_6798.png
4,FERPlus_6799.png
4,FERPlus_6800.png
4,FERPlus_6801.png
4,FERPlus_6802.png
4,FERPlus_6803.png
4,FERPlus_6804.png
4,FERPlus_6805.png
4,FERPlus_6806.png
4,FERPlus_6807.png
4,FERPlus_6808.png
4,FERPlus_6809.png
4,FERPlus_6810.png
4,FERPlus_6811.png
4,FERPlus_6812.png
4,FERPlus_6813.png
4,FERPlus_6814.png
4,FERPlus_6815.png
4,FERPlus_6816.png
4,FERPlus_6817.png
4,FERPlus_6818.png
4,FERPlus_6819.png
4,FERPlus_6820.png
4,FERPlus_6821.png
4,FERPlus_6822.png
4,FERPlus_6823.png
4,FERPlus_6824.png
4,FERPlus_6825.png
4,FERPlus_6826.png
4,FERPlus_6827.png
4,FERPlus_6828.png
4,FERPlus_6829.png
4,FERPlus_6830.png
4,FERPlus_6831.png
4,FERPlus_6832.png
4,FERPlus_6833.png
4,FERPlus_6834.png
4,FERPlus_6835.png
4,FERPlus_6836.png
4,FERPlus_6837.png
4,FERPlus_6838.png
4,FERPlus_6839.png
4,FERPlus_6840.png
4,FERPlus_6841.png
4,FERPlus_6842.png
4,FERPlus_6843.png
4,FERPlus_6844.png
4,FERPlus_6845.png
4,FERPlus_6846.png
4,FERPlus_6847.png
4,FERPlus_6848.png
4,FERPlus_6849.png
4,FERPlus_6850.png
4,FERPlus_6851.png
4,FERPlus_6852.png
4,FERPlus_6853.png
4,FERPlus_6854.png
4,FERPlus_6855.png
4,FERPlus_6856.png
4,FERPlus_6857.png
4,FERPlus_6858.png
4,FERPlus_6859.png
4,FERPlus_6860.png
4,FERPlus_6861.png
4,FERPlus_6862.png
4,FERPlus_6863.png
4,FERPlus_6864.png
4,FERPlus_6865.png
4,FERPlus_6866.png
4,FERPlus_6867.png
4,FERPlus_6868.png
4,FERPlus_6869.png
4,FERPlus_6870.png
4,FERPlus_6871.png
4,FERPlus_6872.png
4,FERPlus_6873.png
4,FERPlus_6874.png
4,FERPlus_6875.png
4,FERPlus_6876.png
4,FERPlus_6877.png
4,FERPlus_6878.png
4,FERPlus_6879.png
4,FERPlus_6880.png
4,FERPlus_6881.png
4,FERPlus_6882.png
4,FERPlus_6883.png
4,FERPlus_6884.png
4,FERPlus_6885.png
4,FERPlus_6886.png
4,FERPlus_6887.png
4,FERPlus_6888.png
4,FERPlus_6889.png
4,FERPlus_6890.png
4,FERPlus_6891.png
4,FERPlus_6892.png
4,FERPlus_6893.png
4,FERPlus_6894.png
4,FERPlus_6895.png
4,FERPlus_6896.png
4,FERPlus_6897.png
4,FERPlus_6898.png
4,FERPlus_6899.png
4,FERPlus_6900.png
4,FERPlus_6901.png
4,FERPlus_6902.png
4,FERPlus_6903.png
4,FERPlus_6904.png
4,FERPlus_6905.png
4,FERPlus_6906.png
4,FERPlus_6907.png
4,FERPlus_6908.png
4,FERPlus_6909.png
4,FERPlus_6910.png
4,FERPlus_6911.png
4,FERPlus_6912.png
4,FERPlus_6913.png
4,FERPlus_6914.png
4,FERPlus_6915.png
4,FERPlus_6916.png
4,FERPlus_6917.png
4,FERPlus_6918.png
4,FERPlus_6919.png
4,FERPlus_6920.png
4,FERPlus_6921.png
4,FERPlus_6922.png
4,FERPlus_6923.png
4,FERPlus_6924.png
4,FERPlus_6925.png
4,FERPlus_6926.png
4,FERPlus_6927.png
4,FERPlus_6928.png
4,FERPlus_6929.png
4,FERPlus_6930.png
4,FERPlus_6931.png
4,FERPlus_6932.png
4,FERPlus_6933.png
4,FERPlus_6934.png
4,FERPlus_6935.png
4,FERPlus_6936.png
4,FERPlus_6937.png
4,FERPlus_6938.png
4,FERPlus_6939.png
4,FERPlus_6940.png
4,FERPlus_6941.png
4,FERPlus_6942.png
4,FERPlus_6943.png
4,FERPlus_6944.png
4,FERPlus_6945.png
4,FERPlus_6946.png
4,FERPlus_6947.png
4,FERPlus_6948.png
4,FERPlus_6949.png
4,FERPlus_6950.png
4,FERPlus_6951.png
4,FERPlus_6952.png
4,FERPlus_6953.png
4,FERPlus_6954.png
4,FERPlus_6955.png
4,FERPlus_6956.png
4,FERPlus_6957.png
4,FERPlus_6958.png
4,FERPlus_6959.png
4,FERPlus_6960.png
4,FERPlus_6961.png
4,FERPlus_6962.png
4,FERPlus_6963.png
4,FERPlus_6964.png
4,FERPlus_6965.png
4,FERPlus_6966.png
4,FERPlus_6967.png
4,FERPlus_6968.png
4,FERPlus_6969.png
4,FERPlus_6970.png
4,FERPlus_6971.png
4,FERPlus_6972.png
4,FERPlus_6973.png
4,FERPlus_6974.png
4,FERPlus_6975.png
4,FERPlus_6976.png
4,FERPlus_6977.png
4,FERPlus_6978.png
4,FERPlus_6979.png
4,FERPlus_6980.png
4,FERPlus_6981.png
4,FERPlus_6982.png
4,FERPlus_6983.png
4,FERPlus_6984.png
4,FERPlus_6985.png
4,FERPlus_6986.png
4,FERPlus_6987.png
4,FERPlus_6988.png
4,FERPlus_6989.png
4,FERPlus_6990.png
4,FERPlus_6991.png
4,FERPlus_6992.png
4,FERPlus_6993.png
4,FERPlus_6994.png
4,FERPlus_6995.png
4,FERPlus_6996.png
4,FERPlus_6997.png
4,FERPlus_6998.png
4,FERPlus_6999.png
4,FERPlus_7000.png
4,FERPlus_7001.png
4,FERPlus_7002.png
4,FERPlus_7003.png
4,FERPlus_7004.png
4,FERPlus_7005.png
4,FERPlus_7006.png
4,FERPlus_7007.png
4,FERPlus_7008.png
4,FERPlus_7009.png
4,FERPlus_7010.png
4,FERPlus_7011.png
4,FERPlus_7012.png
4,FERPlus_7013.png
4,FERPlus_7014.png
4,FERPlus_7015.png
4,FERPlus_7016.png
4,FERPlus_7017.png
4,FERPlus_7018.png
4,FERPlus_7019.png
4,FERPlus_7020.png
4,FERPlus_7021.png
4,FERPlus_7022.png
4,FERPlus_7023.png
4,FERPlus_7024.png
4,FERPlus_7025.png
4,FERPlus_7026.png
4,FERPlus_7027.png
4,FERPlus_7028.png
4,FERPlus_7029.png
4,FERPlus_7030.png
4,FERPlus_7031.png
4,FERPlus_7032.png
4,FERPlus_7033.png
4,FERPlus_7034.png
4,FERPlus_7035.png
4,FERPlus_7036.png
4,FERPlus_7037.png
4,FERPlus_7038.png
4,FERPlus_7039.png
4,FERPlus_7040.png
4,FERPlus_7041.png
4,FERPlus_7042.png
4,FERPlus_7043.png
4,FERPlus_7044.png
4,FERPlus_7045.png
4,FERPlus_7046.png
4,FERPlus_7047.png
4,FERPlus_7048.png
4,FERPlus_7049.png
4,FERPlus_7050.png
4,FERPlus_7051.png
4,FERPlus_7052.png
4,FERPlus_7053.png
4,FERPlus_7054.png
4,FERPlus_7055.png
4,FERPlus_7056.png
4,FERPlus_7057.png
4,FERPlus_7058.png
4,FERPlus_7059.png
4,FERPlus_7060.png
4,FERPlus_7061.png
4,FERPlus_7062.png
4,FERPlus_7063.png
4,FERPlus_7064.png
4,FERPlus_7065.png
4,FERPlus_7066.png
4,FERPlus_7067.png
4,FERPlus_7068.png
4,FERPlus_7069.png
4,FERPlus_7070.png
4,FERPlus_7071.png
4,FERPlus_7072.png
4,FERPlus_7073.png
4,FERPlus_7074.png
4,FERPlus_7075.png
4,FERPlus_7076.png
4,FERPlus_7077.png
4,FERPlus_7078.png
4,FERPlus_7079.png
4,FERPlus_7080.png
4,FERPlus_7081.png
4,FERPlus_7082.png
4,FERPlus_7083.png
4,FERPlus_7084.png
4,FERPlus_7085.png
4,FERPlus_7086.png
4,FERPlus_7087.png
4,FERPlus_7088.png
4,FERPlus_7089.png
4,FERPlus_7090.png
4,FERPlus_7091.png
4,FERPlus_7092.png
4,FERPlus_7093.png
4,FERPlus_7094.png
4,FERPlus_7095.png
4,FERPlus_7096.png
4,FERPlus_7097.png
4,FERPlus_7098.png
4,FERPlus_7099.png
4,FERPlus_7100.png
4,FERPlus_7101.png
4,FERPlus_7102.png
4,FERPlus_7103.png
4,FERPlus_7104.png
4,FERPlus_7105.png
4,FERPlus_7106.png
4,FERPlus_7107.png
4,FERPlus_7108.png
4,FERPlus_7109.png
4,FERPlus_7110.png
4,FERPlus_7111.png
4,FERPlus_7112.png
4,FERPlus_7113.png
4,FERPlus_7114.png
4,FERPlus_7115.png
4,FERPlus_7116.png
4,FERPlus_7117.png
4,FERPlus_7118.png
4,FERPlus_7119.png
4,FERPlus_7120.png
4,FERPlus_7121.png
4,FERPlus_7122.png
4,FERPlus_7123.png
4,FERPlus_7124.png
4,FERPlus_7125.png
4,FERPlus_7126.png
4,FERPlus_7127.png
4,FERPlus_7128.png
4,FERPlus_7129.png
4,FERPlus_7130.png
4,FERPlus_7131.png
4,FERPlus_7132.png
4,FERPlus_7133.png
4,FERPlus_7134.png
4,FERPlus_7135.png
4,FERPlus_7136.png
4,FERPlus_7137.png
4,FERPlus_7138.png
4,FERPlus_7139.png
4,FERPlus_7140.png
4,FERPlus_7141.png
4,FERPlus_7142.png
4,FERPlus_7143.png
4,FERPlus_7144.png
4,FERPlus_7145.png
4,FERPlus_7146.png
4,FERPlus_7147.png
4,FERPlus_7148.png
4,FERPlus_7149.png
4,FERPlus_7150.png
4,FERPlus_7151.png
4,FERPlus_7152.png
4,FERPlus_7153.png
4,FERPlus_7154.png
4,FERPlus_7155.png
4,FERPlus_7156.png
4,FERPlus_7157.png
4,FERPlus_7158.png
4,FERPlus_7159.png
4,FERPlus_7160.png
4,FERPlus_7161.png
4,FERPlus_7162.png
4,FERPlus_7163.png
4,FERPlus_7164.png
4,FERPlus_7165.png
4,FERPlus_7166.png
4,FERPlus_7167.png
4,FERPlus_7168.png
4,FERPlus_7169.png
4,FERPlus_7170.png
4,FERPlus_7171.png
4,FERPlus_7172.png
4,FERPlus_7173.png
4,FERPlus_7174.png
4,FERPlus_7175.png
4,FERPlus_7176.png
4,FERPlus_7177.png
4,FERPlus_7178.png
4,FERPlus_7179.png
4,FERPlus_7180.png
4,FERPlus_7181.png
4,FERPlus_7182.png
4,FERPlus_7183.png
4,FERPlus_7184.png
4,FERPlus_7185.png
4,FERPlus_7186.png
4,FERPlus_7187.png
4,FERPlus_7188.png
4,FERPlus_7189.png
4,FERPlus_7190.png
4,FERPlus_7191.png
4,FERPlus_7192.png
4,FERPlus_7193.png
4,FERPlus_7194.png
4,FERPlus_7195.png
4,FERPlus_7196.png
4,FERPlus_7197.png
4,FERPlus_7198.png
4,FERPlus_7199.png
4,FERPlus_7200.png
4,FERPlus_7201.png
4,FERPlus_7202.png
4,FERPlus_7203.png
4,FERPlus_7204.png
4,FERPlus_7205.png
4,FERPlus_7206.png
4,FERPlus_7207.png
4,FERPlus_7208.png
4,FERPlus_7209.png
4,FERPlus_7210.png
4,FERPlus_7211.png
4,FERPlus_7212.png
4,FERPlus_7213.png
4,FERPlus_7214.png
4,FERPlus_7215.png
4,FERPlus_7216.png
4,FERPlus_7217.png
4,FERPlus_7218.png
4,FERPlus_7219.png
4,FERPlus_7220.png
4,FERPlus_7221.png
4,FERPlus_7222.png
4,FERPlus_7223.png
4,FERPlus_7224.png
4,FERPlus_7225.png
4,FERPlus_7226.png
4,FERPlus_7227.png
4,FERPlus_7228.png
4,FERPlus_7229.png
4,FERPlus_7230.png
4,FERPlus_7231.png
4,FERPlus_7232.png
4,FERPlus_7233.png
4,FERPlus_7234.png
4,FERPlus_7235.png
4,FERPlus_7236.png
4,FERPlus_7237.png
4,FERPlus_7238.png
4,FERPlus_7239.png
4,FERPlus_7240.png
4,FERPlus_7241.png
4,FERPlus_7242.png
4,FERPlus_7243.png
4,FERPlus_7244.png
4,FERPlus_7245.png
4,FERPlus_7246.png
4,FERPlus_7247.png
4,FERPlus_7248.png
4,FERPlus_7249.png
4,FERPlus_7250.png
4,FERPlus_7251.png
4,FERPlus_7252.png
4,FERPlus_7253.png
4,FERPlus_7254.png
4,FERPlus_7255.png
4,FERPlus_7256.png
4,FERPlus_7257.png
4,FERPlus_7258.png
4,FERPlus_7259.png
4,FERPlus_7260.png
4,FERPlus_7261.png
4,FERPlus_7262.png
4,FERPlus_7263.png
4,FERPlus_7264.png
4,FERPlus_7265.png
4,FERPlus_7266.png
4,FERPlus_7267.png
4,FERPlus_7268.png
4,FERPlus_7269.png
4,FERPlus_7270.png
4,FERPlus_7271.png
4,FERPlus_7272.png
4,FERPlus_7273.png
4,FERPlus_7274.png
4,FERPlus_7275.png
4,FERPlus_7276.png
4,FERPlus_7277.png
4,FERPlus_7278.png
4,FERPlus_7279.png
4,FERPlus_7280.png
4,FERPlus_7281.png
4,FERPlus_7282.png
4,FERPlus_7283.png
4,FERPlus_7284.png
4,FERPlus_7285.png
4,FERPlus_7286.png
4,FERPlus_7287.png
4,FERPlus_7288.png
4,FERPlus_7289.png
4,FERPlus_7290.png
4,FERPlus_7291.png
4,FERPlus_7292.png
4,FERPlus_7293.png
4,FERPlus_7294.png
4,FERPlus_7295.png
4,FERPlus_7296.png
4,FERPlus_7297.png
4,FERPlus_7298.png
4,FERPlus_7299.png
4,FERPlus_7300.png
4,FERPlus_7301.png
4,FERPlus_7302.png
4,FERPlus_7303.png
4,FERPlus_7304.png
4,FERPlus_7305.png
4,FERPlus_7306.png
4,FERPlus_7307.png
4,FERPlus_7308.png
4,FERPlus_7309.png
4,FERPlus_7310.png
4,FERPlus_7311.png
4,FERPlus_7312.png
4,FERPlus_7313.png
4,FERPlus_7314.png
4,FERPlus_7315.png
4,FERPlus_7316.png
4,FERPlus_7317.png
4,FERPlus_7318.png
4,FERPlus_7319.png
4,FERPlus_7320.png
4,FERPlus_7321.png
4,FERPlus_7322.png
4,FERPlus_7323.png
4,FERPlus_7324.png
4,FERPlus_7325.png
4,FERPlus_7326.png
4,FERPlus_7327.png
4,FERPlus_7328.png
4,FERPlus_7329.png
4,FERPlus_7330.png
4,FERPlus_7331.png
4,FERPlus_7332.png
4,FERPlus_7333.png
4,FERPlus_7334.png
4,FERPlus_7335.png
4,FERPlus_7336.png
4,FERPlus_7337.png
4,FERPlus_7338.png
4,FERPlus_7339.png
4,FERPlus_7340.png
4,FERPlus_7341.png
4,FERPlus_7342.png
4,FERPlus_7343.png
4,FERPlus_7344.png
4,FERPlus_7345.png
4,FERPlus_7346.png
4,FERPlus_7347.png
4,FERPlus_7348.png
4,FERPlus_7349.png
4,FERPlus_7350.png
4,FERPlus_7351.png
4,FERPlus_7352.png
4,FERPlus_7353.png
4,FERPlus_7354.png
4,FERPlus_7355.png
4,FERPlus_7356.png
4,FERPlus_7357.png
4,FERPlus_7358.png
4,FERPlus_7359.png
4,FERPlus_7360.png
4,FERPlus_7361.png
4,FERPlus_7362.png
4,FERPlus_7363.png
4,FERPlus_7364.png
4,FERPlus_7365.png
4,FERPlus_7366.png
4,FERPlus_7367.png
4,FERPlus_7368.png
4,FERPlus_7369.png
4,FERPlus_7370.png
4,FERPlus_7371.png
4,FERPlus_7372.png
4,FERPlus_7373.png
4,FERPlus_7374.png
4,FERPlus_7375.png
4,FERPlus_7376.png
4,FERPlus_7377.png
4,FERPlus_7378.png
4,FERPlus_7379.png
4,FERPlus_7380.png
4,FERPlus_7381.png
4,FERPlus_7382.png
4,FERPlus_7383.png
4,FERPlus_7384.png
4,FERPlus_7385.png
4,FERPlus_7386.png
4,FERPlus_7387.png
4,FERPlus_7388.png
4,FERPlus_7389.png
4,FERPlus_7390.png
4,FERPlus_7391.png
4,FERPlus_7392.png
4,FERPlus_7393.png
4,FERPlus_7394.png
4,FERPlus_7395.png
4,FERPlus_7396.png
4,FERPlus_7397.png
4,FERPlus_7398.png
4,FERPlus_7399.png
4,FERPlus_7400.png
4,FERPlus_7401.png
4,FERPlus_7402.png
4,FERPlus_7403.png
4,FERPlus_7404.png
4,FERPlus_7405.png
4,FERPlus_7406.png
4,FERPlus_7407.png
4,FERPlus_7408.png
4,FERPlus_7409.png
4,FERPlus_7410.png
4,FERPlus_7411.png
4,FERPlus_7412.png
4,FERPlus_7413.png
4,FERPlus_7414.png
4,FERPlus_7415.png
4,FERPlus_7416.png
4,FERPlus_7417.png
4,FERPlus_7418.png
4,FERPlus_7419.png
4,FERPlus_7420.png
4,FERPlus_7421.png
4,FERPlus_7422.png
4,FERPlus_7423.png
4,FERPlus_7424.png
4,FERPlus_7425.png
4,FERPlus_7426.png
4,FERPlus_7427.png
4,FERPlus_7428.png
4,FERPlus_7429.png
4,FERPlus_7430.png
4,FERPlus_7431.png
4,FERPlus_7432.png
4,FERPlus_7433.png
4,FERPlus_7434.png
4,FERPlus_7435.png
4,FERPlus_7436.png
4,FERPlus_7437.png
4,FERPlus_7438.png
4,FERPlus_7439.png
4,FERPlus_7440.png
4,FERPlus_7441.png
4,FERPlus_7442.png
4,FERPlus_7443.png
4,FERPlus_7444.png
4,FERPlus_7445.png
4,FERPlus_7446.png
4,FERPlus_7447.png
4,FERPlus_7448.png
4,FERPlus_7449.png
4,FERPlus_7450.png
4,FERPlus_7451.png
4,FERPlus_7452.png
4,FERPlus_7453.png
4,FERPlus_7454.png
4,FERPlus_7455.png
4,FERPlus_7456.png
4,FERPlus_7457.png
4,FERPlus_7458.png
4,FERPlus_7459.png
4,FERPlus_7460.png
4,FERPlus_7461.png
4,FERPlus_7462.png
4,FERPlus_7463.png
4,FERPlus_7464.png
4,FERPlus_7465.png
4,FERPlus_7466.png
4,FERPlus_7467.png
4,FERPlus_7468.png
4,FERPlus_7469.png
4,FERPlus_7470.png
4,FERPlus_7471.png
4,FERPlus_7472.png
4,FERPlus_7473.png
4,FERPlus_7474.png
4,FERPlus_7475.png
4,FERPlus_7476.png
4,FERPlus_7477.png
4,FERPlus_7478.png
4,FERPlus_7479.png
4,FERPlus_7480.png
4,FERPlus_7481.png
4,FERPlus_7482.png
4,FERPlus_7483.png
4,FERPlus_7484.png
4,FERPlus_7485.png
4,FERPlus_7486.png
4,FERPlus_7487.png
4,FERPlus_7488.png
4,FERPlus_7489.png
4,FERPlus_7490.png
4,FERPlus_7491.png
4,FERPlus_7492.png
4,FERPlus_7493.png
4,FERPlus_7494.png
4,FERPlus_7495.png
4,FERPlus_7496.png
4,FERPlus_7497.png
4,FERPlus_7498.png
4,FERPlus_7499.png
4,FERPlus_7500.png
4,FERPlus_7501.png
4,FERPlus_7502.png
4,FERPlus_7503.png
4,FERPlus_7504.png
4,FERPlus_7505.png
4,FERPlus_7506.png
4,FERPlus_7507.png
4,FERPlus_7508.png
4,FERPlus_7509.png
4,FERPlus_7510.png
4,FERPlus_7511.png
4,FERPlus_7512.png
4,FERPlus_7513.png
4,FERPlus_7514.png
4,FERPlus_7515.png
4,FERPlus_7516.png
4,FERPlus_7517.png
4,FERPlus_7518.png
4,FERPlus_7519.png
4,FERPlus_7520.png
4,FERPlus_7521.png
4,FERPlus_7522.png
4,FERPlus_7523.png
4,FERPlus_7524.png
4,FERPlus_7525.png
4,FERPlus_7526.png
4,FERPlus_7527.png
4,FERPlus_7528.png
4,FERPlus_7529.png
4,FERPlus_7530.png
4,FERPlus_7531.png
4,FERPlus_7532.png
4,FERPlus_7533.png
4,FERPlus_7534.png
4,FERPlus_7535.png
4,FERPlus_7536.png
4,FERPlus_7537.png
4,FERPlus_7538.png
4,FERPlus_7539.png
4,FERPlus_7540.png
4,FERPlus_7541.png
4,FERPlus_7542.png
4,FERPlus_7543.png
4,FERPlus_7544.png
4,FERPlus_7545.png
4,FERPlus_7546.png
4,FERPlus_7547.png
4,FERPlus_7548.png
4,FERPlus_7549.png
4,FERPlus_7550.png
4,FERPlus_7551.png
4,FERPlus_7552.png
4,FERPlus_7553.png
4,FERPlus_7554.png
4,FERPlus_7555.png
4,FERPlus_7556.png
4,FERPlus_7557.png
4,FERPlus_7558.png
4,FERPlus_7559.png
4,FERPlus_7560.png
4,FERPlus_7561.png
4,FERPlus_7562.png
4,FERPlus_7563.png
4,FERPlus_7564.png
4,FERPlus_7565.png
4,FERPlus_7566.png
4,FERPlus_7567.png
4,FERPlus_7568.png
4,FERPlus_7569.png
4,FERPlus_7570.png
4,FERPlus_7571.png
4,FERPlus_7572.png
4,FERPlus_7573.png
4,FERPlus_7574.png
4,FERPlus_7575.png
4,FERPlus_7576.png
4,FERPlus_7577.png
4,FERPlus_7578.png
4,FERPlus_7579.png
4,FERPlus_7580.png
4,FERPlus_7581.png
4,FERPlus_7582.png
4,FERPlus_7583.png
4,FERPlus_7584.png
4,FERPlus_7585.png
4,FERPlus_7586.png
4,FERPlus_7587.png
4,FERPlus_7588.png
4,FERPlus_7589.png
4,FERPlus_7590.png
4,FERPlus_7591.png
4,FERPlus_7592.png
4,FERPlus_7593.png
4,FERPlus_7594.png
4,FERPlus_7595.png
4,FERPlus_7596.png
4,FERPlus_7597.png
4,FERPlus_7598.png
4,FERPlus_7599.png
4,FERPlus_7600.png
4,FERPlus_7601.png
4,FERPlus_7602.png
4,FERPlus_7603.png
4,FERPlus_7604.png
4,FERPlus_7605.png
4,FERPlus_7606.png
4,FERPlus_7607.png
4,FERPlus_7608.png
4,FERPlus_7609.png
4,FERPlus_7610.png
4,FERPlus_7611.png
4,FERPlus_7612.png
4,FERPlus_7613.png
4,FERPlus_7614.png
4,FERPlus_7615.png
4,FERPlus_7616.png
4,FERPlus_7617.png
4,FERPlus_7618.png
4,FERPlus_7619.png
4,FERPlus_7620.png
4,FERPlus_7621.png
4,FERPlus_7622.png
4,FERPlus_7623.png
4,FERPlus_7624.png
4,FERPlus_7625.png
4,FERPlus_7626.png
4,FERPlus_7627.png
4,FERPlus_7628.png
4,FERPlus_7629.png
4,FERPlus_7630.png
4,FERPlus_7631.png
4,FERPlus_7632.png
4,FERPlus_7633.png
4,FERPlus_7634.png
4,FERPlus_7635.png
4,FERPlus_7636.png
4,FERPlus_7637.png
4,FERPlus_7638.png
4,FERPlus_7639.png
4,FERPlus_7640.png
4,FERPlus_7641.png
4,FERPlus_7642.png
4,FERPlus_7643.png
4,FERPlus_7644.png
4,FERPlus_7645.png
4,FERPlus_7646.png
4,FERPlus_7647.png
4,FERPlus_7648.png
4,FERPlus_7649.png
4,FERPlus_7650.png
4,FERPlus_7651.png
4,FERPlus_7652.png
4,FERPlus_7653.png
4,FERPlus_7654.png
4,FERPlus_7655.png
4,FERPlus_7656.png
4,FERPlus_7657.png
4,FERPlus_7658.png
4,FERPlus_7659.png
4,FERPlus_7660.png
4,FERPlus_7661.png
4,FERPlus_7662.png
4,FERPlus_7663.png
4,FERPlus_7664.png
4,FERPlus_7665.png
4,FERPlus_7666.png
4,FERPlus_7667.png
4,FERPlus_7668.png
4,FERPlus_7669.png
4,FERPlus_7670.png
4,FERPlus_7671.png
4,FERPlus_7672.png
4,FERPlus_7673.png
4,FERPlus_7674.png
4,FERPlus_7675.png
4,FERPlus_7676.png
4,FERPlus_7677.png
4,FERPlus_7678.png
4,FERPlus_7679.png
4,FERPlus_7680.png
4,FERPlus_7681.png
4,FERPlus_7682.png
4,FERPlus_7683.png
4,FERPlus_7684.png
4,FERPlus_7685.png
4,FERPlus_7686.png
4,FERPlus_7687.png
4,FERPlus_7688.png
4,FERPlus_7689.png
4,FERPlus_7690.png
4,FERPlus_7691.png
4,FERPlus_7692.png
4,FERPlus_7693.png
4,FERPlus_7694.png
4,FERPlus_7695.png
4,FERPlus_7696.png
4,FERPlus_7697.png
4,FERPlus_7698.png
4,FERPlus_7699.png
4,FERPlus_7700.png
4,FERPlus_7701.png
4,FERPlus_7702.png
4,FERPlus_7703.png
4,FERPlus_7704.png
4,FERPlus_7705.png
4,FERPlus_7706.png
4,FERPlus_7707.png
4,FERPlus_7708.png
4,FERPlus_7709.png
4,FERPlus_7710.png
4,FERPlus_7711.png
4,FERPlus_7712.png
4,FERPlus_7713.png
4,FERPlus_7714.png
4,FERPlus_7715.png
4,FERPlus_7716.png
4,FERPlus_7717.png
4,FERPlus_7718.png
4,FERPlus_7719.png
4,FERPlus_7720.png
4,FERPlus_7721.png
4,FERPlus_7722.png
4,FERPlus_7723.png
4,FERPlus_7724.png
4,FERPlus_7725.png
4,FERPlus_7726.png
4,FERPlus_7727.png
4,FERPlus_7728.png
4,FERPlus_7729.png
4,FERPlus_7730.png
4,FERPlus_7731.png
4,FERPlus_7732.png
4,FERPlus_7733.png
4,FERPlus_7734.png
4,FERPlus_7735.png
4,FERPlus_7736.png
4,FERPlus_7737.png
4,FERPlus_7738.png
4,FERPlus_7739.png
4,FERPlus_7740.png
4,FERPlus_7741.png
4,FERPlus_7742.png
4,FERPlus_7743.png
4,FERPlus_7744.png
4,FERPlus_7745.png
4,FERPlus_7746.png
4,FERPlus_7747.png
4,FERPlus_7748.png
4,FERPlus_7749.png
4,FERPlus_7750.png
4,FERPlus_7751.png
4,FERPlus_7752.png
4,FERPlus_7753.png
4,FERPlus_7754.png
4,FERPlus_7755.png
4,FERPlus_7756.png
4,FERPlus_7757.png
4,FERPlus_7758.png
4,FERPlus_7759.png
4,FERPlus_7760.png
4,FERPlus_7761.png
4,FERPlus_7762.png
4,FERPlus_7763.png
4,FERPlus_7764.png
4,FERPlus_7765.png
4,FERPlus_7766.png
4,FERPlus_7767.png
4,FERPlus_7768.png
4,FERPlus_7769.png
4,FERPlus_7770.png
4,FERPlus_7771.png
4,FERPlus_7772.png
4,FERPlus_7773.png
4,FERPlus_7774.png
4,FERPlus_7775.png
4,FERPlus_7776.png
4,FERPlus_7777.png
4,FERPlus_7778.png
4,FERPlus_7779.png
4,FERPlus_7780.png
4,FERPlus_7781.png
4,FERPlus_7782.png
4,FERPlus_7783.png
4,FERPlus_7784.png
4,FERPlus_7785.png
4,FERPlus_7786.png
4,FERPlus_7787.png
4,FERPlus_7788.png
4,FERPlus_7789.png
4,FERPlus_7790.png
4,FERPlus_7791.png
4,FERPlus_7792.png
4,FERPlus_7793.png
4,FERPlus_7794.png
4,FERPlus_7795.png
4,FERPlus_7796.png
4,FERPlus_7797.png
4,FERPlus_7798.png
4,FERPlus_7799.png
4,FERPlus_7800.png
4,FERPlus_7801.png
4,FERPlus_7802.png
4,FERPlus_7803.png
4,FERPlus_7804.png
4,FERPlus_7805.png
4,FERPlus_7806.png
4,FERPlus_7807.png
4,FERPlus_7808.png
4,FERPlus_7809.png
4,FERPlus_7810.png
4,FERPlus_7811.png
4,FERPlus_7812.png
4,FERPlus_7813.png
4,FERPlus_7814.png
4,FERPlus_7815.png
4,FERPlus_7816.png
4,FERPlus_7817.png
4,FERPlus_7818.png
4,FERPlus_7819.png
4,FERPlus_7820.png
4,FERPlus_7821.png
4,FERPlus_7822.png
4,FERPlus_7823.png
4,FERPlus_7824.png
4,FERPlus_7825.png
4,FERPlus_7826.png
4,FERPlus_7827.png
4,FERPlus_7828.png
4,FERPlus_7829.png
4,FERPlus_7830.png
4,FERPlus_7831.png
4,FERPlus_7832.png
4,FERPlus_7833.png
4,FERPlus_7834.png
4,FERPlus_7835.png
4,FERPlus_7836.png
4,FERPlus_7837.png
4,FERPlus_7838.png
4,FERPlus_7839.png
4,FERPlus_7840.png
4,FERPlus_7841.png
4,FERPlus_7842.png
4,FERPlus_7843.png
4,FERPlus_7844.png
4,FERPlus_7845.png
4,FERPlus_7846.png
4,FERPlus_7847.png
4,FERPlus_7848.png
4,FERPlus_7849.png
4,FERPlus_7850.png
4,FERPlus_7851.png
4,FERPlus_7852.png
4,FERPlus_7853.png
4,FERPlus_7854.png
4,FERPlus_7855.png
4,FERPlus_7856.png
4,FERPlus_7857.png
4,FERPlus_7858.png
4,FERPlus_7859.png
4,FERPlus_7860.png
4,FERPlus_7861.png
4,FERPlus_7862.png
4,FERPlus_7863.png
4,FERPlus_7864.png
4,FERPlus_7865.png
4,FERPlus_7866.png
4,FERPlus_7867.png
4,FERPlus_7868.png
4,FERPlus_7869.png
4,FERPlus_7870.png
4,FERPlus_7871.png
4,FERPlus_7872.png
4,FERPlus_7873.png
4,FERPlus_7874.png
4,FERPlus_7875.png
4,FERPlus_7876.png
4,FERPlus_7877.png
4,FERPlus_7878.png
4,FERPlus_7879.png
4,FERPlus_7880.png
4,FERPlus_7881.png
4,FERPlus_7882.png
4,FERPlus_7883.png
4,FERPlus_7884.png
4,FERPlus_7885.png
4,FERPlus_7886.png
4,FERPlus_7887.png
4,FERPlus_7888.png
4,FERPlus_7889.png
4,FERPlus_7890.png
4,FERPlus_7891.png
4,FERPlus_7892.png
4,FERPlus_7893.png
4,FERPlus_7894.png
4,FERPlus_7895.png
4,FERPlus_7896.png
4,FERPlus_7897.png
4,FERPlus_7898.png
4,FERPlus_7899.png
4,FERPlus_7900.png
4,FERPlus_7901.png
4,FERPlus_7902.png
4,FERPlus_7903.png
4,FERPlus_7904.png
4,FERPlus_7905.png
4,FERPlus_7906.png
4,FERPlus_7907.png
4,FERPlus_7908.png
4,FERPlus_7909.png
4,FERPlus_7910.png
4,FERPlus_7911.png
4,FERPlus_7912.png
4,FERPlus_7913.png
4,FERPlus_7914.png
4,FERPlus_7915.png
4,FERPlus_7916.png
4,FERPlus_7917.png
4,FERPlus_7918.png
4,FERPlus_7919.png
4,FERPlus_7920.png
4,FERPlus_7921.png
4,FERPlus_7922.png
4,FERPlus_7923.png
4,FERPlus_7924.png
4,FERPlus_7925.png
4,FERPlus_7926.png
4,FERPlus_7927.png
4,FERPlus_7928.png
4,FERPlus_7929.png
4,FERPlus_7930.png
4,FERPlus_7931.png
4,FERPlus_7932.png
4,FERPlus_7933.png
4,FERPlus_7934.png
4,FERPlus_7935.png
4,FERPlus_7936.png
4,FERPlus_7937.png
4,FERPlus_7938.png
4,FERPlus_7939.png
4,FERPlus_7940.png
4,FERPlus_7941.png
4,FERPlus_7942.png
4,FERPlus_7943.png
4,FERPlus_7944.png
4,FERPlus_7945.png
4,FERPlus_7946.png
4,FERPlus_7947.png
4,FERPlus_7948.png
4,FERPlus_7949.png
4,FERPlus_7950.png
4,FERPlus_7951.png
4,FERPlus_7952.png
4,FERPlus_7953.png
4,FERPlus_7954.png
4,FERPlus_7955.png
4,FERPlus_7956.png
4,FERPlus_7957.png
4,FERPlus_7958.png
4,FERPlus_7959.png
4,FERPlus_7960.png
4,FERPlus_7961.png
4,FERPlus_7962.png
4,FERPlus_7963.png
4,FERPlus_7964.png
4,FERPlus_7965.png
4,FERPlus_7966.png
4,FERPlus_7967.png
4,FERPlus_7968.png
4,FERPlus_7969.png
4,FERPlus_7970.png
4,FERPlus_7971.png
4,FERPlus_7972.png
4,FERPlus_7973.png
4,FERPlus_7974.png
4,FERPlus_7975.png
4,FERPlus_7976.png
4,FERPlus_7977.png
4,FERPlus_7978.png
4,FERPlus_7979.png
4,FERPlus_7980.png
4,FERPlus_7981.png
4,FERPlus_7982.png
4,FERPlus_7983.png
4,FERPlus_7984.png
4,FERPlus_7985.png
4,FERPlus_7986.png
4,FERPlus_7987.png
4,FERPlus_7988.png
4,FERPlus_7989.png
4,FERPlus_7990.png
4,FERPlus_7991.png
4,FERPlus_7992.png
4,FERPlus_7993.png
4,FERPlus_7994.png
4,FERPlus_7995.png
4,FERPlus_7996.png
4,FERPlus_7997.png
4,FERPlus_7998.png
4,FERPlus_7999.png
4,FERPlus_8000.png
4,FERPlus_8001.png
4,FERPlus_8002.png
4,FERPlus_8003.png
4,FERPlus_8004.png
4,FERPlus_8005.png
4,FERPlus_8006.png
4,FERPlus_8007.png
4,FERPlus_8008.png
4,FERPlus_8009.png
4,FERPlus_8010.png
4,FERPlus_8011.png
4,FERPlus_8012.png
4,FERPlus_8013.png
4,FERPlus_8014.png
4,FERPlus_8015.png
4,FERPlus_8016.png
4,FERPlus_8017.png
4,FERPlus_8018.png
4,FERPlus_8019.png
4,FERPlus_8020.png
4,FERPlus_8021.png
4,FERPlus_8022.png
4,FERPlus_8023.png
4,FERPlus_8024.png
4,FERPlus_8025.png
4,FERPlus_8026.png
4,FERPlus_8027.png
4,FERPlus_8028.png
4,FERPlus_8029.png
4,FERPlus_8030.png
4,FERPlus_8031.png
4,FERPlus_8032.png
4,FERPlus_8033.png
4,FERPlus_8034.png
4,FERPlus_8035.png
4,FERPlus_8036.png
4,FERPlus_8037.png
4,FERPlus_8038.png
4,FERPlus_8039.png
4,FERPlus_8040.png
4,FERPlus_8041.png
4,FERPlus_8042.png
4,FERPlus_8043.png
4,FERPlus_8044.png
4,FERPlus_8045.png
4,FERPlus_8046.png
4,FERPlus_8047.png
4,FERPlus_8048.png
4,FERPlus_8049.png
4,FERPlus_8050.png
4,FERPlus_8051.png
4,FERPlus_8052.png
4,FERPlus_8053.png
4,FERPlus_8054.png
4,FERPlus_8055.png
4,FERPlus_8056.png
4,FERPlus_8057.png
4,FERPlus_8058.png
4,FERPlus_8059.png
4,FERPlus_8060.png
4,FERPlus_8061.png
4,FERPlus_8062.png
4,FERPlus_8063.png
4,FERPlus_8064.png
4,FERPlus_8065.png
4,FERPlus_8066.png
4,FERPlus_8067.png
4,FERPlus_8068.png
4,FERPlus_8069.png
4,FERPlus_8070.png
4,FERPlus_8071.png
4,FERPlus_8072.png
4,FERPlus_8073.png
4,FERPlus_8074.png
4,FERPlus_8075.png
4,FERPlus_8076.png
4,FERPlus_8077.png
4,FERPlus_8078.png
4,FERPlus_8079.png
4,FERPlus_8080.png
4,FERPlus_8081.png
4,FERPlus_8082.png
4,FERPlus_8083.png
4,FERPlus_8084.png
4,FERPlus_8085.png
4,FERPlus_8086.png
4,FERPlus_8087.png
4,FERPlus_8088.png
4,FERPlus_8089.png
4,FERPlus_8090.png
4,FERPlus_8091.png
4,FERPlus_8092.png
4,FERPlus_8093.png
4,FERPlus_8094.png
4,FERPlus_8095.png
4,FERPlus_8096.png
4,FERPlus_8097.png
4,FERPlus_8098.png
4,FERPlus_8099.png
4,FERPlus_8100.png
4,FERPlus_8101.png
4,FERPlus_8102.png
4,FERPlus_8103.png
4,FERPlus_8104.png
4,FERPlus_8105.png
4,FERPlus_8106.png
4,FERPlus_8107.png
4,FERPlus_8108.png
4,FERPlus_8109.png
4,FERPlus_8110.png
4,FERPlus_8111.png
4,FERPlus_8112.png
4,FERPlus_8113.png
4,FERPlus_8114.png
4,FERPlus_8115.png
4,FERPlus_8116.png
4,FERPlus_8117.png
4,FERPlus_8118.png
4,FERPlus_8119.png
4,FERPlus_8120.png
4,FERPlus_8121.png
4,FERPlus_8122.png
4,FERPlus_8123.png
4,FERPlus_8124.png
4,FERPlus_8125.png
4,FERPlus_8126.png
4,FERPlus_8127.png
4,FERPlus_8128.png
4,FERPlus_8129.png
4,FERPlus_8130.png
4,FERPlus_8131.png
4,FERPlus_8132.png
4,FERPlus_8133.png
4,FERPlus_8134.png
4,FERPlus_8135.png
4,FERPlus_8136.png
4,FERPlus_8137.png
4,FERPlus_8138.png
4,FERPlus_8139.png
4,FERPlus_8140.png
4,FERPlus_8141.png
4,FERPlus_8142.png
4,FERPlus_8143.png
4,FERPlus_8144.png
4,FERPlus_8145.png
4,FERPlus_8146.png
4,FERPlus_8147.png
4,FERPlus_8148.png
4,FERPlus_8149.png
4,FERPlus_8150.png
4,FERPlus_8151.png
4,FERPlus_8152.png
4,FERPlus_8153.png
4,FERPlus_8154.png
4,FERPlus_8155.png
4,FERPlus_8156.png
4,FERPlus_8157.png
4,FERPlus_8158.png
4,FERPlus_8159.png
4,FERPlus_8160.png
4,FERPlus_8161.png
4,FERPlus_8162.png
4,FERPlus_8163.png
4,FERPlus_8164.png
4,FERPlus_8165.png
4,FERPlus_8166.png
4,FERPlus_8167.png
4,FERPlus_8168.png
4,FERPlus_8169.png
4,FERPlus_8170.png
4,FERPlus_8171.png
4,FERPlus_8172.png
4,FERPlus_8173.png
4,FERPlus_8174.png
4,FERPlus_8175.png
4,FERPlus_8176.png
4,FERPlus_8177.png
4,FERPlus_8178.png
4,FERPlus_8179.png
4,FERPlus_8180.png
4,FERPlus_8181.png
4,FERPlus_8182.png
4,FERPlus_8183.png
4,FERPlus_8184.png
4,FERPlus_8185.png
4,FERPlus_8186.png
4,FERPlus_8187.png
4,FERPlus_8188.png
4,FERPlus_8189.png
4,FERPlus_8190.png
4,FERPlus_8191.png
4,FERPlus_8192.png
4,FERPlus_8193.png
4,FERPlus_8194.png
4,FERPlus_8195.png
4,FERPlus_8196.png
4,FERPlus_8197.png
4,FERPlus_8198.png
4,FERPlus_8199.png
4,FERPlus_8200.png
4,FERPlus_8201.png
4,FERPlus_8202.png
4,FERPlus_8203.png
4,FERPlus_8204.png
4,FERPlus_8205.png
4,FERPlus_8206.png
4,FERPlus_8207.png
4,FERPlus_8208.png
4,FERPlus_8209.png
4,FERPlus_8210.png
4,FERPlus_8211.png
4,FERPlus_8212.png
4,FERPlus_8213.png
4,FERPlus_8214.png
4,FERPlus_8215.png
4,FERPlus_8216.png
4,FERPlus_8217.png
4,FERPlus_8218.png
4,FERPlus_8219.png
4,FERPlus_8220.png
4,FERPlus_8221.png
4,FERPlus_8222.png
4,FERPlus_8223.png
4,FERPlus_8224.png
4,FERPlus_8225.png
4,FERPlus_8226.png
4,FERPlus_8227.png
4,FERPlus_8228.png
4,FERPlus_8229.png
4,FERPlus_8230.png
4,FERPlus_8231.png
4,FERPlus_8232.png
4,FERPlus_8233.png
4,FERPlus_8234.png
4,FERPlus_8235.png
4,FERPlus_8236.png
4,FERPlus_8237.png
4,FERPlus_8238.png
4,FERPlus_8239.png
4,FERPlus_8240.png
4,FERPlus_8241.png
4,FERPlus_8242.png
4,FERPlus_8243.png
4,FERPlus_8244.png
4,FERPlus_8245.png
4,FERPlus_8246.png
4,FERPlus_8247.png
4,FERPlus_8248.png
4,FERPlus_8249.png
4,FERPlus_8250.png
4,FERPlus_8251.png
4,FERPlus_8252.png
4,FERPlus_8253.png
4,FERPlus_8254.png
4,FERPlus_8255.png
4,FERPlus_8256.png
4,FERPlus_8257.png
4,FERPlus_8258.png
4,FERPlus_8259.png
4,FERPlus_8260.png
4,FERPlus_8261.png
4,FERPlus_8262.png
4,FERPlus_8263.png
4,FERPlus_8264.png
4,FERPlus_8265.png
4,FERPlus_8266.png
4,FERPlus_8267.png
4,FERPlus_8268.png
4,FERPlus_8269.png
4,FERPlus_8270.png
4,FERPlus_8271.png
4,FERPlus_8272.png
4,FERPlus_8273.png
4,FERPlus_8274.png
4,FERPlus_8275.png
4,FERPlus_8276.png
4,FERPlus_8277.png
4,FERPlus_8278.png
4,FERPlus_8279.png
4,FERPlus_8280.png
4,FERPlus_8281.png
4,FERPlus_8282.png
4,FERPlus_8283.png
4,FERPlus_8284.png
4,FERPlus_8285.png
4,FERPlus_8286.png
4,FERPlus_8287.png
4,FERPlus_8288.png
4,FERPlus_8289.png
4,FERPlus_8290.png
4,FERPlus_8291.png
4,FERPlus_8292.png
4,FERPlus_8293.png
4,FERPlus_8294.png
4,FERPlus_8295.png
4,FERPlus_8296.png
4,FERPlus_8297.png
4,FERPlus_8298.png
4,FERPlus_8299.png
4,FERPlus_8300.png
4,FERPlus_8301.png
4,FERPlus_8302.png
4,FERPlus_8303.png
4,FERPlus_8304.png
4,FERPlus_8305.png
4,FERPlus_8306.png
4,FERPlus_8307.png
4,FERPlus_8308.png
4,FERPlus_8309.png
4,FERPlus_8310.png
4,FERPlus_8311.png
4,FERPlus_8312.png
4,FERPlus_8313.png
4,FERPlus_8314.png
4,FERPlus_8315.png
4,FERPlus_8316.png
4,FERPlus_8317.png
4,FERPlus_8318.png
4,FERPlus_8319.png
4,FERPlus_8320.png
4,FERPlus_8321.png
4,FERPlus_8322.png
4,FERPlus_8323.png
4,FERPlus_8324.png
4,FERPlus_8325.png
4,FERPlus_8326.png
4,FERPlus_8327.png
4,FERPlus_8328.png
4,FERPlus_8329.png
4,FERPlus_8330.png
4,FERPlus_8331.png
4,FERPlus_8332.png
4,FERPlus_8333.png
4,FERPlus_8334.png
4,FERPlus_8335.png
4,FERPlus_8336.png
4,FERPlus_8337.png
4,FERPlus_8338.png
4,FERPlus_8339.png
4,FERPlus_8340.png
4,FERPlus_8341.png
4,FERPlus_8342.png
4,FERPlus_8343.png
4,FERPlus_8344.png
4,FERPlus_8345.png
4,FERPlus_8346.png
4,FERPlus_8347.png
4,FERPlus_8348.png
4,FERPlus_8349.png
4,FERPlus_8350.png
4,FERPlus_8351.png
4,FERPlus_8352.png
4,FERPlus_8353.png
4,FERPlus_8354.png
4,FERPlus_8355.png
4,FERPlus_8356.png
4,FERPlus_8357.png
4,FERPlus_8358.png
4,FERPlus_8359.png
4,FERPlus_8360.png
4,FERPlus_8361.png
4,FERPlus_8362.png
4,FERPlus_8363.png
4,FERPlus_8364.png
4,FERPlus_8365.png
4,FERPlus_8366.png
4,FERPlus_8367.png
4,FERPlus_8368.png
4,FERPlus_8369.png
4,FERPlus_8370.png
4,FERPlus_8371.png
4,FERPlus_8372.png
4,FERPlus_8373.png
4,FERPlus_8374.png
4,FERPlus_8375.png
4,FERPlus_8376.png
4,FERPlus_8377.png
4,FERPlus_8378.png
4,FERPlus_8379.png
4,FERPlus_8380.png
4,FERPlus_8381.png
4,FERPlus_8382.png
4,FERPlus_8383.png
4,FERPlus_8384.png
4,FERPlus_8385.png
4,FERPlus_8386.png
4,FERPlus_8387.png
4,FERPlus_8388.png
4,FERPlus_8389.png
4,FERPlus_8390.png
4,FERPlus_8391.png
4,FERPlus_8392.png
4,FERPlus_8393.png
4,FERPlus_8394.png
4,FERPlus_8395.png
4,FERPlus_8396.png
4,FERPlus_8397.png
4,FERPlus_8398.png
4,FERPlus_8399.png
4,FERPlus_8400.png
4,FERPlus_8401.png
4,FERPlus_8402.png
4,FERPlus_8403.png
4,FERPlus_8404.png
4,FERPlus_8405.png
4,FERPlus_8406.png
4,FERPlus_8407.png
4,FERPlus_8408.png
4,FERPlus_8409.png
4,FERPlus_8410.png
4,FERPlus_8411.png
4,FERPlus_8412.png
4,FERPlus_8413.png
4,FERPlus_8414.png
4,FERPlus_8415.png
4,FERPlus_8416.png
4,FERPlus_8417.png
4,FERPlus_8418.png
4,FERPlus_8419.png
4,FERPlus_8420.png
4,FERPlus_8421.png
4,FERPlus_8422.png
4,FERPlus_8423.png
4,FERPlus_8424.png
4,FERPlus_8425.png
4,FERPlus_8426.png
4,FERPlus_8427.png
4,FERPlus_8428.png
4,FERPlus_8429.png
4,FERPlus_8430.png
4,FERPlus_8431.png
4,FERPlus_8432.png
4,FERPlus_8433.png
4,FERPlus_8434.png
4,FERPlus_8435.png
4,FERPlus_8436.png
4,FERPlus_8437.png
4,FERPlus_8438.png
4,FERPlus_8439.png
4,FERPlus_8440.png
4,FERPlus_8441.png
4,FERPlus_8442.png
4,FERPlus_8443.png
4,FERPlus_8444.png
4,FERPlus_8445.png
4,FERPlus_8446.png
4,FERPlus_8447.png
4,FERPlus_8448.png
4,FERPlus_8449.png
4,FERPlus_8450.png
4,FERPlus_8451.png
4,FERPlus_8452.png
4,FERPlus_8453.png
4,FERPlus_8454.png
4,FERPlus_8455.png
4,FERPlus_8456.png
4,FERPlus_8457.png
4,FERPlus_8458.png
4,FERPlus_8459.png
4,FERPlus_8460.png
4,FERPlus_8461.png
4,FERPlus_8462.png
4,FERPlus_8463.png
4,FERPlus_8464.png
4,FERPlus_8465.png
4,FERPlus_8466.png
4,FERPlus_8467.png
4,FERPlus_8468.png
4,FERPlus_8469.png
4,FERPlus_8470.png
4,FERPlus_8471.png
4,FERPlus_8472.png
4,FERPlus_8473.png
4,FERPlus_8474.png
4,FERPlus_8475.png
4,FERPlus_8476.png
4,FERPlus_8477.png
4,FERPlus_8478.png
4,FERPlus_8479.png
4,FERPlus_8480.png
4,FERPlus_8481.png
4,FERPlus_8482.png
4,FERPlus_8483.png
4,FERPlus_8484.png
4,FERPlus_8485.png
4,FERPlus_8486.png
4,FERPlus_8487.png
4,FERPlus_8488.png
4,FERPlus_8489.png
4,FERPlus_8490.png
4,FERPlus_8491.png
4,FERPlus_8492.png
4,FERPlus_8493.png
4,FERPlus_8494.png
4,FERPlus_8495.png
4,FERPlus_8496.png
4,FERPlus_8497.png
4,FERPlus_8498.png
4,FERPlus_8499.png
4,FERPlus_8500.png
4,FERPlus_8501.png
4,FERPlus_8502.png
4,FERPlus_8503.png
4,FERPlus_8504.png
4,FERPlus_8505.png
4,FERPlus_8506.png
4,FERPlus_8507.png
4,FERPlus_8508.png
4,FERPlus_8509.png
4,FERPlus_8510.png
4,FERPlus_8511.png
4,FERPlus_8512.png
4,FERPlus_8513.png
4,FERPlus_8514.png
4,FERPlus_8515.png
4,FERPlus_8516.png
4,FERPlus_8517.png
4,FERPlus_8518.png
4,FERPlus_8519.png
4,FERPlus_8520.png
4,FERPlus_8521.png
4,FERPlus_8522.png
4,FERPlus_8523.png
4,FERPlus_8524.png
4,FERPlus_8525.png
4,FERPlus_8526.png
4,FERPlus_8527.png
4,FERPlus_8528.png
4,FERPlus_8529.png
4,FERPlus_8530.png
4,FERPlus_8531.png
4,FERPlus_8532.png
4,FERPlus_8533.png
4,FERPlus_8534.png
4,FERPlus_8535.png
4,FERPlus_8536.png
4,FERPlus_8537.png
4,FERPlus_8538.png
4,FERPlus_8539.png
4,FERPlus_8540.png
4,FERPlus_8541.png
4,FERPlus_8542.png
4,FERPlus_8543.png
4,FERPlus_8544.png
4,FERPlus_8545.png
4,FERPlus_8546.png
4,FERPlus_8547.png
4,FERPlus_8548.png
4,FERPlus_8549.png
4,FERPlus_8550.png
4,FERPlus_8551.png
4,FERPlus_8552.png
4,FERPlus_8553.png
4,FERPlus_8554.png
4,FERPlus_8555.png
4,FERPlus_8556.png
4,FERPlus_8557.png
4,FERPlus_8558.png
4,FERPlus_8559.png
4,FERPlus_8560.png
4,FERPlus_8561.png
4,FERPlus_8562.png
4,FERPlus_8563.png
4,FERPlus_8564.png
4,FERPlus_8565.png
4,FERPlus_8566.png
4,FERPlus_8567.png
4,FERPlus_8568.png
4,FERPlus_8569.png
4,FERPlus_8570.png
4,FERPlus_8571.png
4,FERPlus_8572.png
4,FERPlus_8573.png
4,FERPlus_8574.png
4,FERPlus_8575.png
4,FERPlus_8576.png
4,FERPlus_8577.png
4,FERPlus_8578.png
4,FERPlus_8579.png
4,FERPlus_8580.png
4,FERPlus_8581.png
4,FERPlus_8582.png
4,FERPlus_8583.png
4,FERPlus_8584.png
4,FERPlus_8585.png
4,FERPlus_8586.png
4,FERPlus_8587.png
4,FERPlus_8588.png
4,FERPlus_8589.png
4,FERPlus_8590.png
4,FERPlus_8591.png
4,FERPlus_8592.png
4,FERPlus_8593.png
4,FERPlus_8594.png
4,FERPlus_8595.png
4,FERPlus_8596.png
4,FERPlus_8597.png
4,FERPlus_8598.png
4,FERPlus_8599.png
4,FERPlus_8600.png
4,FERPlus_8601.png
4,FERPlus_8602.png
4,FERPlus_8603.png
4,FERPlus_8604.png
4,FERPlus_8605.png
4,FERPlus_8606.png
4,FERPlus_8607.png
4,FERPlus_8608.png
4,FERPlus_8609.png
4,FERPlus_8610.png
4,FERPlus_8611.png
4,FERPlus_8612.png
4,FERPlus_8613.png
4,FERPlus_8614.png
4,FERPlus_8615.png
4,FERPlus_8616.png
4,FERPlus_8617.png
4,FERPlus_8618.png
4,FERPlus_8619.png
4,FERPlus_8620.png
4,FERPlus_8621.png
4,FERPlus_8622.png
4,FERPlus_8623.png
4,FERPlus_8624.png
4,FERPlus_8625.png
4,FERPlus_8626.png
4,FERPlus_8627.png
4,FERPlus_8628.png
4,FERPlus_8629.png
4,FERPlus_8630.png
4,FERPlus_8631.png
4,FERPlus_8632.png
4,FERPlus_8633.png
4,FERPlus_8634.png
4,FERPlus_8635.png
4,FERPlus_8636.png
4,FERPlus_8637.png
4,FERPlus_8638.png
4,FERPlus_8639.png
4,FERPlus_8640.png
4,FERPlus_8641.png
4,FERPlus_8642.png
4,FERPlus_8643.png
4,FERPlus_8644.png
4,FERPlus_8645.png
4,FERPlus_8646.png
4,FERPlus_8647.png
4,FERPlus_8648.png
4,FERPlus_8649.png
4,FERPlus_8650.png
4,FERPlus_8651.png
4,FERPlus_8652.png
4,FERPlus_8653.png
4,FERPlus_8654.png
4,FERPlus_8655.png
4,FERPlus_8656.png
4,FERPlus_8657.png
4,FERPlus_8658.png
4,FERPlus_8659.png
4,FERPlus_8660.png
4,FERPlus_8661.png
4,FERPlus_8662.png
4,FERPlus_8663.png
4,FERPlus_8664.png
4,FERPlus_8665.png
4,FERPlus_8666.png
4,FERPlus_8667.png
4,FERPlus_8668.png
4,FERPlus_8669.png
4,FERPlus_8670.png
4,FERPlus_8671.png
4,FERPlus_8672.png
4,FERPlus_8673.png
4,FERPlus_8674.png
4,FERPlus_8675.png
4,FERPlus_8676.png
4,FERPlus_8677.png
4,FERPlus_8678.png
4,FERPlus_8679.png
4,FERPlus_8680.png
4,FERPlus_8681.png
4,FERPlus_8682.png
4,FERPlus_8683.png
4,FERPlus_8684.png
4,FERPlus_8685.png
4,FERPlus_8686.png
4,FERPlus_8687.png
4,FERPlus_8688.png
4,FERPlus_8689.png
4,FERPlus_8690.png
4,FERPlus_8691.png
4,FERPlus_8692.png
4,FERPlus_8693.png
4,FERPlus_8694.png
4,FERPlus_8695.png
4,FERPlus_8696.png
4,FERPlus_8697.png
4,FERPlus_8698.png
4,FERPlus_8699.png
4,FERPlus_8700.png
4,FERPlus_8701.png
4,FERPlus_8702.png
4,FERPlus_8703.png
4,FERPlus_8704.png
4,FERPlus_8705.png
4,FERPlus_8706.png
4,FERPlus_8707.png
4,FERPlus_8708.png
4,FERPlus_8709.png
4,FERPlus_8710.png
4,FERPlus_8711.png
4,FERPlus_8712.png
4,FERPlus_8713.png
4,FERPlus_8714.png
4,FERPlus_8715.png
4,FERPlus_8716.png
4,FERPlus_8717.png
4,FERPlus_8718.png
4,FERPlus_8719.png
4,FERPlus_8720.png
4,FERPlus_8721.png
4,FERPlus_8722.png
4,FERPlus_8723.png
4,FERPlus_8724.png
4,FERPlus_8725.png
4,FERPlus_8726.png
4,FERPlus_8727.png
4,FERPlus_8728.png
4,FERPlus_8729.png
4,FERPlus_8730.png
4,FERPlus_8731.png
4,FERPlus_8732.png
4,FERPlus_8733.png
4,FERPlus_8734.png
4,FERPlus_8735.png
4,FERPlus_8736.png
4,FERPlus_8737.png
4,FERPlus_8738.png
4,FERPlus_8739.png
4,FERPlus_8740.png
4,FERPlus_8741.png
4,FERPlus_8742.png
4,FERPlus_8743.png
4,FERPlus_8744.png
4,FERPlus_8745.png
4,FERPlus_8746.png
4,FERPlus_8747.png
4,FERPlus_8748.png
4,FERPlus_8749.png
4,FERPlus_8750.png
4,FERPlus_8751.png
4,FERPlus_8752.png
4,FERPlus_8753.png
4,FERPlus_8754.png
4,FERPlus_8755.png
4,FERPlus_8756.png
4,FERPlus_8757.png
4,FERPlus_8758.png
4,FERPlus_8759.png
4,FERPlus_8760.png
4,FERPlus_8761.png
4,FERPlus_8762.png
4,FERPlus_8763.png
4,FERPlus_8764.png
4,FERPlus_8765.png
4,FERPlus_8766.png
4,FERPlus_8767.png
4,FERPlus_8768.png
4,FERPlus_8769.png
4,FERPlus_8770.png
4,FERPlus_8771.png
4,FERPlus_8772.png
4,FERPlus_8773.png
4,FERPlus_8774.png
4,FERPlus_8775.png
4,FERPlus_8776.png
4,FERPlus_8777.png
4,FERPlus_8778.png
4,FERPlus_8779.png
4,FERPlus_8780.png
4,FERPlus_8781.png
4,FERPlus_8782.png
4,FERPlus_8783.png
4,FERPlus_8784.png
4,FERPlus_8785.png
4,FERPlus_8786.png
4,FERPlus_8787.png
4,FERPlus_8788.png
4,FERPlus_8789.png
4,FERPlus_8790.png
4,FERPlus_8791.png
4,FERPlus_8792.png
4,FERPlus_8793.png
4,FERPlus_8794.png
4,FERPlus_8795.png
4,FERPlus_8796.png
4,FERPlus_8797.png
4,FERPlus_8798.png
4,FERPlus_8799.png
4,FERPlus_8800.png
4,FERPlus_8801.png
4,FERPlus_8802.png
4,FERPlus_8803.png
4,FERPlus_8804.png
4,FERPlus_8805.png
4,FERPlus_8806.png
4,FERPlus_8807.png
4,FERPlus_8808.png
4,FERPlus_8809.png
4,FERPlus_8810.png
4,FERPlus_8811.png
4,FERPlus_8812.png
4,FERPlus_8813.png
4,FERPlus_8814.png
4,FERPlus_8815.png
4,FERPlus_8816.png
4,FERPlus_8817.png
4,FERPlus_8818.png
4,FERPlus_8819.png
4,FERPlus_8820.png
4,FERPlus_8821.png
4,FERPlus_8822.png
4,FERPlus_8823.png
4,FERPlus_8824.png
4,FERPlus_8825.png
4,FERPlus_8826.png
4,FERPlus_8827.png
4,FERPlus_8828.png
4,FERPlus_8829.png
4,FERPlus_8830.png
4,FERPlus_8831.png
4,FERPlus_8832.png
4,FERPlus_8833.png
4,FERPlus_8834.png
4,FERPlus_8835.png
4,FERPlus_8836.png
4,FERPlus_8837.png
4,FERPlus_8838.png
4,FERPlus_8839.png
4,FERPlus_8840.png
4,FERPlus_8841.png
4,FERPlus_8842.png
4,FERPlus_8843.png
4,FERPlus_8844.png
4,FERPlus_8845.png
4,FERPlus_8846.png
4,FERPlus_8847.png
4,FERPlus_8848.png
4,FERPlus_8849.png
4,FERPlus_8850.png
4,FERPlus_8851.png
4,FERPlus_8852.png
4,FERPlus_8853.png
4,FERPlus_8854.png
4,FERPlus_8855.png
4,FERPlus_8856.png
4,FERPlus_8857.png
4,FERPlus_8858.png
4,FERPlus_8859.png
4,FERPlus_8860.png
4,FERPlus_8861.png
4,FERPlus_8862.png
4,FERPlus_8863.png
4,FERPlus_8864.png
4,FERPlus_8865.png
4,FERPlus_8866.png
4,FERPlus_8867.png
